{
    "mean_loss": 0.2216894369986322,
    "mean_bpp": 0.21909247504340276,
    "mean_psnr": 27.581409851710003,
    "mean_msssim": 0.9740303804477056,
    "mean_msssim_dB": 15.855344126174998,
    "mean_enc_time": 0.5696712632973989,
    "mean_dec_time": 0.5477378765741984
}