{
    "image_name": "2.png",
    "mse": 0.0013557149795815349,
    "psnr": 28.673824310302734,
    "ms-ssim": 0.9670367240905762,
    "bpp": 0.21175130208333334,
    "encoding_time": 0.22333598136901855,
    "decoding_time": 0.26259446144104004
}