{
    "image_name": "16.png",
    "mse": 0.0011011436581611633,
    "psnr": 29.57703399658203,
    "ms-ssim": 0.9755600690841675,
    "bpp": 0.20418294270833334,
    "encoding_time": 0.5446345806121826,
    "decoding_time": 0.5542476177215576
}