{
    "image_name": "6.png",
    "mse": 0.002272739540785551,
    "psnr": 26.43206024169922,
    "ms-ssim": 0.9711982607841492,
    "bpp": 0.2560221354166667,
    "encoding_time": 0.3810415267944336,
    "decoding_time": 0.9618408679962158
}