{
    "image_name": "21.png",
    "mse": 0.0020470130257308483,
    "psnr": 26.886302947998047,
    "ms-ssim": 0.9748947024345398,
    "bpp": 0.19563802083333334,
    "encoding_time": 0.6365923881530762,
    "decoding_time": 0.5563890933990479
}