{
    "image_name": "8.png",
    "mse": 0.004836792126297951,
    "psnr": 23.153358459472656,
    "ms-ssim": 0.9724030494689941,
    "bpp": 0.2550455729166667,
    "encoding_time": 0.4867978096008301,
    "decoding_time": 0.4355142116546631
}