{
    "image_name": "24.png",
    "mse": 0.0028547700494527817,
    "psnr": 25.442394256591797,
    "ms-ssim": 0.9725477695465088,
    "bpp": 0.2631022135416667,
    "encoding_time": 0.44182515144348145,
    "decoding_time": 0.9167923927307129
}