{
    "image_name": "10.png",
    "mse": 0.0013365079648792744,
    "psnr": 28.736446380615234,
    "ms-ssim": 0.9800243377685547,
    "bpp": 0.15022786458333334,
    "encoding_time": 0.3686704635620117,
    "decoding_time": 0.29829978942871094
}