{
    "image_name": "17.png",
    "mse": 0.0011963166762143373,
    "psnr": 29.21687126159668,
    "ms-ssim": 0.9786352515220642,
    "bpp": 0.18448893229166666,
    "encoding_time": 0.755791425704956,
    "decoding_time": 0.41509079933166504
}