{
    "image_name": "4.png",
    "mse": 0.0013382149627432227,
    "psnr": 28.730627059936523,
    "ms-ssim": 0.9734199047088623,
    "bpp": 0.21183268229166666,
    "encoding_time": 0.4319164752960205,
    "decoding_time": 0.5820436477661133
}