{
    "image_name": "13.png",
    "mse": 0.0057563260197639465,
    "psnr": 22.397682189941406,
    "ms-ssim": 0.9607388377189636,
    "bpp": 0.3856608072916667,
    "encoding_time": 0.596405029296875,
    "decoding_time": 0.8192548751831055
}