{
    "image_name": "15.png",
    "mse": 0.0015600298065692186,
    "psnr": 28.0650577545166,
    "ms-ssim": 0.9760680198669434,
    "bpp": 0.16227213541666666,
    "encoding_time": 0.7578213214874268,
    "decoding_time": 0.7278556823730469
}