{
    "image_name": "3.png",
    "mse": 0.0008535664528608322,
    "psnr": 30.680891036987305,
    "ms-ssim": 0.982383131980896,
    "bpp": 0.13720703125,
    "encoding_time": 0.2580258846282959,
    "decoding_time": 0.3068666458129883
}