{
    "image_name": "22.png",
    "mse": 0.0013496180763468146,
    "psnr": 28.693819046020508,
    "ms-ssim": 0.9667937755584717,
    "bpp": 0.2750651041666667,
    "encoding_time": 0.37183666229248047,
    "decoding_time": 1.000631332397461
}