{
    "image_name": "23.png",
    "mse": 0.0007516559562645853,
    "psnr": 31.23201560974121,
    "ms-ssim": 0.9827680587768555,
    "bpp": 0.130859375,
    "encoding_time": 0.9332036972045898,
    "decoding_time": 0.3741312026977539
}