{
    "image_name": "14.png",
    "mse": 0.002026535104960203,
    "psnr": 26.929733276367188,
    "ms-ssim": 0.9684044718742371,
    "bpp": 0.2996419270833333,
    "encoding_time": 0.8138232231140137,
    "decoding_time": 0.7517616748809814
}