{
    "image_name": "1.png",
    "mse": 0.003097193082794547,
    "psnr": 25.088645935058594,
    "ms-ssim": 0.9679128527641296,
    "bpp": 0.2930501302083333,
    "encoding_time": 0.5012030601501465,
    "decoding_time": 0.2648615837097168
}