{
    "image_name": "7.png",
    "mse": 0.0012473854003474116,
    "psnr": 29.035369873046875,
    "ms-ssim": 0.9837328791618347,
    "bpp": 0.15755208333333334,
    "encoding_time": 0.5530481338500977,
    "decoding_time": 0.42380571365356445
}