{
    "mean_loss": 0.356693237189227,
    "mean_bpp": 0.3566260938912982,
    "mean_psnr": 32.062068462371826,
    "mean_msssim": 0.9716045446693897,
    "mean_msssim_dB": 15.467511628676148,
    "mean_enc_time": 0.7048435062170029,
    "mean_dec_time": 0.6866855323314667
}