{
    "image_name": "00015_TE_3680x2456.png",
    "mse": 0.00040024722693488,
    "psnr": 33.963138580322266,
    "ms-ssim": 0.9837684631347656,
    "bpp": 0.2431737714204787,
    "encoding_time": 1.9469470977783203,
    "decoding_time": 1.7667884826660156
}