{
    "image_name": "00008_TE_1912x1272.png",
    "mse": 0.000667597574647516,
    "psnr": 31.746557235717773,
    "ms-ssim": 0.9671792984008789,
    "bpp": 0.3258861608905029,
    "encoding_time": 0.5583670139312744,
    "decoding_time": 0.5266315937042236
}