{
    "image_name": "00014_TE_3680x2456.png",
    "mse": 0.00042365104309283197,
    "psnr": 33.71705627441406,
    "ms-ssim": 0.973962664604187,
    "bpp": 0.23107208610678373,
    "encoding_time": 1.4811384677886963,
    "decoding_time": 1.616222858428955
}