{
    "image_name": "00003_TE_1944x1296.png",
    "mse": 0.0004597871738951653,
    "psnr": 33.36351013183594,
    "ms-ssim": 0.9802166819572449,
    "bpp": 0.25043184473911495,
    "encoding_time": 0.5951807498931885,
    "decoding_time": 0.5762629508972168
}