{
    "image_name": "00002_TE_2144x1424.png",
    "mse": 0.0006436947151087224,
    "psnr": 31.90492057800293,
    "ms-ssim": 0.9540945887565613,
    "bpp": 0.32507756163005197,
    "encoding_time": 0.7529644966125488,
    "decoding_time": 0.6192290782928467
}