{
    "image_name": "00011_TE_1744x1160.png",
    "mse": 0.0008825454860925674,
    "psnr": 30.536714553833008,
    "ms-ssim": 0.9793095588684082,
    "bpp": 0.5011863334387852,
    "encoding_time": 0.5540902614593506,
    "decoding_time": 0.3910396099090576
}