{
    "image_name": "00016_TE_1744x2000.png",
    "mse": 0.0007191732875071466,
    "psnr": 31.42420768737793,
    "ms-ssim": 0.920662522315979,
    "bpp": 0.1205137614678899,
    "encoding_time": 0.6550576686859131,
    "decoding_time": 0.8981988430023193
}