{
    "image_name": "00007_TE_1472x976.png",
    "mse": 0.0004663491272367537,
    "psnr": 33.301666259765625,
    "ms-ssim": 0.9825749397277832,
    "bpp": 0.2536528866714184,
    "encoding_time": 0.3319423198699951,
    "decoding_time": 0.3690831661224365
}