{
    "image_name": "00006_TE_1544x1120.png",
    "mse": 0.0006193647277541459,
    "psnr": 32.07206344604492,
    "ms-ssim": 0.9880621433258057,
    "bpp": 0.4286084381939304,
    "encoding_time": 0.43445348739624023,
    "decoding_time": 0.38426661491394043
}