{
    "image_name": "00004_TE_1808x1352.png",
    "mse": 0.0008385441615246236,
    "psnr": 30.75865936279297,
    "ms-ssim": 0.9786221981048584,
    "bpp": 0.5151201759438655,
    "encoding_time": 0.7862958908081055,
    "decoding_time": 0.7352521419525146
}