{
    "image_name": "00001_TE_2096x1400.png",
    "mse": 0.0008039441891014576,
    "psnr": 30.940914154052734,
    "ms-ssim": 0.9849664568901062,
    "bpp": 0.5380916030534351,
    "encoding_time": 0.5640900135040283,
    "decoding_time": 0.5137109756469727
}