{
    "image_name": "00005_TE_1336x872.png",
    "mse": 0.0003675872867461294,
    "psnr": 34.3328742980957,
    "ms-ssim": 0.9911383390426636,
    "bpp": 0.21499203428006372,
    "encoding_time": 0.1954021453857422,
    "decoding_time": 0.24780869483947754
}