{
    "image_name": "00012_TE_1512x2016.png",
    "mse": 0.0008721337071619928,
    "psnr": 30.58782196044922,
    "ms-ssim": 0.9395610690116882,
    "bpp": 0.3023011673805325,
    "encoding_time": 0.6960790157318115,
    "decoding_time": 0.7303552627563477
}