{
    "image_name": "00010_TE_2000x1128.png",
    "mse": 0.00040000511216931045,
    "psnr": 33.965667724609375,
    "ms-ssim": 0.970484733581543,
    "bpp": 0.18475177304964538,
    "encoding_time": 0.7736389636993408,
    "decoding_time": 0.4578585624694824
}