{
    "mean_loss": 0.46494986139193273,
    "mean_bpp": 0.4649275555555556,
    "mean_psnr": 36.92137851715088,
    "mean_msssim": 0.986358677148819,
    "mean_msssim_dB": 18.65143512442639,
    "mean_enc_time": 0.520653645992279,
    "mean_dec_time": 0.7183824729919434
}