{
    "image_name": "RGB_OR_1200x1200_003.png",
    "mse": 0.00019251665798947215,
    "psnr": 37.126220703125,
    "ms-ssim": 0.9882426261901855,
    "bpp": 0.3799777777777778,
    "encoding_time": 0.3243410587310791,
    "decoding_time": 0.5299692153930664
}