{
    "image_name": "RGB_OR_1200x1200_022.png",
    "mse": 0.00019330537179484963,
    "psnr": 37.10918045043945,
    "ms-ssim": 0.9827890396118164,
    "bpp": 0.3288888888888889,
    "encoding_time": 0.4994688034057617,
    "decoding_time": 0.9814138412475586
}