{
    "image_name": "RGB_OR_1200x1200_088.png",
    "mse": 0.0002007694129133597,
    "psnr": 36.94537353515625,
    "ms-ssim": 0.9882187843322754,
    "bpp": 0.4431333333333333,
    "encoding_time": 0.8422346115112305,
    "decoding_time": 0.6715612411499023
}