{
    "image_name": "RGB_OR_1200x1200_009.png",
    "mse": 9.674277680460364e-05,
    "psnr": 40.0888671875,
    "ms-ssim": 0.9917461276054382,
    "bpp": 0.19713333333333333,
    "encoding_time": 0.43607521057128906,
    "decoding_time": 0.7260406017303467
}