{
    "image_name": "RGB_OR_1200x1200_021.png",
    "mse": 0.00015490828081965446,
    "psnr": 38.063568115234375,
    "ms-ssim": 0.9921081066131592,
    "bpp": 0.3596666666666667,
    "encoding_time": 0.447098970413208,
    "decoding_time": 0.8132483959197998
}