{
    "image_name": "RGB_OR_1200x1200_007.png",
    "mse": 0.0001918883208418265,
    "psnr": 37.141090393066406,
    "ms-ssim": 0.9913179874420166,
    "bpp": 0.4720666666666667,
    "encoding_time": 0.38411378860473633,
    "decoding_time": 0.7871196269989014
}