{
    "image_name": "RGB_OR_1200x1200_029.png",
    "mse": 0.00017014351033139974,
    "psnr": 37.659332275390625,
    "ms-ssim": 0.9869333505630493,
    "bpp": 0.3539555555555556,
    "encoding_time": 0.4778728485107422,
    "decoding_time": 0.7212486267089844
}