{
    "image_name": "RGB_OR_1200x1200_001.png",
    "mse": 0.00013029879482928663,
    "psnr": 38.80976104736328,
    "ms-ssim": 0.9928575754165649,
    "bpp": 0.3048222222222222,
    "encoding_time": 0.302370548248291,
    "decoding_time": 0.89278244972229
}