{
    "image_name": "RGB_OR_1200x1200_044.png",
    "mse": 0.00020482555555645376,
    "psnr": 36.860015869140625,
    "ms-ssim": 0.9812635183334351,
    "bpp": 0.3563777777777778,
    "encoding_time": 0.58188796043396,
    "decoding_time": 0.6830744743347168
}