{
    "image_name": "RGB_OR_1200x1200_038.png",
    "mse": 0.00012716135825030506,
    "psnr": 38.91315460205078,
    "ms-ssim": 0.988615870475769,
    "bpp": 0.2282888888888889,
    "encoding_time": 0.33863019943237305,
    "decoding_time": 1.0263922214508057
}