{
    "image_name": "RGB_OR_1200x1200_048.png",
    "mse": 0.00034079625038430095,
    "psnr": 34.658905029296875,
    "ms-ssim": 0.9860248565673828,
    "bpp": 0.7805111111111112,
    "encoding_time": 0.7568192481994629,
    "decoding_time": 0.8253428936004639
}