{
    "image_name": "RGB_OR_1200x1200_008.png",
    "mse": 0.00028562528314068913,
    "psnr": 35.42301940917969,
    "ms-ssim": 0.9865094423294067,
    "bpp": 0.5634,
    "encoding_time": 0.5895242691040039,
    "decoding_time": 0.5305790901184082
}