{
    "image_name": "RGB_OR_1200x1200_069.png",
    "mse": 0.00019526181858964264,
    "psnr": 37.06547164916992,
    "ms-ssim": 0.9896628856658936,
    "bpp": 0.4710666666666667,
    "encoding_time": 0.6786959171295166,
    "decoding_time": 0.7978291511535645
}