{
    "image_name": "RGB_OR_1200x1200_077.png",
    "mse": 0.00034913289709948003,
    "psnr": 34.55429458618164,
    "ms-ssim": 0.9515007734298706,
    "bpp": 0.27375555555555553,
    "encoding_time": 0.6425988674163818,
    "decoding_time": 0.6116831302642822
}