{
    "image_name": "RGB_OR_1200x1200_050.png",
    "mse": 0.00023024756228551269,
    "psnr": 36.35419464111328,
    "ms-ssim": 0.9825102090835571,
    "bpp": 0.40655555555555556,
    "encoding_time": 0.9091885089874268,
    "decoding_time": 0.5358211994171143
}