{
    "image_name": "RGB_OR_1200x1200_035.png",
    "mse": 0.00022991794685367495,
    "psnr": 36.360965728759766,
    "ms-ssim": 0.9888819456100464,
    "bpp": 0.5408,
    "encoding_time": 0.5485129356384277,
    "decoding_time": 0.5695352554321289
}