{
    "image_name": "RGB_OR_1200x1200_086.png",
    "mse": 0.00042749251588247716,
    "psnr": 33.677520751953125,
    "ms-ssim": 0.9794342517852783,
    "bpp": 0.9033111111111111,
    "encoding_time": 0.32070302963256836,
    "decoding_time": 0.6440706253051758
}