{
    "image_name": "RGB_OR_1200x1200_073.png",
    "mse": 0.00010978865611832589,
    "psnr": 39.5496826171875,
    "ms-ssim": 0.9856392741203308,
    "bpp": 0.1414,
    "encoding_time": 0.5116903781890869,
    "decoding_time": 0.6813755035400391
}