{
    "image_name": "RGB_OR_1200x1200_090.png",
    "mse": 0.0004174859495833516,
    "psnr": 33.78053283691406,
    "ms-ssim": 0.9882121086120605,
    "bpp": 0.8718888888888889,
    "encoding_time": 0.4828007221221924,
    "decoding_time": 0.8099312782287598
}