{
    "image_name": "RGB_OR_1200x1200_030.png",
    "mse": 0.0003417718689888716,
    "psnr": 34.646324157714844,
    "ms-ssim": 0.987419068813324,
    "bpp": 0.6957777777777778,
    "encoding_time": 0.3082857131958008,
    "decoding_time": 0.5397329330444336
}