{
    "image_name": "RGB_OR_1200x1200_056.png",
    "mse": 0.00010912761354120448,
    "psnr": 39.57158660888672,
    "ms-ssim": 0.9850489497184753,
    "bpp": 0.1887111111111111,
    "encoding_time": 0.4457380771636963,
    "decoding_time": 0.5575990676879883
}