{
    "image_name": "RGB_OR_1200x1200_067.png",
    "mse": 0.0002510308404453099,
    "psnr": 35.981101989746094,
    "ms-ssim": 0.979139506816864,
    "bpp": 0.3440888888888889,
    "encoding_time": 0.56005859375,
    "decoding_time": 1.0113613605499268
}