{
    "image_name": "RGB_OR_1200x1200_081.png",
    "mse": 0.00018740151426754892,
    "psnr": 37.2421989440918,
    "ms-ssim": 0.9917387366294861,
    "bpp": 0.42177777777777775,
    "encoding_time": 0.5431814193725586,
    "decoding_time": 0.674410343170166
}