{
    "image_name": "RGB_OR_1200x1200_079.png",
    "mse": 0.000151040920172818,
    "psnr": 38.17228317260742,
    "ms-ssim": 0.9951783418655396,
    "bpp": 0.42906666666666665,
    "encoding_time": 0.49700117111206055,
    "decoding_time": 0.5145974159240723
}