{
    "image_name": "RGB_OR_1200x1200_068.png",
    "mse": 0.0001408563693985343,
    "psnr": 38.49153137207031,
    "ms-ssim": 0.9930762648582458,
    "bpp": 0.2645777777777778,
    "encoding_time": 0.6220746040344238,
    "decoding_time": 0.49132680892944336
}