{
    "image_name": "RGB_OR_1200x1200_054.png",
    "mse": 0.00019100210920441896,
    "psnr": 37.16344451904297,
    "ms-ssim": 0.9899420738220215,
    "bpp": 0.4436888888888889,
    "encoding_time": 0.5674352645874023,
    "decoding_time": 0.46554064750671387
}