{
    "image_name": "RGB_OR_1200x1200_085.png",
    "mse": 0.000248730560997501,
    "psnr": 36.02097702026367,
    "ms-ssim": 0.9788802862167358,
    "bpp": 0.38708888888888887,
    "encoding_time": 0.6478123664855957,
    "decoding_time": 0.7761735916137695
}