{
    "image_name": "RGB_OR_1200x1200_093.png",
    "mse": 0.0001484446693211794,
    "psnr": 38.25531005859375,
    "ms-ssim": 0.9898016452789307,
    "bpp": 0.28473333333333334,
    "encoding_time": 0.8045551776885986,
    "decoding_time": 0.633657693862915
}