{
    "image_name": "RGB_OR_1200x1200_063.png",
    "mse": 0.00013657186354976147,
    "psnr": 38.608489990234375,
    "ms-ssim": 0.9876499176025391,
    "bpp": 0.22124444444444444,
    "encoding_time": 0.7420339584350586,
    "decoding_time": 0.6441569328308105
}