{
    "image_name": "RGB_OR_1200x1200_032.png",
    "mse": 0.00037343494477681816,
    "psnr": 34.26362228393555,
    "ms-ssim": 0.9856345057487488,
    "bpp": 0.7438,
    "encoding_time": 0.6393842697143555,
    "decoding_time": 0.5361824035644531
}