{
    "image_name": "RGB_OR_1200x1200_095.png",
    "mse": 0.00047334592090919614,
    "psnr": 33.236698150634766,
    "ms-ssim": 0.9856171011924744,
    "bpp": 1.1443333333333334,
    "encoding_time": 0.3083062171936035,
    "decoding_time": 0.6453392505645752
}