{
    "image_name": "RGB_OR_1200x1200_065.png",
    "mse": 0.00028024028870277107,
    "psnr": 35.505374908447266,
    "ms-ssim": 0.9821376204490662,
    "bpp": 0.6312666666666666,
    "encoding_time": 0.6143009662628174,
    "decoding_time": 0.46033239364624023
}