{
    "image_name": "RGB_OR_1200x1200_097.png",
    "mse": 0.00016066277748905122,
    "psnr": 37.90666961669922,
    "ms-ssim": 0.9936968684196472,
    "bpp": 0.3827111111111111,
    "encoding_time": 0.3487265110015869,
    "decoding_time": 0.6729753017425537
}