{
    "image_name": "RGB_OR_1200x1200_059.png",
    "mse": 0.0004528080462478101,
    "psnr": 33.42975616455078,
    "ms-ssim": 0.9883852005004883,
    "bpp": 1.2241777777777778,
    "encoding_time": 0.5552370548248291,
    "decoding_time": 0.7754771709442139
}