{
    "image_name": "RGB_OR_1200x1200_040.png",
    "mse": 0.0002329083508811891,
    "psnr": 36.305023193359375,
    "ms-ssim": 0.9857932925224304,
    "bpp": 0.4573333333333333,
    "encoding_time": 0.5286989212036133,
    "decoding_time": 0.6969857215881348
}