{
    "image_name": "RGB_OR_1200x1200_027.png",
    "mse": 0.00021843645663466305,
    "psnr": 36.5814208984375,
    "ms-ssim": 0.9872912764549255,
    "bpp": 0.5077111111111111,
    "encoding_time": 0.5522069931030273,
    "decoding_time": 0.6630637645721436
}