{
    "image_name": "RGB_OR_1200x1200_014.png",
    "mse": 0.0001346389763057232,
    "psnr": 38.667213439941406,
    "ms-ssim": 0.9921333193778992,
    "bpp": 0.2914,
    "encoding_time": 0.39134669303894043,
    "decoding_time": 1.0439505577087402
}