{
    "image_name": "RGB_OR_1200x1200_062.png",
    "mse": 0.0004637451784219593,
    "psnr": 33.325584411621094,
    "ms-ssim": 0.9882431030273438,
    "bpp": 1.1535777777777778,
    "encoding_time": 0.35117411613464355,
    "decoding_time": 0.590430736541748
}