{
    "image_name": "RGB_OR_1200x1200_078.png",
    "mse": 0.00012247452104929835,
    "psnr": 39.075050354003906,
    "ms-ssim": 0.9905591011047363,
    "bpp": 0.2649111111111111,
    "encoding_time": 0.4401524066925049,
    "decoding_time": 0.49132227897644043
}