{
    "image_name": "RGB_OR_1200x1200_053.png",
    "mse": 8.010624878806993e-05,
    "psnr": 40.896610260009766,
    "ms-ssim": 0.9941328763961792,
    "bpp": 0.19824444444444445,
    "encoding_time": 0.4999697208404541,
    "decoding_time": 0.5606956481933594
}