{
    "image_name": "RGB_OR_1200x1200_094.png",
    "mse": 0.00021855389059055597,
    "psnr": 36.57909393310547,
    "ms-ssim": 0.99174964427948,
    "bpp": 0.6255111111111111,
    "encoding_time": 0.6056435108184814,
    "decoding_time": 0.6806926727294922
}