{
    "image_name": "RGB_OR_1200x1200_034.png",
    "mse": 0.00012514983245637268,
    "psnr": 38.98069763183594,
    "ms-ssim": 0.9902197122573853,
    "bpp": 0.27675555555555553,
    "encoding_time": 0.5977878570556641,
    "decoding_time": 0.7541849613189697
}