{
    "image_name": "RGB_OR_1200x1200_047.png",
    "mse": 0.0003223371459171176,
    "psnr": 34.899574279785156,
    "ms-ssim": 0.9888418912887573,
    "bpp": 0.5354,
    "encoding_time": 0.3940768241882324,
    "decoding_time": 0.681438684463501
}