{
    "image_name": "RGB_OR_1200x1200_064.png",
    "mse": 0.00023142049030866474,
    "psnr": 36.33238983154297,
    "ms-ssim": 0.9909853339195251,
    "bpp": 0.5835333333333333,
    "encoding_time": 0.7407312393188477,
    "decoding_time": 1.0256314277648926
}