{
    "image_name": "RGB_OR_1200x1200_066.png",
    "mse": 0.00020251449313946068,
    "psnr": 36.90869903564453,
    "ms-ssim": 0.989242434501648,
    "bpp": 0.3055111111111111,
    "encoding_time": 0.713515043258667,
    "decoding_time": 0.7933733463287354
}