{
    "image_name": "RGB_OR_1200x1200_098.png",
    "mse": 0.00038227016921155155,
    "psnr": 34.16193389892578,
    "ms-ssim": 0.9928882122039795,
    "bpp": 1.085,
    "encoding_time": 0.49751949310302734,
    "decoding_time": 0.738396167755127
}