{
    "image_name": "RGB_OR_1200x1200_024.png",
    "mse": 0.00031550793210044503,
    "psnr": 34.99213790893555,
    "ms-ssim": 0.9900151491165161,
    "bpp": 0.9690666666666666,
    "encoding_time": 0.8249151706695557,
    "decoding_time": 0.8879728317260742
}