{
    "image_name": "RGB_OR_1200x1200_025.png",
    "mse": 0.00013157990179024637,
    "psnr": 38.7656135559082,
    "ms-ssim": 0.9883826971054077,
    "bpp": 0.2278,
    "encoding_time": 0.3518064022064209,
    "decoding_time": 0.6902544498443604
}