{
    "image_name": "RGB_OR_1200x1200_015.png",
    "mse": 6.146404484752566e-05,
    "psnr": 42.02682113647461,
    "ms-ssim": 0.9917539358139038,
    "bpp": 0.1024,
    "encoding_time": 0.41081714630126953,
    "decoding_time": 0.5759916305541992
}