{
    "image_name": "RGB_OR_1200x1200_041.png",
    "mse": 0.00022816361160948873,
    "psnr": 36.39466857910156,
    "ms-ssim": 0.9873183965682983,
    "bpp": 0.45924444444444446,
    "encoding_time": 0.6692368984222412,
    "decoding_time": 0.9239435195922852
}