{
    "image_name": "RGB_OR_1200x1200_091.png",
    "mse": 0.00013856295845471323,
    "psnr": 38.5623779296875,
    "ms-ssim": 0.9943296909332275,
    "bpp": 0.33544444444444443,
    "encoding_time": 0.3754889965057373,
    "decoding_time": 0.4605746269226074
}