{
    "image_name": "RGB_OR_1200x1200_011.png",
    "mse": 0.00024595402646809816,
    "psnr": 36.070274353027344,
    "ms-ssim": 0.989966869354248,
    "bpp": 0.7012,
    "encoding_time": 0.45489931106567383,
    "decoding_time": 0.5898747444152832
}