{
    "image_name": "RGB_OR_1200x1200_026.png",
    "mse": 0.00032695915433578193,
    "psnr": 34.838199615478516,
    "ms-ssim": 0.9909717440605164,
    "bpp": 0.9588444444444445,
    "encoding_time": 0.6338691711425781,
    "decoding_time": 0.9077322483062744
}