{
    "image_name": "RGB_OR_1200x1200_058.png",
    "mse": 0.00025066311354748905,
    "psnr": 35.987606048583984,
    "ms-ssim": 0.9900087714195251,
    "bpp": 0.41686666666666666,
    "encoding_time": 0.34828734397888184,
    "decoding_time": 0.706071138381958
}