{
    "image_name": "RGB_OR_1200x1200_100.png",
    "mse": 8.065046858973801e-05,
    "psnr": 40.892913818359375,
    "ms-ssim": 0.9889451861381531,
    "bpp": 0.13384444444444443,
    "encoding_time": 0.49491214752197266,
    "decoding_time": 0.45528221130371094
}