{
    "image_name": "RGB_OR_1200x1200_037.png",
    "mse": 0.00017797011241782457,
    "psnr": 37.4660530090332,
    "ms-ssim": 0.9836246967315674,
    "bpp": 0.3520888888888889,
    "encoding_time": 0.3428690433502197,
    "decoding_time": 0.6005697250366211
}