{
    "image_name": "RGB_OR_1200x1200_045.png",
    "mse": 0.00017485565331298858,
    "psnr": 37.54356384277344,
    "ms-ssim": 0.987837016582489,
    "bpp": 0.2870888888888889,
    "encoding_time": 0.37680959701538086,
    "decoding_time": 0.49784374237060547
}