{
    "image_name": "RGB_OR_1200x1200_004.png",
    "mse": 0.00011627057392615825,
    "psnr": 39.29914855957031,
    "ms-ssim": 0.9814803600311279,
    "bpp": 0.14222222222222222,
    "encoding_time": 0.3697621822357178,
    "decoding_time": 0.7012369632720947
}