{
    "image_name": "RGB_OR_1200x1200_002.png",
    "mse": 7.288566848728806e-05,
    "psnr": 41.29905700683594,
    "ms-ssim": 0.9876095056533813,
    "bpp": 0.11462222222222222,
    "encoding_time": 0.5065343379974365,
    "decoding_time": 0.7988770008087158
}