{
    "image_name": "RGB_OR_1200x1200_043.png",
    "mse": 0.00036341245868243277,
    "psnr": 34.38093948364258,
    "ms-ssim": 0.9850953817367554,
    "bpp": 0.9382666666666667,
    "encoding_time": 0.4390907287597656,
    "decoding_time": 0.9028768539428711
}