{
    "image_name": "RGB_OR_1200x1200_052.png",
    "mse": 0.00018393462232779711,
    "psnr": 37.32301330566406,
    "ms-ssim": 0.9916381239891052,
    "bpp": 0.48944444444444446,
    "encoding_time": 0.6465404033660889,
    "decoding_time": 0.7057750225067139
}