{
    "image_name": "RGB_OR_1200x1200_005.png",
    "mse": 0.0002031057811109349,
    "psnr": 36.89593505859375,
    "ms-ssim": 0.9856237173080444,
    "bpp": 0.44295555555555555,
    "encoding_time": 0.518662691116333,
    "decoding_time": 0.913825511932373
}