{
    "image_name": "RGB_OR_1200x1200_074.png",
    "mse": 0.00017422944074496627,
    "psnr": 37.55827331542969,
    "ms-ssim": 0.970589816570282,
    "bpp": 0.14364444444444444,
    "encoding_time": 0.349609375,
    "decoding_time": 0.5383200645446777
}