{
    "image_name": "RGB_OR_1200x1200_082.png",
    "mse": 0.0004688625340349972,
    "psnr": 33.27777862548828,
    "ms-ssim": 0.9830488562583923,
    "bpp": 0.9614666666666667,
    "encoding_time": 0.5796914100646973,
    "decoding_time": 0.5724692344665527
}