{
    "image_name": "RGB_OR_1200x1200_076.png",
    "mse": 0.00013050579582341015,
    "psnr": 38.80271530151367,
    "ms-ssim": 0.9862439036369324,
    "bpp": 0.21515555555555554,
    "encoding_time": 0.6626460552215576,
    "decoding_time": 0.7640767097473145
}