{
    "image_name": "RGB_OR_1200x1200_049.png",
    "mse": 0.00016403886547777802,
    "psnr": 37.81862258911133,
    "ms-ssim": 0.991981029510498,
    "bpp": 0.41135555555555553,
    "encoding_time": 0.6588234901428223,
    "decoding_time": 0.7501182556152344
}