{
    "image_name": "RGB_OR_1200x1200_019.png",
    "mse": 0.0002955807722173631,
    "psnr": 35.27501678466797,
    "ms-ssim": 0.9851354360580444,
    "bpp": 0.43933333333333335,
    "encoding_time": 0.4075443744659424,
    "decoding_time": 0.767052173614502
}