{
    "image_name": "RGB_OR_1200x1200_072.png",
    "mse": 0.00023617564875166863,
    "psnr": 36.24427795410156,
    "ms-ssim": 0.9911119341850281,
    "bpp": 0.6688666666666667,
    "encoding_time": 0.290421724319458,
    "decoding_time": 0.7315037250518799
}