{
    "image_name": "RGB_OR_1200x1200_028.png",
    "mse": 9.422221046406776e-05,
    "psnr": 40.20026397705078,
    "ms-ssim": 0.9887945652008057,
    "bpp": 0.17524444444444445,
    "encoding_time": 0.6688144207000732,
    "decoding_time": 0.9760127067565918
}