{
    "image_name": "RGB_OR_1200x1200_051.png",
    "mse": 0.00013759879220742732,
    "psnr": 38.5734748840332,
    "ms-ssim": 0.9853458404541016,
    "bpp": 0.24517777777777777,
    "encoding_time": 0.3562808036804199,
    "decoding_time": 0.7366676330566406
}