{
    "image_name": "RGB_OR_1200x1200_017.png",
    "mse": 0.00022068401449359953,
    "psnr": 36.537391662597656,
    "ms-ssim": 0.9907200336456299,
    "bpp": 0.5222,
    "encoding_time": 0.5291836261749268,
    "decoding_time": 1.1436870098114014
}