{
    "image_name": "RGB_OR_1200x1200_033.png",
    "mse": 0.00023637358390260488,
    "psnr": 36.241668701171875,
    "ms-ssim": 0.9865343570709229,
    "bpp": 0.5579111111111111,
    "encoding_time": 0.49730467796325684,
    "decoding_time": 0.927586555480957
}