{
    "image_name": "RGB_OR_1200x1200_087.png",
    "mse": 0.0004449316766113043,
    "psnr": 33.50438690185547,
    "ms-ssim": 0.9899694323539734,
    "bpp": 1.2287555555555556,
    "encoding_time": 0.7932560443878174,
    "decoding_time": 0.7462320327758789
}