{
    "image_name": "RGB_OR_1200x1200_099.png",
    "mse": 0.00024172727717086673,
    "psnr": 36.143802642822266,
    "ms-ssim": 0.978535532951355,
    "bpp": 0.39984444444444445,
    "encoding_time": 0.6275410652160645,
    "decoding_time": 0.621776819229126
}