{
    "image_name": "RGB_OR_1200x1200_042.png",
    "mse": 0.00019033357966691256,
    "psnr": 37.177001953125,
    "ms-ssim": 0.9849027991294861,
    "bpp": 0.3654222222222222,
    "encoding_time": 0.43056559562683105,
    "decoding_time": 0.7615885734558105
}