{
    "image_name": "RGB_OR_1200x1200_016.png",
    "mse": 0.00037376643740572035,
    "psnr": 34.259220123291016,
    "ms-ssim": 0.9891318082809448,
    "bpp": 1.0258222222222222,
    "encoding_time": 0.8486654758453369,
    "decoding_time": 1.0160093307495117
}