{
    "image_name": "RGB_OR_1200x1200_031.png",
    "mse": 0.0002549790369812399,
    "psnr": 35.913944244384766,
    "ms-ssim": 0.9912810325622559,
    "bpp": 0.5499333333333334,
    "encoding_time": 0.6912055015563965,
    "decoding_time": 1.1420466899871826
}