{
    "image_name": "RGB_OR_1200x1200_010.png",
    "mse": 0.00021769852901343256,
    "psnr": 36.59617614746094,
    "ms-ssim": 0.9842919707298279,
    "bpp": 0.393,
    "encoding_time": 0.40015101432800293,
    "decoding_time": 0.61177659034729
}