{
    "image_name": "RGB_OR_1200x1200_023.png",
    "mse": 0.00025762341101653874,
    "psnr": 35.869041442871094,
    "ms-ssim": 0.9878934621810913,
    "bpp": 0.5744222222222222,
    "encoding_time": 0.4387826919555664,
    "decoding_time": 0.7141821384429932
}