{
    "image_name": "RGB_OR_1200x1200_013.png",
    "mse": 0.00016885656805243343,
    "psnr": 37.69301986694336,
    "ms-ssim": 0.9903308153152466,
    "bpp": 0.3784,
    "encoding_time": 0.4113309383392334,
    "decoding_time": 0.4637441635131836
}