{
    "image_name": "RGB_OR_1200x1200_036.png",
    "mse": 7.834418647689745e-05,
    "psnr": 40.98766326904297,
    "ms-ssim": 0.9843875169754028,
    "bpp": 0.07468888888888889,
    "encoding_time": 0.5112464427947998,
    "decoding_time": 0.596400260925293
}