{
    "image_name": "RGB_OR_1200x1200_057.png",
    "mse": 0.00015825836453586817,
    "psnr": 37.972354888916016,
    "ms-ssim": 0.9795866012573242,
    "bpp": 0.21026666666666666,
    "encoding_time": 0.8369038105010986,
    "decoding_time": 0.999000072479248
}