{
    "image_name": "RGB_OR_1200x1200_006.png",
    "mse": 0.0002954295196104795,
    "psnr": 35.276885986328125,
    "ms-ssim": 0.9677702784538269,
    "bpp": 0.2618666666666667,
    "encoding_time": 0.4382352828979492,
    "decoding_time": 0.8494741916656494
}