{
    "image_name": "RGB_OR_1200x1200_012.png",
    "mse": 0.00016834921552799642,
    "psnr": 37.70460510253906,
    "ms-ssim": 0.9888263940811157,
    "bpp": 0.36877777777777776,
    "encoding_time": 0.4727809429168701,
    "decoding_time": 0.9179179668426514
}