{
    "image_name": "RGB_OR_1200x1200_083.png",
    "mse": 0.0001530903682578355,
    "psnr": 38.11512756347656,
    "ms-ssim": 0.9910135269165039,
    "bpp": 0.2999777777777778,
    "encoding_time": 0.39216136932373047,
    "decoding_time": 0.536463737487793
}