{
    "image_name": "RGB_OR_1200x1200_075.png",
    "mse": 0.00017519206448923796,
    "psnr": 37.53459548950195,
    "ms-ssim": 0.9794856309890747,
    "bpp": 0.31522222222222224,
    "encoding_time": 0.7341327667236328,
    "decoding_time": 0.7891359329223633
}