{
    "mean_loss": 0.17015409501250583,
    "mean_bpp": 0.16756933333333335,
    "mean_psnr": 29.0899356842041,
    "mean_msssim": 0.9741523832082748,
    "mean_msssim_dB": 15.875794936499933,
    "mean_enc_time": 0.4129233002662659,
    "mean_dec_time": 0.48622204780578615
}