{
    "image_name": "RGB_OR_1200x1200_012.png",
    "mse": 0.00122506869956851,
    "psnr": 29.11388397216797,
    "ms-ssim": 0.9800571203231812,
    "bpp": 0.12475555555555555,
    "encoding_time": 0.4663712978363037,
    "decoding_time": 0.525658369064331
}