{
    "image_name": "RGB_OR_1200x1200_050.png",
    "mse": 0.0010418082820251584,
    "psnr": 29.81699562072754,
    "ms-ssim": 0.969825267791748,
    "bpp": 0.16624444444444444,
    "encoding_time": 0.6244850158691406,
    "decoding_time": 0.5648517608642578
}