{
    "image_name": "RGB_OR_1200x1200_053.png",
    "mse": 0.0008790841093286872,
    "psnr": 30.5527286529541,
    "ms-ssim": 0.9887182712554932,
    "bpp": 0.09864444444444445,
    "encoding_time": 0.3598504066467285,
    "decoding_time": 0.3043999671936035
}