{
    "image_name": "RGB_OR_1200x1200_016.png",
    "mse": 0.002903727348893881,
    "psnr": 25.368633270263672,
    "ms-ssim": 0.9639581441879272,
    "bpp": 0.24775555555555556,
    "encoding_time": 0.5226936340332031,
    "decoding_time": 0.48555994033813477
}