{
    "image_name": "RGB_OR_1200x1200_077.png",
    "mse": 0.0007364719058386981,
    "psnr": 31.32120704650879,
    "ms-ssim": 0.9460433721542358,
    "bpp": 0.18235555555555555,
    "encoding_time": 0.3676564693450928,
    "decoding_time": 0.3849151134490967
}