{
    "image_name": "RGB_OR_1200x1200_054.png",
    "mse": 0.001217984943650663,
    "psnr": 29.139686584472656,
    "ms-ssim": 0.9773068428039551,
    "bpp": 0.16937777777777777,
    "encoding_time": 0.43338966369628906,
    "decoding_time": 0.561133861541748
}