{
    "image_name": "RGB_OR_1200x1200_096.png",
    "mse": 0.0006214377353899181,
    "psnr": 32.05785369873047,
    "ms-ssim": 0.9629979133605957,
    "bpp": 0.13262222222222222,
    "encoding_time": 0.3946187496185303,
    "decoding_time": 0.45520973205566406
}