{
    "image_name": "RGB_OR_1200x1200_074.png",
    "mse": 0.0004994823830202222,
    "psnr": 33.00379180908203,
    "ms-ssim": 0.968204140663147,
    "bpp": 0.11166666666666666,
    "encoding_time": 0.5104095935821533,
    "decoding_time": 0.39630556106567383
}