{
    "image_name": "RGB_OR_1200x1200_043.png",
    "mse": 0.002104791346937418,
    "psnr": 26.7653865814209,
    "ms-ssim": 0.958777129650116,
    "bpp": 0.2853111111111111,
    "encoding_time": 0.3770880699157715,
    "decoding_time": 0.48786425590515137
}