{
    "image_name": "RGB_OR_1200x1200_019.png",
    "mse": 0.0011753109283745289,
    "psnr": 29.293743133544922,
    "ms-ssim": 0.9742525815963745,
    "bpp": 0.1658888888888889,
    "encoding_time": 0.26877617835998535,
    "decoding_time": 0.5219991207122803
}