{
    "image_name": "RGB_OR_1200x1200_068.png",
    "mse": 0.0010286462493240833,
    "psnr": 29.87432861328125,
    "ms-ssim": 0.9855710864067078,
    "bpp": 0.11784444444444445,
    "encoding_time": 0.39206767082214355,
    "decoding_time": 0.37079620361328125
}