{
    "image_name": "RGB_OR_1200x1200_037.png",
    "mse": 0.0009367558523081243,
    "psnr": 30.277830123901367,
    "ms-ssim": 0.9746822118759155,
    "bpp": 0.16044444444444445,
    "encoding_time": 0.5137856006622314,
    "decoding_time": 0.4818243980407715
}