{
    "image_name": "RGB_OR_1200x1200_071.png",
    "mse": 0.001161695341579616,
    "psnr": 29.34417152404785,
    "ms-ssim": 0.9780617952346802,
    "bpp": 0.10895555555555556,
    "encoding_time": 0.34258484840393066,
    "decoding_time": 0.7181174755096436
}