{
    "image_name": "RGB_OR_1200x1200_010.png",
    "mse": 0.000855990860145539,
    "psnr": 30.66843605041504,
    "ms-ssim": 0.9715681076049805,
    "bpp": 0.1768,
    "encoding_time": 0.326648473739624,
    "decoding_time": 0.3245859146118164
}