{
    "image_name": "RGB_OR_1200x1200_087.png",
    "mse": 0.002919209888204932,
    "psnr": 25.345426559448242,
    "ms-ssim": 0.9570445418357849,
    "bpp": 0.3107111111111111,
    "encoding_time": 0.32314181327819824,
    "decoding_time": 0.5091807842254639
}