{
    "image_name": "RGB_OR_1200x1200_094.png",
    "mse": 0.002339582424610853,
    "psnr": 26.30622100830078,
    "ms-ssim": 0.9783576726913452,
    "bpp": 0.16848888888888888,
    "encoding_time": 0.350797176361084,
    "decoding_time": 0.3413510322570801
}