{
    "image_name": "RGB_OR_1200x1200_085.png",
    "mse": 0.0008431307505816221,
    "psnr": 30.734603881835938,
    "ms-ssim": 0.9654526710510254,
    "bpp": 0.191,
    "encoding_time": 0.2922646999359131,
    "decoding_time": 0.32140040397644043
}