{
    "image_name": "RGB_OR_1200x1200_004.png",
    "mse": 0.0009545495267957449,
    "psnr": 30.196186065673828,
    "ms-ssim": 0.9794385433197021,
    "bpp": 0.09304444444444444,
    "encoding_time": 0.42644739151000977,
    "decoding_time": 0.4845118522644043
}