{
    "image_name": "RGB_OR_1200x1200_095.png",
    "mse": 0.003551489906385541,
    "psnr": 24.49437713623047,
    "ms-ssim": 0.9592255353927612,
    "bpp": 0.2888,
    "encoding_time": 0.2940816879272461,
    "decoding_time": 0.3981809616088867
}