{
    "image_name": "RGB_OR_1200x1200_030.png",
    "mse": 0.0016005734214559197,
    "psnr": 27.953914642333984,
    "ms-ssim": 0.9664902687072754,
    "bpp": 0.23395555555555556,
    "encoding_time": 0.44661498069763184,
    "decoding_time": 0.4893214702606201
}