{
    "image_name": "RGB_OR_1200x1200_008.png",
    "mse": 0.0013509943382814527,
    "psnr": 28.689361572265625,
    "ms-ssim": 0.9672529697418213,
    "bpp": 0.2061111111111111,
    "encoding_time": 0.30409932136535645,
    "decoding_time": 0.5722873210906982
}