{
    "image_name": "RGB_OR_1200x1200_075.png",
    "mse": 0.0009731387835927308,
    "psnr": 30.112829208374023,
    "ms-ssim": 0.9727172255516052,
    "bpp": 0.12804444444444443,
    "encoding_time": 0.4956552982330322,
    "decoding_time": 0.5609774589538574
}