{
    "image_name": "RGB_OR_1200x1200_023.png",
    "mse": 0.0026094692293554544,
    "psnr": 25.832195281982422,
    "ms-ssim": 0.9758564233779907,
    "bpp": 0.16406666666666667,
    "encoding_time": 0.4880805015563965,
    "decoding_time": 0.49388790130615234
}