{
    "image_name": "RGB_OR_1200x1200_086.png",
    "mse": 0.0013772799866274,
    "psnr": 28.605600357055664,
    "ms-ssim": 0.9490978717803955,
    "bpp": 0.3297111111111111,
    "encoding_time": 0.2761499881744385,
    "decoding_time": 0.5944583415985107
}