{
    "image_name": "RGB_OR_1200x1200_002.png",
    "mse": 0.0006582532078027725,
    "psnr": 31.8076229095459,
    "ms-ssim": 0.9859939813613892,
    "bpp": 0.0748,
    "encoding_time": 0.422593355178833,
    "decoding_time": 0.47765541076660156
}