{
    "image_name": "RGB_OR_1200x1200_026.png",
    "mse": 0.0036547852214425802,
    "psnr": 24.36994171142578,
    "ms-ssim": 0.9707486033439636,
    "bpp": 0.23677777777777778,
    "encoding_time": 0.447796106338501,
    "decoding_time": 0.5815680027008057
}