{
    "image_name": "RGB_OR_1200x1200_042.png",
    "mse": 0.0009334909846074879,
    "psnr": 30.293428421020508,
    "ms-ssim": 0.9746829867362976,
    "bpp": 0.1542888888888889,
    "encoding_time": 0.32691144943237305,
    "decoding_time": 0.6262319087982178
}