{
    "image_name": "RGB_OR_1200x1200_072.png",
    "mse": 0.0022741788998246193,
    "psnr": 26.429235458374023,
    "ms-ssim": 0.9757975339889526,
    "bpp": 0.20077777777777778,
    "encoding_time": 0.4449005126953125,
    "decoding_time": 0.5790250301361084
}