{
    "image_name": "RGB_OR_1200x1200_027.png",
    "mse": 0.0015770170139148831,
    "psnr": 28.018030166625977,
    "ms-ssim": 0.9752974510192871,
    "bpp": 0.16553333333333334,
    "encoding_time": 0.43831300735473633,
    "decoding_time": 0.5665590763092041
}