{
    "image_name": "RGB_OR_1200x1200_014.png",
    "mse": 0.0010848758975043893,
    "psnr": 29.641399383544922,
    "ms-ssim": 0.9834702014923096,
    "bpp": 0.1250888888888889,
    "encoding_time": 0.4586629867553711,
    "decoding_time": 0.5561490058898926
}