{
    "image_name": "RGB_OR_1200x1200_034.png",
    "mse": 0.0006981035694479942,
    "psnr": 31.552894592285156,
    "ms-ssim": 0.983779788017273,
    "bpp": 0.11475555555555556,
    "encoding_time": 0.36684083938598633,
    "decoding_time": 0.4788684844970703
}