{
    "image_name": "RGB_OR_1200x1200_048.png",
    "mse": 0.002056838246062398,
    "psnr": 26.865398406982422,
    "ms-ssim": 0.965235710144043,
    "bpp": 0.2310222222222222,
    "encoding_time": 0.40610241889953613,
    "decoding_time": 0.42102861404418945
}