{
    "image_name": "RGB_OR_1200x1200_098.png",
    "mse": 0.002862918423488736,
    "psnr": 25.429996490478516,
    "ms-ssim": 0.964911937713623,
    "bpp": 0.31155555555555553,
    "encoding_time": 0.4261939525604248,
    "decoding_time": 0.34866929054260254
}