{
    "image_name": "RGB_OR_1200x1200_029.png",
    "mse": 0.0010152908507734537,
    "psnr": 29.92862319946289,
    "ms-ssim": 0.9779312014579773,
    "bpp": 0.15233333333333332,
    "encoding_time": 0.42749524116516113,
    "decoding_time": 0.6117556095123291
}