{
    "image_name": "RGB_OR_1200x1200_006.png",
    "mse": 0.0005935756489634514,
    "psnr": 32.256439208984375,
    "ms-ssim": 0.9619868993759155,
    "bpp": 0.15968888888888888,
    "encoding_time": 0.2510378360748291,
    "decoding_time": 0.6319472789764404
}