{
    "image_name": "RGB_OR_1200x1200_080.png",
    "mse": 0.0007156137144193053,
    "psnr": 31.446121215820312,
    "ms-ssim": 0.97770756483078,
    "bpp": 0.12142222222222222,
    "encoding_time": 0.36388301849365234,
    "decoding_time": 0.5902667045593262
}