{
    "image_name": "RGB_OR_1200x1200_059.png",
    "mse": 0.004229048267006874,
    "psnr": 23.73624038696289,
    "ms-ssim": 0.961016058921814,
    "bpp": 0.2806,
    "encoding_time": 0.25052905082702637,
    "decoding_time": 0.5154087543487549
}