{
    "image_name": "RGB_OR_1200x1200_070.png",
    "mse": 0.0008540520211681724,
    "psnr": 30.678634643554688,
    "ms-ssim": 0.9651626944541931,
    "bpp": 0.1888,
    "encoding_time": 0.5522418022155762,
    "decoding_time": 0.5919466018676758
}