{
    "image_name": "RGB_OR_1200x1200_039.png",
    "mse": 0.0015034431125968695,
    "psnr": 28.225522994995117,
    "ms-ssim": 0.9708333015441895,
    "bpp": 0.19693333333333332,
    "encoding_time": 0.66107177734375,
    "decoding_time": 0.4946157932281494
}