{
    "image_name": "RGB_OR_1200x1200_092.png",
    "mse": 0.0008615468977950513,
    "psnr": 30.641048431396484,
    "ms-ssim": 0.9720668196678162,
    "bpp": 0.08915555555555556,
    "encoding_time": 0.5035514831542969,
    "decoding_time": 0.5640451908111572
}