{
    "image_name": "RGB_OR_1200x1200_049.png",
    "mse": 0.0012019436107948422,
    "psnr": 29.196868896484375,
    "ms-ssim": 0.9806239008903503,
    "bpp": 0.16177777777777777,
    "encoding_time": 0.2582838535308838,
    "decoding_time": 0.357806921005249
}