{
    "image_name": "RGB_OR_1200x1200_045.png",
    "mse": 0.0009389084298163652,
    "psnr": 30.2679386138916,
    "ms-ssim": 0.9786413908004761,
    "bpp": 0.14486666666666667,
    "encoding_time": 0.3315467834472656,
    "decoding_time": 0.5526101589202881
}