{
    "image_name": "RGB_OR_1200x1200_044.png",
    "mse": 0.0007244410226121545,
    "psnr": 31.39272689819336,
    "ms-ssim": 0.969724178314209,
    "bpp": 0.18126666666666666,
    "encoding_time": 0.6161487102508545,
    "decoding_time": 0.5532371997833252
}