{
    "image_name": "RGB_OR_1200x1200_083.png",
    "mse": 0.0013455781154334545,
    "psnr": 28.706758499145508,
    "ms-ssim": 0.9822723269462585,
    "bpp": 0.11517777777777778,
    "encoding_time": 0.42769455909729004,
    "decoding_time": 0.5454137325286865
}