{
    "image_name": "RGB_OR_1200x1200_097.png",
    "mse": 0.0014640283770859241,
    "psnr": 28.340660095214844,
    "ms-ssim": 0.9864515066146851,
    "bpp": 0.11675555555555556,
    "encoding_time": 0.34584736824035645,
    "decoding_time": 0.3900291919708252
}