{
    "image_name": "RGB_OR_1200x1200_062.png",
    "mse": 0.003454486606642604,
    "psnr": 24.614517211914062,
    "ms-ssim": 0.9587664604187012,
    "bpp": 0.3061111111111111,
    "encoding_time": 0.38019275665283203,
    "decoding_time": 0.5444910526275635
}