{
    "image_name": "RGB_OR_1200x1200_073.png",
    "mse": 0.0005982837756164372,
    "psnr": 32.22295379638672,
    "ms-ssim": 0.9825813174247742,
    "bpp": 0.08204444444444445,
    "encoding_time": 0.4051234722137451,
    "decoding_time": 0.521658182144165
}