{
    "image_name": "RGB_OR_1200x1200_056.png",
    "mse": 0.0004159112577326596,
    "psnr": 33.797061920166016,
    "ms-ssim": 0.9794073104858398,
    "bpp": 0.10046666666666666,
    "encoding_time": 0.4975283145904541,
    "decoding_time": 0.3840923309326172
}