{
    "image_name": "RGB_OR_1200x1200_038.png",
    "mse": 0.0007079323986545205,
    "psnr": 31.492219924926758,
    "ms-ssim": 0.9816595315933228,
    "bpp": 0.12257777777777777,
    "encoding_time": 0.40418457984924316,
    "decoding_time": 0.3202991485595703
}