{
    "image_name": "RGB_OR_1200x1200_084.png",
    "mse": 0.00038484923425130546,
    "psnr": 34.132320404052734,
    "ms-ssim": 0.9781967997550964,
    "bpp": 0.07311111111111111,
    "encoding_time": 0.25049662590026855,
    "decoding_time": 0.3712747097015381
}