{
    "image_name": "RGB_OR_1200x1200_067.png",
    "mse": 0.0012916994746774435,
    "psnr": 28.884140014648438,
    "ms-ssim": 0.9702507853507996,
    "bpp": 0.14328888888888888,
    "encoding_time": 0.31352972984313965,
    "decoding_time": 0.358018159866333
}