{
    "image_name": "RGB_OR_1200x1200_088.png",
    "mse": 0.0013374635018408298,
    "psnr": 28.73297691345215,
    "ms-ssim": 0.9756783246994019,
    "bpp": 0.17493333333333333,
    "encoding_time": 0.502816915512085,
    "decoding_time": 0.5137975215911865
}