{
    "image_name": "RGB_OR_1200x1200_041.png",
    "mse": 0.001488442881964147,
    "psnr": 28.268993377685547,
    "ms-ssim": 0.9744013547897339,
    "bpp": 0.16486666666666666,
    "encoding_time": 0.2892642021179199,
    "decoding_time": 0.346729040145874
}