{
    "image_name": "RGB_OR_1200x1200_005.png",
    "mse": 0.00107394193764776,
    "psnr": 29.684940338134766,
    "ms-ssim": 0.9717888236045837,
    "bpp": 0.18413333333333334,
    "encoding_time": 0.3139307498931885,
    "decoding_time": 0.39178919792175293
}