{
    "image_name": "RGB_OR_1200x1200_093.png",
    "mse": 0.0010360885644331574,
    "psnr": 29.841955184936523,
    "ms-ssim": 0.9813019037246704,
    "bpp": 0.12042222222222222,
    "encoding_time": 0.33517909049987793,
    "decoding_time": 0.31955504417419434
}