{
    "image_name": "RGB_OR_1200x1200_052.png",
    "mse": 0.0012060196604579687,
    "psnr": 29.18185043334961,
    "ms-ssim": 0.9778234362602234,
    "bpp": 0.19104444444444443,
    "encoding_time": 0.3376185894012451,
    "decoding_time": 0.6106619834899902
}