{
    "image_name": "RGB_OR_1200x1200_033.png",
    "mse": 0.0015363282291218638,
    "psnr": 28.131839752197266,
    "ms-ssim": 0.9710944890975952,
    "bpp": 0.20364444444444443,
    "encoding_time": 0.32532238960266113,
    "decoding_time": 0.3351156711578369
}