{
    "image_name": "RGB_OR_1200x1200_036.png",
    "mse": 0.0004894232843071222,
    "psnr": 33.09239196777344,
    "ms-ssim": 0.9840627908706665,
    "bpp": 0.08333333333333333,
    "encoding_time": 0.5295414924621582,
    "decoding_time": 0.4039132595062256
}