{
    "image_name": "RGB_OR_1200x1200_069.png",
    "mse": 0.0017688339576125145,
    "psnr": 27.519947052001953,
    "ms-ssim": 0.9789098501205444,
    "bpp": 0.1462,
    "encoding_time": 0.38312482833862305,
    "decoding_time": 0.28928136825561523
}