{
    "image_name": "RGB_OR_1200x1200_090.png",
    "mse": 0.0029546921141445637,
    "psnr": 25.292980194091797,
    "ms-ssim": 0.9643893241882324,
    "bpp": 0.2577777777777778,
    "encoding_time": 0.4300668239593506,
    "decoding_time": 0.4484255313873291
}