{
    "image_name": "RGB_OR_1200x1200_007.png",
    "mse": 0.0016299983253702521,
    "psnr": 27.874866485595703,
    "ms-ssim": 0.9791679382324219,
    "bpp": 0.1506,
    "encoding_time": 0.28832054138183594,
    "decoding_time": 0.46001267433166504
}