{
    "image_name": "RGB_OR_1200x1200_065.png",
    "mse": 0.0027557110879570246,
    "psnr": 25.59549903869629,
    "ms-ssim": 0.9690879583358765,
    "bpp": 0.17097777777777778,
    "encoding_time": 0.3675990104675293,
    "decoding_time": 0.536069393157959
}