{
    "image_name": "RGB_OR_1200x1200_078.png",
    "mse": 0.0008435983909294009,
    "psnr": 30.732189178466797,
    "ms-ssim": 0.9833692312240601,
    "bpp": 0.10933333333333334,
    "encoding_time": 0.30313730239868164,
    "decoding_time": 0.60996413230896
}