{
    "image_name": "RGB_OR_1200x1200_017.png",
    "mse": 0.0013793626567348838,
    "psnr": 28.599458694458008,
    "ms-ssim": 0.9746760725975037,
    "bpp": 0.19011111111111112,
    "encoding_time": 0.3671581745147705,
    "decoding_time": 0.3842453956604004
}