{
    "image_name": "RGB_OR_1200x1200_003.png",
    "mse": 0.001146313501521945,
    "psnr": 29.40182113647461,
    "ms-ssim": 0.980493426322937,
    "bpp": 0.129,
    "encoding_time": 0.5328526496887207,
    "decoding_time": 0.616126298904419
}