{
    "image_name": "RGB_OR_1200x1200_057.png",
    "mse": 0.0008323693764396012,
    "psnr": 30.790111541748047,
    "ms-ssim": 0.9733521938323975,
    "bpp": 0.12151111111111111,
    "encoding_time": 0.5551042556762695,
    "decoding_time": 0.5703475475311279
}