{
    "image_name": "RGB_OR_1200x1200_047.png",
    "mse": 0.0017526255687698722,
    "psnr": 27.560134887695312,
    "ms-ssim": 0.9719164371490479,
    "bpp": 0.17222222222222222,
    "encoding_time": 0.4112064838409424,
    "decoding_time": 0.3893887996673584
}