{
    "image_name": "RGB_OR_1200x1200_035.png",
    "mse": 0.001508271787315607,
    "psnr": 28.211563110351562,
    "ms-ssim": 0.9746121168136597,
    "bpp": 0.1794888888888889,
    "encoding_time": 0.4324769973754883,
    "decoding_time": 0.5726878643035889
}