{
    "image_name": "RGB_OR_1200x1200_025.png",
    "mse": 0.000898499449249357,
    "psnr": 30.458642959594727,
    "ms-ssim": 0.9822317361831665,
    "bpp": 0.11517777777777778,
    "encoding_time": 0.6130263805389404,
    "decoding_time": 0.39151787757873535
}