{
    "image_name": "RGB_OR_1200x1200_046.png",
    "mse": 0.0014817769406363368,
    "psnr": 28.28868865966797,
    "ms-ssim": 0.9631125330924988,
    "bpp": 0.24204444444444445,
    "encoding_time": 0.5029659271240234,
    "decoding_time": 0.4844202995300293
}