{
    "image_name": "RGB_OR_1200x1200_024.png",
    "mse": 0.003287405241280794,
    "psnr": 24.829832077026367,
    "ms-ssim": 0.9710239171981812,
    "bpp": 0.21926666666666667,
    "encoding_time": 0.4800398349761963,
    "decoding_time": 0.6312096118927002
}