{
    "image_name": "RGB_OR_1200x1200_091.png",
    "mse": 0.000728691928088665,
    "psnr": 31.36992073059082,
    "ms-ssim": 0.9850584864616394,
    "bpp": 0.13593333333333332,
    "encoding_time": 0.3700428009033203,
    "decoding_time": 0.6498467922210693
}