{
    "image_name": "RGB_OR_1200x1200_076.png",
    "mse": 0.0013442268827930093,
    "psnr": 28.711238861083984,
    "ms-ssim": 0.9825764894485474,
    "bpp": 0.09591111111111111,
    "encoding_time": 0.46614646911621094,
    "decoding_time": 0.4982597827911377
}