{
    "image_name": "RGB_OR_1200x1200_055.png",
    "mse": 0.001306077465415001,
    "psnr": 28.836017608642578,
    "ms-ssim": 0.9814822673797607,
    "bpp": 0.1662888888888889,
    "encoding_time": 0.3163435459136963,
    "decoding_time": 0.45261430740356445
}