{
    "image_name": "RGB_OR_1200x1200_015.png",
    "mse": 0.0007298027048818767,
    "psnr": 31.35934829711914,
    "ms-ssim": 0.9889520406723022,
    "bpp": 0.07122222222222223,
    "encoding_time": 0.38912534713745117,
    "decoding_time": 0.37850093841552734
}