{
    "image_name": "RGB_OR_1200x1200_099.png",
    "mse": 0.0009585206280462444,
    "psnr": 30.178255081176758,
    "ms-ssim": 0.9667997360229492,
    "bpp": 0.1844,
    "encoding_time": 0.4487757682800293,
    "decoding_time": 0.43632078170776367
}