{
    "image_name": "RGB_OR_1200x1200_001.png",
    "mse": 0.0009761268156580627,
    "psnr": 30.099552154541016,
    "ms-ssim": 0.9855670928955078,
    "bpp": 0.11151111111111112,
    "encoding_time": 0.33310842514038086,
    "decoding_time": 0.6710081100463867
}