{
    "image_name": "RGB_OR_1200x1200_032.png",
    "mse": 0.0017084390856325626,
    "psnr": 27.67068099975586,
    "ms-ssim": 0.9636768102645874,
    "bpp": 0.24897777777777777,
    "encoding_time": 0.49338388442993164,
    "decoding_time": 0.3302335739135742
}