{
    "image_name": "RGB_OR_1200x1200_021.png",
    "mse": 0.0016210392350330949,
    "psnr": 27.898738861083984,
    "ms-ssim": 0.9843847751617432,
    "bpp": 0.12544444444444444,
    "encoding_time": 0.26702380180358887,
    "decoding_time": 0.661834716796875
}