{
    "image_name": "RGB_OR_1200x1200_064.png",
    "mse": 0.0014581476571038365,
    "psnr": 28.358509063720703,
    "ms-ssim": 0.9752714037895203,
    "bpp": 0.19657777777777777,
    "encoding_time": 0.361860990524292,
    "decoding_time": 0.44287705421447754
}