{
    "image_name": "RGB_OR_1200x1200_081.png",
    "mse": 0.0014679947635158896,
    "psnr": 28.329326629638672,
    "ms-ssim": 0.9802157282829285,
    "bpp": 0.14853333333333332,
    "encoding_time": 0.6747360229492188,
    "decoding_time": 0.6705474853515625
}