{
    "image_name": "RGB_OR_1200x1200_022.png",
    "mse": 0.0008973055519163609,
    "psnr": 30.46437644958496,
    "ms-ssim": 0.9738411903381348,
    "bpp": 0.17462222222222223,
    "encoding_time": 0.5310826301574707,
    "decoding_time": 0.4766364097595215
}