{
    "image_name": "RGB_OR_1200x1200_066.png",
    "mse": 0.000824753544293344,
    "psnr": 30.83021354675293,
    "ms-ssim": 0.9802913069725037,
    "bpp": 0.1508,
    "encoding_time": 0.4159543514251709,
    "decoding_time": 0.58329176902771
}