{
    "image_name": "RGB_OR_1200x1200_058.png",
    "mse": 0.0011410989100113511,
    "psnr": 29.42209815979004,
    "ms-ssim": 0.9769864082336426,
    "bpp": 0.1584888888888889,
    "encoding_time": 0.6370055675506592,
    "decoding_time": 0.6030855178833008
}