{
    "image_name": "RGB_OR_1200x1200_100.png",
    "mse": 0.0005933168577030301,
    "psnr": 32.260108947753906,
    "ms-ssim": 0.9853004217147827,
    "bpp": 0.09351111111111111,
    "encoding_time": 0.4943993091583252,
    "decoding_time": 0.4932587146759033
}