{
    "mean_loss": 1.347227532751241,
    "mean_bpp": 1.347212975083868,
    "mean_psnr": 38.8975555896759,
    "mean_msssim": 0.9932597950100899,
    "mean_msssim_dB": 21.713268950621543,
    "mean_enc_time": 0.6683837324380875,
    "mean_dec_time": 0.790935605764389
}