{
    "image_name": "00010_TE_2000x1128.png",
    "mse": 8.76419508131221e-05,
    "psnr": 40.513389587402344,
    "ms-ssim": 0.9931336641311646,
    "bpp": 0.8794326241134752,
    "encoding_time": 0.5491702556610107,
    "decoding_time": 0.9236202239990234
}