{
    "image_name": "00001_TE_2096x1400.png",
    "mse": 0.00015882516163401306,
    "psnr": 37.95652770996094,
    "ms-ssim": 0.9960182905197144,
    "bpp": 1.6535768811341331,
    "encoding_time": 0.5806617736816406,
    "decoding_time": 0.5879745483398438
}