{
    "image_name": "00003_TE_1944x1296.png",
    "mse": 0.00010299160931026563,
    "psnr": 39.82585525512695,
    "ms-ssim": 0.9951136112213135,
    "bpp": 0.9466798760351572,
    "encoding_time": 0.49121642112731934,
    "decoding_time": 0.6957595348358154
}