{
    "image_name": "00005_TE_1336x872.png",
    "mse": 8.533438085578382e-05,
    "psnr": 40.62846755981445,
    "ms-ssim": 0.9956402778625488,
    "bpp": 0.6932648464538812,
    "encoding_time": 0.2464466094970703,
    "decoding_time": 0.26215386390686035
}