{
    "image_name": "00006_TE_1544x1120.png",
    "mse": 9.712702740216628e-05,
    "psnr": 40.074951171875,
    "ms-ssim": 0.9976853728294373,
    "bpp": 1.335917838638046,
    "encoding_time": 0.4993324279785156,
    "decoding_time": 0.3451380729675293
}