{
    "image_name": "00016_TE_1744x2000.png",
    "mse": 0.0003325834986753762,
    "psnr": 34.765228271484375,
    "ms-ssim": 0.9730758666992188,
    "bpp": 1.1989541284403669,
    "encoding_time": 0.774972677230835,
    "decoding_time": 0.7320327758789062
}