{
    "image_name": "00009_TE_1976x1312.png",
    "mse": 0.00041355687426403165,
    "psnr": 33.82172393798828,
    "ms-ssim": 0.9953064322471619,
    "bpp": 2.6538708403278366,
    "encoding_time": 0.5118067264556885,
    "decoding_time": 0.664226770401001
}