{
    "image_name": "00012_TE_1512x2016.png",
    "mse": 0.000148628736496903,
    "psnr": 38.243202209472656,
    "ms-ssim": 0.9904884099960327,
    "bpp": 1.7320063828000336,
    "encoding_time": 0.6492362022399902,
    "decoding_time": 1.1157186031341553
}