{
    "image_name": "00013_TE_1920x1280.png",
    "mse": 0.00011211801029276103,
    "psnr": 39.45423126220703,
    "ms-ssim": 0.9952692985534668,
    "bpp": 1.1312630208333334,
    "encoding_time": 0.5530803203582764,
    "decoding_time": 0.616286039352417
}