{
    "image_name": "00004_TE_1808x1352.png",
    "mse": 0.00013335974654182792,
    "psnr": 38.710906982421875,
    "ms-ssim": 0.9961368441581726,
    "bpp": 1.8666675394040948,
    "encoding_time": 0.7685587406158447,
    "decoding_time": 0.5876474380493164
}