{
    "image_name": "00015_TE_3680x2456.png",
    "mse": 7.478820771211758e-05,
    "psnr": 41.18976593017578,
    "ms-ssim": 0.9955182075500488,
    "bpp": 0.8229287636312137,
    "encoding_time": 1.8182053565979004,
    "decoding_time": 1.8244519233703613
}