{
    "image_name": "00008_TE_1912x1272.png",
    "mse": 8.972743671620265e-05,
    "psnr": 40.410343170166016,
    "ms-ssim": 0.9951795935630798,
    "bpp": 1.3688060840504197,
    "encoding_time": 0.49361634254455566,
    "decoding_time": 0.5275259017944336
}