{
    "image_name": "00014_TE_3680x2456.png",
    "mse": 8.369916758965701e-05,
    "psnr": 40.70900344848633,
    "ms-ssim": 0.9940857887268066,
    "bpp": 0.8690412122928763,
    "encoding_time": 1.501037359237671,
    "decoding_time": 1.8091731071472168
}