{
    "image_name": "00011_TE_1744x1160.png",
    "mse": 0.00016548130952287465,
    "psnr": 37.781333923339844,
    "ms-ssim": 0.9963752627372742,
    "bpp": 1.859538120847833,
    "encoding_time": 0.3618812561035156,
    "decoding_time": 0.6680111885070801
}