{
    "mean_loss": 0.22755418218822726,
    "mean_bpp": 0.22750799999999993,
    "mean_psnr": 33.9390036201477,
    "mean_msssim": 0.9755695676803589,
    "mean_msssim_dB": 16.120688477063293,
    "mean_enc_time": 0.6411259841918945,
    "mean_dec_time": 0.8100992393493652
}