{
    "image_name": "RGB_OR_1200x1200_013.png",
    "mse": 0.0003575800219550729,
    "psnr": 34.4512939453125,
    "ms-ssim": 0.9856349229812622,
    "bpp": 0.19746666666666668,
    "encoding_time": 0.6765975952148438,
    "decoding_time": 0.5469226837158203
}