{
    "image_name": "RGB_OR_1200x1200_071.png",
    "mse": 0.0002789712161757052,
    "psnr": 35.5246467590332,
    "ms-ssim": 0.9798111915588379,
    "bpp": 0.11937777777777778,
    "encoding_time": 0.6090636253356934,
    "decoding_time": 1.090303897857666
}