{
    "image_name": "RGB_OR_1200x1200_027.png",
    "mse": 0.0004714702081400901,
    "psnr": 33.25377655029297,
    "ms-ssim": 0.9757040739059448,
    "bpp": 0.2544,
    "encoding_time": 0.7568502426147461,
    "decoding_time": 1.1722872257232666
}