{
    "image_name": "RGB_OR_1200x1200_070.png",
    "mse": 0.00041085341945290565,
    "psnr": 33.84983825683594,
    "ms-ssim": 0.9475521445274353,
    "bpp": 0.13762222222222223,
    "encoding_time": 0.6034619808197021,
    "decoding_time": 0.7401003837585449
}