{
    "image_name": "RGB_OR_1200x1200_045.png",
    "mse": 0.00031829619547352195,
    "psnr": 34.95521926879883,
    "ms-ssim": 0.9799696803092957,
    "bpp": 0.14144444444444446,
    "encoding_time": 0.3437948226928711,
    "decoding_time": 0.7427563667297363
}