{
    "image_name": "RGB_OR_1200x1200_061.png",
    "mse": 0.0008298921748064458,
    "psnr": 30.803115844726562,
    "ms-ssim": 0.9769989252090454,
    "bpp": 0.41633333333333333,
    "encoding_time": 0.7191653251647949,
    "decoding_time": 1.2048170566558838
}