{
    "image_name": "RGB_OR_1200x1200_066.png",
    "mse": 0.0003339064714964479,
    "psnr": 34.747257232666016,
    "ms-ssim": 0.9838861227035522,
    "bpp": 0.14755555555555555,
    "encoding_time": 0.9063022136688232,
    "decoding_time": 0.5468237400054932
}