{
    "image_name": "RGB_OR_1200x1200_091.png",
    "mse": 0.0002960421552415937,
    "psnr": 35.275794982910156,
    "ms-ssim": 0.9885778427124023,
    "bpp": 0.17053333333333334,
    "encoding_time": 0.9625470638275146,
    "decoding_time": 0.8726308345794678
}