{
    "image_name": "RGB_OR_1200x1200_031.png",
    "mse": 0.0005460921674966812,
    "psnr": 32.6171875,
    "ms-ssim": 0.978887677192688,
    "bpp": 0.25724444444444444,
    "encoding_time": 0.46121764183044434,
    "decoding_time": 0.8619158267974854
}