{
    "image_name": "RGB_OR_1200x1200_099.png",
    "mse": 0.00046314543578773737,
    "psnr": 33.330787658691406,
    "ms-ssim": 0.9582489728927612,
    "bpp": 0.1773111111111111,
    "encoding_time": 0.7652144432067871,
    "decoding_time": 0.5746555328369141
}