{
    "image_name": "RGB_OR_1200x1200_054.png",
    "mse": 0.00040030182572081685,
    "psnr": 33.963478088378906,
    "ms-ssim": 0.9800534248352051,
    "bpp": 0.22011111111111112,
    "encoding_time": 0.4373185634613037,
    "decoding_time": 0.804006814956665
}