{
    "image_name": "RGB_OR_1200x1200_036.png",
    "mse": 0.00011198218999197707,
    "psnr": 39.45867919921875,
    "ms-ssim": 0.9807161092758179,
    "bpp": 0.037,
    "encoding_time": 0.6094226837158203,
    "decoding_time": 0.6370928287506104
}