{
    "image_name": "RGB_OR_1200x1200_096.png",
    "mse": 0.0003728704177774489,
    "psnr": 34.26960754394531,
    "ms-ssim": 0.9560441970825195,
    "bpp": 0.10073333333333333,
    "encoding_time": 0.5567922592163086,
    "decoding_time": 1.0331051349639893
}