{
    "image_name": "RGB_OR_1200x1200_100.png",
    "mse": 0.00015295408957172185,
    "psnr": 38.132476806640625,
    "ms-ssim": 0.9782290458679199,
    "bpp": 0.057466666666666666,
    "encoding_time": 0.881295919418335,
    "decoding_time": 0.6555144786834717
}