{
    "image_name": "RGB_OR_1200x1200_069.png",
    "mse": 0.00042972806841135025,
    "psnr": 33.654903411865234,
    "ms-ssim": 0.9841408729553223,
    "bpp": 0.23695555555555556,
    "encoding_time": 0.3954613208770752,
    "decoding_time": 0.7963626384735107
}