{
    "image_name": "RGB_OR_1200x1200_081.png",
    "mse": 0.00037647431599907577,
    "psnr": 34.22856140136719,
    "ms-ssim": 0.9854875802993774,
    "bpp": 0.20837777777777777,
    "encoding_time": 0.7548055648803711,
    "decoding_time": 0.968825101852417
}