{
    "image_name": "RGB_OR_1200x1200_019.png",
    "mse": 0.0004950055154040456,
    "psnr": 33.04283905029297,
    "ms-ssim": 0.976174533367157,
    "bpp": 0.20917777777777777,
    "encoding_time": 0.4345555305480957,
    "decoding_time": 0.5931532382965088
}