{
    "image_name": "RGB_OR_1200x1200_024.png",
    "mse": 0.0008383095264434814,
    "psnr": 30.759225845336914,
    "ms-ssim": 0.980754554271698,
    "bpp": 0.5068444444444444,
    "encoding_time": 0.7890415191650391,
    "decoding_time": 0.8059999942779541
}