{
    "image_name": "RGB_OR_1200x1200_021.png",
    "mse": 0.0003198399499524385,
    "psnr": 34.93310546875,
    "ms-ssim": 0.9870330095291138,
    "bpp": 0.17717777777777777,
    "encoding_time": 0.6597211360931396,
    "decoding_time": 0.45928263664245605
}