{
    "image_name": "RGB_OR_1200x1200_065.png",
    "mse": 0.0006192075670696795,
    "psnr": 32.072383880615234,
    "ms-ssim": 0.9746355414390564,
    "bpp": 0.3234888888888889,
    "encoding_time": 0.6148803234100342,
    "decoding_time": 0.8289761543273926
}