{
    "image_name": "RGB_OR_1200x1200_077.png",
    "mse": 0.0005156237748451531,
    "psnr": 32.865760803222656,
    "ms-ssim": 0.9148626327514648,
    "bpp": 0.06333333333333334,
    "encoding_time": 0.8591439723968506,
    "decoding_time": 1.0083391666412354
}