{
    "image_name": "RGB_OR_1200x1200_062.png",
    "mse": 0.0010800830787047744,
    "psnr": 29.660297393798828,
    "ms-ssim": 0.9710674285888672,
    "bpp": 0.5949777777777778,
    "encoding_time": 0.7948737144470215,
    "decoding_time": 0.6034235954284668
}