{
    "image_name": "RGB_OR_1200x1200_017.png",
    "mse": 0.0004914162564091384,
    "psnr": 33.07441711425781,
    "ms-ssim": 0.9802411794662476,
    "bpp": 0.26893333333333336,
    "encoding_time": 0.458667516708374,
    "decoding_time": 0.9365439414978027
}