{
    "image_name": "RGB_OR_1200x1200_064.png",
    "mse": 0.000514630984980613,
    "psnr": 32.874366760253906,
    "ms-ssim": 0.9808055758476257,
    "bpp": 0.3060888888888889,
    "encoding_time": 0.5292234420776367,
    "decoding_time": 0.717423677444458
}