{
    "image_name": "RGB_OR_1200x1200_097.png",
    "mse": 0.00032544421264901757,
    "psnr": 34.858009338378906,
    "ms-ssim": 0.9917318820953369,
    "bpp": 0.1918,
    "encoding_time": 0.4003000259399414,
    "decoding_time": 0.9674105644226074
}