{
    "image_name": "RGB_OR_1200x1200_046.png",
    "mse": 0.0006751344189979136,
    "psnr": 31.6978759765625,
    "ms-ssim": 0.967427134513855,
    "bpp": 0.31751111111111113,
    "encoding_time": 0.7188894748687744,
    "decoding_time": 0.5638847351074219
}