{
    "image_name": "RGB_OR_1200x1200_051.png",
    "mse": 0.00025380527949891984,
    "psnr": 35.93340301513672,
    "ms-ssim": 0.9765299558639526,
    "bpp": 0.12486666666666667,
    "encoding_time": 0.6735587120056152,
    "decoding_time": 0.6104609966278076
}