{
    "image_name": "RGB_OR_1200x1200_072.png",
    "mse": 0.0005606960039585829,
    "psnr": 32.50318145751953,
    "ms-ssim": 0.9832248091697693,
    "bpp": 0.35033333333333333,
    "encoding_time": 0.6837961673736572,
    "decoding_time": 0.7587723731994629
}