{
    "image_name": "RGB_OR_1200x1200_007.png",
    "mse": 0.0004276182153262198,
    "psnr": 33.676509857177734,
    "ms-ssim": 0.9843666553497314,
    "bpp": 0.2364,
    "encoding_time": 0.7923963069915771,
    "decoding_time": 1.2687737941741943
}