{
    "image_name": "RGB_OR_1200x1200_047.png",
    "mse": 0.0006526850629597902,
    "psnr": 31.84467315673828,
    "ms-ssim": 0.9792118072509766,
    "bpp": 0.2514888888888889,
    "encoding_time": 0.4940783977508545,
    "decoding_time": 0.7794947624206543
}