{
    "image_name": "RGB_OR_1200x1200_049.png",
    "mse": 0.00036178759182803333,
    "psnr": 34.40098190307617,
    "ms-ssim": 0.9853359460830688,
    "bpp": 0.21077777777777779,
    "encoding_time": 0.46993470191955566,
    "decoding_time": 0.6540453433990479
}