{
    "image_name": "RGB_OR_1200x1200_022.png",
    "mse": 0.0003452953533269465,
    "psnr": 34.602455139160156,
    "ms-ssim": 0.9689900279045105,
    "bpp": 0.16064444444444445,
    "encoding_time": 0.6817915439605713,
    "decoding_time": 0.9195647239685059
}