{
    "image_name": "RGB_OR_1200x1200_048.png",
    "mse": 0.0007509509450756013,
    "psnr": 31.236799240112305,
    "ms-ssim": 0.9744076728820801,
    "bpp": 0.3861111111111111,
    "encoding_time": 0.5320014953613281,
    "decoding_time": 0.9244201183319092
}