{
    "image_name": "RGB_OR_1200x1200_003.png",
    "mse": 0.00037843824247829616,
    "psnr": 34.20596694946289,
    "ms-ssim": 0.9813184142112732,
    "bpp": 0.17457777777777778,
    "encoding_time": 0.4544692039489746,
    "decoding_time": 0.8156232833862305
}