{
    "image_name": "RGB_OR_1200x1200_076.png",
    "mse": 0.00022570494911633432,
    "psnr": 36.43976593017578,
    "ms-ssim": 0.9811081290245056,
    "bpp": 0.10682222222222222,
    "encoding_time": 0.37883949279785156,
    "decoding_time": 0.6148197650909424
}