{
    "image_name": "RGB_OR_1200x1200_033.png",
    "mse": 0.0005287877866066992,
    "psnr": 32.757057189941406,
    "ms-ssim": 0.9702785015106201,
    "bpp": 0.2748,
    "encoding_time": 0.6225874423980713,
    "decoding_time": 0.5196256637573242
}