{
    "image_name": "RGB_OR_1200x1200_025.png",
    "mse": 0.00023945530119817704,
    "psnr": 36.18474578857422,
    "ms-ssim": 0.9816309213638306,
    "bpp": 0.112,
    "encoding_time": 0.7974576950073242,
    "decoding_time": 0.9038994312286377
}