{
    "image_name": "RGB_OR_1200x1200_085.png",
    "mse": 0.00044679190614260733,
    "psnr": 33.48667526245117,
    "ms-ssim": 0.9631332755088806,
    "bpp": 0.18237777777777778,
    "encoding_time": 0.4077892303466797,
    "decoding_time": 1.020186424255371
}