{
    "image_name": "RGB_OR_1200x1200_056.png",
    "mse": 0.00019771135703194886,
    "psnr": 37.011634826660156,
    "ms-ssim": 0.9770300388336182,
    "bpp": 0.0962,
    "encoding_time": 0.6526825428009033,
    "decoding_time": 1.0040240287780762
}