{
    "image_name": "RGB_OR_1200x1200_032.png",
    "mse": 0.000776260276325047,
    "psnr": 31.092758178710938,
    "ms-ssim": 0.9688379764556885,
    "bpp": 0.3390444444444444,
    "encoding_time": 0.6507298946380615,
    "decoding_time": 1.1174745559692383
}