{
    "image_name": "RGB_OR_1200x1200_082.png",
    "mse": 0.0010182826081290841,
    "psnr": 29.915678024291992,
    "ms-ssim": 0.9596477746963501,
    "bpp": 0.46026666666666666,
    "encoding_time": 0.6833374500274658,
    "decoding_time": 0.5130276679992676
}