{
    "image_name": "RGB_OR_1200x1200_060.png",
    "mse": 0.0003352857893332839,
    "psnr": 34.72977066040039,
    "ms-ssim": 0.9802646636962891,
    "bpp": 0.15882222222222223,
    "encoding_time": 0.8749606609344482,
    "decoding_time": 0.9681861400604248
}