{
    "image_name": "RGB_OR_1200x1200_086.png",
    "mse": 0.0009534924756735563,
    "psnr": 30.201398849487305,
    "ms-ssim": 0.945365309715271,
    "bpp": 0.3661111111111111,
    "encoding_time": 0.8498988151550293,
    "decoding_time": 0.9980731010437012
}