{
    "image_name": "RGB_OR_1200x1200_044.png",
    "mse": 0.00039073455263860524,
    "psnr": 34.0675163269043,
    "ms-ssim": 0.963760256767273,
    "bpp": 0.1748222222222222,
    "encoding_time": 1.0572288036346436,
    "decoding_time": 1.0683724880218506
}