{
    "image_name": "RGB_OR_1200x1200_088.png",
    "mse": 0.0004156333743594587,
    "psnr": 33.799888610839844,
    "ms-ssim": 0.9784878492355347,
    "bpp": 0.22353333333333333,
    "encoding_time": 0.8796164989471436,
    "decoding_time": 0.5823442935943604
}