{
    "image_name": "RGB_OR_1200x1200_008.png",
    "mse": 0.0005931879859417677,
    "psnr": 32.258750915527344,
    "ms-ssim": 0.9695733785629272,
    "bpp": 0.2577111111111111,
    "encoding_time": 0.6300745010375977,
    "decoding_time": 0.6902246475219727
}