{
    "image_name": "RGB_OR_1200x1200_034.png",
    "mse": 0.0002675440046004951,
    "psnr": 35.70497512817383,
    "ms-ssim": 0.9807111620903015,
    "bpp": 0.13317777777777778,
    "encoding_time": 1.2231285572052002,
    "decoding_time": 0.845005989074707
}