{
    "image_name": "RGB_OR_1200x1200_001.png",
    "mse": 0.00028472760459408164,
    "psnr": 35.43531036376953,
    "ms-ssim": 0.9870864152908325,
    "bpp": 0.14824444444444446,
    "encoding_time": 0.7323811054229736,
    "decoding_time": 0.5287570953369141
}