{
    "image_name": "RGB_OR_1200x1200_040.png",
    "mse": 0.00046787713654339314,
    "psnr": 33.28727722167969,
    "ms-ssim": 0.9728016257286072,
    "bpp": 0.20717777777777777,
    "encoding_time": 0.5475294589996338,
    "decoding_time": 0.7461137771606445
}