{
    "image_name": "RGB_OR_1200x1200_041.png",
    "mse": 0.0004629803297575563,
    "psnr": 33.33306884765625,
    "ms-ssim": 0.9761375188827515,
    "bpp": 0.2182888888888889,
    "encoding_time": 0.8087563514709473,
    "decoding_time": 1.2890491485595703
}