{
    "image_name": "RGB_OR_1200x1200_028.png",
    "mse": 0.00017326591478195041,
    "psnr": 37.581260681152344,
    "ms-ssim": 0.9802255630493164,
    "bpp": 0.08404444444444445,
    "encoding_time": 0.44638776779174805,
    "decoding_time": 1.3258953094482422
}