{
    "image_name": "RGB_OR_1200x1200_042.png",
    "mse": 0.0003654818283393979,
    "psnr": 34.35689926147461,
    "ms-ssim": 0.9739333987236023,
    "bpp": 0.17455555555555555,
    "encoding_time": 1.155797004699707,
    "decoding_time": 0.7568817138671875
}