{
    "image_name": "RGB_OR_1200x1200_039.png",
    "mse": 0.000500094669405371,
    "psnr": 32.99853515625,
    "ms-ssim": 0.9688723087310791,
    "bpp": 0.2290888888888889,
    "encoding_time": 0.6020066738128662,
    "decoding_time": 0.8539726734161377
}