{
    "image_name": "RGB_OR_1200x1200_089.png",
    "mse": 0.0005724955699406564,
    "psnr": 32.41277313232422,
    "ms-ssim": 0.9657323360443115,
    "bpp": 0.2773333333333333,
    "encoding_time": 1.0283021926879883,
    "decoding_time": 0.8359177112579346
}