{
    "image_name": "RGB_OR_1200x1200_074.png",
    "mse": 0.00024650132399983704,
    "psnr": 36.060035705566406,
    "ms-ssim": 0.9573535919189453,
    "bpp": 0.05513333333333333,
    "encoding_time": 0.47406888008117676,
    "decoding_time": 1.0062403678894043
}