{
    "image_name": "RGB_OR_1200x1200_073.png",
    "mse": 0.00016715063247829676,
    "psnr": 37.73903274536133,
    "ms-ssim": 0.982090175151825,
    "bpp": 0.06615555555555555,
    "encoding_time": 0.781550407409668,
    "decoding_time": 1.0247466564178467
}