{
    "image_name": "RGB_OR_1200x1200_053.png",
    "mse": 0.00016463086649309844,
    "psnr": 37.80030822753906,
    "ms-ssim": 0.990776538848877,
    "bpp": 0.10366666666666667,
    "encoding_time": 0.9114189147949219,
    "decoding_time": 1.086970567703247
}