{
    "image_name": "RGB_OR_1200x1200_038.png",
    "mse": 0.00023420854995492846,
    "psnr": 36.2811279296875,
    "ms-ssim": 0.9812583923339844,
    "bpp": 0.11495555555555556,
    "encoding_time": 0.4188423156738281,
    "decoding_time": 1.3353915214538574
}