{
    "image_name": "RGB_OR_1200x1200_095.png",
    "mse": 0.0010820403695106506,
    "psnr": 29.6525821685791,
    "ms-ssim": 0.9679192304611206,
    "bpp": 0.5702666666666667,
    "encoding_time": 0.6094949245452881,
    "decoding_time": 0.7282910346984863
}