{
    "image_name": "RGB_OR_1200x1200_075.png",
    "mse": 0.0003366018063388765,
    "psnr": 34.7136344909668,
    "ms-ssim": 0.969809889793396,
    "bpp": 0.15795555555555554,
    "encoding_time": 0.616222620010376,
    "decoding_time": 0.6363124847412109
}