{
    "image_name": "RGB_OR_1200x1200_026.png",
    "mse": 0.0008284107898361981,
    "psnr": 30.811037063598633,
    "ms-ssim": 0.9805489778518677,
    "bpp": 0.5010222222222223,
    "encoding_time": 0.5071966648101807,
    "decoding_time": 0.6714394092559814
}