{
    "image_name": "RGB_OR_1200x1200_083.png",
    "mse": 0.00029720336897298694,
    "psnr": 35.25111389160156,
    "ms-ssim": 0.9848369359970093,
    "bpp": 0.14822222222222223,
    "encoding_time": 0.5790653228759766,
    "decoding_time": 0.5794565677642822
}