{
    "image_name": "RGB_OR_1200x1200_098.png",
    "mse": 0.0009162310743704438,
    "psnr": 30.374042510986328,
    "ms-ssim": 0.9820375442504883,
    "bpp": 0.5883777777777778,
    "encoding_time": 0.9155788421630859,
    "decoding_time": 0.8462786674499512
}