{
    "image_name": "RGB_OR_1200x1200_087.png",
    "mse": 0.0011211709352210164,
    "psnr": 29.498247146606445,
    "ms-ssim": 0.9738926887512207,
    "bpp": 0.6090222222222222,
    "encoding_time": 0.6575872898101807,
    "decoding_time": 0.4411892890930176
}