{
    "image_name": "RGB_OR_1200x1200_016.png",
    "mse": 0.0009282662649638951,
    "psnr": 30.31732749938965,
    "ms-ssim": 0.9751083254814148,
    "bpp": 0.5102222222222222,
    "encoding_time": 0.5228855609893799,
    "decoding_time": 0.7329401969909668
}