{
    "image_name": "RGB_OR_1200x1200_037.png",
    "mse": 0.0003616645117290318,
    "psnr": 34.401710510253906,
    "ms-ssim": 0.9711918830871582,
    "bpp": 0.164,
    "encoding_time": 0.7776689529418945,
    "decoding_time": 0.8188250064849854
}