{
    "image_name": "RGB_OR_1200x1200_050.png",
    "mse": 0.00044062183587811887,
    "psnr": 33.54648208618164,
    "ms-ssim": 0.9728635549545288,
    "bpp": 0.19933333333333333,
    "encoding_time": 0.9218010902404785,
    "decoding_time": 0.7944509983062744
}