{
    "image_name": "RGB_OR_1200x1200_080.png",
    "mse": 0.0002590386720839888,
    "psnr": 35.84546661376953,
    "ms-ssim": 0.9739271402359009,
    "bpp": 0.09806666666666666,
    "encoding_time": 0.3369011878967285,
    "decoding_time": 0.5702383518218994
}