{
    "image_name": "RGB_OR_1200x1200_090.png",
    "mse": 0.0008797917398624122,
    "psnr": 30.55010414123535,
    "ms-ssim": 0.9732031226158142,
    "bpp": 0.4228222222222222,
    "encoding_time": 0.3794820308685303,
    "decoding_time": 0.8954372406005859
}