{
    "image_name": "RGB_OR_1200x1200_068.png",
    "mse": 0.00026220298605039716,
    "psnr": 35.80199432373047,
    "ms-ssim": 0.9868319034576416,
    "bpp": 0.1303777777777778,
    "encoding_time": 0.8346583843231201,
    "decoding_time": 0.6584713459014893
}