{
    "image_name": "RGB_OR_1200x1200_012.png",
    "mse": 0.00036508895573206246,
    "psnr": 34.36065673828125,
    "ms-ssim": 0.9835182428359985,
    "bpp": 0.18008888888888888,
    "encoding_time": 0.5024905204772949,
    "decoding_time": 0.7932212352752686
}