{
    "image_name": "RGB_OR_1200x1200_093.png",
    "mse": 0.0002997649717144668,
    "psnr": 35.21611785888672,
    "ms-ssim": 0.9794277548789978,
    "bpp": 0.13053333333333333,
    "encoding_time": 0.5704078674316406,
    "decoding_time": 1.1484482288360596
}