{
    "image_name": "RGB_OR_1200x1200_067.png",
    "mse": 0.0004329452640376985,
    "psnr": 33.62306213378906,
    "ms-ssim": 0.9703933596611023,
    "bpp": 0.16037777777777779,
    "encoding_time": 0.5442862510681152,
    "decoding_time": 0.6704449653625488
}