{
    "image_name": "RGB_OR_1200x1200_002.png",
    "mse": 0.00013288258924148977,
    "psnr": 38.72515106201172,
    "ms-ssim": 0.9834059476852417,
    "bpp": 0.05748888888888889,
    "encoding_time": 0.6547062397003174,
    "decoding_time": 0.9943203926086426
}