{
    "image_name": "RGB_OR_1200x1200_035.png",
    "mse": 0.0005125379539094865,
    "psnr": 32.892127990722656,
    "ms-ssim": 0.9797958731651306,
    "bpp": 0.2627333333333333,
    "encoding_time": 0.4324967861175537,
    "decoding_time": 0.6913955211639404
}