{
    "image_name": "RGB_OR_1200x1200_004.png",
    "mse": 0.0001877573085948825,
    "psnr": 37.233985900878906,
    "ms-ssim": 0.976604700088501,
    "bpp": 0.06628888888888888,
    "encoding_time": 0.6088051795959473,
    "decoding_time": 0.8113675117492676
}