{
    "image_name": "RGB_OR_1200x1200_011.png",
    "mse": 0.0006112416740506887,
    "psnr": 32.129425048828125,
    "ms-ssim": 0.979644238948822,
    "bpp": 0.36064444444444443,
    "encoding_time": 0.4094686508178711,
    "decoding_time": 0.7651078701019287
}