{
    "image_name": "RGB_OR_1200x1200_057.png",
    "mse": 0.0002772777806967497,
    "psnr": 35.55122375488281,
    "ms-ssim": 0.9651429057121277,
    "bpp": 0.08468888888888888,
    "encoding_time": 0.41513824462890625,
    "decoding_time": 0.6526196002960205
}