{
    "image_name": "RGB_OR_1200x1200_063.png",
    "mse": 0.0002571742224972695,
    "psnr": 35.87662124633789,
    "ms-ssim": 0.9822813272476196,
    "bpp": 0.10775555555555555,
    "encoding_time": 0.5619106292724609,
    "decoding_time": 0.687483549118042
}