{
    "image_name": "RGB_OR_1200x1200_029.png",
    "mse": 0.0003427120973356068,
    "psnr": 34.63483428955078,
    "ms-ssim": 0.9751994609832764,
    "bpp": 0.17193333333333333,
    "encoding_time": 0.47733616828918457,
    "decoding_time": 0.5060989856719971
}