{
    "image_name": "RGB_OR_1200x1200_084.png",
    "mse": 0.0001236435491591692,
    "psnr": 39.034339904785156,
    "ms-ssim": 0.9763243198394775,
    "bpp": 0.040688888888888886,
    "encoding_time": 0.4939992427825928,
    "decoding_time": 0.777045488357544
}