{
    "image_name": "RGB_OR_1200x1200_055.png",
    "mse": 0.00035074178595095873,
    "psnr": 34.534934997558594,
    "ms-ssim": 0.984531044960022,
    "bpp": 0.23404444444444444,
    "encoding_time": 0.5957698822021484,
    "decoding_time": 0.734807014465332
}