{
    "image_name": "RGB_OR_1200x1200_052.png",
    "mse": 0.0004094798059668392,
    "psnr": 33.864524841308594,
    "ms-ssim": 0.9828261733055115,
    "bpp": 0.26364444444444446,
    "encoding_time": 0.6957669258117676,
    "decoding_time": 0.8446669578552246
}