{
    "image_name": "RGB_OR_1200x1200_023.png",
    "mse": 0.0005370823200792074,
    "psnr": 32.689292907714844,
    "ms-ssim": 0.9831287860870361,
    "bpp": 0.29046666666666665,
    "encoding_time": 0.37715864181518555,
    "decoding_time": 0.8306176662445068
}