{
    "image_name": "RGB_OR_1200x1200_079.png",
    "mse": 0.0003579514450393617,
    "psnr": 34.4462776184082,
    "ms-ssim": 0.9920262098312378,
    "bpp": 0.22855555555555557,
    "encoding_time": 0.5118389129638672,
    "decoding_time": 0.6310739517211914
}