{
    "image_name": "RGB_OR_1200x1200_094.png",
    "mse": 0.0005512055358849466,
    "psnr": 32.57721710205078,
    "ms-ssim": 0.9839427471160889,
    "bpp": 0.31884444444444443,
    "encoding_time": 0.5112855434417725,
    "decoding_time": 0.6103153228759766
}