{
    "image_name": "RGB_OR_1200x1200_043.png",
    "mse": 0.0008508412865921855,
    "psnr": 30.695146560668945,
    "ms-ssim": 0.9652413725852966,
    "bpp": 0.4633333333333333,
    "encoding_time": 0.5183084011077881,
    "decoding_time": 1.413013219833374
}