{
    "image_name": "RGB_OR_1200x1200_059.png",
    "mse": 0.0010794269619509578,
    "psnr": 29.663297653198242,
    "ms-ssim": 0.976654052734375,
    "bpp": 0.6521777777777777,
    "encoding_time": 0.7318911552429199,
    "decoding_time": 0.5461106300354004
}