{
    "image_name": "RGB_OR_1200x1200_015.png",
    "mse": 0.00011340498167555779,
    "psnr": 39.40428161621094,
    "ms-ssim": 0.9883260726928711,
    "bpp": 0.04722222222222222,
    "encoding_time": 0.4908435344696045,
    "decoding_time": 0.8592736721038818
}