{
    "image_name": "RGB_OR_1200x1200_058.png",
    "mse": 0.0004516518674790859,
    "psnr": 33.44019317626953,
    "ms-ssim": 0.9824638366699219,
    "bpp": 0.21408888888888888,
    "encoding_time": 0.5173463821411133,
    "decoding_time": 0.9763755798339844
}