{
    "image_name": "RGB_OR_1200x1200_009.png",
    "mse": 0.00017808900156524032,
    "psnr": 37.4638671875,
    "ms-ssim": 0.9864029884338379,
    "bpp": 0.09522222222222222,
    "encoding_time": 0.7981646060943604,
    "decoding_time": 1.0050129890441895
}