{
    "image_name": "RGB_OR_1200x1200_006.png",
    "mse": 0.00044175656512379646,
    "psnr": 33.53609848022461,
    "ms-ssim": 0.9364124536514282,
    "bpp": 0.05597777777777778,
    "encoding_time": 0.6948709487915039,
    "decoding_time": 0.7836213111877441
}