{
    "mean_loss": 0.14462572941423157,
    "mean_bpp": 0.1409853854203294,
    "mean_psnr": 27.391063809394836,
    "mean_msssim": 0.9635965600609779,
    "mean_msssim_dB": 14.388575758029225,
    "mean_enc_time": 1.2275673598051071,
    "mean_dec_time": 1.273585855960846
}