{
    "image_name": "00007_TE_1472x976.png",
    "mse": 0.0014900651294738054,
    "psnr": 28.26434326171875,
    "ms-ssim": 0.9767272472381592,
    "bpp": 0.10236992159657876,
    "encoding_time": 0.6898891925811768,
    "decoding_time": 0.7317600250244141
}