{
    "image_name": "00015_TE_3680x2456.png",
    "mse": 0.0014625316252931952,
    "psnr": 28.345157623291016,
    "ms-ssim": 0.9777954816818237,
    "bpp": 0.0987289335788132,
    "encoding_time": 2.4344322681427,
    "decoding_time": 2.7641441822052
}