{
    "image_name": "00014_TE_3680x2456.png",
    "mse": 0.0012185286032035947,
    "psnr": 29.137113571166992,
    "ms-ssim": 0.9720929861068726,
    "bpp": 0.10466647783600057,
    "encoding_time": 2.5736427307128906,
    "decoding_time": 2.5467190742492676
}