{
    "image_name": "00016_TE_1744x2000.png",
    "mse": 0.0008270277758128941,
    "psnr": 30.818016052246094,
    "ms-ssim": 0.9309942126274109,
    "bpp": 0.11212844036697248,
    "encoding_time": 1.3774456977844238,
    "decoding_time": 1.3657126426696777
}