{
    "image_name": "00002_TE_2144x1424.png",
    "mse": 0.0016173386247828603,
    "psnr": 27.908554077148438,
    "ms-ssim": 0.952176034450531,
    "bpp": 0.16462980043602213,
    "encoding_time": 0.9967901706695557,
    "decoding_time": 1.4430584907531738
}