{
    "image_name": "00004_TE_1808x1352.png",
    "mse": 0.002915591700002551,
    "psnr": 25.350894927978516,
    "ms-ssim": 0.9607033729553223,
    "bpp": 0.16209352254280776,
    "encoding_time": 1.6502184867858887,
    "decoding_time": 1.1337270736694336
}