{
    "image_name": "00009_TE_1976x1312.png",
    "mse": 0.00925871729850769,
    "psnr": 20.333932876586914,
    "ms-ssim": 0.9502853155136108,
    "bpp": 0.21742618741976893,
    "encoding_time": 1.0494422912597656,
    "decoding_time": 0.7536587715148926
}