{
    "image_name": "00008_TE_1912x1272.png",
    "mse": 0.0019216731889173388,
    "psnr": 27.1602783203125,
    "ms-ssim": 0.9628437757492065,
    "bpp": 0.15250914449619746,
    "encoding_time": 1.2023954391479492,
    "decoding_time": 1.234978199005127
}