{
    "image_name": "00003_TE_1944x1296.png",
    "mse": 0.0013345167972147465,
    "psnr": 28.74274444580078,
    "ms-ssim": 0.9729134440422058,
    "bpp": 0.10897729004724889,
    "encoding_time": 0.6953275203704834,
    "decoding_time": 1.4301109313964844
}