{
    "image_name": "00005_TE_1336x872.png",
    "mse": 0.0015235820319503546,
    "psnr": 28.16773223876953,
    "ms-ssim": 0.9851837158203125,
    "bpp": 0.06589573147283415,
    "encoding_time": 0.5511372089385986,
    "decoding_time": 0.5678915977478027
}