{
    "image_name": "00010_TE_2000x1128.png",
    "mse": 0.0008552514482289553,
    "psnr": 30.672521591186523,
    "ms-ssim": 0.9708800315856934,
    "bpp": 0.10059574468085106,
    "encoding_time": 1.0488801002502441,
    "decoding_time": 1.0191538333892822
}