{
    "image_name": "00001_TE_2096x1400.png",
    "mse": 0.003350494895130396,
    "psnr": 24.747299194335938,
    "ms-ssim": 0.9658235311508179,
    "bpp": 0.16936750272628134,
    "encoding_time": 0.8827664852142334,
    "decoding_time": 1.0934314727783203
}