{
    "image_name": "00011_TE_1744x1160.png",
    "mse": 0.0025350949726998806,
    "psnr": 25.957889556884766,
    "ms-ssim": 0.9590172171592712,
    "bpp": 0.1932774438468839,
    "encoding_time": 1.3462493419647217,
    "decoding_time": 1.1255247592926025
}