{
    "mean_loss": 0.23859654520642326,
    "mean_bpp": 0.23850165473090276,
    "mean_psnr": 30.6189706325531,
    "mean_msssim": 0.9545567209521929,
    "mean_msssim_dB": 13.425303388069644,
    "mean_enc_time": 0.13810487588246664,
    "mean_dec_time": 0.11753516395886739
}