{
    "image_name": "3.png",
    "mse": 0.0004753738467115909,
    "psnr": 33.218387603759766,
    "ms-ssim": 0.9657320380210876,
    "bpp": 0.1181640625,
    "encoding_time": 0.15850067138671875,
    "decoding_time": 0.09957027435302734
}