{
    "image_name": "20.png",
    "mse": 0.0005948071484453976,
    "psnr": 32.24927520751953,
    "ms-ssim": 0.9682950377464294,
    "bpp": 0.14143880208333334,
    "encoding_time": 0.08185362815856934,
    "decoding_time": 0.10567665100097656
}