{
    "image_name": "24.png",
    "mse": 0.0012326337164267898,
    "psnr": 29.08782386779785,
    "ms-ssim": 0.9567339420318604,
    "bpp": 0.3472493489583333,
    "encoding_time": 0.1702861785888672,
    "decoding_time": 0.07811403274536133
}