{
    "image_name": "6.png",
    "mse": 0.001107082818634808,
    "psnr": 29.553525924682617,
    "ms-ssim": 0.9468719363212585,
    "bpp": 0.28857421875,
    "encoding_time": 0.19406771659851074,
    "decoding_time": 0.07932233810424805
}