{
    "image_name": "14.png",
    "mse": 0.0012782395351678133,
    "psnr": 28.929935455322266,
    "ms-ssim": 0.9477542638778687,
    "bpp": 0.3013509114583333,
    "encoding_time": 0.09168052673339844,
    "decoding_time": 0.10633730888366699
}