{
    "image_name": "18.png",
    "mse": 0.0012962967157363892,
    "psnr": 28.86852264404297,
    "ms-ssim": 0.9479989409446716,
    "bpp": 0.3389485677083333,
    "encoding_time": 0.23369240760803223,
    "decoding_time": 0.23066997528076172
}