{
    "image_name": "12.png",
    "mse": 0.0005730607663281262,
    "psnr": 32.4080924987793,
    "ms-ssim": 0.9441007375717163,
    "bpp": 0.12150065104166667,
    "encoding_time": 0.10266447067260742,
    "decoding_time": 0.10345268249511719
}