{
    "image_name": "22.png",
    "mse": 0.0010410938411951065,
    "psnr": 29.8199462890625,
    "ms-ssim": 0.9319684505462646,
    "bpp": 0.20792643229166666,
    "encoding_time": 0.10978364944458008,
    "decoding_time": 0.10844230651855469
}