{
    "image_name": "1.png",
    "mse": 0.0016187640139833093,
    "psnr": 27.90474510192871,
    "ms-ssim": 0.9569175243377686,
    "bpp": 0.3732096354166667,
    "encoding_time": 0.1983480453491211,
    "decoding_time": 0.07972311973571777
}