{
    "image_name": "8.png",
    "mse": 0.0015225036768242717,
    "psnr": 28.17070198059082,
    "ms-ssim": 0.969509482383728,
    "bpp": 0.4590657552083333,
    "encoding_time": 0.07990694046020508,
    "decoding_time": 0.10589003562927246
}