{
    "image_name": "11.png",
    "mse": 0.0010116787161678076,
    "psnr": 29.94419288635254,
    "ms-ssim": 0.9425275325775146,
    "bpp": 0.226806640625,
    "encoding_time": 0.08637094497680664,
    "decoding_time": 0.10969996452331543
}