{
    "image_name": "13.png",
    "mse": 0.002108139218762517,
    "psnr": 26.758403778076172,
    "ms-ssim": 0.946403443813324,
    "bpp": 0.59814453125,
    "encoding_time": 0.08378052711486816,
    "decoding_time": 0.18186187744140625
}