{
    "image_name": "23.png",
    "mse": 0.00042139284778386354,
    "psnr": 33.74009704589844,
    "ms-ssim": 0.9669522643089294,
    "bpp": 0.11295572916666667,
    "encoding_time": 0.3209714889526367,
    "decoding_time": 0.17868304252624512
}