{
    "image_name": "16.png",
    "mse": 0.0007595901261083782,
    "psnr": 31.186813354492188,
    "ms-ssim": 0.9445421099662781,
    "bpp": 0.15445963541666666,
    "encoding_time": 0.1318507194519043,
    "decoding_time": 0.11634492874145508
}