{
    "image_name": "5.png",
    "mse": 0.001390626304782927,
    "psnr": 28.564062118530273,
    "ms-ssim": 0.9660369753837585,
    "bpp": 0.4412434895833333,
    "encoding_time": 0.18156671524047852,
    "decoding_time": 0.10079622268676758
}