{
    "image_name": "7.png",
    "mse": 0.000585035711992532,
    "psnr": 32.31879806518555,
    "ms-ssim": 0.977454662322998,
    "bpp": 0.181640625,
    "encoding_time": 0.08519196510314941,
    "decoding_time": 0.15586495399475098
}