{
    "image_name": "4.png",
    "mse": 0.0007239124970510602,
    "psnr": 31.395347595214844,
    "ms-ssim": 0.941779613494873,
    "bpp": 0.14615885416666666,
    "encoding_time": 0.1187138557434082,
    "decoding_time": 0.10661959648132324
}