{
    "image_name": "9.png",
    "mse": 0.0005065258592367172,
    "psnr": 32.94330978393555,
    "ms-ssim": 0.9733279943466187,
    "bpp": 0.13907877604166666,
    "encoding_time": 0.19549179077148438,
    "decoding_time": 0.11411523818969727
}