{
    "image_name": "19.png",
    "mse": 0.0008855262422002852,
    "psnr": 30.52157974243164,
    "ms-ssim": 0.9470194578170776,
    "bpp": 0.178955078125,
    "encoding_time": 0.18400979042053223,
    "decoding_time": 0.07804369926452637
}