{
    "image_name": "2.png",
    "mse": 0.0007633624481968582,
    "psnr": 31.165634155273438,
    "ms-ssim": 0.9211275577545166,
    "bpp": 0.12459309895833333,
    "encoding_time": 0.08652663230895996,
    "decoding_time": 0.12427163124084473
}