{
    "image_name": "15.png",
    "mse": 0.0006926544010639191,
    "psnr": 31.586462020874023,
    "ms-ssim": 0.956535279750824,
    "bpp": 0.14322916666666666,
    "encoding_time": 0.10278773307800293,
    "decoding_time": 0.16205191612243652
}