{
    "image_name": "17.png",
    "mse": 0.0006497045396827161,
    "psnr": 31.864103317260742,
    "ms-ssim": 0.960334062576294,
    "bpp": 0.16349283854166666,
    "encoding_time": 0.13975882530212402,
    "decoding_time": 0.08405041694641113
}