{
    "image_name": "21.png",
    "mse": 0.000989214633591473,
    "psnr": 30.04155921936035,
    "ms-ssim": 0.9658546447753906,
    "bpp": 0.2681477864583333,
    "encoding_time": 0.09195399284362793,
    "decoding_time": 0.10573577880859375
}