{
    "mean_loss": 0.24736845029724971,
    "mean_bpp": 0.2446221245659722,
    "mean_psnr": 27.132023334503174,
    "mean_msssim": 0.9725367426872253,
    "mean_msssim_dB": 15.612479540232103,
    "mean_enc_time": 0.14229642351468405,
    "mean_dec_time": 0.15651802221934
}