{
    "image_name": "14.png",
    "mse": 0.0020724858622998,
    "psnr": 26.83232879638672,
    "ms-ssim": 0.967307448387146,
    "bpp": 0.322265625,
    "encoding_time": 0.08145546913146973,
    "decoding_time": 0.20582222938537598
}