{
    "image_name": "3.png",
    "mse": 0.0009466989431530237,
    "psnr": 30.231826782226562,
    "ms-ssim": 0.9811981916427612,
    "bpp": 0.16593424479166666,
    "encoding_time": 0.2157895565032959,
    "decoding_time": 0.10854554176330566
}