{
    "image_name": "6.png",
    "mse": 0.002883635461330414,
    "psnr": 25.398693084716797,
    "ms-ssim": 0.9690101146697998,
    "bpp": 0.2784830729166667,
    "encoding_time": 0.1926431655883789,
    "decoding_time": 0.09021902084350586
}