{
    "image_name": "5.png",
    "mse": 0.003295955481007695,
    "psnr": 24.81846046447754,
    "ms-ssim": 0.9700860381126404,
    "bpp": 0.3474934895833333,
    "encoding_time": 0.10717582702636719,
    "decoding_time": 0.11772489547729492
}