{
    "image_name": "13.png",
    "mse": 0.005935992579907179,
    "psnr": 22.26403045654297,
    "ms-ssim": 0.9595890045166016,
    "bpp": 0.400146484375,
    "encoding_time": 0.08499956130981445,
    "decoding_time": 0.13429546356201172
}