{
    "image_name": "24.png",
    "mse": 0.002976286457851529,
    "psnr": 25.26160430908203,
    "ms-ssim": 0.9708868265151978,
    "bpp": 0.2892252604166667,
    "encoding_time": 0.08825016021728516,
    "decoding_time": 0.31830859184265137
}