{
    "image_name": "1.png",
    "mse": 0.0034659800585359335,
    "psnr": 24.60003662109375,
    "ms-ssim": 0.9669919013977051,
    "bpp": 0.331298828125,
    "encoding_time": 0.20579218864440918,
    "decoding_time": 0.0926065444946289
}