{
    "image_name": "15.png",
    "mse": 0.0017918427474796772,
    "psnr": 27.463754653930664,
    "ms-ssim": 0.9748849868774414,
    "bpp": 0.19376627604166666,
    "encoding_time": 0.17615532875061035,
    "decoding_time": 0.34120774269104004
}