{
    "image_name": "20.png",
    "mse": 0.0016486854292452335,
    "psnr": 27.826763153076172,
    "ms-ssim": 0.9804672598838806,
    "bpp": 0.16031901041666666,
    "encoding_time": 0.12320184707641602,
    "decoding_time": 0.16646981239318848
}