{
    "image_name": "7.png",
    "mse": 0.0013517948100343347,
    "psnr": 28.686359405517578,
    "ms-ssim": 0.9823929071426392,
    "bpp": 0.1884765625,
    "encoding_time": 0.22321557998657227,
    "decoding_time": 0.15802955627441406
}