{
    "image_name": "18.png",
    "mse": 0.0023593029472976923,
    "psnr": 26.270034790039062,
    "ms-ssim": 0.9659375548362732,
    "bpp": 0.317626953125,
    "encoding_time": 0.1065526008605957,
    "decoding_time": 0.11045312881469727
}