{
    "image_name": "9.png",
    "mse": 0.0014437639620155096,
    "psnr": 28.40078353881836,
    "ms-ssim": 0.9795018434524536,
    "bpp": 0.14599609375,
    "encoding_time": 0.08142805099487305,
    "decoding_time": 0.1074671745300293
}