{
    "image_name": "23.png",
    "mse": 0.0007718498236499727,
    "psnr": 31.117822647094727,
    "ms-ssim": 0.9817551374435425,
    "bpp": 0.15421549479166666,
    "encoding_time": 0.30211591720581055,
    "decoding_time": 0.08157968521118164
}