{
    "image_name": "2.png",
    "mse": 0.0014864179538562894,
    "psnr": 28.274747848510742,
    "ms-ssim": 0.9644393920898438,
    "bpp": 0.250732421875,
    "encoding_time": 0.07670760154724121,
    "decoding_time": 0.21571803092956543
}