{
    "image_name": "12.png",
    "mse": 0.002040690975263715,
    "psnr": 26.899974822998047,
    "ms-ssim": 0.9736863970756531,
    "bpp": 0.19710286458333334,
    "encoding_time": 0.24551653861999512,
    "decoding_time": 0.10537481307983398
}