{
    "image_name": "16.png",
    "mse": 0.0012172978604212403,
    "psnr": 29.14183235168457,
    "ms-ssim": 0.9732006788253784,
    "bpp": 0.21451822916666666,
    "encoding_time": 0.2130429744720459,
    "decoding_time": 0.08275222778320312
}