{
    "image_name": "10.png",
    "mse": 0.0016959354979917407,
    "psnr": 27.70269775390625,
    "ms-ssim": 0.977510929107666,
    "bpp": 0.17667643229166666,
    "encoding_time": 0.1774137020111084,
    "decoding_time": 0.22403979301452637
}