{
    "image_name": "22.png",
    "mse": 0.0014131112257018685,
    "psnr": 28.494396209716797,
    "ms-ssim": 0.9649373888969421,
    "bpp": 0.293212890625,
    "encoding_time": 0.08376455307006836,
    "decoding_time": 0.12037467956542969
}