{
    "image_name": "11.png",
    "mse": 0.0019457536982372403,
    "psnr": 27.10615348815918,
    "ms-ssim": 0.9698116183280945,
    "bpp": 0.258056640625,
    "encoding_time": 0.14473247528076172,
    "decoding_time": 0.2660183906555176
}