{
    "image_name": "19.png",
    "mse": 0.001673266408033669,
    "psnr": 27.76066017150879,
    "ms-ssim": 0.9727951884269714,
    "bpp": 0.23063151041666666,
    "encoding_time": 0.1245884895324707,
    "decoding_time": 0.1135256290435791
}