{
    "image_name": "17.png",
    "mse": 0.0012940369779244065,
    "psnr": 28.8765869140625,
    "ms-ssim": 0.9775757193565369,
    "bpp": 0.19873046875,
    "encoding_time": 0.11621284484863281,
    "decoding_time": 0.10719943046569824
}