{
    "mean_loss": 0.2507271300038856,
    "mean_bpp": 0.24859744449766097,
    "mean_psnr": 29.045687794685364,
    "mean_msssim": 0.9787031449377537,
    "mean_msssim_dB": 16.71684524728135,
    "mean_enc_time": 1.2404324263334274,
    "mean_dec_time": 1.2502247393131256
}