{
    "image_name": "00009_TE_1976x1312.png",
    "mse": 0.007035692688077688,
    "psnr": 21.526103973388672,
    "ms-ssim": 0.9710642695426941,
    "bpp": 0.3570035548533623,
    "encoding_time": 1.182234764099121,
    "decoding_time": 0.9647231101989746
}