{
    "image_name": "00007_TE_1472x976.png",
    "mse": 0.0009530331590212882,
    "psnr": 30.203332901000977,
    "ms-ssim": 0.985634446144104,
    "bpp": 0.1709506414825374,
    "encoding_time": 0.7472479343414307,
    "decoding_time": 0.7846455574035645
}