{
    "image_name": "00011_TE_1744x1160.png",
    "mse": 0.0016167229041457176,
    "psnr": 27.91018295288086,
    "ms-ssim": 0.977397620677948,
    "bpp": 0.3267795001581778,
    "encoding_time": 0.695460319519043,
    "decoding_time": 0.6951794624328613
}