{
    "image_name": "00004_TE_1808x1352.png",
    "mse": 0.002014781581237912,
    "psnr": 26.95500946044922,
    "ms-ssim": 0.9785569906234741,
    "bpp": 0.28865790438288735,
    "encoding_time": 1.425180196762085,
    "decoding_time": 1.1452503204345703
}