{
    "image_name": "00015_TE_3680x2456.png",
    "mse": 0.0009610610431991518,
    "psnr": 30.1667537689209,
    "ms-ssim": 0.9871077537536621,
    "bpp": 0.16390383798328848,
    "encoding_time": 2.106459379196167,
    "decoding_time": 2.898591995239258
}