{
    "image_name": "00002_TE_2144x1424.png",
    "mse": 0.0011451748432591558,
    "psnr": 29.406612396240234,
    "ms-ssim": 0.970862627029419,
    "bpp": 0.3030563474761026,
    "encoding_time": 1.2155869007110596,
    "decoding_time": 1.3595893383026123
}