{
    "image_name": "00001_TE_2096x1400.png",
    "mse": 0.0023149296175688505,
    "psnr": 26.35222816467285,
    "ms-ssim": 0.9814711809158325,
    "bpp": 0.27627044711014176,
    "encoding_time": 0.973346471786499,
    "decoding_time": 0.9452946186065674
}