{
    "image_name": "00005_TE_1336x872.png",
    "mse": 0.0009519401355646551,
    "psnr": 30.20850372314453,
    "ms-ssim": 0.9905078411102295,
    "bpp": 0.10426852716585178,
    "encoding_time": 0.6380665302276611,
    "decoding_time": 0.5332045555114746
}