{
    "image_name": "00006_TE_1544x1120.png",
    "mse": 0.0016957662301138043,
    "psnr": 27.702991485595703,
    "ms-ssim": 0.9861336946487427,
    "bpp": 0.22422279792746114,
    "encoding_time": 0.8382232189178467,
    "decoding_time": 0.8128597736358643
}