{
    "image_name": "00014_TE_3680x2456.png",
    "mse": 0.0008137201657518744,
    "psnr": 30.888473510742188,
    "ms-ssim": 0.984087347984314,
    "bpp": 0.19199121937402633,
    "encoding_time": 2.6720988750457764,
    "decoding_time": 2.33168363571167
}