{
    "image_name": "00008_TE_1912x1272.png",
    "mse": 0.0013874085852876306,
    "psnr": 28.5738582611084,
    "ms-ssim": 0.9798102378845215,
    "bpp": 0.2684797768479777,
    "encoding_time": 1.1981465816497803,
    "decoding_time": 1.3064441680908203
}