{
    "mean_loss": 0.5237887312156386,
    "mean_bpp": 0.5237665581600448,
    "mean_psnr": 37.01173475312024,
    "mean_msssim": 0.9862893369139695,
    "mean_msssim_dB": 18.629415410062318,
    "mean_enc_time": 0.4354138839535597,
    "mean_dec_time": 0.4534530174441454
}