{
    "image_name": "alberto-montalesi-176097.png",
    "mse": 0.00020843403763137758,
    "psnr": 36.784507751464844,
    "ms-ssim": 0.9697272181510925,
    "bpp": 0.17209280997798973,
    "encoding_time": 0.5435657501220703,
    "decoding_time": 0.4408595561981201
}