{
    "image_name": "juskteez-vu-1041.png",
    "mse": 0.0003743075649254024,
    "psnr": 34.25288009643555,
    "ms-ssim": 0.9842351675033569,
    "bpp": 1.1748360230365167,
    "encoding_time": 0.33838868141174316,
    "decoding_time": 0.5284521579742432
}