{
    "image_name": "allef-vinicius-109434.png",
    "mse": 0.00027494708774611354,
    "psnr": 35.588165283203125,
    "ms-ssim": 0.970270037651062,
    "bpp": 0.18802655677655677,
    "encoding_time": 0.5422463417053223,
    "decoding_time": 0.45061516761779785
}