{
    "image_name": "vita-vilcina-3055.png",
    "mse": 0.00020443799439817667,
    "psnr": 36.868953704833984,
    "ms-ssim": 0.9968079924583435,
    "bpp": 0.7333842627960275,
    "encoding_time": 0.39487266540527344,
    "decoding_time": 0.47944021224975586
}