{
    "image_name": "jason-briscoe-149782.png",
    "mse": 6.445893814088777e-05,
    "psnr": 41.82383728027344,
    "ms-ssim": 0.9935218095779419,
    "bpp": 0.1711195054945055,
    "encoding_time": 0.4163789749145508,
    "decoding_time": 0.6191623210906982
}