{
    "image_name": "thong-vo-428.png",
    "mse": 0.0003222552768420428,
    "psnr": 34.90171813964844,
    "ms-ssim": 0.9873862266540527,
    "bpp": 0.8574587405864444,
    "encoding_time": 0.23235344886779785,
    "decoding_time": 0.24711942672729492
}