{
    "image_name": "jeremy-cai-1174.png",
    "mse": 0.00013987284910399467,
    "psnr": 38.50563430786133,
    "ms-ssim": 0.9951310157775879,
    "bpp": 0.3629318520525674,
    "encoding_time": 0.4448099136352539,
    "decoding_time": 0.5379536151885986
}