{
    "image_name": "ales-krivec-15949.png",
    "mse": 0.00010557332279859111,
    "psnr": 39.71314239501953,
    "ms-ssim": 0.9916099905967712,
    "bpp": 0.21330492424242425,
    "encoding_time": 0.33292269706726074,
    "decoding_time": 0.5747864246368408
}