{
    "image_name": "veeterzy-82537.png",
    "mse": 0.000306057307170704,
    "psnr": 35.124534606933594,
    "ms-ssim": 0.9894064664840698,
    "bpp": 0.5983940336749634,
    "encoding_time": 0.5471808910369873,
    "decoding_time": 0.6143381595611572
}