{
    "image_name": "amy-zhang-15940.png",
    "mse": 0.00025668839225545526,
    "psnr": 35.885169982910156,
    "ms-ssim": 0.9865878820419312,
    "bpp": 0.6655094824815172,
    "encoding_time": 0.2430896759033203,
    "decoding_time": 0.27662158012390137
}