{
    "image_name": "davide-ragusa-716.png",
    "mse": 0.0001450549316359684,
    "psnr": 38.34772491455078,
    "ms-ssim": 0.9865390062332153,
    "bpp": 0.3147229937841731,
    "encoding_time": 0.49451446533203125,
    "decoding_time": 0.41257262229919434
}