{
    "image_name": "schicka-307.png",
    "mse": 0.00014070265751797706,
    "psnr": 38.475929260253906,
    "ms-ssim": 0.9866217374801636,
    "bpp": 0.2771809895833333,
    "encoding_time": 0.14597272872924805,
    "decoding_time": 0.0988771915435791
}