{
    "image_name": "mullermarc-184.png",
    "mse": 0.0002030034811468795,
    "psnr": 36.901695251464844,
    "ms-ssim": 0.9909047484397888,
    "bpp": 0.5058569805005951,
    "encoding_time": 0.25339794158935547,
    "decoding_time": 0.234147310256958
}