{
    "image_name": "zugr-108.png",
    "mse": 0.00010496289905859157,
    "psnr": 39.73854446411133,
    "ms-ssim": 0.99187171459198,
    "bpp": 0.19436813186813187,
    "encoding_time": 0.5537216663360596,
    "decoding_time": 0.41841602325439453
}