{
    "image_name": "nomao-saeki-33553.png",
    "mse": 0.00011708457168424502,
    "psnr": 39.26914978027344,
    "ms-ssim": 0.982478141784668,
    "bpp": 0.20835239751098097,
    "encoding_time": 0.39786577224731445,
    "decoding_time": 0.4652364253997803
}