{
    "image_name": "gian-reto-tarnutzer-45212.png",
    "mse": 0.0002830613811966032,
    "psnr": 35.46232604980469,
    "ms-ssim": 0.9868106245994568,
    "bpp": 0.6908302919708029,
    "encoding_time": 0.5173208713531494,
    "decoding_time": 0.7045712471008301
}