{
    "image_name": "philipp-reiner-207.png",
    "mse": 0.00034703584969975054,
    "psnr": 34.580997467041016,
    "ms-ssim": 0.9845396876335144,
    "bpp": 1.0115802469135802,
    "encoding_time": 0.37125587463378906,
    "decoding_time": 0.37060999870300293
}