{
    "image_name": "sergey-zolkin-1045.png",
    "mse": 0.00015018453996162862,
    "psnr": 38.19826126098633,
    "ms-ssim": 0.9892071485519409,
    "bpp": 0.36796016483516486,
    "encoding_time": 0.4922311305999756,
    "decoding_time": 0.7712128162384033
}