{
    "image_name": "martyn-seddon-220.png",
    "mse": 0.0002127590705640614,
    "psnr": 36.695648193359375,
    "ms-ssim": 0.9789976477622986,
    "bpp": 0.435382326007326,
    "encoding_time": 0.48106932640075684,
    "decoding_time": 0.4218919277191162
}