{
    "image_name": "felix-russell-saw-140699.png",
    "mse": 0.00016340581350959837,
    "psnr": 37.830867767333984,
    "ms-ssim": 0.9803715944290161,
    "bpp": 0.25173437882871846,
    "encoding_time": 0.36191725730895996,
    "decoding_time": 0.5356040000915527
}