{
    "image_name": "paul-itkin-46101.png",
    "mse": 0.000300590880215168,
    "psnr": 35.20304870605469,
    "ms-ssim": 0.9949688911437988,
    "bpp": 1.1591059602649008,
    "encoding_time": 0.09111642837524414,
    "decoding_time": 0.10836672782897949
}