{
    "image_name": "lobostudio-hamburg-75377.png",
    "mse": 0.0002448965096846223,
    "psnr": 36.08672332763672,
    "ms-ssim": 0.9792871475219727,
    "bpp": 0.3478021978021978,
    "encoding_time": 0.51499342918396,
    "decoding_time": 0.4576711654663086
}