{
    "image_name": "kazuend-28556.png",
    "mse": 7.209931936813518e-05,
    "psnr": 41.34619140625,
    "ms-ssim": 0.9899975657463074,
    "bpp": 0.152724358974359,
    "encoding_time": 0.5086469650268555,
    "decoding_time": 0.5836277008056641
}