{
    "image_name": "clem-onojeghuo-33741.png",
    "mse": 0.00025207290309481323,
    "psnr": 35.96326446533203,
    "ms-ssim": 0.9851998686790466,
    "bpp": 0.5444024725274725,
    "encoding_time": 0.5854713916778564,
    "decoding_time": 0.47954630851745605
}