{
    "image_name": "wojciech-szaturski-3611.png",
    "mse": 0.00025092356372624636,
    "psnr": 35.98310470581055,
    "ms-ssim": 0.985052764415741,
    "bpp": 0.6382749326145553,
    "encoding_time": 0.5838418006896973,
    "decoding_time": 0.5888218879699707
}