{
    "image_name": "benjamin-sloth-lindgreen-705.png",
    "mse": 0.00025935424491763115,
    "psnr": 35.84065246582031,
    "ms-ssim": 0.9861383438110352,
    "bpp": 0.6415521978021979,
    "encoding_time": 0.5815219879150391,
    "decoding_time": 0.49364233016967773
}