{
    "image_name": "sergey-zolkin-21232.png",
    "mse": 7.68825993873179e-05,
    "psnr": 41.075870513916016,
    "ms-ssim": 0.9879209399223328,
    "bpp": 0.1595179336553165,
    "encoding_time": 0.5701313018798828,
    "decoding_time": 0.4373459815979004
}