{
    "image_name": "jared-erondu-21325.png",
    "mse": 0.00014904017734806985,
    "psnr": 38.23086929321289,
    "ms-ssim": 0.9807287454605103,
    "bpp": 0.24242216117216117,
    "encoding_time": 0.5357868671417236,
    "decoding_time": 0.4452250003814697
}