{
    "image_name": "michael-durana-82941.png",
    "mse": 0.0001954370818566531,
    "psnr": 37.06192398071289,
    "ms-ssim": 0.9872886538505554,
    "bpp": 0.45780677655677654,
    "encoding_time": 0.5320298671722412,
    "decoding_time": 0.5584104061126709
}