{
    "image_name": "andrew-ruiz-376.png",
    "mse": 0.00019072699069511145,
    "psnr": 37.168495178222656,
    "ms-ssim": 0.9916557669639587,
    "bpp": 0.4681874540778839,
    "encoding_time": 0.4932243824005127,
    "decoding_time": 0.5259115695953369
}