{
    "image_name": "philippe-wuyts-45997.png",
    "mse": 0.00028370326617732644,
    "psnr": 35.453277587890625,
    "ms-ssim": 0.9854390621185303,
    "bpp": 0.7543274350732428,
    "encoding_time": 0.40750789642333984,
    "decoding_time": 0.40395236015319824
}