{
    "image_name": "stefan-kunze-26931.png",
    "mse": 0.00022766699839849025,
    "psnr": 36.40310287475586,
    "ms-ssim": 0.9895817637443542,
    "bpp": 0.6179361741038771,
    "encoding_time": 0.5490972995758057,
    "decoding_time": 0.5181484222412109
}