{
    "image_name": "martin-wessely-211.png",
    "mse": 0.00047870405251160264,
    "psnr": 33.18719482421875,
    "ms-ssim": 0.98820561170578,
    "bpp": 1.4505208333333333,
    "encoding_time": 0.13939857482910156,
    "decoding_time": 0.16175222396850586
}