{
    "image_name": "todd-quackenbush-27493.png",
    "mse": 8.982490544440225e-05,
    "psnr": 40.407318115234375,
    "ms-ssim": 0.9927681684494019,
    "bpp": 0.21802395934172314,
    "encoding_time": 0.614525556564331,
    "decoding_time": 0.5298452377319336
}