{
    "image_name": "casey-fyfe-999.png",
    "mse": 0.00030420543043874204,
    "psnr": 35.15053176879883,
    "ms-ssim": 0.9636826515197754,
    "bpp": 0.27758501838235294,
    "encoding_time": 0.44389772415161133,
    "decoding_time": 0.5228180885314941
}