{
    "image_name": "alexander-shustov-73.png",
    "mse": 0.0004369205853436142,
    "psnr": 33.58367919921875,
    "ms-ssim": 0.9911981821060181,
    "bpp": 1.266509000734754,
    "encoding_time": 0.6555089950561523,
    "decoding_time": 0.7045419216156006
}