{
    "image_name": "todd-quackenbush-222.png",
    "mse": 0.00040619896026328206,
    "psnr": 33.8996467590332,
    "ms-ssim": 0.9850389361381531,
    "bpp": 1.0001518602885346,
    "encoding_time": 0.10518884658813477,
    "decoding_time": 0.10861659049987793
}