{
    "image_name": "alejandro-escamilla-6.png",
    "mse": 0.00016187774599529803,
    "psnr": 37.87796401977539,
    "ms-ssim": 0.9870110750198364,
    "bpp": 0.3201899738610904,
    "encoding_time": 0.45531392097473145,
    "decoding_time": 0.4474012851715088
}