{
    "mean_loss": 0.6477929549592072,
    "mean_bpp": 0.6477775555555556,
    "mean_psnr": 38.44805675506592,
    "mean_msssim": 0.989899600148201,
    "mean_msssim_dB": 19.956614331487863,
    "mean_enc_time": 0.7595458388328552,
    "mean_dec_time": 0.927817873954773
}