{
    "image_name": "RGB_OR_1200x1200_018.png",
    "mse": 0.00022929564875084907,
    "psnr": 36.371978759765625,
    "ms-ssim": 0.992082953453064,
    "bpp": 1.3050666666666666,
    "encoding_time": 0.7357490062713623,
    "decoding_time": 1.1521551609039307
}