{
    "image_name": "RGB_OR_1200x1200_069.png",
    "mse": 0.00013210628821980208,
    "psnr": 38.749794006347656,
    "ms-ssim": 0.9915504455566406,
    "bpp": 0.6416444444444445,
    "encoding_time": 0.8728058338165283,
    "decoding_time": 0.7615177631378174
}