{
    "image_name": "RGB_OR_1200x1200_022.png",
    "mse": 0.00014557460963260382,
    "psnr": 38.3319206237793,
    "ms-ssim": 0.9873491525650024,
    "bpp": 0.4666222222222222,
    "encoding_time": 0.6638357639312744,
    "decoding_time": 0.9569559097290039
}