{
    "image_name": "RGB_OR_1200x1200_024.png",
    "mse": 0.000202808907488361,
    "psnr": 36.901275634765625,
    "ms-ssim": 0.9926279783248901,
    "bpp": 1.2486,
    "encoding_time": 0.8201799392700195,
    "decoding_time": 1.0156395435333252
}