{
    "image_name": "RGB_OR_1200x1200_034.png",
    "mse": 8.277715096483007e-05,
    "psnr": 40.75334548950195,
    "ms-ssim": 0.9930829405784607,
    "bpp": 0.39022222222222225,
    "encoding_time": 0.7750563621520996,
    "decoding_time": 0.8465073108673096
}