{
    "image_name": "RGB_OR_1200x1200_007.png",
    "mse": 0.00012586070806719363,
    "psnr": 38.958072662353516,
    "ms-ssim": 0.993301510810852,
    "bpp": 0.6501111111111111,
    "encoding_time": 1.1763293743133545,
    "decoding_time": 0.940434455871582
}