{
    "image_name": "RGB_OR_1200x1200_043.png",
    "mse": 0.00022855760471429676,
    "psnr": 36.385963439941406,
    "ms-ssim": 0.990504264831543,
    "bpp": 1.285911111111111,
    "encoding_time": 0.6316485404968262,
    "decoding_time": 0.7016370296478271
}