{
    "image_name": "RGB_OR_1200x1200_086.png",
    "mse": 0.00026931482716463506,
    "psnr": 35.67683029174805,
    "ms-ssim": 0.9877370595932007,
    "bpp": 1.3204222222222222,
    "encoding_time": 0.758446216583252,
    "decoding_time": 1.2646441459655762
}