{
    "image_name": "RGB_OR_1200x1200_047.png",
    "mse": 0.0002294843434356153,
    "psnr": 36.368247985839844,
    "ms-ssim": 0.9915980696678162,
    "bpp": 0.7672888888888889,
    "encoding_time": 0.7115283012390137,
    "decoding_time": 0.5620369911193848
}