{
    "image_name": "RGB_OR_1200x1200_013.png",
    "mse": 0.00011629148502834141,
    "psnr": 39.2968635559082,
    "ms-ssim": 0.9917243719100952,
    "bpp": 0.5146888888888889,
    "encoding_time": 0.8377022743225098,
    "decoding_time": 0.9124581813812256
}