{
    "image_name": "RGB_OR_1200x1200_059.png",
    "mse": 0.0003057305875699967,
    "psnr": 35.13059997558594,
    "ms-ssim": 0.991592288017273,
    "bpp": 1.5831555555555556,
    "encoding_time": 0.5287978649139404,
    "decoding_time": 0.6111481189727783
}