{
    "image_name": "RGB_OR_1200x1200_075.png",
    "mse": 0.0001331294042756781,
    "psnr": 38.71745681762695,
    "ms-ssim": 0.9828974604606628,
    "bpp": 0.42602222222222225,
    "encoding_time": 0.7984228134155273,
    "decoding_time": 0.9160358905792236
}