{
    "image_name": "RGB_OR_1200x1200_026.png",
    "mse": 0.00020787474932149053,
    "psnr": 36.79542922973633,
    "ms-ssim": 0.993686854839325,
    "bpp": 1.2536666666666667,
    "encoding_time": 0.5047852993011475,
    "decoding_time": 0.6607294082641602
}