{
    "image_name": "RGB_OR_1200x1200_004.png",
    "mse": 9.334656351711601e-05,
    "psnr": 40.240989685058594,
    "ms-ssim": 0.983773946762085,
    "bpp": 0.2054,
    "encoding_time": 0.4766407012939453,
    "decoding_time": 0.8321866989135742
}