{
    "image_name": "RGB_OR_1200x1200_074.png",
    "mse": 0.00014175270916894078,
    "psnr": 38.44587707519531,
    "ms-ssim": 0.9767550230026245,
    "bpp": 0.2399777777777778,
    "encoding_time": 0.6513376235961914,
    "decoding_time": 1.362539529800415
}