{
    "image_name": "RGB_OR_1200x1200_096.png",
    "mse": 0.00020939885871484876,
    "psnr": 36.764404296875,
    "ms-ssim": 0.9767557382583618,
    "bpp": 0.37255555555555553,
    "encoding_time": 0.8417611122131348,
    "decoding_time": 1.3232452869415283
}