{
    "image_name": "RGB_OR_1200x1200_095.png",
    "mse": 0.00030900875572115183,
    "psnr": 35.08287048339844,
    "ms-ssim": 0.9906906485557556,
    "bpp": 1.5668444444444445,
    "encoding_time": 0.4479680061340332,
    "decoding_time": 1.092543363571167
}