{
    "image_name": "RGB_OR_1200x1200_064.png",
    "mse": 0.00015176359738688916,
    "psnr": 38.15305709838867,
    "ms-ssim": 0.9939171075820923,
    "bpp": 0.7890444444444444,
    "encoding_time": 0.5828244686126709,
    "decoding_time": 0.5887866020202637
}