{
    "image_name": "RGB_OR_1200x1200_002.png",
    "mse": 5.796018012915738e-05,
    "psnr": 42.271820068359375,
    "ms-ssim": 0.9893731474876404,
    "bpp": 0.1574888888888889,
    "encoding_time": 0.8422343730926514,
    "decoding_time": 0.8836796283721924
}