{
    "image_name": "RGB_OR_1200x1200_072.png",
    "mse": 0.0001559950178489089,
    "psnr": 38.03385543823242,
    "ms-ssim": 0.9932231307029724,
    "bpp": 0.8806222222222222,
    "encoding_time": 1.0591001510620117,
    "decoding_time": 1.323667049407959
}