{
    "image_name": "RGB_OR_1200x1200_008.png",
    "mse": 0.000189224214409478,
    "psnr": 37.20109939575195,
    "ms-ssim": 0.9914528131484985,
    "bpp": 0.8185777777777777,
    "encoding_time": 1.202650547027588,
    "decoding_time": 0.8154897689819336
}