{
    "image_name": "RGB_OR_1200x1200_056.png",
    "mse": 8.203404286177829e-05,
    "psnr": 40.793846130371094,
    "ms-ssim": 0.9878462553024292,
    "bpp": 0.2617333333333333,
    "encoding_time": 0.5730609893798828,
    "decoding_time": 1.3601081371307373
}