{
    "image_name": "RGB_OR_1200x1200_044.png",
    "mse": 0.00015064669423736632,
    "psnr": 38.186920166015625,
    "ms-ssim": 0.9867261648178101,
    "bpp": 0.5036888888888889,
    "encoding_time": 0.8682651519775391,
    "decoding_time": 0.9853203296661377
}