{
    "image_name": "RGB_OR_1200x1200_100.png",
    "mse": 5.6495769968023524e-05,
    "psnr": 42.42514419555664,
    "ms-ssim": 0.9922924041748047,
    "bpp": 0.19733333333333333,
    "encoding_time": 0.5075840950012207,
    "decoding_time": 0.9613418579101562
}