{
    "image_name": "RGB_OR_1200x1200_001.png",
    "mse": 8.867446013027802e-05,
    "psnr": 40.46189880371094,
    "ms-ssim": 0.994411826133728,
    "bpp": 0.41902222222222224,
    "encoding_time": 1.076232671737671,
    "decoding_time": 1.1661381721496582
}