{
    "image_name": "RGB_OR_1200x1200_085.png",
    "mse": 0.0001779685408109799,
    "psnr": 37.465728759765625,
    "ms-ssim": 0.9854995012283325,
    "bpp": 0.5764444444444444,
    "encoding_time": 0.5341024398803711,
    "decoding_time": 0.959265947341919
}