{
    "image_name": "RGB_OR_1200x1200_090.png",
    "mse": 0.00028018091688863933,
    "psnr": 35.50553512573242,
    "ms-ssim": 0.9924700260162354,
    "bpp": 1.2332222222222222,
    "encoding_time": 0.6172893047332764,
    "decoding_time": 0.8027355670928955
}