{
    "image_name": "RGB_OR_1200x1200_023.png",
    "mse": 0.00017921887047123164,
    "psnr": 37.43559265136719,
    "ms-ssim": 0.9896537065505981,
    "bpp": 0.7892888888888889,
    "encoding_time": 0.9788317680358887,
    "decoding_time": 0.6221003532409668
}