{
    "image_name": "RGB_OR_1200x1200_078.png",
    "mse": 9.121594484895468e-05,
    "psnr": 40.33869171142578,
    "ms-ssim": 0.9916054606437683,
    "bpp": 0.35357777777777777,
    "encoding_time": 0.6361637115478516,
    "decoding_time": 0.554826021194458
}