{
    "image_name": "RGB_OR_1200x1200_054.png",
    "mse": 0.0001292632077820599,
    "psnr": 38.84711837768555,
    "ms-ssim": 0.9930240511894226,
    "bpp": 0.6114888888888889,
    "encoding_time": 0.6976010799407959,
    "decoding_time": 0.9220924377441406
}