{
    "image_name": "RGB_OR_1200x1200_053.png",
    "mse": 5.5400978453690186e-05,
    "psnr": 42.465972900390625,
    "ms-ssim": 0.9951834678649902,
    "bpp": 0.26582222222222224,
    "encoding_time": 1.0701193809509277,
    "decoding_time": 0.737511396408081
}