{
    "image_name": "RGB_OR_1200x1200_020.png",
    "mse": 0.0002307690738234669,
    "psnr": 36.34453582763672,
    "ms-ssim": 0.9883906245231628,
    "bpp": 0.9221777777777778,
    "encoding_time": 0.9844603538513184,
    "decoding_time": 1.2078907489776611
}