{
    "image_name": "RGB_OR_1200x1200_012.png",
    "mse": 0.00011302376515232027,
    "psnr": 39.42033386230469,
    "ms-ssim": 0.9905596971511841,
    "bpp": 0.5096,
    "encoding_time": 0.7091071605682373,
    "decoding_time": 0.5697822570800781
}