{
    "image_name": "RGB_OR_1200x1200_076.png",
    "mse": 0.00010241082782158628,
    "psnr": 39.84293746948242,
    "ms-ssim": 0.9879075288772583,
    "bpp": 0.2912222222222222,
    "encoding_time": 0.6411714553833008,
    "decoding_time": 1.3615500926971436
}