{
    "image_name": "RGB_OR_1200x1200_089.png",
    "mse": 0.00019397134019527584,
    "psnr": 37.09422302246094,
    "ms-ssim": 0.9860819578170776,
    "bpp": 0.7900888888888888,
    "encoding_time": 0.5392191410064697,
    "decoding_time": 0.8320181369781494
}