{
    "image_name": "RGB_OR_1200x1200_039.png",
    "mse": 0.0001499774953117594,
    "psnr": 38.20335006713867,
    "ms-ssim": 0.990188479423523,
    "bpp": 0.7063111111111111,
    "encoding_time": 0.6588304042816162,
    "decoding_time": 1.301875114440918
}