{
    "image_name": "RGB_OR_1200x1200_019.png",
    "mse": 0.0002156162663595751,
    "psnr": 36.638092041015625,
    "ms-ssim": 0.9895777702331543,
    "bpp": 0.6689111111111111,
    "encoding_time": 1.1221423149108887,
    "decoding_time": 1.0750000476837158
}