{
    "image_name": "RGB_OR_1200x1200_003.png",
    "mse": 0.0001288596831727773,
    "psnr": 38.85727310180664,
    "ms-ssim": 0.9912458658218384,
    "bpp": 0.5550888888888889,
    "encoding_time": 0.8516073226928711,
    "decoding_time": 0.8391118049621582
}