{
    "image_name": "RGB_OR_1200x1200_011.png",
    "mse": 0.00016098316700663418,
    "psnr": 37.89945602416992,
    "ms-ssim": 0.9926391839981079,
    "bpp": 0.9163777777777777,
    "encoding_time": 0.48981523513793945,
    "decoding_time": 1.0687286853790283
}