{
    "image_name": "RGB_OR_1200x1200_035.png",
    "mse": 0.000149563406012021,
    "psnr": 38.21495819091797,
    "ms-ssim": 0.9913697242736816,
    "bpp": 0.7475555555555555,
    "encoding_time": 0.41841626167297363,
    "decoding_time": 1.1882779598236084
}