{
    "image_name": "RGB_OR_1200x1200_094.png",
    "mse": 0.00013820480671711266,
    "psnr": 38.55657958984375,
    "ms-ssim": 0.9938752055168152,
    "bpp": 0.8301777777777778,
    "encoding_time": 0.4734525680541992,
    "decoding_time": 0.7044143676757812
}