{
    "image_name": "RGB_OR_1200x1200_055.png",
    "mse": 0.00010905625822488219,
    "psnr": 39.57313919067383,
    "ms-ssim": 0.9947132468223572,
    "bpp": 0.5997333333333333,
    "encoding_time": 0.6076104640960693,
    "decoding_time": 1.3813292980194092
}