{
    "image_name": "RGB_OR_1200x1200_037.png",
    "mse": 0.00012231238360982388,
    "psnr": 39.079986572265625,
    "ms-ssim": 0.987902820110321,
    "bpp": 0.5017333333333334,
    "encoding_time": 0.8145332336425781,
    "decoding_time": 0.7076642513275146
}