{
    "image_name": "RGB_OR_1200x1200_033.png",
    "mse": 0.0001529646251583472,
    "psnr": 38.118438720703125,
    "ms-ssim": 0.9910086393356323,
    "bpp": 0.7723111111111111,
    "encoding_time": 0.7416777610778809,
    "decoding_time": 0.9950113296508789
}