{
    "image_name": "RGB_OR_1200x1200_045.png",
    "mse": 0.00013083365047350526,
    "psnr": 38.792694091796875,
    "ms-ssim": 0.9904778003692627,
    "bpp": 0.4041111111111111,
    "encoding_time": 0.772167444229126,
    "decoding_time": 0.492816686630249
}