{
    "image_name": "RGB_OR_1200x1200_067.png",
    "mse": 0.00018716516206040978,
    "psnr": 37.24852752685547,
    "ms-ssim": 0.9839893579483032,
    "bpp": 0.5115777777777778,
    "encoding_time": 0.4301464557647705,
    "decoding_time": 0.5320241451263428
}