{
    "image_name": "RGB_OR_1200x1200_092.png",
    "mse": 0.00012938037980347872,
    "psnr": 38.839759826660156,
    "ms-ssim": 0.9740002155303955,
    "bpp": 0.1497111111111111,
    "encoding_time": 1.1678063869476318,
    "decoding_time": 0.8435933589935303
}