{
    "image_name": "RGB_OR_1200x1200_036.png",
    "mse": 6.695650517940521e-05,
    "psnr": 41.65962219238281,
    "ms-ssim": 0.9861447811126709,
    "bpp": 0.106,
    "encoding_time": 0.562424898147583,
    "decoding_time": 1.194227933883667
}