{
    "image_name": "RGB_OR_1200x1200_084.png",
    "mse": 7.630301115568727e-05,
    "psnr": 41.102638244628906,
    "ms-ssim": 0.9812372922897339,
    "bpp": 0.1228,
    "encoding_time": 0.7518393993377686,
    "decoding_time": 1.604078769683838
}