{
    "image_name": "RGB_OR_1200x1200_099.png",
    "mse": 0.00017171757644973695,
    "psnr": 37.61981964111328,
    "ms-ssim": 0.9849324226379395,
    "bpp": 0.5880666666666666,
    "encoding_time": 0.43912243843078613,
    "decoding_time": 0.5733921527862549
}