{
    "image_name": "RGB_OR_1200x1200_038.png",
    "mse": 9.558778401697055e-05,
    "psnr": 40.139503479003906,
    "ms-ssim": 0.9909040331840515,
    "bpp": 0.31535555555555556,
    "encoding_time": 1.4612371921539307,
    "decoding_time": 0.6843440532684326
}