{
    "image_name": "RGB_OR_1200x1200_027.png",
    "mse": 0.00014547070895787328,
    "psnr": 38.334922790527344,
    "ms-ssim": 0.9911297559738159,
    "bpp": 0.7001111111111111,
    "encoding_time": 0.8838729858398438,
    "decoding_time": 0.9967362880706787
}