{
    "image_name": "RGB_OR_1200x1200_050.png",
    "mse": 0.00016837847942952067,
    "psnr": 37.704856872558594,
    "ms-ssim": 0.985485315322876,
    "bpp": 0.5718,
    "encoding_time": 1.1926753520965576,
    "decoding_time": 0.6294271945953369
}