{
    "image_name": "RGB_OR_1200x1200_066.png",
    "mse": 0.00015789501776453108,
    "psnr": 37.982486724853516,
    "ms-ssim": 0.9912726283073425,
    "bpp": 0.43491111111111114,
    "encoding_time": 0.5924458503723145,
    "decoding_time": 1.0200624465942383
}