{
    "image_name": "RGB_OR_1200x1200_049.png",
    "mse": 0.00010905733506660908,
    "psnr": 39.5763053894043,
    "ms-ssim": 0.9938859939575195,
    "bpp": 0.5566666666666666,
    "encoding_time": 0.6355600357055664,
    "decoding_time": 0.7017636299133301
}