{
    "image_name": "RGB_OR_1200x1200_091.png",
    "mse": 9.375489025842398e-05,
    "psnr": 40.24739074707031,
    "ms-ssim": 0.9959850311279297,
    "bpp": 0.4603111111111111,
    "encoding_time": 0.9348196983337402,
    "decoding_time": 1.0186445713043213
}