{
    "image_name": "RGB_OR_1200x1200_079.png",
    "mse": 9.643098746892065e-05,
    "psnr": 40.10124206542969,
    "ms-ssim": 0.9961699843406677,
    "bpp": 0.5673333333333334,
    "encoding_time": 0.9171643257141113,
    "decoding_time": 0.8061940670013428
}