{
    "image_name": "RGB_OR_1200x1200_030.png",
    "mse": 0.00023063452681526542,
    "psnr": 36.34714889526367,
    "ms-ssim": 0.9915067553520203,
    "bpp": 0.9892666666666666,
    "encoding_time": 0.9095747470855713,
    "decoding_time": 0.6370439529418945
}