{
    "image_name": "RGB_OR_1200x1200_057.png",
    "mse": 0.00011492411431390792,
    "psnr": 39.348480224609375,
    "ms-ssim": 0.9849176406860352,
    "bpp": 0.32826666666666665,
    "encoding_time": 0.43793582916259766,
    "decoding_time": 1.2676255702972412
}