{
    "image_name": "RGB_OR_1200x1200_088.png",
    "mse": 0.00013687270984519273,
    "psnr": 38.59793472290039,
    "ms-ssim": 0.9915750026702881,
    "bpp": 0.6141555555555556,
    "encoding_time": 0.8134160041809082,
    "decoding_time": 1.2382330894470215
}