{
    "image_name": "RGB_OR_1200x1200_005.png",
    "mse": 0.00013987212150823325,
    "psnr": 38.503257751464844,
    "ms-ssim": 0.9890619516372681,
    "bpp": 0.6138222222222223,
    "encoding_time": 0.7395591735839844,
    "decoding_time": 1.3063182830810547
}