{
    "image_name": "RGB_OR_1200x1200_061.png",
    "mse": 0.0002599100989755243,
    "psnr": 35.831031799316406,
    "ms-ssim": 0.992982804775238,
    "bpp": 1.1267333333333334,
    "encoding_time": 1.1003456115722656,
    "decoding_time": 0.934415340423584
}