{
    "image_name": "RGB_OR_1200x1200_087.png",
    "mse": 0.00027456774841994047,
    "psnr": 35.593589782714844,
    "ms-ssim": 0.9937652349472046,
    "bpp": 1.6445777777777777,
    "encoding_time": 0.7035994529724121,
    "decoding_time": 0.7536482810974121
}