{
    "image_name": "RGB_OR_1200x1200_048.png",
    "mse": 0.00023070517636369914,
    "psnr": 36.34551239013672,
    "ms-ssim": 0.9895712733268738,
    "bpp": 1.0684444444444445,
    "encoding_time": 1.098391056060791,
    "decoding_time": 1.1102163791656494
}