{
    "image_name": "RGB_OR_1200x1200_015.png",
    "mse": 4.581673056236468e-05,
    "psnr": 43.27006912231445,
    "ms-ssim": 0.9930685758590698,
    "bpp": 0.14615555555555557,
    "encoding_time": 0.764517068862915,
    "decoding_time": 0.7063851356506348
}