{
    "image_name": "RGB_OR_1200x1200_042.png",
    "mse": 0.0001353820407530293,
    "psnr": 38.64535903930664,
    "ms-ssim": 0.9885654449462891,
    "bpp": 0.5176222222222222,
    "encoding_time": 0.7429976463317871,
    "decoding_time": 1.5661368370056152
}