{
    "image_name": "RGB_OR_1200x1200_029.png",
    "mse": 0.00011882560647791252,
    "psnr": 39.205810546875,
    "ms-ssim": 0.9907252192497253,
    "bpp": 0.49577777777777776,
    "encoding_time": 0.9839441776275635,
    "decoding_time": 1.1247618198394775
}