{
    "image_name": "RGB_OR_1200x1200_081.png",
    "mse": 0.0001321656018262729,
    "psnr": 38.74714279174805,
    "ms-ssim": 0.993733823299408,
    "bpp": 0.5810888888888889,
    "encoding_time": 0.674379825592041,
    "decoding_time": 0.6529605388641357
}