{
    "image_name": "RGB_OR_1200x1200_062.png",
    "mse": 0.00030157368746586144,
    "psnr": 35.18756103515625,
    "ms-ssim": 0.9925779700279236,
    "bpp": 1.5499555555555555,
    "encoding_time": 0.5110728740692139,
    "decoding_time": 0.5475735664367676
}