{
    "image_name": "RGB_OR_1200x1200_009.png",
    "mse": 7.135029591154307e-05,
    "psnr": 41.390846252441406,
    "ms-ssim": 0.9935988187789917,
    "bpp": 0.27366666666666667,
    "encoding_time": 0.9280285835266113,
    "decoding_time": 0.8774268627166748
}