{
    "image_name": "RGB_OR_1200x1200_093.png",
    "mse": 0.0001001210548565723,
    "psnr": 39.95148468017578,
    "ms-ssim": 0.9929232597351074,
    "bpp": 0.4084,
    "encoding_time": 0.6991684436798096,
    "decoding_time": 0.5971577167510986
}