{
    "image_name": "RGB_OR_1200x1200_021.png",
    "mse": 0.0001076124535757117,
    "psnr": 39.630252838134766,
    "ms-ssim": 0.9937822222709656,
    "bpp": 0.49033333333333334,
    "encoding_time": 0.6193230152130127,
    "decoding_time": 0.9997742176055908
}