{
    "image_name": "RGB_OR_1200x1200_080.png",
    "mse": 0.00012009725469397381,
    "psnr": 39.160804748535156,
    "ms-ssim": 0.9883036613464355,
    "bpp": 0.3107333333333333,
    "encoding_time": 0.5307943820953369,
    "decoding_time": 0.5099301338195801
}