{
    "image_name": "RGB_OR_1200x1200_058.png",
    "mse": 0.0001868680992629379,
    "psnr": 37.25632858276367,
    "ms-ssim": 0.9926843643188477,
    "bpp": 0.5929333333333333,
    "encoding_time": 0.5130839347839355,
    "decoding_time": 0.8037126064300537
}