{
    "image_name": "RGB_OR_1200x1200_082.png",
    "mse": 0.00031247298466041684,
    "psnr": 35.03413391113281,
    "ms-ssim": 0.9893201589584351,
    "bpp": 1.3531333333333333,
    "encoding_time": 0.5659961700439453,
    "decoding_time": 0.7906632423400879
}