{
    "image_name": "RGB_OR_1200x1200_016.png",
    "mse": 0.00022878138406667858,
    "psnr": 36.382110595703125,
    "ms-ssim": 0.9928288459777832,
    "bpp": 1.3906666666666667,
    "encoding_time": 0.9366481304168701,
    "decoding_time": 1.1059062480926514
}