{
    "image_name": "RGB_OR_1200x1200_041.png",
    "mse": 0.00015603034989908338,
    "psnr": 38.034725189208984,
    "ms-ssim": 0.990929365158081,
    "bpp": 0.6505333333333333,
    "encoding_time": 0.906724214553833,
    "decoding_time": 1.1673004627227783
}