{
    "image_name": "RGB_OR_1200x1200_077.png",
    "mse": 0.00024786352878436446,
    "psnr": 36.03572082519531,
    "ms-ssim": 0.9697744846343994,
    "bpp": 0.5533333333333333,
    "encoding_time": 0.5860168933868408,
    "decoding_time": 0.9909226894378662
}