{
    "image_name": "RGB_OR_1200x1200_070.png",
    "mse": 0.00014774753071833402,
    "psnr": 38.2680549621582,
    "ms-ssim": 0.9845654368400574,
    "bpp": 0.5261555555555556,
    "encoding_time": 1.073657751083374,
    "decoding_time": 0.7190210819244385
}