{
    "image_name": "RGB_OR_1200x1200_073.png",
    "mse": 9.094708366319537e-05,
    "psnr": 40.358787536621094,
    "ms-ssim": 0.9871211051940918,
    "bpp": 0.19962222222222223,
    "encoding_time": 0.760251522064209,
    "decoding_time": 0.7189767360687256
}