{
    "image_name": "RGB_OR_1200x1200_032.png",
    "mse": 0.0002482782583683729,
    "psnr": 36.02831268310547,
    "ms-ssim": 0.9906374216079712,
    "bpp": 1.0697777777777777,
    "encoding_time": 0.3711538314819336,
    "decoding_time": 1.099837064743042
}