{
    "image_name": "RGB_OR_1200x1200_031.png",
    "mse": 0.00016824806516524404,
    "psnr": 37.708534240722656,
    "ms-ssim": 0.9944162368774414,
    "bpp": 0.7768444444444444,
    "encoding_time": 0.7496500015258789,
    "decoding_time": 0.8466012477874756
}