{
    "image_name": "RGB_OR_1200x1200_060.png",
    "mse": 0.00012841180432587862,
    "psnr": 38.872772216796875,
    "ms-ssim": 0.9913831949234009,
    "bpp": 0.4676,
    "encoding_time": 0.7428317070007324,
    "decoding_time": 0.9537849426269531
}