{
    "image_name": "00005_TE_1336x872.png",
    "mse": 0.0015871668001636863,
    "psnr": 27.99022102355957,
    "ms-ssim": 0.9856907725334167,
    "bpp": 0.09641267922869856,
    "encoding_time": 0.5960378646850586,
    "decoding_time": 0.2593109607696533
}