{
    "image_name": "00015_TE_3680x2456.png",
    "mse": 0.0015392733039334416,
    "psnr": 28.123226165771484,
    "ms-ssim": 0.9803330898284912,
    "bpp": 0.13309021385072936,
    "encoding_time": 1.7011704444885254,
    "decoding_time": 2.2406508922576904
}