{
    "image_name": "00013_TE_1920x1280.png",
    "mse": 0.0013250350020825863,
    "psnr": 28.77358627319336,
    "ms-ssim": 0.9666637182235718,
    "bpp": 0.22891927083333333,
    "encoding_time": 0.5134224891662598,
    "decoding_time": 0.5764646530151367
}