{
    "image_name": "00016_TE_1744x2000.png",
    "mse": 0.0008641797467134893,
    "psnr": 30.627561569213867,
    "ms-ssim": 0.9380978345870972,
    "bpp": 0.17320183486238533,
    "encoding_time": 0.6531474590301514,
    "decoding_time": 0.7919533252716064
}