{
    "image_name": "00004_TE_1808x1352.png",
    "mse": 0.002643620828166604,
    "psnr": 25.776004791259766,
    "ms-ssim": 0.9659292101860046,
    "bpp": 0.2272477352463738,
    "encoding_time": 0.6462268829345703,
    "decoding_time": 0.552117109298706
}