{
    "image_name": "00012_TE_1512x2016.png",
    "mse": 0.0017637374112382531,
    "psnr": 27.532535552978516,
    "ms-ssim": 0.9555749893188477,
    "bpp": 0.2653481145544638,
    "encoding_time": 0.5662598609924316,
    "decoding_time": 0.5350854396820068
}