{
    "image_name": "00002_TE_2144x1424.png",
    "mse": 0.0016622842522338033,
    "psnr": 27.789512634277344,
    "ms-ssim": 0.9587719440460205,
    "bpp": 0.2232831628374979,
    "encoding_time": 0.5088531970977783,
    "decoding_time": 0.6369941234588623
}