{
    "image_name": "00008_TE_1912x1272.png",
    "mse": 0.0018368801102042198,
    "psnr": 27.356115341186523,
    "ms-ssim": 0.9698514342308044,
    "bpp": 0.21148127680850504,
    "encoding_time": 0.44131898880004883,
    "decoding_time": 0.5657491683959961
}