{
    "image_name": "00010_TE_2000x1128.png",
    "mse": 0.0009648505947552621,
    "psnr": 30.1501407623291,
    "ms-ssim": 0.9744574427604675,
    "bpp": 0.14670921985815602,
    "encoding_time": 0.6211140155792236,
    "decoding_time": 0.621488094329834
}