{
    "image_name": "00014_TE_3680x2456.png",
    "mse": 0.0012153235729783773,
    "psnr": 29.1484317779541,
    "ms-ssim": 0.975887656211853,
    "bpp": 0.1468842940093471,
    "encoding_time": 1.555100917816162,
    "decoding_time": 1.8962090015411377
}