{
    "image_name": "00009_TE_1976x1312.png",
    "mse": 0.008368603885173798,
    "psnr": 20.772808074951172,
    "ms-ssim": 0.9576806426048279,
    "bpp": 0.283746420460156,
    "encoding_time": 0.573401689529419,
    "decoding_time": 0.4903373718261719
}