{
    "image_name": "00006_TE_1544x1120.png",
    "mse": 0.002550052246078849,
    "psnr": 25.931686401367188,
    "ms-ssim": 0.9778232574462891,
    "bpp": 0.18369726128793487,
    "encoding_time": 0.49312710762023926,
    "decoding_time": 0.5749466419219971
}