{
    "image_name": "00001_TE_2096x1400.png",
    "mse": 0.0030769521836191416,
    "psnr": 25.116992950439453,
    "ms-ssim": 0.9719442129135132,
    "bpp": 0.22386041439476553,
    "encoding_time": 0.5180482864379883,
    "decoding_time": 0.6343882083892822
}