{
    "image_name": "00007_TE_1472x976.png",
    "mse": 0.0015640703495591879,
    "psnr": 28.05400848388672,
    "ms-ssim": 0.9772247076034546,
    "bpp": 0.15043656450463294,
    "encoding_time": 0.4267129898071289,
    "decoding_time": 0.2861452102661133
}