{
    "mean_loss": 0.2041304102236514,
    "mean_bpp": 0.20196142802023764,
    "mean_psnr": 30.579228610527224,
    "mean_msssim": 0.978310177965862,
    "mean_msssim_dB": 16.637440113748752,
    "mean_enc_time": 0.4065728129410162,
    "mean_dec_time": 0.5023047516985637
}