{
    "image_name": "ales-krivec-15949.png",
    "mse": 0.0002925326698459685,
    "psnr": 35.31947708129883,
    "ms-ssim": 0.9879722595214844,
    "bpp": 0.12849852693602692,
    "encoding_time": 0.3939790725708008,
    "decoding_time": 0.44762730598449707
}