{
    "image_name": "schicka-307.png",
    "mse": 0.0004091578593943268,
    "psnr": 33.86743927001953,
    "ms-ssim": 0.9811798930168152,
    "bpp": 0.14664713541666666,
    "encoding_time": 0.0788259506225586,
    "decoding_time": 0.08923745155334473
}