{
    "image_name": "paul-itkin-46101.png",
    "mse": 0.0048705958761274815,
    "psnr": 23.1230411529541,
    "ms-ssim": 0.9819706678390503,
    "bpp": 0.2183774834437086,
    "encoding_time": 0.10551667213439941,
    "decoding_time": 0.12206840515136719
}