{
    "image_name": "alberto-montalesi-176097.png",
    "mse": 0.0003420496650505811,
    "psnr": 34.643470764160156,
    "ms-ssim": 0.9703110456466675,
    "bpp": 0.1448321716801174,
    "encoding_time": 0.4183022975921631,
    "decoding_time": 0.6921591758728027
}