{
    "image_name": "mullermarc-184.png",
    "mse": 0.0008512772037647665,
    "psnr": 30.693803787231445,
    "ms-ssim": 0.9824859499931335,
    "bpp": 0.2121578207916096,
    "encoding_time": 0.3364427089691162,
    "decoding_time": 0.3381528854370117
}