{
    "image_name": "daniel-robert-405.png",
    "mse": 0.0015357000520452857,
    "psnr": 28.13362693786621,
    "ms-ssim": 0.9736387133598328,
    "bpp": 0.27627172195892574,
    "encoding_time": 0.28655242919921875,
    "decoding_time": 0.2949557304382324
}