{
    "image_name": "michael-durana-82941.png",
    "mse": 0.001204317552037537,
    "psnr": 29.188079833984375,
    "ms-ssim": 0.9810738563537598,
    "bpp": 0.16185897435897437,
    "encoding_time": 0.4587385654449463,
    "decoding_time": 0.5927882194519043
}