{
    "image_name": "kazuend-28556.png",
    "mse": 0.0002466452424414456,
    "psnr": 36.05662536621094,
    "ms-ssim": 0.9879446029663086,
    "bpp": 0.09310897435897436,
    "encoding_time": 0.5339722633361816,
    "decoding_time": 0.7379834651947021
}