{
    "image_name": "jason-briscoe-149782.png",
    "mse": 0.0006161570781841874,
    "psnr": 32.093833923339844,
    "ms-ssim": 0.9917886257171631,
    "bpp": 0.08444368131868132,
    "encoding_time": 0.39076972007751465,
    "decoding_time": 0.7260308265686035
}