{
    "image_name": "andrew-ruiz-376.png",
    "mse": 0.0009007385233417153,
    "psnr": 30.4483585357666,
    "ms-ssim": 0.9828326106071472,
    "bpp": 0.197040319617928,
    "encoding_time": 0.5663559436798096,
    "decoding_time": 0.745152473449707
}