{
    "image_name": "lobostudio-hamburg-75377.png",
    "mse": 0.0005936544621363282,
    "psnr": 32.25514221191406,
    "ms-ssim": 0.9758750796318054,
    "bpp": 0.14812271062271062,
    "encoding_time": 0.5076768398284912,
    "decoding_time": 0.4525146484375
}