{
    "image_name": "jared-erondu-21325.png",
    "mse": 0.0005125390598550439,
    "psnr": 32.892242431640625,
    "ms-ssim": 0.9789233207702637,
    "bpp": 0.15045787545787545,
    "encoding_time": 0.35157251358032227,
    "decoding_time": 0.6866896152496338
}