{
    "image_name": "martyn-seddon-220.png",
    "mse": 0.0006835098029114306,
    "psnr": 31.644359588623047,
    "ms-ssim": 0.9727650880813599,
    "bpp": 0.22411858974358975,
    "encoding_time": 0.40039968490600586,
    "decoding_time": 0.5104002952575684
}