{
    "image_name": "amy-zhang-15940.png",
    "mse": 0.001197872799821198,
    "psnr": 29.21146583557129,
    "ms-ssim": 0.9761518836021423,
    "bpp": 0.24105860923604414,
    "encoding_time": 0.20435643196105957,
    "decoding_time": 0.29091477394104004
}