{
    "image_name": "gian-reto-tarnutzer-45212.png",
    "mse": 0.0011106492020189762,
    "psnr": 29.53928565979004,
    "ms-ssim": 0.9731225371360779,
    "bpp": 0.2883667883211679,
    "encoding_time": 0.49009251594543457,
    "decoding_time": 0.6042168140411377
}