{
    "image_name": "todd-quackenbush-222.png",
    "mse": 0.0025140345096588135,
    "psnr": 25.99445915222168,
    "ms-ssim": 0.9658360481262207,
    "bpp": 0.29946848899012907,
    "encoding_time": 0.09444212913513184,
    "decoding_time": 0.10200333595275879
}