{
    "image_name": "philipp-reiner-207.png",
    "mse": 0.0023130220361053944,
    "psnr": 26.355953216552734,
    "ms-ssim": 0.9693053960800171,
    "bpp": 0.2927901234567901,
    "encoding_time": 0.3252277374267578,
    "decoding_time": 0.3640592098236084
}