{
    "image_name": "nomao-saeki-33553.png",
    "mse": 0.0003890919906552881,
    "psnr": 34.085655212402344,
    "ms-ssim": 0.979282557964325,
    "bpp": 0.12377607979502196,
    "encoding_time": 0.46401000022888184,
    "decoding_time": 0.49533510208129883
}