{
    "image_name": "vita-vilcina-3055.png",
    "mse": 0.0026834052987396717,
    "psnr": 25.711151123046875,
    "ms-ssim": 0.9876185655593872,
    "bpp": 0.20285487932546756,
    "encoding_time": 0.3956108093261719,
    "decoding_time": 0.48668932914733887
}