{
    "image_name": "zugr-108.png",
    "mse": 0.00039443059358745813,
    "psnr": 34.026512145996094,
    "ms-ssim": 0.9888124465942383,
    "bpp": 0.10976419413919414,
    "encoding_time": 0.5538649559020996,
    "decoding_time": 0.7314062118530273
}