{
    "image_name": "benjamin-sloth-lindgreen-705.png",
    "mse": 0.0011417134664952755,
    "psnr": 29.419696807861328,
    "ms-ssim": 0.976040780544281,
    "bpp": 0.2451007326007326,
    "encoding_time": 0.4559900760650635,
    "decoding_time": 0.4511547088623047
}