{
    "image_name": "jeremy-cai-1174.png",
    "mse": 0.000711386208422482,
    "psnr": 31.47158432006836,
    "ms-ssim": 0.9891087412834167,
    "bpp": 0.145264869258908,
    "encoding_time": 0.33771538734436035,
    "decoding_time": 0.5666353702545166
}