{
    "image_name": "martin-wessely-211.png",
    "mse": 0.0029442328959703445,
    "psnr": 25.30824851989746,
    "ms-ssim": 0.959488570690155,
    "bpp": 0.37854166666666667,
    "encoding_time": 0.16654753684997559,
    "decoding_time": 0.12518835067749023
}