{
    "image_name": "clem-onojeghuo-33741.png",
    "mse": 0.0010974955512210727,
    "psnr": 29.5908260345459,
    "ms-ssim": 0.9757928848266602,
    "bpp": 0.2496680402930403,
    "encoding_time": 0.4526553153991699,
    "decoding_time": 0.7657248973846436
}