{
    "image_name": "alexander-shustov-73.png",
    "mse": 0.003306137165054679,
    "psnr": 24.805137634277344,
    "ms-ssim": 0.9668725728988647,
    "bpp": 0.35799733651726673,
    "encoding_time": 0.4277198314666748,
    "decoding_time": 0.6787805557250977
}