{
    "image_name": "allef-vinicius-109434.png",
    "mse": 0.00040803285082802176,
    "psnr": 33.8798713684082,
    "ms-ssim": 0.9702968001365662,
    "bpp": 0.14083104395604396,
    "encoding_time": 0.4667632579803467,
    "decoding_time": 0.6630663871765137
}