{
    "image_name": "wojciech-szaturski-3611.png",
    "mse": 0.0013323824387043715,
    "psnr": 28.749635696411133,
    "ms-ssim": 0.9777345657348633,
    "bpp": 0.20936486845601912,
    "encoding_time": 0.5291366577148438,
    "decoding_time": 0.4377305507659912
}