{
    "image_name": "alejandro-escamilla-6.png",
    "mse": 0.0011847224086523056,
    "psnr": 29.259647369384766,
    "ms-ssim": 0.982512891292572,
    "bpp": 0.1578253360716953,
    "encoding_time": 0.47817516326904297,
    "decoding_time": 0.6720767021179199
}