{
    "image_name": "veeterzy-82537.png",
    "mse": 0.0011000694939866662,
    "psnr": 29.580785751342773,
    "ms-ssim": 0.9767036437988281,
    "bpp": 0.25521595900439237,
    "encoding_time": 0.49387145042419434,
    "decoding_time": 0.5422239303588867
}