{
    "image_name": "casey-fyfe-999.png",
    "mse": 0.0004738108837045729,
    "psnr": 33.23231506347656,
    "ms-ssim": 0.9671828746795654,
    "bpp": 0.21600413602941176,
    "encoding_time": 0.4850466251373291,
    "decoding_time": 0.8452165126800537
}