{
    "image_name": "felix-russell-saw-140699.png",
    "mse": 0.00043623062083497643,
    "psnr": 33.5894775390625,
    "ms-ssim": 0.9791528582572937,
    "bpp": 0.15785934819897085,
    "encoding_time": 0.5391356945037842,
    "decoding_time": 0.4363682270050049
}