{
    "image_name": "sergey-zolkin-1045.png",
    "mse": 0.000743483891710639,
    "psnr": 31.27972984313965,
    "ms-ssim": 0.9830293655395508,
    "bpp": 0.1574175824175824,
    "encoding_time": 0.562014102935791,
    "decoding_time": 0.6088457107543945
}