{
    "image_name": "roberto-nickson-48063.png",
    "mse": 0.000378531840397045,
    "psnr": 34.20429229736328,
    "ms-ssim": 0.9843988418579102,
    "bpp": 0.11498397435897435,
    "encoding_time": 0.5616874694824219,
    "decoding_time": 0.5146160125732422
}