{
    "image_name": "philippe-wuyts-45997.png",
    "mse": 0.0010909104021266103,
    "psnr": 29.617286682128906,
    "ms-ssim": 0.9723994731903076,
    "bpp": 0.3093057014348019,
    "encoding_time": 0.5890605449676514,
    "decoding_time": 0.4722633361816406
}