{
    "image_name": "stefan-kunze-26931.png",
    "mse": 0.0009931232780218124,
    "psnr": 30.02451515197754,
    "ms-ssim": 0.9788895845413208,
    "bpp": 0.2246708119970739,
    "encoding_time": 0.5816853046417236,
    "decoding_time": 0.6128177642822266
}