{
    "image_name": "thong-vo-428.png",
    "mse": 0.002012150827795267,
    "psnr": 26.96076202392578,
    "ms-ssim": 0.9737399816513062,
    "bpp": 0.29338247075789137,
    "encoding_time": 0.2152421474456787,
    "decoding_time": 0.22637128829956055
}