{
    "image_name": "juskteez-vu-1041.png",
    "mse": 0.002236367668956518,
    "psnr": 26.502004623413086,
    "ms-ssim": 0.9639396071434021,
    "bpp": 0.3947496993861148,
    "encoding_time": 0.33524441719055176,
    "decoding_time": 0.4047396183013916
}