{
    "image_name": "dogancan-ozturan-395.png",
    "mse": 0.0009564765496179461,
    "psnr": 30.187707901000977,
    "ms-ssim": 0.9861153364181519,
    "bpp": 0.16056516724336795,
    "encoding_time": 0.45775604248046875,
    "decoding_time": 0.8236408233642578
}