{
    "image_name": "davide-ragusa-716.png",
    "mse": 0.0006368387257680297,
    "psnr": 31.951305389404297,
    "ms-ssim": 0.9825288653373718,
    "bpp": 0.1649319124213073,
    "encoding_time": 0.36417603492736816,
    "decoding_time": 0.4072999954223633
}