{
    "mean_loss": 0.2572168047903439,
    "mean_bpp": 0.25716977777777783,
    "mean_psnr": 33.82493787765503,
    "mean_msssim": 0.9760953909158707,
    "mean_msssim_dB": 16.215183539967924,
    "mean_enc_time": 0.36698797464370725,
    "mean_dec_time": 0.4400502920150757
}