{
    "image_name": "RGB_OR_1200x1200_038.png",
    "mse": 0.0002489953185431659,
    "psnr": 36.01650619506836,
    "ms-ssim": 0.9814419746398926,
    "bpp": 0.14615555555555557,
    "encoding_time": 0.3421339988708496,
    "decoding_time": 0.3829305171966553
}