{
    "image_name": "RGB_OR_1200x1200_008.png",
    "mse": 0.0006008717464283109,
    "psnr": 32.203102111816406,
    "ms-ssim": 0.970664918422699,
    "bpp": 0.2818222222222222,
    "encoding_time": 0.35427427291870117,
    "decoding_time": 0.36878180503845215
}