{
    "image_name": "RGB_OR_1200x1200_014.png",
    "mse": 0.0002988615306094289,
    "psnr": 35.22663116455078,
    "ms-ssim": 0.9862959384918213,
    "bpp": 0.1769777777777778,
    "encoding_time": 0.41283369064331055,
    "decoding_time": 0.5303845405578613
}