{
    "image_name": "RGB_OR_1200x1200_076.png",
    "mse": 0.0002371740119997412,
    "psnr": 36.226219177246094,
    "ms-ssim": 0.9810082316398621,
    "bpp": 0.13757777777777777,
    "encoding_time": 0.2690718173980713,
    "decoding_time": 0.5030872821807861
}