{
    "image_name": "RGB_OR_1200x1200_096.png",
    "mse": 0.00038318621227517724,
    "psnr": 34.152015686035156,
    "ms-ssim": 0.9563759565353394,
    "bpp": 0.11784444444444445,
    "encoding_time": 0.31286191940307617,
    "decoding_time": 0.36835813522338867
}