{
    "image_name": "RGB_OR_1200x1200_070.png",
    "mse": 0.0004146995779592544,
    "psnr": 33.809242248535156,
    "ms-ssim": 0.9498223662376404,
    "bpp": 0.1627111111111111,
    "encoding_time": 0.4268019199371338,
    "decoding_time": 0.5212743282318115
}