{
    "image_name": "RGB_OR_1200x1200_044.png",
    "mse": 0.00038332355325110257,
    "psnr": 34.151336669921875,
    "ms-ssim": 0.9654598236083984,
    "bpp": 0.19668888888888889,
    "encoding_time": 0.4099109172821045,
    "decoding_time": 0.38852691650390625
}