{
    "image_name": "RGB_OR_1200x1200_048.png",
    "mse": 0.0007570980815216899,
    "psnr": 31.201297760009766,
    "ms-ssim": 0.974856972694397,
    "bpp": 0.42393333333333333,
    "encoding_time": 0.43800973892211914,
    "decoding_time": 0.6118378639221191
}