{
    "image_name": "RGB_OR_1200x1200_026.png",
    "mse": 0.0008138690027408302,
    "psnr": 30.888010025024414,
    "ms-ssim": 0.9811295866966248,
    "bpp": 0.5574222222222223,
    "encoding_time": 0.3013768196105957,
    "decoding_time": 0.45619726181030273
}