{
    "image_name": "RGB_OR_1200x1200_092.png",
    "mse": 0.00020876004418823868,
    "psnr": 36.77771759033203,
    "ms-ssim": 0.9716435670852661,
    "bpp": 0.09173333333333333,
    "encoding_time": 0.4243144989013672,
    "decoding_time": 0.3956594467163086
}