{
    "image_name": "RGB_OR_1200x1200_043.png",
    "mse": 0.0008498558891005814,
    "psnr": 30.70024871826172,
    "ms-ssim": 0.9665202498435974,
    "bpp": 0.48475555555555555,
    "encoding_time": 0.2674074172973633,
    "decoding_time": 0.42050814628601074
}