{
    "image_name": "RGB_OR_1200x1200_006.png",
    "mse": 0.0004525656986515969,
    "psnr": 33.431396484375,
    "ms-ssim": 0.9371969699859619,
    "bpp": 0.0788,
    "encoding_time": 0.5180354118347168,
    "decoding_time": 0.7725145816802979
}