{
    "image_name": "RGB_OR_1200x1200_023.png",
    "mse": 0.0005573205999098718,
    "psnr": 32.52933120727539,
    "ms-ssim": 0.9833273887634277,
    "bpp": 0.33426666666666666,
    "encoding_time": 0.37128591537475586,
    "decoding_time": 0.5063872337341309
}