{
    "image_name": "RGB_OR_1200x1200_067.png",
    "mse": 0.0004327462229412049,
    "psnr": 33.625328063964844,
    "ms-ssim": 0.9710552096366882,
    "bpp": 0.19013333333333332,
    "encoding_time": 0.30237889289855957,
    "decoding_time": 0.3371434211730957
}