{
    "image_name": "RGB_OR_1200x1200_004.png",
    "mse": 0.00018549211381468922,
    "psnr": 37.28727722167969,
    "ms-ssim": 0.9776362776756287,
    "bpp": 0.09826666666666667,
    "encoding_time": 0.40893006324768066,
    "decoding_time": 0.37689948081970215
}