{
    "image_name": "RGB_OR_1200x1200_022.png",
    "mse": 0.00035619561094790697,
    "psnr": 34.46770477294922,
    "ms-ssim": 0.9704573154449463,
    "bpp": 0.19104444444444443,
    "encoding_time": 0.29738354682922363,
    "decoding_time": 0.4088120460510254
}