{
    "image_name": "RGB_OR_1200x1200_073.png",
    "mse": 0.00017685777856968343,
    "psnr": 37.49724197387695,
    "ms-ssim": 0.9822534918785095,
    "bpp": 0.09351111111111111,
    "encoding_time": 0.40253663063049316,
    "decoding_time": 0.4667694568634033
}