{
    "image_name": "RGB_OR_1200x1200_017.png",
    "mse": 0.000495921412948519,
    "psnr": 33.0346565246582,
    "ms-ssim": 0.9806017875671387,
    "bpp": 0.2925111111111111,
    "encoding_time": 0.33432531356811523,
    "decoding_time": 0.539330005645752
}