{
    "image_name": "RGB_OR_1200x1200_013.png",
    "mse": 0.00036310512223280966,
    "psnr": 34.384578704833984,
    "ms-ssim": 0.9859711527824402,
    "bpp": 0.22857777777777777,
    "encoding_time": 0.35756635665893555,
    "decoding_time": 0.522956132888794
}