{
    "image_name": "RGB_OR_1200x1200_086.png",
    "mse": 0.0009490264928899705,
    "psnr": 30.221471786499023,
    "ms-ssim": 0.9481522440910339,
    "bpp": 0.39095555555555556,
    "encoding_time": 0.30522608757019043,
    "decoding_time": 0.4726428985595703
}