{
    "image_name": "RGB_OR_1200x1200_021.png",
    "mse": 0.00033667817478999496,
    "psnr": 34.712013244628906,
    "ms-ssim": 0.9868625998497009,
    "bpp": 0.2144888888888889,
    "encoding_time": 0.4398536682128906,
    "decoding_time": 0.5083985328674316
}