{
    "image_name": "RGB_OR_1200x1200_040.png",
    "mse": 0.0004752271343022585,
    "psnr": 33.22007369995117,
    "ms-ssim": 0.9733840823173523,
    "bpp": 0.23444444444444446,
    "encoding_time": 0.36161065101623535,
    "decoding_time": 0.2956075668334961
}