{
    "image_name": "RGB_OR_1200x1200_054.png",
    "mse": 0.00041790425893850625,
    "psnr": 33.77799606323242,
    "ms-ssim": 0.9803198575973511,
    "bpp": 0.24431111111111112,
    "encoding_time": 0.4102482795715332,
    "decoding_time": 0.4388444423675537
}