{
    "image_name": "RGB_OR_1200x1200_083.png",
    "mse": 0.00029918429208919406,
    "psnr": 35.222896575927734,
    "ms-ssim": 0.9851341247558594,
    "bpp": 0.1744,
    "encoding_time": 0.31586456298828125,
    "decoding_time": 0.38627171516418457
}