{
    "image_name": "RGB_OR_1200x1200_016.png",
    "mse": 0.0009324608254246414,
    "psnr": 30.29761505126953,
    "ms-ssim": 0.9758391380310059,
    "bpp": 0.5412888888888889,
    "encoding_time": 0.4103405475616455,
    "decoding_time": 0.5932936668395996
}