{
    "image_name": "RGB_OR_1200x1200_003.png",
    "mse": 0.00039259137702174485,
    "psnr": 34.04655456542969,
    "ms-ssim": 0.9813773036003113,
    "bpp": 0.20344444444444446,
    "encoding_time": 0.36521434783935547,
    "decoding_time": 0.4183824062347412
}