{
    "image_name": "RGB_OR_1200x1200_050.png",
    "mse": 0.00045494825462810695,
    "psnr": 33.40843200683594,
    "ms-ssim": 0.9735280871391296,
    "bpp": 0.22344444444444445,
    "encoding_time": 0.5373966693878174,
    "decoding_time": 0.4700922966003418
}