{
    "image_name": "RGB_OR_1200x1200_098.png",
    "mse": 0.0009434025269001722,
    "psnr": 30.24752426147461,
    "ms-ssim": 0.9825107455253601,
    "bpp": 0.6155777777777778,
    "encoding_time": 0.4494774341583252,
    "decoding_time": 0.41986846923828125
}