{
    "image_name": "RGB_OR_1200x1200_084.png",
    "mse": 0.0001344900665571913,
    "psnr": 38.6729736328125,
    "ms-ssim": 0.9766249656677246,
    "bpp": 0.06404444444444445,
    "encoding_time": 0.4516277313232422,
    "decoding_time": 0.3434004783630371
}