{
    "image_name": "RGB_OR_1200x1200_024.png",
    "mse": 0.0008138136472553015,
    "psnr": 30.888050079345703,
    "ms-ssim": 0.980496346950531,
    "bpp": 0.5578,
    "encoding_time": 0.287233829498291,
    "decoding_time": 0.6629633903503418
}