{
    "image_name": "RGB_OR_1200x1200_035.png",
    "mse": 0.0005228021764196455,
    "psnr": 32.806304931640625,
    "ms-ssim": 0.9801993370056152,
    "bpp": 0.29344444444444445,
    "encoding_time": 0.3486137390136719,
    "decoding_time": 0.7790112495422363
}