{
    "image_name": "RGB_OR_1200x1200_025.png",
    "mse": 0.00025193276815116405,
    "psnr": 35.965721130371094,
    "ms-ssim": 0.9819561839103699,
    "bpp": 0.14308888888888888,
    "encoding_time": 0.4130735397338867,
    "decoding_time": 0.3426523208618164
}