{
    "image_name": "RGB_OR_1200x1200_097.png",
    "mse": 0.0003618016198743135,
    "psnr": 34.39999771118164,
    "ms-ssim": 0.9915863871574402,
    "bpp": 0.2204222222222222,
    "encoding_time": 0.4387364387512207,
    "decoding_time": 0.261232852935791
}