{
    "image_name": "RGB_OR_1200x1200_060.png",
    "mse": 0.0003491403185762465,
    "psnr": 34.55532455444336,
    "ms-ssim": 0.9806348085403442,
    "bpp": 0.18815555555555555,
    "encoding_time": 0.2525510787963867,
    "decoding_time": 0.43122243881225586
}