{
    "image_name": "RGB_OR_1200x1200_019.png",
    "mse": 0.0005136163672432303,
    "psnr": 32.88328170776367,
    "ms-ssim": 0.9765453338623047,
    "bpp": 0.23262222222222223,
    "encoding_time": 0.3095099925994873,
    "decoding_time": 0.5067024230957031
}