{
    "image_name": "RGB_OR_1200x1200_089.png",
    "mse": 0.000574589881580323,
    "psnr": 32.397308349609375,
    "ms-ssim": 0.9665594100952148,
    "bpp": 0.3072888888888889,
    "encoding_time": 0.3536808490753174,
    "decoding_time": 0.4627218246459961
}