{
    "image_name": "RGB_OR_1200x1200_001.png",
    "mse": 0.0002933702780865133,
    "psnr": 35.306556701660156,
    "ms-ssim": 0.9876312017440796,
    "bpp": 0.17831111111111111,
    "encoding_time": 0.2933075428009033,
    "decoding_time": 0.342360258102417
}