{
    "image_name": "RGB_OR_1200x1200_011.png",
    "mse": 0.0005934002692811191,
    "psnr": 32.25735855102539,
    "ms-ssim": 0.9804951548576355,
    "bpp": 0.4068,
    "encoding_time": 0.48540258407592773,
    "decoding_time": 0.47434449195861816
}