{
    "image_name": "RGB_OR_1200x1200_020.png",
    "mse": 0.000687713676597923,
    "psnr": 31.61809539794922,
    "ms-ssim": 0.962453305721283,
    "bpp": 0.3019777777777778,
    "encoding_time": 0.3187906742095947,
    "decoding_time": 0.36184215545654297
}