{
    "image_name": "RGB_OR_1200x1200_071.png",
    "mse": 0.00029445168911479414,
    "psnr": 35.290931701660156,
    "ms-ssim": 0.9800469279289246,
    "bpp": 0.15164444444444444,
    "encoding_time": 0.6237363815307617,
    "decoding_time": 0.4440934658050537
}