{
    "image_name": "RGB_OR_1200x1200_018.png",
    "mse": 0.0008496016380377114,
    "psnr": 30.701339721679688,
    "ms-ssim": 0.97670978307724,
    "bpp": 0.5714,
    "encoding_time": 0.3959465026855469,
    "decoding_time": 0.28904271125793457
}