{
    "image_name": "RGB_OR_1200x1200_062.png",
    "mse": 0.001087117358110845,
    "psnr": 29.632274627685547,
    "ms-ssim": 0.9721362590789795,
    "bpp": 0.6186444444444444,
    "encoding_time": 0.31531357765197754,
    "decoding_time": 0.7130138874053955
}