{
    "image_name": "RGB_OR_1200x1200_049.png",
    "mse": 0.0003679833607748151,
    "psnr": 34.32867431640625,
    "ms-ssim": 0.9855601787567139,
    "bpp": 0.24488888888888888,
    "encoding_time": 0.4229435920715332,
    "decoding_time": 0.2861061096191406
}