{
    "image_name": "RGB_OR_1200x1200_031.png",
    "mse": 0.0005401093512773514,
    "psnr": 32.66522216796875,
    "ms-ssim": 0.9797489643096924,
    "bpp": 0.28888888888888886,
    "encoding_time": 0.30608463287353516,
    "decoding_time": 0.34102773666381836
}