{
    "image_name": "RGB_OR_1200x1200_063.png",
    "mse": 0.00026806260575540364,
    "psnr": 35.69949722290039,
    "ms-ssim": 0.9827644228935242,
    "bpp": 0.13313333333333333,
    "encoding_time": 0.41402125358581543,
    "decoding_time": 0.6032238006591797
}