{
    "image_name": "RGB_OR_1200x1200_036.png",
    "mse": 0.00011596539115998894,
    "psnr": 39.31037139892578,
    "ms-ssim": 0.9815086126327515,
    "bpp": 0.06755555555555555,
    "encoding_time": 0.34428930282592773,
    "decoding_time": 0.5864126682281494
}