{
    "image_name": "RGB_OR_1200x1200_085.png",
    "mse": 0.00045639800373464823,
    "psnr": 33.39456558227539,
    "ms-ssim": 0.9634911417961121,
    "bpp": 0.20377777777777778,
    "encoding_time": 0.37200379371643066,
    "decoding_time": 0.38793492317199707
}