{
    "image_name": "RGB_OR_1200x1200_080.png",
    "mse": 0.00026294609415344894,
    "psnr": 35.781890869140625,
    "ms-ssim": 0.9742195010185242,
    "bpp": 0.11855555555555555,
    "encoding_time": 0.2776634693145752,
    "decoding_time": 0.47634243965148926
}