{
    "image_name": "RGB_OR_1200x1200_061.png",
    "mse": 0.0008394390461035073,
    "psnr": 30.75385093688965,
    "ms-ssim": 0.9773592948913574,
    "bpp": 0.4477555555555556,
    "encoding_time": 0.3106193542480469,
    "decoding_time": 0.41043806076049805
}