{
    "image_name": "RGB_OR_1200x1200_094.png",
    "mse": 0.0005546030588448048,
    "psnr": 32.55084228515625,
    "ms-ssim": 0.984414279460907,
    "bpp": 0.3618222222222222,
    "encoding_time": 0.2964620590209961,
    "decoding_time": 0.3110620975494385
}