{
    "image_name": "RGB_OR_1200x1200_005.png",
    "mse": 0.00043190043652430177,
    "psnr": 33.6329460144043,
    "ms-ssim": 0.9743434190750122,
    "bpp": 0.24724444444444443,
    "encoding_time": 0.27664709091186523,
    "decoding_time": 0.3758280277252197
}