{
    "image_name": "RGB_OR_1200x1200_039.png",
    "mse": 0.0005002986872568727,
    "psnr": 32.997074127197266,
    "ms-ssim": 0.970136284828186,
    "bpp": 0.2644222222222222,
    "encoding_time": 0.38929009437561035,
    "decoding_time": 0.5098986625671387
}