{
    "image_name": "RGB_OR_1200x1200_046.png",
    "mse": 0.0006795941153541207,
    "psnr": 31.66988182067871,
    "ms-ssim": 0.9686775207519531,
    "bpp": 0.3430888888888889,
    "encoding_time": 0.4412095546722412,
    "decoding_time": 0.34412527084350586
}