{
    "image_name": "RGB_OR_1200x1200_002.png",
    "mse": 0.0001386531803291291,
    "psnr": 38.543209075927734,
    "ms-ssim": 0.9839273691177368,
    "bpp": 0.0884888888888889,
    "encoding_time": 0.36768174171447754,
    "decoding_time": 0.37880396842956543
}