{
    "image_name": "RGB_OR_1200x1200_037.png",
    "mse": 0.0003662932722363621,
    "psnr": 34.346221923828125,
    "ms-ssim": 0.9724899530410767,
    "bpp": 0.19462222222222222,
    "encoding_time": 0.36884307861328125,
    "decoding_time": 0.3865351676940918
}