{
    "image_name": "RGB_OR_1200x1200_075.png",
    "mse": 0.0003396900137886405,
    "psnr": 34.67351150512695,
    "ms-ssim": 0.9700705409049988,
    "bpp": 0.18546666666666667,
    "encoding_time": 0.3137044906616211,
    "decoding_time": 0.4829070568084717
}