{
    "image_name": "RGB_OR_1200x1200_032.png",
    "mse": 0.0007913963636383414,
    "psnr": 31.009355545043945,
    "ms-ssim": 0.9696284532546997,
    "bpp": 0.3725777777777778,
    "encoding_time": 0.5042424201965332,
    "decoding_time": 0.43847036361694336
}