{
    "image_name": "RGB_OR_1200x1200_074.png",
    "mse": 0.0002588232746347785,
    "psnr": 35.8498649597168,
    "ms-ssim": 0.958169162273407,
    "bpp": 0.08037777777777778,
    "encoding_time": 0.3717803955078125,
    "decoding_time": 0.4638543128967285
}