{
    "image_name": "RGB_OR_1200x1200_034.png",
    "mse": 0.00027255277382209897,
    "psnr": 35.62663269042969,
    "ms-ssim": 0.9813860654830933,
    "bpp": 0.15566666666666668,
    "encoding_time": 0.523409366607666,
    "decoding_time": 0.4013845920562744
}