{
    "image_name": "RGB_OR_1200x1200_010.png",
    "mse": 0.0004326546040829271,
    "psnr": 33.6260871887207,
    "ms-ssim": 0.9671511054039001,
    "bpp": 0.19306666666666666,
    "encoding_time": 0.49364805221557617,
    "decoding_time": 0.3521428108215332
}