{
    "image_name": "RGB_OR_1200x1200_051.png",
    "mse": 0.00026748934760689735,
    "psnr": 35.70664596557617,
    "ms-ssim": 0.9763668775558472,
    "bpp": 0.1439777777777778,
    "encoding_time": 0.4510536193847656,
    "decoding_time": 0.47319960594177246
}