{
    "image_name": "RGB_OR_1200x1200_087.png",
    "mse": 0.0011211163364350796,
    "psnr": 29.498699188232422,
    "ms-ssim": 0.9748374819755554,
    "bpp": 0.6406666666666667,
    "encoding_time": 0.43982768058776855,
    "decoding_time": 0.4998645782470703
}