{
    "image_name": "RGB_OR_1200x1200_057.png",
    "mse": 0.0002824515977408737,
    "psnr": 35.471336364746094,
    "ms-ssim": 0.9660826921463013,
    "bpp": 0.1084,
    "encoding_time": 0.25755739212036133,
    "decoding_time": 0.4125087261199951
}