{
    "image_name": "RGB_OR_1200x1200_093.png",
    "mse": 0.0002898974053096026,
    "psnr": 35.36334991455078,
    "ms-ssim": 0.9802206754684448,
    "bpp": 0.15053333333333332,
    "encoding_time": 0.326718807220459,
    "decoding_time": 0.3621397018432617
}