{
    "image_name": "RGB_OR_1200x1200_100.png",
    "mse": 0.00014242235920391977,
    "psnr": 38.44043731689453,
    "ms-ssim": 0.979143500328064,
    "bpp": 0.07695555555555555,
    "encoding_time": 0.33078598976135254,
    "decoding_time": 0.4379715919494629
}