{
    "image_name": "RGB_OR_1200x1200_065.png",
    "mse": 0.0006198202609084547,
    "psnr": 32.068199157714844,
    "ms-ssim": 0.9751071333885193,
    "bpp": 0.36662222222222224,
    "encoding_time": 0.32804107666015625,
    "decoding_time": 0.4268012046813965
}