{
    "image_name": "RGB_OR_1200x1200_059.png",
    "mse": 0.0010585964191704988,
    "psnr": 29.747676849365234,
    "ms-ssim": 0.9774484634399414,
    "bpp": 0.697,
    "encoding_time": 0.3536195755004883,
    "decoding_time": 0.4489879608154297
}