{
    "image_name": "RGB_OR_1200x1200_027.png",
    "mse": 0.00048367580166086555,
    "psnr": 33.14325714111328,
    "ms-ssim": 0.9761015772819519,
    "bpp": 0.2767777777777778,
    "encoding_time": 0.5429403781890869,
    "decoding_time": 0.5527288913726807
}