{
    "image_name": "RGB_OR_1200x1200_053.png",
    "mse": 0.0001937546767294407,
    "psnr": 37.100589752197266,
    "ms-ssim": 0.9903600215911865,
    "bpp": 0.13346666666666668,
    "encoding_time": 0.33101344108581543,
    "decoding_time": 0.4169936180114746
}