{
    "image_name": "RGB_OR_1200x1200_078.png",
    "mse": 0.0002576569968368858,
    "psnr": 35.86865234375,
    "ms-ssim": 0.9869173765182495,
    "bpp": 0.16655555555555557,
    "encoding_time": 0.48046135902404785,
    "decoding_time": 0.34656381607055664
}