{
    "image_name": "RGB_OR_1200x1200_052.png",
    "mse": 0.0004310211807023734,
    "psnr": 33.642208099365234,
    "ms-ssim": 0.9830087423324585,
    "bpp": 0.2859777777777778,
    "encoding_time": 0.2631988525390625,
    "decoding_time": 0.4470183849334717
}