{
    "image_name": "RGB_OR_1200x1200_082.png",
    "mse": 0.0010194454807788134,
    "psnr": 29.910842895507812,
    "ms-ssim": 0.9610925912857056,
    "bpp": 0.4854222222222222,
    "encoding_time": 0.39569830894470215,
    "decoding_time": 0.5570068359375
}