{
    "image_name": "RGB_OR_1200x1200_068.png",
    "mse": 0.0002524620504118502,
    "psnr": 35.96582794189453,
    "ms-ssim": 0.987254798412323,
    "bpp": 0.15388888888888888,
    "encoding_time": 0.29360055923461914,
    "decoding_time": 0.48842930793762207
}