{
    "image_name": "RGB_OR_1200x1200_056.png",
    "mse": 0.00021122967882547528,
    "psnr": 36.7270622253418,
    "ms-ssim": 0.9771432876586914,
    "bpp": 0.11166666666666666,
    "encoding_time": 0.2357172966003418,
    "decoding_time": 0.23478412628173828
}