{
    "image_name": "RGB_OR_1200x1200_028.png",
    "mse": 0.00018363188428338617,
    "psnr": 37.33087158203125,
    "ms-ssim": 0.9805233478546143,
    "bpp": 0.1054,
    "encoding_time": 0.25395917892456055,
    "decoding_time": 0.3305642604827881
}