{
    "image_name": "RGB_OR_1200x1200_081.png",
    "mse": 0.00040837598498910666,
    "psnr": 33.87624740600586,
    "ms-ssim": 0.9851128458976746,
    "bpp": 0.24631111111111112,
    "encoding_time": 0.381258487701416,
    "decoding_time": 0.3447897434234619
}