{
    "image_name": "RGB_OR_1200x1200_066.png",
    "mse": 0.0003567000094335526,
    "psnr": 34.461952209472656,
    "ms-ssim": 0.983426570892334,
    "bpp": 0.18931111111111112,
    "encoding_time": 0.39787864685058594,
    "decoding_time": 0.5158939361572266
}