{
    "image_name": "RGB_OR_1200x1200_064.png",
    "mse": 0.0005315495072863996,
    "psnr": 32.734806060791016,
    "ms-ssim": 0.9813220500946045,
    "bpp": 0.32693333333333335,
    "encoding_time": 0.28920745849609375,
    "decoding_time": 0.3636634349822998
}