{
    "image_name": "RGB_OR_1200x1200_041.png",
    "mse": 0.0004695552634075284,
    "psnr": 33.27198791503906,
    "ms-ssim": 0.9765951037406921,
    "bpp": 0.245,
    "encoding_time": 0.27051544189453125,
    "decoding_time": 0.6298699378967285
}