{
    "image_name": "RGB_OR_1200x1200_069.png",
    "mse": 0.0004431227862369269,
    "psnr": 33.52281951904297,
    "ms-ssim": 0.9840235710144043,
    "bpp": 0.27395555555555556,
    "encoding_time": 0.24642395973205566,
    "decoding_time": 0.34700632095336914
}