{
    "image_name": "RGB_OR_1200x1200_079.png",
    "mse": 0.00036855999496765435,
    "psnr": 34.320152282714844,
    "ms-ssim": 0.9920825362205505,
    "bpp": 0.2645777777777778,
    "encoding_time": 0.3460094928741455,
    "decoding_time": 0.3031907081604004
}