{
    "image_name": "RGB_OR_1200x1200_045.png",
    "mse": 0.0003342307754792273,
    "psnr": 34.7443733215332,
    "ms-ssim": 0.9801105260848999,
    "bpp": 0.1786222222222222,
    "encoding_time": 0.47188735008239746,
    "decoding_time": 0.3700096607208252
}