{
    "image_name": "RGB_OR_1200x1200_009.png",
    "mse": 0.00018405022274237126,
    "psnr": 37.32220458984375,
    "ms-ssim": 0.9866241812705994,
    "bpp": 0.11717777777777778,
    "encoding_time": 0.3444209098815918,
    "decoding_time": 0.5446445941925049
}