{
    "image_name": "RGB_OR_1200x1200_072.png",
    "mse": 0.0005727089010179043,
    "psnr": 32.41128158569336,
    "ms-ssim": 0.9835755228996277,
    "bpp": 0.3959111111111111,
    "encoding_time": 0.24918651580810547,
    "decoding_time": 0.5871634483337402
}