{
    "image_name": "RGB_OR_1200x1200_042.png",
    "mse": 0.00037706346483901143,
    "psnr": 34.22203063964844,
    "ms-ssim": 0.9745001792907715,
    "bpp": 0.19922222222222222,
    "encoding_time": 0.26921772956848145,
    "decoding_time": 0.6850070953369141
}