{
    "image_name": "RGB_OR_1200x1200_029.png",
    "mse": 0.00036012427881360054,
    "psnr": 34.42082214355469,
    "ms-ssim": 0.9754704833030701,
    "bpp": 0.19546666666666668,
    "encoding_time": 0.2988142967224121,
    "decoding_time": 0.375748872756958
}