{
    "mean_loss": 0.3161790795791199,
    "mean_bpp": 0.3161146375868056,
    "mean_psnr": 32.277802069981895,
    "mean_msssim": 0.968045582373937,
    "mean_msssim_dB": 14.95469093123781,
    "mean_enc_time": 0.41190048058827716,
    "mean_dec_time": 0.4769189755121867
}