{
    "image_name": "1.png",
    "mse": 0.0010549086146056652,
    "psnr": 29.762710571289062,
    "ms-ssim": 0.9721924066543579,
    "bpp": 0.5284016927083334,
    "encoding_time": 0.7245984077453613,
    "decoding_time": 0.8004989624023438
}