{
    "image_name": "8.png",
    "mse": 0.0010416846489533782,
    "psnr": 29.817365646362305,
    "ms-ssim": 0.9781963229179382,
    "bpp": 0.5813802083333334,
    "encoding_time": 0.6371133327484131,
    "decoding_time": 0.9897048473358154
}