{
    "image_name": "19.png",
    "mse": 0.0006190813728608191,
    "psnr": 32.07389450073242,
    "ms-ssim": 0.9635519981384277,
    "bpp": 0.2543131510416667,
    "encoding_time": 0.5043585300445557,
    "decoding_time": 0.44148755073547363
}