{
    "image_name": "14.png",
    "mse": 0.0008575769024901092,
    "psnr": 30.660799026489258,
    "ms-ssim": 0.9647230505943298,
    "bpp": 0.4170735677083333,
    "encoding_time": 0.23827147483825684,
    "decoding_time": 0.3188045024871826
}