{
    "image_name": "4.png",
    "mse": 0.0005172519595362246,
    "psnr": 32.85231018066406,
    "ms-ssim": 0.9582825899124146,
    "bpp": 0.193603515625,
    "encoding_time": 0.23517322540283203,
    "decoding_time": 0.30150341987609863
}