{
    "image_name": "7.png",
    "mse": 0.0003667691198643297,
    "psnr": 34.340538024902344,
    "ms-ssim": 0.9845690727233887,
    "bpp": 0.22086588541666666,
    "encoding_time": 0.4046037197113037,
    "decoding_time": 0.3381471633911133
}