{
    "image_name": "15.png",
    "mse": 0.000488464196678251,
    "psnr": 33.09950256347656,
    "ms-ssim": 0.9671134948730469,
    "bpp": 0.18310546875,
    "encoding_time": 0.47000670433044434,
    "decoding_time": 0.2747490406036377
}