{
    "image_name": "13.png",
    "mse": 0.0014125015586614609,
    "psnr": 28.4964542388916,
    "ms-ssim": 0.9671685099601746,
    "bpp": 0.8282877604166666,
    "encoding_time": 0.365145206451416,
    "decoding_time": 0.7933714389801025
}