{
    "image_name": "5.png",
    "mse": 0.0008886607829481363,
    "psnr": 30.50619125366211,
    "ms-ssim": 0.9778810739517212,
    "bpp": 0.5760904947916666,
    "encoding_time": 0.5283784866333008,
    "decoding_time": 0.6307253837585449
}