{
    "image_name": "16.png",
    "mse": 0.0005203391192480922,
    "psnr": 32.825870513916016,
    "ms-ssim": 0.9624561071395874,
    "bpp": 0.21980794270833334,
    "encoding_time": 0.1618332862854004,
    "decoding_time": 0.4858107566833496
}