{
    "image_name": "6.png",
    "mse": 0.0007454195874743164,
    "psnr": 31.2685546875,
    "ms-ssim": 0.963331401348114,
    "bpp": 0.3885091145833333,
    "encoding_time": 0.25874876976013184,
    "decoding_time": 0.6747279167175293
}