{
    "image_name": "11.png",
    "mse": 0.0006872200174257159,
    "psnr": 31.621286392211914,
    "ms-ssim": 0.9595632553100586,
    "bpp": 0.3036295572916667,
    "encoding_time": 0.5412428379058838,
    "decoding_time": 0.5516188144683838
}