{
    "image_name": "9.png",
    "mse": 0.0003490583330858499,
    "psnr": 34.554988861083984,
    "ms-ssim": 0.9793018102645874,
    "bpp": 0.16731770833333334,
    "encoding_time": 0.5019271373748779,
    "decoding_time": 0.4389841556549072
}