{
    "image_name": "2.png",
    "mse": 0.0005585610051639378,
    "psnr": 32.51934814453125,
    "ms-ssim": 0.9402638673782349,
    "bpp": 0.15633138020833334,
    "encoding_time": 0.5076494216918945,
    "decoding_time": 0.48383259773254395
}