{
    "image_name": "3.png",
    "mse": 0.00031498991302214563,
    "psnr": 34.99992370605469,
    "ms-ssim": 0.974871039390564,
    "bpp": 0.14493815104166666,
    "encoding_time": 0.4246804714202881,
    "decoding_time": 0.6635560989379883
}