{
    "image_name": "24.png",
    "mse": 0.0008301627240143716,
    "psnr": 30.80211639404297,
    "ms-ssim": 0.9716695547103882,
    "bpp": 0.4644368489583333,
    "encoding_time": 0.2982161045074463,
    "decoding_time": 0.37714385986328125
}