{
    "image_name": "22.png",
    "mse": 0.0007360478048212826,
    "psnr": 31.323902130126953,
    "ms-ssim": 0.9518222212791443,
    "bpp": 0.2954915364583333,
    "encoding_time": 0.13333773612976074,
    "decoding_time": 0.18934106826782227
}