{
    "image_name": "17.png",
    "mse": 0.0004511593433562666,
    "psnr": 33.44327926635742,
    "ms-ssim": 0.9712828397750854,
    "bpp": 0.21101888020833334,
    "encoding_time": 0.28746747970581055,
    "decoding_time": 0.5973172187805176
}