{
    "image_name": "23.png",
    "mse": 0.00028916297014802694,
    "psnr": 35.369850158691406,
    "ms-ssim": 0.9756114482879639,
    "bpp": 0.13273111979166666,
    "encoding_time": 0.5544960498809814,
    "decoding_time": 0.3214149475097656
}