{
    "image_name": "12.png",
    "mse": 0.00040584043017588556,
    "psnr": 33.903106689453125,
    "ms-ssim": 0.9582759141921997,
    "bpp": 0.14542643229166666,
    "encoding_time": 0.4824209213256836,
    "decoding_time": 0.5432958602905273
}