{
    "mean_loss": 0.2707494396948215,
    "mean_bpp": 0.27067121962999696,
    "mean_psnr": 31.478321075439453,
    "mean_msssim": 0.9664361253380775,
    "mean_msssim_dB": 14.741279093701785,
    "mean_enc_time": 1.0236472189426422,
    "mean_dec_time": 1.186003714799881
}