{
    "image_name": "00009_TE_1976x1312.png",
    "mse": 0.0020899244118481874,
    "psnr": 26.796142578125,
    "ms-ssim": 0.9729219675064087,
    "bpp": 0.7415325367828577,
    "encoding_time": 0.709397554397583,
    "decoding_time": 0.8585336208343506
}