{
    "image_name": "00002_TE_2144x1424.png",
    "mse": 0.0007516813348047435,
    "psnr": 31.232547760009766,
    "ms-ssim": 0.9442811012268066,
    "bpp": 0.2403886466543686,
    "encoding_time": 0.9847292900085449,
    "decoding_time": 0.84928297996521
}