{
    "image_name": "00008_TE_1912x1272.png",
    "mse": 0.0008185214828699827,
    "psnr": 30.86273765563965,
    "ms-ssim": 0.9568946361541748,
    "bpp": 0.22723086234572776,
    "encoding_time": 0.6850578784942627,
    "decoding_time": 0.9960939884185791
}