{
    "image_name": "00013_TE_1920x1280.png",
    "mse": 0.0006613231962546706,
    "psnr": 31.787364959716797,
    "ms-ssim": 0.966838538646698,
    "bpp": 0.2675,
    "encoding_time": 0.9648265838623047,
    "decoding_time": 1.3301403522491455
}