{
    "image_name": "00003_TE_1944x1296.png",
    "mse": 0.0005173945683054626,
    "psnr": 32.851768493652344,
    "ms-ssim": 0.9768912196159363,
    "bpp": 0.1918533760097546,
    "encoding_time": 0.7541441917419434,
    "decoding_time": 1.009155035018921
}