{
    "image_name": "00011_TE_1744x1160.png",
    "mse": 0.0010099828941747546,
    "psnr": 29.95173454284668,
    "ms-ssim": 0.9746114611625671,
    "bpp": 0.39612464409996834,
    "encoding_time": 0.5858221054077148,
    "decoding_time": 0.6727666854858398
}