{
    "image_name": "00012_TE_1512x2016.png",
    "mse": 0.000982118770480156,
    "psnr": 30.072895050048828,
    "ms-ssim": 0.9281088709831238,
    "bpp": 0.2120286386159402,
    "encoding_time": 0.858579158782959,
    "decoding_time": 1.3194425106048584
}