{
    "image_name": "00007_TE_1472x976.png",
    "mse": 0.00048364506801590323,
    "psnr": 33.14381790161133,
    "ms-ssim": 0.9809495210647583,
    "bpp": 0.17979330007127584,
    "encoding_time": 0.4305911064147949,
    "decoding_time": 1.2645061016082764
}