{
    "image_name": "00014_TE_3680x2456.png",
    "mse": 0.0004891164135187864,
    "psnr": 33.0947265625,
    "ms-ssim": 0.9697514772415161,
    "bpp": 0.17384931312845206,
    "encoding_time": 2.5227770805358887,
    "decoding_time": 2.005913496017456
}