{
    "image_name": "00004_TE_1808x1352.png",
    "mse": 0.000983267673291266,
    "psnr": 30.06772804260254,
    "ms-ssim": 0.9745838642120361,
    "bpp": 0.3892888935434885,
    "encoding_time": 1.283923864364624,
    "decoding_time": 0.9063198566436768
}