{
    "image_name": "00001_TE_2096x1400.png",
    "mse": 0.0009621632634662092,
    "psnr": 30.161739349365234,
    "ms-ssim": 0.981421709060669,
    "bpp": 0.4313740458015267,
    "encoding_time": 1.1738812923431396,
    "decoding_time": 0.8434417247772217
}