{
    "image_name": "00010_TE_2000x1128.png",
    "mse": 0.000445858808234334,
    "psnr": 33.49566650390625,
    "ms-ssim": 0.9655420780181885,
    "bpp": 0.1266950354609929,
    "encoding_time": 0.5434794425964355,
    "decoding_time": 1.0908291339874268
}