{
    "image_name": "00015_TE_3680x2456.png",
    "mse": 0.00044747587526217103,
    "psnr": 33.480018615722656,
    "ms-ssim": 0.9803919196128845,
    "bpp": 0.18101897748194307,
    "encoding_time": 2.5114355087280273,
    "decoding_time": 2.865609645843506
}