{
    "image_name": "00016_TE_1744x2000.png",
    "mse": 0.0007579395896755159,
    "psnr": 31.19658660888672,
    "ms-ssim": 0.9135019779205322,
    "bpp": 0.07901834862385321,
    "encoding_time": 1.2509140968322754,
    "decoding_time": 1.3196468353271484
}