{
    "image_name": "00006_TE_1544x1120.png",
    "mse": 0.0007230413029901683,
    "psnr": 31.400968551635742,
    "ms-ssim": 0.9855183362960815,
    "bpp": 0.33669504071058476,
    "encoding_time": 0.5851321220397949,
    "decoding_time": 0.8990914821624756
}