{
    "image_name": "00005_TE_1336x872.png",
    "mse": 0.00039175571873784065,
    "psnr": 34.05669403076172,
    "ms-ssim": 0.9907693266868591,
    "bpp": 0.15634785474921717,
    "encoding_time": 0.5336642265319824,
    "decoding_time": 0.7452859878540039
}