{
    "mean_loss": 0.5420060790044686,
    "mean_bpp": 0.5409309203637263,
    "mean_psnr": 31.13953733444214,
    "mean_msssim": 0.989248413592577,
    "mean_msssim_dB": 19.68527450431315,
    "mean_enc_time": 0.7759459167718887,
    "mean_dec_time": 0.9302052557468414
}