{
    "image_name": "00011_TE_1744x1160.png",
    "mse": 0.000980226555839181,
    "psnr": 30.08146858215332,
    "ms-ssim": 0.9896993637084961,
    "bpp": 0.66618158810503,
    "encoding_time": 0.4422297477722168,
    "decoding_time": 0.49176692962646484
}