{
    "image_name": "00008_TE_1912x1272.png",
    "mse": 0.000857149250805378,
    "psnr": 30.663166046142578,
    "ms-ssim": 0.9899916648864746,
    "bpp": 0.532420199468435,
    "encoding_time": 0.5136005878448486,
    "decoding_time": 0.7080638408660889
}