{
    "image_name": "00015_TE_3680x2456.png",
    "mse": 0.0005428891163319349,
    "psnr": 32.64295959472656,
    "ms-ssim": 0.9930257201194763,
    "bpp": 0.34992564792522307,
    "encoding_time": 2.17389178276062,
    "decoding_time": 2.365741491317749
}