{
    "image_name": "00001_TE_2096x1400.png",
    "mse": 0.0014181988080963492,
    "psnr": 28.47873878479004,
    "ms-ssim": 0.9909485578536987,
    "bpp": 0.5498364231188658,
    "encoding_time": 0.5743565559387207,
    "decoding_time": 0.7907900810241699
}