{
    "image_name": "00016_TE_1744x2000.png",
    "mse": 0.0005125158349983394,
    "psnr": 32.892723083496094,
    "ms-ssim": 0.9729499816894531,
    "bpp": 0.7563302752293578,
    "encoding_time": 0.7731151580810547,
    "decoding_time": 1.3180599212646484
}