{
    "image_name": "00014_TE_3680x2456.png",
    "mse": 0.0004717024276033044,
    "psnr": 33.251686096191406,
    "ms-ssim": 0.9919032454490662,
    "bpp": 0.4099348534201954,
    "encoding_time": 1.7576282024383545,
    "decoding_time": 2.2548987865448
}