{
    "image_name": "00004_TE_1808x1352.png",
    "mse": 0.0012804636498913169,
    "psnr": 28.922319412231445,
    "ms-ssim": 0.9899100661277771,
    "bpp": 0.6266429282086191,
    "encoding_time": 0.9591560363769531,
    "decoding_time": 0.8673207759857178
}