{
    "image_name": "00009_TE_1976x1312.png",
    "mse": 0.004254479892551899,
    "psnr": 23.71023941040039,
    "ms-ssim": 0.9861857891082764,
    "bpp": 0.7659844968895033,
    "encoding_time": 0.6782271862030029,
    "decoding_time": 0.8909399509429932
}