{
    "image_name": "00003_TE_1944x1296.png",
    "mse": 0.000481075287098065,
    "psnr": 33.167022705078125,
    "ms-ssim": 0.9919264316558838,
    "bpp": 0.4351470812376162,
    "encoding_time": 0.6246047019958496,
    "decoding_time": 0.5965743064880371
}