{
    "image_name": "00005_TE_1336x872.png",
    "mse": 0.0006097530131228268,
    "psnr": 32.13971710205078,
    "ms-ssim": 0.9942192435264587,
    "bpp": 0.28366203373070376,
    "encoding_time": 0.32860302925109863,
    "decoding_time": 0.36881279945373535
}