{
    "image_name": "00002_TE_2144x1424.png",
    "mse": 0.0007252382929436862,
    "psnr": 31.387723922729492,
    "ms-ssim": 0.9849592447280884,
    "bpp": 0.6741363407680697,
    "encoding_time": 0.9282763004302979,
    "decoding_time": 0.8919804096221924
}