{
    "image_name": "00007_TE_1472x976.png",
    "mse": 0.0005797964404337108,
    "psnr": 32.35811996459961,
    "ms-ssim": 0.9926600456237793,
    "bpp": 0.43507216678545974,
    "encoding_time": 0.47856760025024414,
    "decoding_time": 0.5713908672332764
}