{
    "image_name": "00010_TE_2000x1128.png",
    "mse": 0.0003794470976572484,
    "psnr": 34.19446563720703,
    "ms-ssim": 0.9908604621887207,
    "bpp": 0.4364113475177305,
    "encoding_time": 0.4902071952819824,
    "decoding_time": 0.7356870174407959
}