{
    "mean_loss": 0.14514048548218753,
    "mean_bpp": 0.1450584552534892,
    "mean_psnr": 31.676016365609517,
    "mean_msssim": 0.9581313714748476,
    "mean_msssim_dB": 13.781112648960539,
    "mean_enc_time": 0.510545782926606,
    "mean_dec_time": 0.5604537173015315
}