{
    "image_name": "kazuend-28556.png",
    "mse": 0.0002451091422699392,
    "psnr": 36.08403015136719,
    "ms-ssim": 0.9729119539260864,
    "bpp": 0.0448489010989011,
    "encoding_time": 0.6682007312774658,
    "decoding_time": 0.5289821624755859
}