{
    "image_name": "michael-durana-82941.png",
    "mse": 0.0007326185004785657,
    "psnr": 31.345693588256836,
    "ms-ssim": 0.9660109281539917,
    "bpp": 0.13349358974358974,
    "encoding_time": 0.5504491329193115,
    "decoding_time": 0.622899055480957
}