{
    "image_name": "daniel-robert-405.png",
    "mse": 0.001211180118843913,
    "psnr": 29.163537979125977,
    "ms-ssim": 0.9482854604721069,
    "bpp": 0.20294470774091627,
    "encoding_time": 0.25249814987182617,
    "decoding_time": 0.3098440170288086
}