{
    "image_name": "alexander-shustov-73.png",
    "mse": 0.0020148276817053556,
    "psnr": 26.954971313476562,
    "ms-ssim": 0.9533085823059082,
    "bpp": 0.359065025716385,
    "encoding_time": 0.9662516117095947,
    "decoding_time": 0.7858257293701172
}