{
    "image_name": "jason-briscoe-149782.png",
    "mse": 0.0002484858559910208,
    "psnr": 36.02433395385742,
    "ms-ssim": 0.9852859377861023,
    "bpp": 0.06875,
    "encoding_time": 0.5482311248779297,
    "decoding_time": 0.6384685039520264
}