{
    "image_name": "juskteez-vu-1041.png",
    "mse": 0.001823430648073554,
    "psnr": 27.388206481933594,
    "ms-ssim": 0.9068950414657593,
    "bpp": 0.26468400734130754,
    "encoding_time": 0.6174216270446777,
    "decoding_time": 0.4362308979034424
}