{
    "image_name": "felix-russell-saw-140699.png",
    "mse": 0.0003862151934299618,
    "psnr": 34.11723709106445,
    "ms-ssim": 0.9608809947967529,
    "bpp": 0.08848027444253859,
    "encoding_time": 0.5808277130126953,
    "decoding_time": 0.49424171447753906
}