{
    "image_name": "schicka-307.png",
    "mse": 0.0004455776361282915,
    "psnr": 33.49782180786133,
    "ms-ssim": 0.9587470293045044,
    "bpp": 0.07600911458333333,
    "encoding_time": 0.13711118698120117,
    "decoding_time": 0.07349753379821777
}