{
    "image_name": "vita-vilcina-3055.png",
    "mse": 0.0008987785549834371,
    "psnr": 30.457565307617188,
    "ms-ssim": 0.9867370128631592,
    "bpp": 0.2346009110714993,
    "encoding_time": 0.3186154365539551,
    "decoding_time": 0.6710505485534668
}