{
    "image_name": "zugr-108.png",
    "mse": 0.0003041133168153465,
    "psnr": 35.15198516845703,
    "ms-ssim": 0.9806585311889648,
    "bpp": 0.0735691391941392,
    "encoding_time": 0.43856000900268555,
    "decoding_time": 1.1832880973815918
}