{
    "image_name": "alberto-montalesi-176097.png",
    "mse": 0.00036870146868750453,
    "psnr": 34.31846618652344,
    "ms-ssim": 0.9490505456924438,
    "bpp": 0.06066581071166544,
    "encoding_time": 0.5601480007171631,
    "decoding_time": 0.7234630584716797
}