{
    "image_name": "stefan-kunze-26931.png",
    "mse": 0.0009663491509854794,
    "psnr": 30.14285659790039,
    "ms-ssim": 0.956476628780365,
    "bpp": 0.15108357717629847,
    "encoding_time": 0.6191229820251465,
    "decoding_time": 0.678325891494751
}