{
    "image_name": "veeterzy-82537.png",
    "mse": 0.0010281656868755817,
    "psnr": 29.874183654785156,
    "ms-ssim": 0.9622482061386108,
    "bpp": 0.19558702415812593,
    "encoding_time": 0.6506180763244629,
    "decoding_time": 0.6141526699066162
}