{
    "image_name": "gian-reto-tarnutzer-45212.png",
    "mse": 0.0011020456440746784,
    "psnr": 29.573148727416992,
    "ms-ssim": 0.9415895342826843,
    "bpp": 0.18137545620437956,
    "encoding_time": 0.5884768962860107,
    "decoding_time": 0.6139721870422363
}