{
    "image_name": "martin-wessely-211.png",
    "mse": 0.002411586930975318,
    "psnr": 26.174652099609375,
    "ms-ssim": 0.9302961230278015,
    "bpp": 0.31671875,
    "encoding_time": 0.146134614944458,
    "decoding_time": 0.1511991024017334
}