{
    "image_name": "todd-quackenbush-222.png",
    "mse": 0.0015123620396479964,
    "psnr": 28.20023536682129,
    "ms-ssim": 0.9383405447006226,
    "bpp": 0.2155403695267021,
    "encoding_time": 0.1021568775177002,
    "decoding_time": 0.09818530082702637
}