{
    "image_name": "amy-zhang-15940.png",
    "mse": 0.0010227278107777238,
    "psnr": 29.89734649658203,
    "ms-ssim": 0.9448701739311218,
    "bpp": 0.14989821065038036,
    "encoding_time": 0.2799844741821289,
    "decoding_time": 0.2998621463775635
}