{
    "image_name": "thong-vo-428.png",
    "mse": 0.0012593594146892428,
    "psnr": 28.99436378479004,
    "ms-ssim": 0.9507908225059509,
    "bpp": 0.24069860599262938,
    "encoding_time": 0.40414857864379883,
    "decoding_time": 0.32738232612609863
}