{
    "image_name": "alejandro-escamilla-6.png",
    "mse": 0.0005120687419548631,
    "psnr": 32.89647674560547,
    "ms-ssim": 0.9574076533317566,
    "bpp": 0.09544202763256161,
    "encoding_time": 0.6388261318206787,
    "decoding_time": 0.4818871021270752
}