{
    "image_name": "mullermarc-184.png",
    "mse": 0.0007203422719612718,
    "psnr": 31.417579650878906,
    "ms-ssim": 0.9639384746551514,
    "bpp": 0.14797712690273565,
    "encoding_time": 0.20350933074951172,
    "decoding_time": 0.2669203281402588
}