{
    "image_name": "benjamin-sloth-lindgreen-705.png",
    "mse": 0.0010247309692203999,
    "psnr": 29.888635635375977,
    "ms-ssim": 0.9460352659225464,
    "bpp": 0.14808836996336996,
    "encoding_time": 0.5909497737884521,
    "decoding_time": 0.6551997661590576
}