{
    "image_name": "paul-itkin-46101.png",
    "mse": 0.0017542653949931264,
    "psnr": 27.55600357055664,
    "ms-ssim": 0.9816153049468994,
    "bpp": 0.40811258278145696,
    "encoding_time": 0.13039875030517578,
    "decoding_time": 0.14067316055297852
}