{
    "image_name": "martyn-seddon-220.png",
    "mse": 0.000727165665011853,
    "psnr": 31.376129150390625,
    "ms-ssim": 0.9262358546257019,
    "bpp": 0.10223214285714285,
    "encoding_time": 0.5531284809112549,
    "decoding_time": 0.7326309680938721
}