{
    "image_name": "wojciech-szaturski-3611.png",
    "mse": 0.0009909752989187837,
    "psnr": 30.033794403076172,
    "ms-ssim": 0.959770143032074,
    "bpp": 0.1850802930792301,
    "encoding_time": 0.5291423797607422,
    "decoding_time": 0.6063706874847412
}