{
    "image_name": "lobostudio-hamburg-75377.png",
    "mse": 0.0005558023112826049,
    "psnr": 32.54054260253906,
    "ms-ssim": 0.955500066280365,
    "bpp": 0.05851648351648352,
    "encoding_time": 0.9631004333496094,
    "decoding_time": 0.5250780582427979
}