{
    "image_name": "ales-krivec-15949.png",
    "mse": 0.000336292025167495,
    "psnr": 34.71689224243164,
    "ms-ssim": 0.9772815704345703,
    "bpp": 0.0805976430976431,
    "encoding_time": 0.5503823757171631,
    "decoding_time": 0.607215404510498
}