{
    "image_name": "philippe-wuyts-45997.png",
    "mse": 0.0011591733200475574,
    "psnr": 29.353981018066406,
    "ms-ssim": 0.9377297759056091,
    "bpp": 0.18610590548974404,
    "encoding_time": 0.8829021453857422,
    "decoding_time": 0.618704080581665
}