{
    "image_name": "clem-onojeghuo-33741.png",
    "mse": 0.0008651521638967097,
    "psnr": 30.62286949157715,
    "ms-ssim": 0.950659453868866,
    "bpp": 0.16364468864468865,
    "encoding_time": 0.6421041488647461,
    "decoding_time": 0.8522422313690186
}