{
    "image_name": "jeremy-cai-1174.png",
    "mse": 0.000515385065227747,
    "psnr": 32.868247985839844,
    "ms-ssim": 0.9860503673553467,
    "bpp": 0.13499525809510907,
    "encoding_time": 0.4129486083984375,
    "decoding_time": 0.6420478820800781
}