{
    "image_name": "nomao-saeki-33553.png",
    "mse": 0.0003928407677449286,
    "psnr": 34.044036865234375,
    "ms-ssim": 0.9631948471069336,
    "bpp": 0.06451317715959004,
    "encoding_time": 0.4139974117279053,
    "decoding_time": 0.9492578506469727
}