{
    "image_name": "jared-erondu-21325.png",
    "mse": 0.00041415917803533375,
    "psnr": 33.81493377685547,
    "ms-ssim": 0.95121830701828,
    "bpp": 0.06933379120879121,
    "encoding_time": 0.530982255935669,
    "decoding_time": 0.6223704814910889
}