{
    "image_name": "davide-ragusa-716.png",
    "mse": 0.00046748260501772165,
    "psnr": 33.29133605957031,
    "ms-ssim": 0.9647662043571472,
    "bpp": 0.09731390323684609,
    "encoding_time": 0.6002962589263916,
    "decoding_time": 0.6488726139068604
}