{
    "image_name": "todd-quackenbush-27493.png",
    "mse": 0.0003452019300311804,
    "psnr": 34.60357666015625,
    "ms-ssim": 0.9812353849411011,
    "bpp": 0.07516033397870281,
    "encoding_time": 0.42608070373535156,
    "decoding_time": 0.42903947830200195
}