{
    "image_name": "sergey-zolkin-21232.png",
    "mse": 0.00023521848197560757,
    "psnr": 36.262718200683594,
    "ms-ssim": 0.9751037359237671,
    "bpp": 0.05513078673913811,
    "encoding_time": 0.7193155288696289,
    "decoding_time": 0.4871504306793213
}