{
    "image_name": "roberto-nickson-48063.png",
    "mse": 0.00029851350700482726,
    "psnr": 35.23237228393555,
    "ms-ssim": 0.9717676639556885,
    "bpp": 0.06180173992673993,
    "encoding_time": 0.5127990245819092,
    "decoding_time": 0.7553808689117432
}