{
    "image_name": "sergey-zolkin-1045.png",
    "mse": 0.0005722267087548971,
    "psnr": 32.41485595703125,
    "ms-ssim": 0.9671847820281982,
    "bpp": 0.10894001831501832,
    "encoding_time": 0.7059948444366455,
    "decoding_time": 0.633737325668335
}