{
    "image_name": "00007_TE_1472x976.png",
    "mse": 0.0004503748787101358,
    "psnr": 33.45219802856445,
    "ms-ssim": 0.982602059841156,
    "bpp": 0.28882305773342837,
    "encoding_time": 0.40575408935546875,
    "decoding_time": 0.47090792655944824
}