{
    "image_name": "00010_TE_2000x1128.png",
    "mse": 0.0004087500856257975,
    "psnr": 33.87245178222656,
    "ms-ssim": 0.9689538478851318,
    "bpp": 0.19835460992907802,
    "encoding_time": 0.5997748374938965,
    "decoding_time": 0.8193778991699219
}