{
    "image_name": "00005_TE_1336x872.png",
    "mse": 0.0003637803893070668,
    "psnr": 34.37746810913086,
    "ms-ssim": 0.990787148475647,
    "bpp": 0.24800857001593143,
    "encoding_time": 0.29163575172424316,
    "decoding_time": 0.26581645011901855
}