{
    "image_name": "00002_TE_2144x1424.png",
    "mse": 0.0006643248489126563,
    "psnr": 31.767887115478516,
    "ms-ssim": 0.9516136050224304,
    "bpp": 0.34300058695287605,
    "encoding_time": 0.9937388896942139,
    "decoding_time": 1.0744984149932861
}