{
    "image_name": "00004_TE_1808x1352.png",
    "mse": 0.0008526655728928745,
    "psnr": 30.686185836791992,
    "ms-ssim": 0.9781084060668945,
    "bpp": 0.5484631093889093,
    "encoding_time": 1.3405652046203613,
    "decoding_time": 1.1267430782318115
}