{
    "image_name": "00011_TE_1744x1160.png",
    "mse": 0.000907841429580003,
    "psnr": 30.41412353515625,
    "ms-ssim": 0.9783869981765747,
    "bpp": 0.5148845302119582,
    "encoding_time": 0.44311022758483887,
    "decoding_time": 0.5304238796234131
}