{
    "image_name": "00013_TE_1920x1280.png",
    "mse": 0.0005824823747389019,
    "psnr": 32.3377799987793,
    "ms-ssim": 0.9719099998474121,
    "bpp": 0.33770833333333333,
    "encoding_time": 0.4327056407928467,
    "decoding_time": 0.6990249156951904
}