{
    "image_name": "00012_TE_1512x2016.png",
    "mse": 0.0008822582312859595,
    "psnr": 30.53801727294922,
    "ms-ssim": 0.9361512064933777,
    "bpp": 0.31293566809439827,
    "encoding_time": 0.7007284164428711,
    "decoding_time": 0.8313236236572266
}