{
    "image_name": "00016_TE_1744x2000.png",
    "mse": 0.0007227854221127927,
    "psnr": 31.402250289916992,
    "ms-ssim": 0.9196338653564453,
    "bpp": 0.13044036697247707,
    "encoding_time": 0.955829381942749,
    "decoding_time": 1.073615550994873
}