{
    "image_name": "00001_TE_2096x1400.png",
    "mse": 0.0008314258884638548,
    "psnr": 30.795276641845703,
    "ms-ssim": 0.9841113090515137,
    "bpp": 0.5555725190839694,
    "encoding_time": 0.7124848365783691,
    "decoding_time": 0.6886594295501709
}