{
    "image_name": "00014_TE_3680x2456.png",
    "mse": 0.0004340407031122595,
    "psnr": 33.61233139038086,
    "ms-ssim": 0.9730445742607117,
    "bpp": 0.2387692961336921,
    "encoding_time": 2.218477725982666,
    "decoding_time": 2.067072629928589
}