{
    "image_name": "00003_TE_1944x1296.png",
    "mse": 0.00046458200085908175,
    "psnr": 33.31869888305664,
    "ms-ssim": 0.9795540571212769,
    "bpp": 0.267553218513438,
    "encoding_time": 0.5778932571411133,
    "decoding_time": 0.6734356880187988
}