{
    "image_name": "00015_TE_3680x2456.png",
    "mse": 0.00039539809222333133,
    "psnr": 34.01598358154297,
    "ms-ssim": 0.9831345081329346,
    "bpp": 0.2573998017278006,
    "encoding_time": 1.92718505859375,
    "decoding_time": 2.0129895210266113
}