{
    "image_name": "RGB_OR_1200x1200_051.png",
    "mse": 0.0008801163057796657,
    "psnr": 30.5481014251709,
    "ms-ssim": 0.9715569019317627,
    "bpp": 0.0946,
    "encoding_time": 0.4606282711029053,
    "decoding_time": 0.4254014492034912
}