{
    "image_name": "RGB_OR_1200x1200_041.png",
    "mse": 0.0016651650657877326,
    "psnr": 27.7822265625,
    "ms-ssim": 0.9671553373336792,
    "bpp": 0.12364444444444445,
    "encoding_time": 0.3642587661743164,
    "decoding_time": 0.4290335178375244
}