{
    "image_name": "RGB_OR_1200x1200_097.png",
    "mse": 0.0022827815264463425,
    "psnr": 26.41312026977539,
    "ms-ssim": 0.983004093170166,
    "bpp": 0.08395555555555556,
    "encoding_time": 0.4819340705871582,
    "decoding_time": 0.4667482376098633
}