{
    "image_name": "RGB_OR_1200x1200_078.png",
    "mse": 0.001293029636144638,
    "psnr": 28.879568099975586,
    "ms-ssim": 0.9788908958435059,
    "bpp": 0.08037777777777778,
    "encoding_time": 0.40979766845703125,
    "decoding_time": 0.923828125
}