{
    "image_name": "RGB_OR_1200x1200_053.png",
    "mse": 0.0019783733878284693,
    "psnr": 27.033836364746094,
    "ms-ssim": 0.9843540191650391,
    "bpp": 0.06724444444444444,
    "encoding_time": 0.29988574981689453,
    "decoding_time": 0.32759666442871094
}