{
    "image_name": "RGB_OR_1200x1200_099.png",
    "mse": 0.0012920413864776492,
    "psnr": 28.883058547973633,
    "ms-ssim": 0.9588594436645508,
    "bpp": 0.1413111111111111,
    "encoding_time": 0.3519725799560547,
    "decoding_time": 0.6067922115325928
}