{
    "image_name": "RGB_OR_1200x1200_036.png",
    "mse": 0.0009079720475710928,
    "psnr": 30.41355323791504,
    "ms-ssim": 0.9799587726593018,
    "bpp": 0.04393333333333333,
    "encoding_time": 0.5499711036682129,
    "decoding_time": 0.5825223922729492
}