{
    "image_name": "RGB_OR_1200x1200_006.png",
    "mse": 0.0008028767188079655,
    "psnr": 30.946949005126953,
    "ms-ssim": 0.9548249244689941,
    "bpp": 0.11084444444444444,
    "encoding_time": 0.5001885890960693,
    "decoding_time": 0.49073123931884766
}