{
    "image_name": "RGB_OR_1200x1200_032.png",
    "mse": 0.0021202932111918926,
    "psnr": 26.73353385925293,
    "ms-ssim": 0.9530784487724304,
    "bpp": 0.18393333333333334,
    "encoding_time": 0.40071964263916016,
    "decoding_time": 0.5197906494140625
}