{
    "image_name": "RGB_OR_1200x1200_014.png",
    "mse": 0.0015975161222741008,
    "psnr": 27.9613037109375,
    "ms-ssim": 0.9785985350608826,
    "bpp": 0.08808888888888888,
    "encoding_time": 0.33555102348327637,
    "decoding_time": 0.39278650283813477
}