{
    "image_name": "RGB_OR_1200x1200_023.png",
    "mse": 0.003108256496489048,
    "psnr": 25.07326889038086,
    "ms-ssim": 0.9699214696884155,
    "bpp": 0.11666666666666667,
    "encoding_time": 0.36360907554626465,
    "decoding_time": 0.44588160514831543
}