{
    "image_name": "RGB_OR_1200x1200_024.png",
    "mse": 0.003848681692034006,
    "psnr": 24.145442962646484,
    "ms-ssim": 0.9623174667358398,
    "bpp": 0.1648,
    "encoding_time": 0.9806485176086426,
    "decoding_time": 0.5369250774383545
}