{
    "image_name": "RGB_OR_1200x1200_071.png",
    "mse": 0.0019297745311632752,
    "psnr": 27.14277458190918,
    "ms-ssim": 0.9745356440544128,
    "bpp": 0.06933333333333333,
    "encoding_time": 0.525322437286377,
    "decoding_time": 0.5550632476806641
}