{
    "image_name": "RGB_OR_1200x1200_056.png",
    "mse": 0.0006616379250772297,
    "psnr": 31.785259246826172,
    "ms-ssim": 0.9746372103691101,
    "bpp": 0.07651111111111111,
    "encoding_time": 0.3239305019378662,
    "decoding_time": 0.5443353652954102
}