{
    "image_name": "RGB_OR_1200x1200_087.png",
    "mse": 0.003436681814491749,
    "psnr": 24.636873245239258,
    "ms-ssim": 0.9426640272140503,
    "bpp": 0.24013333333333334,
    "encoding_time": 0.32399582862854004,
    "decoding_time": 0.7312502861022949
}