{
    "image_name": "RGB_OR_1200x1200_061.png",
    "mse": 0.0028303596191108227,
    "psnr": 25.479721069335938,
    "ms-ssim": 0.9560500979423523,
    "bpp": 0.19315555555555555,
    "encoding_time": 0.2847330570220947,
    "decoding_time": 0.41297030448913574
}