{
    "image_name": "RGB_OR_1200x1200_029.png",
    "mse": 0.001241962076164782,
    "psnr": 29.054365158081055,
    "ms-ssim": 0.9720309972763062,
    "bpp": 0.11271111111111111,
    "encoding_time": 0.6201794147491455,
    "decoding_time": 0.6993112564086914
}