{
    "image_name": "RGB_OR_1200x1200_033.png",
    "mse": 0.0018911234801635146,
    "psnr": 27.230384826660156,
    "ms-ssim": 0.9632927179336548,
    "bpp": 0.15495555555555557,
    "encoding_time": 0.7421836853027344,
    "decoding_time": 0.38662052154541016
}