{
    "image_name": "RGB_OR_1200x1200_025.png",
    "mse": 0.0011113015934824944,
    "psnr": 29.536611557006836,
    "ms-ssim": 0.9780799746513367,
    "bpp": 0.08342222222222222,
    "encoding_time": 0.2985827922821045,
    "decoding_time": 0.5176239013671875
}