{
    "image_name": "RGB_OR_1200x1200_074.png",
    "mse": 0.0008545939344912767,
    "psnr": 30.675989151000977,
    "ms-ssim": 0.9638828039169312,
    "bpp": 0.07562222222222222,
    "encoding_time": 0.3568003177642822,
    "decoding_time": 0.3536055088043213
}