{
    "image_name": "RGB_OR_1200x1200_042.png",
    "mse": 0.0012246599653735757,
    "psnr": 29.11553955078125,
    "ms-ssim": 0.9678366184234619,
    "bpp": 0.11466666666666667,
    "encoding_time": 0.4052882194519043,
    "decoding_time": 0.438077449798584
}