{
    "image_name": "RGB_OR_1200x1200_081.png",
    "mse": 0.0019384112674742937,
    "psnr": 27.122703552246094,
    "ms-ssim": 0.9745175242424011,
    "bpp": 0.11008888888888889,
    "encoding_time": 0.2845957279205322,
    "decoding_time": 0.35021162033081055
}