{
    "image_name": "RGB_OR_1200x1200_093.png",
    "mse": 0.0010483498917892575,
    "psnr": 29.790380477905273,
    "ms-ssim": 0.9767378568649292,
    "bpp": 0.09244444444444444,
    "encoding_time": 0.54091477394104,
    "decoding_time": 0.6206984519958496
}