{
    "image_name": "RGB_OR_1200x1200_043.png",
    "mse": 0.002461090451106429,
    "psnr": 26.086441040039062,
    "ms-ssim": 0.946652352809906,
    "bpp": 0.22448888888888888,
    "encoding_time": 0.34919023513793945,
    "decoding_time": 0.38408565521240234
}