{
    "image_name": "RGB_OR_1200x1200_004.png",
    "mse": 0.0011174088576808572,
    "psnr": 29.513418197631836,
    "ms-ssim": 0.9765278697013855,
    "bpp": 0.05542222222222222,
    "encoding_time": 0.26430439949035645,
    "decoding_time": 0.2990241050720215
}