{
    "image_name": "RGB_OR_1200x1200_035.png",
    "mse": 0.002166250953450799,
    "psnr": 26.640300750732422,
    "ms-ssim": 0.9682130217552185,
    "bpp": 0.132,
    "encoding_time": 0.43442463874816895,
    "decoding_time": 0.577080488204956
}