{
    "image_name": "RGB_OR_1200x1200_064.png",
    "mse": 0.001978943357244134,
    "psnr": 27.032922744750977,
    "ms-ssim": 0.9661939144134521,
    "bpp": 0.1479777777777778,
    "encoding_time": 0.5411679744720459,
    "decoding_time": 0.6157162189483643
}