{
    "image_name": "RGB_OR_1200x1200_066.png",
    "mse": 0.0012950868112966418,
    "psnr": 28.873050689697266,
    "ms-ssim": 0.9745230674743652,
    "bpp": 0.10633333333333334,
    "encoding_time": 0.3166830539703369,
    "decoding_time": 0.2829310894012451
}