{
    "image_name": "RGB_OR_1200x1200_009.png",
    "mse": 0.0010066631948575377,
    "psnr": 29.965486526489258,
    "ms-ssim": 0.9829899072647095,
    "bpp": 0.06891111111111112,
    "encoding_time": 0.38637208938598633,
    "decoding_time": 0.5759737491607666
}