{
    "image_name": "RGB_OR_1200x1200_005.png",
    "mse": 0.0015237624756991863,
    "psnr": 28.167011260986328,
    "ms-ssim": 0.9652241468429565,
    "bpp": 0.13946666666666666,
    "encoding_time": 0.3936450481414795,
    "decoding_time": 0.46276044845581055
}