{
    "image_name": "RGB_OR_1200x1200_038.png",
    "mse": 0.0009798990795388818,
    "psnr": 30.082456588745117,
    "ms-ssim": 0.9774152040481567,
    "bpp": 0.08913333333333333,
    "encoding_time": 0.2915537357330322,
    "decoding_time": 0.2896451950073242
}