{
    "image_name": "RGB_OR_1200x1200_003.png",
    "mse": 0.0015284294495359063,
    "psnr": 28.153703689575195,
    "ms-ssim": 0.9750114679336548,
    "bpp": 0.09044444444444444,
    "encoding_time": 0.39934778213500977,
    "decoding_time": 0.530550479888916
}