{
    "image_name": "RGB_OR_1200x1200_044.png",
    "mse": 0.001050154329277575,
    "psnr": 29.78223419189453,
    "ms-ssim": 0.962908148765564,
    "bpp": 0.13855555555555554,
    "encoding_time": 0.4141099452972412,
    "decoding_time": 0.8835983276367188
}