{
    "image_name": "RGB_OR_1200x1200_019.png",
    "mse": 0.0014879991067573428,
    "psnr": 28.270069122314453,
    "ms-ssim": 0.9670190215110779,
    "bpp": 0.12282222222222222,
    "encoding_time": 0.27616071701049805,
    "decoding_time": 0.4294459819793701
}