{
    "image_name": "RGB_OR_1200x1200_059.png",
    "mse": 0.0048667131923139095,
    "psnr": 23.126462936401367,
    "ms-ssim": 0.9504653811454773,
    "bpp": 0.21506666666666666,
    "encoding_time": 0.51114821434021,
    "decoding_time": 0.5420196056365967
}