{
    "image_name": "RGB_OR_1200x1200_057.png",
    "mse": 0.0010373579571023583,
    "psnr": 29.835281372070312,
    "ms-ssim": 0.9685033559799194,
    "bpp": 0.08535555555555556,
    "encoding_time": 0.6363887786865234,
    "decoding_time": 0.48115992546081543
}