{
    "image_name": "RGB_OR_1200x1200_075.png",
    "mse": 0.0012205472448840737,
    "psnr": 29.129987716674805,
    "ms-ssim": 0.9684564471244812,
    "bpp": 0.0912,
    "encoding_time": 0.37035679817199707,
    "decoding_time": 0.8089427947998047
}