{
    "image_name": "RGB_OR_1200x1200_046.png",
    "mse": 0.0017495607025921345,
    "psnr": 27.567649841308594,
    "ms-ssim": 0.9535080790519714,
    "bpp": 0.1844,
    "encoding_time": 0.28735804557800293,
    "decoding_time": 0.3196756839752197
}