{
    "image_name": "RGB_OR_1200x1200_092.png",
    "mse": 0.001696609309874475,
    "psnr": 27.701780319213867,
    "ms-ssim": 0.9693307876586914,
    "bpp": 0.04304444444444445,
    "encoding_time": 0.6028897762298584,
    "decoding_time": 0.5100045204162598
}