{
    "image_name": "RGB_OR_1200x1200_072.png",
    "mse": 0.002770598279312253,
    "psnr": 25.572242736816406,
    "ms-ssim": 0.9687978625297546,
    "bpp": 0.15022222222222223,
    "encoding_time": 0.3499002456665039,
    "decoding_time": 0.4395480155944824
}