{
    "image_name": "RGB_OR_1200x1200_047.png",
    "mse": 0.002061746548861265,
    "psnr": 26.85483169555664,
    "ms-ssim": 0.9655138850212097,
    "bpp": 0.12917777777777778,
    "encoding_time": 0.3332641124725342,
    "decoding_time": 0.6745414733886719
}