{
    "image_name": "RGB_OR_1200x1200_052.png",
    "mse": 0.0017684544436633587,
    "psnr": 27.521039962768555,
    "ms-ssim": 0.9694589972496033,
    "bpp": 0.14197777777777779,
    "encoding_time": 0.4669182300567627,
    "decoding_time": 0.4583446979522705
}