{
    "image_name": "RGB_OR_1200x1200_085.png",
    "mse": 0.0011034716153517365,
    "psnr": 29.567350387573242,
    "ms-ssim": 0.9573973417282104,
    "bpp": 0.14,
    "encoding_time": 0.48195409774780273,
    "decoding_time": 0.5524976253509521
}