{
    "image_name": "RGB_OR_1200x1200_030.png",
    "mse": 0.0021568129304796457,
    "psnr": 26.659299850463867,
    "ms-ssim": 0.9554001688957214,
    "bpp": 0.17148888888888889,
    "encoding_time": 0.47834157943725586,
    "decoding_time": 0.6250355243682861
}