{
    "image_name": "RGB_OR_1200x1200_012.png",
    "mse": 0.0017307681264355779,
    "psnr": 27.61443519592285,
    "ms-ssim": 0.9757194519042969,
    "bpp": 0.08577777777777777,
    "encoding_time": 0.43294644355773926,
    "decoding_time": 0.4174807071685791
}