{
    "image_name": "RGB_OR_1200x1200_040.png",
    "mse": 0.0015612562419846654,
    "psnr": 28.061904907226562,
    "ms-ssim": 0.9656109809875488,
    "bpp": 0.12813333333333332,
    "encoding_time": 0.40477609634399414,
    "decoding_time": 0.47226858139038086
}