{
    "image_name": "RGB_OR_1200x1200_022.png",
    "mse": 0.0011416664347052574,
    "psnr": 29.420007705688477,
    "ms-ssim": 0.9675900340080261,
    "bpp": 0.12457777777777777,
    "encoding_time": 0.3084726333618164,
    "decoding_time": 0.5484435558319092
}