{
    "image_name": "RGB_OR_1200x1200_065.png",
    "mse": 0.0032464973628520966,
    "psnr": 24.884172439575195,
    "ms-ssim": 0.9621496200561523,
    "bpp": 0.12222222222222222,
    "encoding_time": 0.5198962688446045,
    "decoding_time": 0.805509090423584
}