{
    "image_name": "RGB_OR_1200x1200_021.png",
    "mse": 0.0016582122771069407,
    "psnr": 27.800071716308594,
    "ms-ssim": 0.98033607006073,
    "bpp": 0.09231111111111111,
    "encoding_time": 0.3839685916900635,
    "decoding_time": 0.5014312267303467
}