{
    "image_name": "RGB_OR_1200x1200_088.png",
    "mse": 0.001611380954273045,
    "psnr": 27.924686431884766,
    "ms-ssim": 0.9685463905334473,
    "bpp": 0.1304,
    "encoding_time": 0.31531572341918945,
    "decoding_time": 0.5201148986816406
}