{
    "image_name": "RGB_OR_1200x1200_098.png",
    "mse": 0.0035996821243315935,
    "psnr": 24.43579864501953,
    "ms-ssim": 0.9527134299278259,
    "bpp": 0.2412,
    "encoding_time": 0.27623891830444336,
    "decoding_time": 0.399505615234375
}