{
    "image_name": "RGB_OR_1200x1200_062.png",
    "mse": 0.00415877066552639,
    "psnr": 23.809188842773438,
    "ms-ssim": 0.9469923377037048,
    "bpp": 0.2348888888888889,
    "encoding_time": 0.5066084861755371,
    "decoding_time": 0.484053373336792
}