{
    "image_name": "RGB_OR_1200x1200_079.png",
    "mse": 0.0030878023244440556,
    "psnr": 25.102354049682617,
    "ms-ssim": 0.9814059138298035,
    "bpp": 0.08624444444444444,
    "encoding_time": 0.37844157218933105,
    "decoding_time": 0.38056159019470215
}