{
    "image_name": "RGB_OR_1200x1200_008.png",
    "mse": 0.001624231575988233,
    "psnr": 27.890178680419922,
    "ms-ssim": 0.9571479558944702,
    "bpp": 0.15602222222222223,
    "encoding_time": 0.4095175266265869,
    "decoding_time": 1.0641236305236816
}