{
    "image_name": "RGB_OR_1200x1200_031.png",
    "mse": 0.0016915587475523353,
    "psnr": 27.713809967041016,
    "ms-ssim": 0.9676505327224731,
    "bpp": 0.1486888888888889,
    "encoding_time": 0.5493922233581543,
    "decoding_time": 0.45626354217529297
}