{
    "image_name": "RGB_OR_1200x1200_091.png",
    "mse": 0.0012520942836999893,
    "psnr": 29.019596099853516,
    "ms-ssim": 0.9776389002799988,
    "bpp": 0.09702222222222222,
    "encoding_time": 0.3485128879547119,
    "decoding_time": 0.45494842529296875
}