{
    "image_name": "RGB_OR_1200x1200_020.png",
    "mse": 0.001619129441678524,
    "psnr": 27.903953552246094,
    "ms-ssim": 0.9529100656509399,
    "bpp": 0.17782222222222221,
    "encoding_time": 0.4323556423187256,
    "decoding_time": 0.40457630157470703
}