{
    "image_name": "RGB_OR_1200x1200_086.png",
    "mse": 0.0016303356969729066,
    "psnr": 27.873760223388672,
    "ms-ssim": 0.9360427856445312,
    "bpp": 0.2522888888888889,
    "encoding_time": 0.39598798751831055,
    "decoding_time": 0.4004230499267578
}