{
    "image_name": "RGB_OR_1200x1200_048.png",
    "mse": 0.002504798350855708,
    "psnr": 26.009960174560547,
    "ms-ssim": 0.9552916288375854,
    "bpp": 0.17593333333333333,
    "encoding_time": 0.422900915145874,
    "decoding_time": 0.6287448406219482
}