{
    "image_name": "RGB_OR_1200x1200_049.png",
    "mse": 0.0016052558785304427,
    "psnr": 27.940610885620117,
    "ms-ssim": 0.9748950004577637,
    "bpp": 0.11995555555555555,
    "encoding_time": 0.3016490936279297,
    "decoding_time": 0.4264662265777588
}