{
    "image_name": "RGB_OR_1200x1200_094.png",
    "mse": 0.0031146141700446606,
    "psnr": 25.064037322998047,
    "ms-ssim": 0.9716014862060547,
    "bpp": 0.1244,
    "encoding_time": 0.3386375904083252,
    "decoding_time": 0.46724796295166016
}