{
    "image_name": "RGB_OR_1200x1200_073.png",
    "mse": 0.0008640901651233435,
    "psnr": 30.628353118896484,
    "ms-ssim": 0.9798258543014526,
    "bpp": 0.05262222222222222,
    "encoding_time": 0.36412882804870605,
    "decoding_time": 0.45775413513183594
}