{
    "image_name": "RGB_OR_1200x1200_077.png",
    "mse": 0.0009751097531989217,
    "psnr": 30.103940963745117,
    "ms-ssim": 0.9385771751403809,
    "bpp": 0.12664444444444445,
    "encoding_time": 0.6514217853546143,
    "decoding_time": 0.9468357563018799
}