{
    "image_name": "RGB_OR_1200x1200_034.png",
    "mse": 0.0008705382351763546,
    "psnr": 30.595783233642578,
    "ms-ssim": 0.9779335856437683,
    "bpp": 0.08571111111111111,
    "encoding_time": 0.31048011779785156,
    "decoding_time": 0.29207420349121094
}