{
    "image_name": "RGB_OR_1200x1200_100.png",
    "mse": 0.000796976441051811,
    "psnr": 30.98102569580078,
    "ms-ssim": 0.9823092818260193,
    "bpp": 0.06933333333333333,
    "encoding_time": 0.3966090679168701,
    "decoding_time": 0.36321210861206055
}