{
    "image_name": "RGB_OR_1200x1200_054.png",
    "mse": 0.0015560713363811374,
    "psnr": 28.076656341552734,
    "ms-ssim": 0.9703277349472046,
    "bpp": 0.12486666666666667,
    "encoding_time": 0.6314091682434082,
    "decoding_time": 0.4259974956512451
}