{
    "image_name": "RGB_OR_1200x1200_095.png",
    "mse": 0.004290783312171698,
    "psnr": 23.673385620117188,
    "ms-ssim": 0.9476397037506104,
    "bpp": 0.21846666666666667,
    "encoding_time": 0.4082915782928467,
    "decoding_time": 0.4870576858520508
}