{
    "image_name": "RGB_OR_1200x1200_018.png",
    "mse": 0.0037684577982872725,
    "psnr": 24.236953735351562,
    "ms-ssim": 0.9584657549858093,
    "bpp": 0.1887111111111111,
    "encoding_time": 0.3293299674987793,
    "decoding_time": 0.5777144432067871
}