{
    "image_name": "RGB_OR_1200x1200_083.png",
    "mse": 0.0015156987356022,
    "psnr": 28.190420150756836,
    "ms-ssim": 0.9779819846153259,
    "bpp": 0.08828888888888889,
    "encoding_time": 0.45415806770324707,
    "decoding_time": 0.5903530120849609
}