{
    "image_name": "RGB_OR_1200x1200_027.png",
    "mse": 0.001844246406108141,
    "psnr": 27.33867073059082,
    "ms-ssim": 0.9681181311607361,
    "bpp": 0.12517777777777778,
    "encoding_time": 0.42476344108581543,
    "decoding_time": 0.4310431480407715
}