{
    "image_name": "RGB_OR_1200x1200_080.png",
    "mse": 0.0007484365487471223,
    "psnr": 31.251293182373047,
    "ms-ssim": 0.9733914136886597,
    "bpp": 0.08893333333333334,
    "encoding_time": 0.444835901260376,
    "decoding_time": 0.41494011878967285
}