{
    "image_name": "RGB_OR_1200x1200_096.png",
    "mse": 0.0009096943540498614,
    "psnr": 30.404951095581055,
    "ms-ssim": 0.956365704536438,
    "bpp": 0.09071111111111112,
    "encoding_time": 0.3796708583831787,
    "decoding_time": 0.32572484016418457
}