{
    "image_name": "RGB_OR_1200x1200_089.png",
    "mse": 0.00187474035192281,
    "psnr": 27.267658233642578,
    "ms-ssim": 0.9592847228050232,
    "bpp": 0.14213333333333333,
    "encoding_time": 0.35764241218566895,
    "decoding_time": 0.3629798889160156
}