{
    "image_name": "RGB_OR_1200x1200_067.png",
    "mse": 0.0015836488455533981,
    "psnr": 28.00010871887207,
    "ms-ssim": 0.9644312858581543,
    "bpp": 0.09657777777777778,
    "encoding_time": 0.3180665969848633,
    "decoding_time": 0.7570619583129883
}