{
    "image_name": "RGB_OR_1200x1200_084.png",
    "mse": 0.0007966402336023748,
    "psnr": 30.980693817138672,
    "ms-ssim": 0.9750946760177612,
    "bpp": 0.042222222222222223,
    "encoding_time": 0.5399022102355957,
    "decoding_time": 0.4960591793060303
}