{
    "image_name": "RGB_OR_1200x1200_070.png",
    "mse": 0.0010969535214826465,
    "psnr": 29.592891693115234,
    "ms-ssim": 0.9564008116722107,
    "bpp": 0.13746666666666665,
    "encoding_time": 0.4745655059814453,
    "decoding_time": 0.8546667098999023
}