{
    "image_name": "RGB_OR_1200x1200_015.png",
    "mse": 0.0014961191918700933,
    "psnr": 28.247478485107422,
    "ms-ssim": 0.9866165518760681,
    "bpp": 0.04557777777777778,
    "encoding_time": 0.6023557186126709,
    "decoding_time": 0.3651854991912842
}