{
    "image_name": "RGB_OR_1200x1200_026.png",
    "mse": 0.004298594314604998,
    "psnr": 23.665529251098633,
    "ms-ssim": 0.962188184261322,
    "bpp": 0.17931111111111112,
    "encoding_time": 0.30876946449279785,
    "decoding_time": 0.7208919525146484
}