{
    "image_name": "RGB_OR_1200x1200_060.png",
    "mse": 0.0013732882216572762,
    "psnr": 28.618499755859375,
    "ms-ssim": 0.973939061164856,
    "bpp": 0.10273333333333333,
    "encoding_time": 0.3938121795654297,
    "decoding_time": 0.339489221572876
}