{
    "image_name": "RGB_OR_1200x1200_016.png",
    "mse": 0.0035156297963112593,
    "psnr": 24.53844451904297,
    "ms-ssim": 0.9530331492424011,
    "bpp": 0.19013333333333332,
    "encoding_time": 0.37664246559143066,
    "decoding_time": 0.39655375480651855
}