{
    "image_name": "RGB_OR_1200x1200_068.png",
    "mse": 0.0011122855357825756,
    "psnr": 29.535131454467773,
    "ms-ssim": 0.9813473224639893,
    "bpp": 0.08846666666666667,
    "encoding_time": 0.5729589462280273,
    "decoding_time": 0.4616663455963135
}