{
    "image_name": "RGB_OR_1200x1200_037.png",
    "mse": 0.0014128247275948524,
    "psnr": 28.495101928710938,
    "ms-ssim": 0.9686449766159058,
    "bpp": 0.11564444444444444,
    "encoding_time": 0.48767924308776855,
    "decoding_time": 0.5197093486785889
}