{
    "image_name": "RGB_OR_1200x1200_011.png",
    "mse": 0.0026448022108525038,
    "psnr": 25.773759841918945,
    "ms-ssim": 0.9674820899963379,
    "bpp": 0.15406666666666666,
    "encoding_time": 0.6251022815704346,
    "decoding_time": 0.46733927726745605
}