{
    "image_name": "RGB_OR_1200x1200_001.png",
    "mse": 0.0012652167351916432,
    "psnr": 28.974096298217773,
    "ms-ssim": 0.9796759486198425,
    "bpp": 0.08082222222222223,
    "encoding_time": 0.6438093185424805,
    "decoding_time": 0.5536448955535889
}