{
    "image_name": "RGB_OR_1200x1200_013.png",
    "mse": 0.0018774946220219135,
    "psnr": 27.260845184326172,
    "ms-ssim": 0.9753146171569824,
    "bpp": 0.09613333333333333,
    "encoding_time": 0.3108327388763428,
    "decoding_time": 0.3463449478149414
}