{
    "image_name": "RGB_OR_1200x1200_007.png",
    "mse": 0.002261964837089181,
    "psnr": 26.45192527770996,
    "ms-ssim": 0.9733281135559082,
    "bpp": 0.1097111111111111,
    "encoding_time": 0.299938440322876,
    "decoding_time": 0.35924434661865234
}