{
    "image_name": "RGB_OR_1200x1200_045.png",
    "mse": 0.001340597285889089,
    "psnr": 28.72303581237793,
    "ms-ssim": 0.9728158712387085,
    "bpp": 0.10444444444444445,
    "encoding_time": 0.29656243324279785,
    "decoding_time": 0.46758556365966797
}