{
    "image_name": "RGB_OR_1200x1200_090.png",
    "mse": 0.0035368422977626324,
    "psnr": 24.51233673095703,
    "ms-ssim": 0.9544814825057983,
    "bpp": 0.19497777777777778,
    "encoding_time": 0.4055757522583008,
    "decoding_time": 0.5830936431884766
}