{
    "mean_loss": 0.2874090798877267,
    "mean_bpp": 0.28518342531547825,
    "mean_psnr": 28.646949648857117,
    "mean_msssim": 0.9777434542775154,
    "mean_msssim_dB": 16.52542238477206,
    "mean_enc_time": 0.7607966661453247,
    "mean_dec_time": 0.942152738571167
}