{
    "image_name": "00004_TE_1808x1352.png",
    "mse": 0.0021024770103394985,
    "psnr": 26.770244598388672,
    "ms-ssim": 0.9779239892959595,
    "bpp": 0.33785411321149916,
    "encoding_time": 0.9182248115539551,
    "decoding_time": 0.8468003273010254
}