{
    "image_name": "00010_TE_2000x1128.png",
    "mse": 0.0006318772793747485,
    "psnr": 31.985074996948242,
    "ms-ssim": 0.9818810224533081,
    "bpp": 0.22756028368794326,
    "encoding_time": 0.8067564964294434,
    "decoding_time": 0.6851527690887451
}