{
    "image_name": "00001_TE_2096x1400.png",
    "mse": 0.0023663006722927094,
    "psnr": 26.25701141357422,
    "ms-ssim": 0.9813085794448853,
    "bpp": 0.3188549618320611,
    "encoding_time": 0.5626704692840576,
    "decoding_time": 0.6927683353424072
}