{
    "image_name": "00002_TE_2144x1424.png",
    "mse": 0.0012785954168066382,
    "psnr": 28.928558349609375,
    "ms-ssim": 0.9690259695053101,
    "bpp": 0.32539200067080326,
    "encoding_time": 0.6478257179260254,
    "decoding_time": 1.4125831127166748
}