{
    "image_name": "00003_TE_1944x1296.png",
    "mse": 0.0008711847476661205,
    "psnr": 30.593156814575195,
    "ms-ssim": 0.983333945274353,
    "bpp": 0.2293603617334756,
    "encoding_time": 0.5477192401885986,
    "decoding_time": 0.6581768989562988
}