{
    "image_name": "00013_TE_1920x1280.png",
    "mse": 0.0008852793253026903,
    "psnr": 30.5229434967041,
    "ms-ssim": 0.9783770442008972,
    "bpp": 0.32359375,
    "encoding_time": 0.4500598907470703,
    "decoding_time": 0.6523895263671875
}