{
    "image_name": "00006_TE_1544x1120.png",
    "mse": 0.001770657952874899,
    "psnr": 27.5157470703125,
    "ms-ssim": 0.985708475112915,
    "bpp": 0.2632679496669134,
    "encoding_time": 0.3965458869934082,
    "decoding_time": 0.5220046043395996
}