{
    "image_name": "00005_TE_1336x872.png",
    "mse": 0.0013415116118267179,
    "psnr": 28.7200927734375,
    "ms-ssim": 0.9893752932548523,
    "bpp": 0.15475471076196232,
    "encoding_time": 0.32870960235595703,
    "decoding_time": 0.425722599029541
}