{
    "image_name": "00015_TE_3680x2456.png",
    "mse": 0.0010899658082053065,
    "psnr": 29.620786666870117,
    "ms-ssim": 0.9862381219863892,
    "bpp": 0.1939526979181419,
    "encoding_time": 1.7042407989501953,
    "decoding_time": 2.021084785461426
}