{
    "image_name": "00008_TE_1912x1272.png",
    "mse": 0.001748264185152948,
    "psnr": 27.570606231689453,
    "ms-ssim": 0.9782911539077759,
    "bpp": 0.2943343596221152,
    "encoding_time": 0.4965512752532959,
    "decoding_time": 1.024559497833252
}