{
    "image_name": "00011_TE_1744x1160.png",
    "mse": 0.0016450292896479368,
    "psnr": 27.83484649658203,
    "ms-ssim": 0.9773322939872742,
    "bpp": 0.37187598861119897,
    "encoding_time": 0.4478492736816406,
    "decoding_time": 0.7690224647521973
}