{
    "image_name": "00016_TE_1744x2000.png",
    "mse": 0.00069948541931808,
    "psnr": 31.54454231262207,
    "ms-ssim": 0.9484683871269226,
    "bpp": 0.2878715596330275,
    "encoding_time": 0.7612276077270508,
    "decoding_time": 0.7865316867828369
}