{
    "mean_loss": 0.37193728205230503,
    "mean_bpp": 0.3702867296006945,
    "mean_psnr": 28.405908981959026,
    "mean_msssim": 0.9834944754838943,
    "mean_msssim_dB": 17.823706700109877,
    "mean_enc_time": 0.13220583399136862,
    "mean_dec_time": 0.12023631731669109
}