{
    "image_name": "16.png",
    "mse": 0.0008924089488573372,
    "psnr": 30.488582611083984,
    "ms-ssim": 0.9844974875450134,
    "bpp": 0.3428548177083333,
    "encoding_time": 0.08972311019897461,
    "decoding_time": 0.11059832572937012
}