{
    "image_name": "1.png",
    "mse": 0.002506082644686103,
    "psnr": 26.007686614990234,
    "ms-ssim": 0.9808781147003174,
    "bpp": 0.4864095052083333,
    "encoding_time": 0.10545682907104492,
    "decoding_time": 0.1397855281829834
}