{
    "image_name": "10.png",
    "mse": 0.0012234009336680174,
    "psnr": 29.11997413635254,
    "ms-ssim": 0.9863221645355225,
    "bpp": 0.2664388020833333,
    "encoding_time": 0.1849980354309082,
    "decoding_time": 0.07235193252563477
}