{
    "image_name": "21.png",
    "mse": 0.0016362458700314164,
    "psnr": 27.85845184326172,
    "ms-ssim": 0.9830748438835144,
    "bpp": 0.3308919270833333,
    "encoding_time": 0.0901789665222168,
    "decoding_time": 0.10810065269470215
}