{
    "image_name": "19.png",
    "mse": 0.0011544361477717757,
    "psnr": 29.371559143066406,
    "ms-ssim": 0.9830981492996216,
    "bpp": 0.341796875,
    "encoding_time": 0.08466339111328125,
    "decoding_time": 0.13994455337524414
}