{
    "image_name": "13.png",
    "mse": 0.004768761340528727,
    "psnr": 23.21493911743164,
    "ms-ssim": 0.9758596420288086,
    "bpp": 0.585693359375,
    "encoding_time": 0.09467482566833496,
    "decoding_time": 0.10756444931030273
}