{
    "image_name": "23.png",
    "mse": 0.0006500837625935674,
    "psnr": 31.862215042114258,
    "ms-ssim": 0.9879621863365173,
    "bpp": 0.22509765625,
    "encoding_time": 0.26685523986816406,
    "decoding_time": 0.11171460151672363
}