{
    "image_name": "14.png",
    "mse": 0.0015385780716314912,
    "psnr": 28.125381469726562,
    "ms-ssim": 0.9813105463981628,
    "bpp": 0.4906412760416667,
    "encoding_time": 0.09195113182067871,
    "decoding_time": 0.11160445213317871
}