{
    "image_name": "2.png",
    "mse": 0.0011456699576228857,
    "psnr": 29.40426254272461,
    "ms-ssim": 0.9795572757720947,
    "bpp": 0.4092610677083333,
    "encoding_time": 0.08546018600463867,
    "decoding_time": 0.21746587753295898
}