{
    "image_name": "15.png",
    "mse": 0.0014045719290152192,
    "psnr": 28.52018928527832,
    "ms-ssim": 0.9839034080505371,
    "bpp": 0.2998046875,
    "encoding_time": 0.0975501537322998,
    "decoding_time": 0.1087188720703125
}