{
    "image_name": "8.png",
    "mse": 0.0038314934354275465,
    "psnr": 24.16498374938965,
    "ms-ssim": 0.9826604127883911,
    "bpp": 0.437744140625,
    "encoding_time": 0.12089133262634277,
    "decoding_time": 0.10817527770996094
}