{
    "image_name": "20.png",
    "mse": 0.0014042099937796593,
    "psnr": 28.52227783203125,
    "ms-ssim": 0.9867582321166992,
    "bpp": 0.23225911458333334,
    "encoding_time": 0.0910634994506836,
    "decoding_time": 0.10622310638427734
}