{
    "image_name": "22.png",
    "mse": 0.0011036086361855268,
    "psnr": 29.567087173461914,
    "ms-ssim": 0.9795987606048584,
    "bpp": 0.4579264322916667,
    "encoding_time": 0.08856511116027832,
    "decoding_time": 0.10778999328613281
}