{
    "image_name": "18.png",
    "mse": 0.0019017665181308985,
    "psnr": 27.205717086791992,
    "ms-ssim": 0.979615330696106,
    "bpp": 0.485107421875,
    "encoding_time": 0.1265394687652588,
    "decoding_time": 0.09891486167907715
}