{
    "image_name": "24.png",
    "mse": 0.002347537549212575,
    "psnr": 26.29172134399414,
    "ms-ssim": 0.9831408262252808,
    "bpp": 0.4326985677083333,
    "encoding_time": 0.11187052726745605,
    "decoding_time": 0.14516067504882812
}