{
    "image_name": "3.png",
    "mse": 0.0007139888475649059,
    "psnr": 31.455963134765625,
    "ms-ssim": 0.9884448051452637,
    "bpp": 0.24894205729166666,
    "encoding_time": 0.20377063751220703,
    "decoding_time": 0.11020088195800781
}