{
    "image_name": "11.png",
    "mse": 0.001534168142825365,
    "psnr": 28.137266159057617,
    "ms-ssim": 0.9825797080993652,
    "bpp": 0.4086100260416667,
    "encoding_time": 0.22098493576049805,
    "decoding_time": 0.08002519607543945
}