{
    "image_name": "7.png",
    "mse": 0.0010222730925306678,
    "psnr": 29.899089813232422,
    "ms-ssim": 0.9892158508300781,
    "bpp": 0.2633463541666667,
    "encoding_time": 0.12643027305603027,
    "decoding_time": 0.1510758399963379
}