{
    "image_name": "12.png",
    "mse": 0.0011587913613766432,
    "psnr": 29.355297088623047,
    "ms-ssim": 0.9847432971000671,
    "bpp": 0.3155924479166667,
    "encoding_time": 0.14607954025268555,
    "decoding_time": 0.17915940284729004
}