{
    "image_name": "17.png",
    "mse": 0.0009431305225007236,
    "psnr": 30.24846839904785,
    "ms-ssim": 0.9861864447593689,
    "bpp": 0.30712890625,
    "encoding_time": 0.08756852149963379,
    "decoding_time": 0.11016297340393066
}