{
    "image_name": "5.png",
    "mse": 0.002326452173292637,
    "psnr": 26.330541610717773,
    "ms-ssim": 0.9828936457633972,
    "bpp": 0.5064290364583334,
    "encoding_time": 0.08608484268188477,
    "decoding_time": 0.11720895767211914
}