{
    "image_name": "9.png",
    "mse": 0.0010706910397857428,
    "psnr": 29.69796371459961,
    "ms-ssim": 0.985759437084198,
    "bpp": 0.216552734375,
    "encoding_time": 0.21549296379089355,
    "decoding_time": 0.1661827564239502
}