{
    "mean_loss": 0.7238805587093035,
    "mean_bpp": 0.72314453125,
    "mean_psnr": 30.768848260243733,
    "mean_msssim": 0.9926397254069647,
    "mean_msssim_dB": 21.331059829430103,
    "mean_enc_time": 0.1611292064189911,
    "mean_dec_time": 0.13204211990038553
}