{
    "image_name": "5.png",
    "mse": 0.001278519630432129,
    "psnr": 28.928394317626953,
    "ms-ssim": 0.993438184261322,
    "bpp": 0.9012858072916666,
    "encoding_time": 0.07695364952087402,
    "decoding_time": 0.12491297721862793
}