{
    "image_name": "14.png",
    "mse": 0.0008900519460439682,
    "psnr": 30.499958038330078,
    "ms-ssim": 0.9922056198120117,
    "bpp": 0.8802897135416666,
    "encoding_time": 0.19063186645507812,
    "decoding_time": 0.10065507888793945
}