{
    "image_name": "8.png",
    "mse": 0.0019775850232690573,
    "psnr": 27.035747528076172,
    "ms-ssim": 0.9927775859832764,
    "bpp": 0.8551432291666666,
    "encoding_time": 0.1983649730682373,
    "decoding_time": 0.07174348831176758
}