{
    "image_name": "24.png",
    "mse": 0.0012379108229652047,
    "psnr": 29.06865692138672,
    "ms-ssim": 0.9929693937301636,
    "bpp": 0.8094075520833334,
    "encoding_time": 0.25015830993652344,
    "decoding_time": 0.10841536521911621
}