{
    "image_name": "21.png",
    "mse": 0.0009628615225665271,
    "psnr": 30.158531188964844,
    "ms-ssim": 0.9923484325408936,
    "bpp": 0.703125,
    "encoding_time": 0.21059489250183105,
    "decoding_time": 0.13750743865966797
}