{
    "image_name": "20.png",
    "mse": 0.0008679701131768525,
    "psnr": 30.61073875427246,
    "ms-ssim": 0.9933695197105408,
    "bpp": 0.5174153645833334,
    "encoding_time": 0.1950986385345459,
    "decoding_time": 0.14023733139038086
}