{
    "image_name": "1.png",
    "mse": 0.0013670375337824225,
    "psnr": 28.638275146484375,
    "ms-ssim": 0.9921077489852905,
    "bpp": 0.91259765625,
    "encoding_time": 0.14750933647155762,
    "decoding_time": 0.14006733894348145
}