{
    "image_name": "23.png",
    "mse": 0.000429880921728909,
    "psnr": 33.653045654296875,
    "ms-ssim": 0.9940427541732788,
    "bpp": 0.4713541666666667,
    "encoding_time": 0.3311750888824463,
    "decoding_time": 0.11219549179077148
}