{
    "image_name": "19.png",
    "mse": 0.0005557730910368264,
    "psnr": 32.54164123535156,
    "ms-ssim": 0.9923683404922485,
    "bpp": 0.7132161458333334,
    "encoding_time": 0.1537773609161377,
    "decoding_time": 0.1472163200378418
}