{
    "image_name": "22.png",
    "mse": 0.0006719038938172162,
    "psnr": 31.718299865722656,
    "ms-ssim": 0.9910364151000977,
    "bpp": 0.8695475260416666,
    "encoding_time": 0.07851719856262207,
    "decoding_time": 0.27284836769104004
}