{
    "image_name": "9.png",
    "mse": 0.0006869075004942715,
    "psnr": 31.622554779052734,
    "ms-ssim": 0.9930073618888855,
    "bpp": 0.5372721354166666,
    "encoding_time": 0.2252063751220703,
    "decoding_time": 0.1083366870880127
}