{
    "image_name": "15.png",
    "mse": 0.0007742021698504686,
    "psnr": 31.104215621948242,
    "ms-ssim": 0.99244225025177,
    "bpp": 0.6192220052083334,
    "encoding_time": 0.20348691940307617,
    "decoding_time": 0.09357619285583496
}