{
    "image_name": "11.png",
    "mse": 0.000879388302564621,
    "psnr": 30.551898956298828,
    "ms-ssim": 0.992335319519043,
    "bpp": 0.7657877604166666,
    "encoding_time": 0.13179492950439453,
    "decoding_time": 0.102264404296875
}