{
    "image_name": "13.png",
    "mse": 0.002523857168853283,
    "psnr": 25.97740936279297,
    "ms-ssim": 0.9901202917098999,
    "bpp": 1.0860188802083333,
    "encoding_time": 0.12167024612426758,
    "decoding_time": 0.10753893852233887
}