{
    "image_name": "12.png",
    "mse": 0.0007097901543602347,
    "psnr": 31.48165512084961,
    "ms-ssim": 0.9927641749382019,
    "bpp": 0.6298014322916666,
    "encoding_time": 0.1918933391571045,
    "decoding_time": 0.12765908241271973
}