{
    "image_name": "3.png",
    "mse": 0.0004547724674921483,
    "psnr": 33.40950012207031,
    "ms-ssim": 0.9944266080856323,
    "bpp": 0.5052897135416666,
    "encoding_time": 0.20714950561523438,
    "decoding_time": 0.10425233840942383
}