{
    "image_name": "7.png",
    "mse": 0.0005879424861632288,
    "psnr": 32.29739761352539,
    "ms-ssim": 0.9951304197311401,
    "bpp": 0.5236002604166666,
    "encoding_time": 0.1919872760772705,
    "decoding_time": 0.08904409408569336
}