{
    "image_name": "18.png",
    "mse": 0.0010731989750638604,
    "psnr": 29.688201904296875,
    "ms-ssim": 0.9910738468170166,
    "bpp": 0.90283203125,
    "encoding_time": 0.10728883743286133,
    "decoding_time": 0.14131951332092285
}