{
    "image_name": "16.png",
    "mse": 0.0005263123312033713,
    "psnr": 32.77726745605469,
    "ms-ssim": 0.9930635690689087,
    "bpp": 0.654052734375,
    "encoding_time": 0.08489704132080078,
    "decoding_time": 0.15034270286560059
}