{
    "image_name": "4.png",
    "mse": 0.0007298022974282503,
    "psnr": 31.36102294921875,
    "ms-ssim": 0.9922823905944824,
    "bpp": 0.7222493489583334,
    "encoding_time": 0.12890052795410156,
    "decoding_time": 0.17760467529296875
}