{
    "image_name": "2.png",
    "mse": 0.000707560742739588,
    "psnr": 31.494096755981445,
    "ms-ssim": 0.9908970594406128,
    "bpp": 0.809326171875,
    "encoding_time": 0.18819427490234375,
    "decoding_time": 0.17747807502746582
}