{
    "image_name": "6.png",
    "mse": 0.0009919402655214071,
    "psnr": 30.030027389526367,
    "ms-ssim": 0.9923651218414307,
    "bpp": 0.7880859375,
    "encoding_time": 0.08435535430908203,
    "decoding_time": 0.10787415504455566
}