{
    "mean_loss": 0.755866042454079,
    "mean_bpp": 0.7558510054186889,
    "mean_psnr": 38.588180262868,
    "mean_msssim": 0.9901677210156511,
    "mean_msssim_dB": 20.073458071309275,
    "mean_enc_time": 0.4213867303801746,
    "mean_dec_time": 0.4950480054064495
}