{
    "image_name": "dogancan-ozturan-395.png",
    "mse": 9.453752863919362e-05,
    "psnr": 40.188682556152344,
    "ms-ssim": 0.9932256937026978,
    "bpp": 0.5332525951557093,
    "encoding_time": 0.420245885848999,
    "decoding_time": 0.7459158897399902
}