{
    "image_name": "mullermarc-184.png",
    "mse": 0.00013575286720879376,
    "psnr": 38.637027740478516,
    "ms-ssim": 0.9939736127853394,
    "bpp": 0.7461139896373057,
    "encoding_time": 0.3285527229309082,
    "decoding_time": 0.29450345039367676
}