{
    "image_name": "jason-briscoe-149782.png",
    "mse": 4.994467963115312e-05,
    "psnr": 42.9083137512207,
    "ms-ssim": 0.9945553541183472,
    "bpp": 0.2360576923076923,
    "encoding_time": 0.5724747180938721,
    "decoding_time": 0.8516044616699219
}