{
    "image_name": "kazuend-28556.png",
    "mse": 5.2505358326015994e-05,
    "psnr": 42.69636535644531,
    "ms-ssim": 0.9919454455375671,
    "bpp": 0.21847527472527473,
    "encoding_time": 0.6872503757476807,
    "decoding_time": 0.7662975788116455
}