{
    "image_name": "juskteez-vu-1041.png",
    "mse": 0.00024275480245705694,
    "psnr": 36.126434326171875,
    "ms-ssim": 0.9894990921020508,
    "bpp": 1.6063793430795519,
    "encoding_time": 0.3668801784515381,
    "decoding_time": 0.4356505870819092
}