{
    "image_name": "philippe-wuyts-45997.png",
    "mse": 0.00018580976757220924,
    "psnr": 37.28157043457031,
    "ms-ssim": 0.990293025970459,
    "bpp": 1.0776440427248157,
    "encoding_time": 0.3809242248535156,
    "decoding_time": 0.44868016242980957
}