{
    "image_name": "alejandro-escamilla-6.png",
    "mse": 0.00011314592120470479,
    "psnr": 39.42070007324219,
    "ms-ssim": 0.9910475611686707,
    "bpp": 0.48795743091859595,
    "encoding_time": 0.4324791431427002,
    "decoding_time": 0.48206400871276855
}