{
    "image_name": "zugr-108.png",
    "mse": 8.187957428162917e-05,
    "psnr": 40.80281448364258,
    "ms-ssim": 0.9935239553451538,
    "bpp": 0.2791437728937729,
    "encoding_time": 0.41584157943725586,
    "decoding_time": 0.4936811923980713
}