{
    "image_name": "roberto-nickson-48063.png",
    "mse": 9.067958308150992e-05,
    "psnr": 40.365787506103516,
    "ms-ssim": 0.9882552027702332,
    "bpp": 0.2802541208791209,
    "encoding_time": 0.6222994327545166,
    "decoding_time": 0.6984190940856934
}