{
    "image_name": "davide-ragusa-716.png",
    "mse": 0.00010264018783345819,
    "psnr": 39.835174560546875,
    "ms-ssim": 0.9896618127822876,
    "bpp": 0.4622856096842742,
    "encoding_time": 0.3688502311706543,
    "decoding_time": 0.5356709957122803
}