{
    "image_name": "michael-durana-82941.png",
    "mse": 0.00013882157509215176,
    "psnr": 38.537498474121094,
    "ms-ssim": 0.9902955889701843,
    "bpp": 0.647676282051282,
    "encoding_time": 0.46732378005981445,
    "decoding_time": 0.43471527099609375
}