{
    "image_name": "benjamin-sloth-lindgreen-705.png",
    "mse": 0.00016701013373676687,
    "psnr": 37.74077606201172,
    "ms-ssim": 0.990410327911377,
    "bpp": 0.9227220695970696,
    "encoding_time": 0.43344998359680176,
    "decoding_time": 0.6112368106842041
}