{
    "image_name": "paul-itkin-46101.png",
    "mse": 0.00017970037879422307,
    "psnr": 37.425193786621094,
    "ms-ssim": 0.9963275194168091,
    "bpp": 1.4864790286975718,
    "encoding_time": 0.10979104042053223,
    "decoding_time": 0.19776105880737305
}