{
    "image_name": "todd-quackenbush-222.png",
    "mse": 0.00025410004309378564,
    "psnr": 35.92898178100586,
    "ms-ssim": 0.9904698729515076,
    "bpp": 1.4918754745634017,
    "encoding_time": 0.07864809036254883,
    "decoding_time": 0.10238957405090332
}