{
    "image_name": "jeremy-cai-1174.png",
    "mse": 9.844366286415607e-05,
    "psnr": 40.01593780517578,
    "ms-ssim": 0.9962660074234009,
    "bpp": 0.5111367023438559,
    "encoding_time": 0.4537007808685303,
    "decoding_time": 0.4366888999938965
}