{
    "image_name": "thong-vo-428.png",
    "mse": 0.0002094564842991531,
    "psnr": 36.76433563232422,
    "ms-ssim": 0.9916641116142273,
    "bpp": 1.2285851626341933,
    "encoding_time": 0.2667827606201172,
    "decoding_time": 0.38540029525756836
}