{
    "image_name": "andrew-ruiz-376.png",
    "mse": 0.00013389918603934348,
    "psnr": 38.692588806152344,
    "ms-ssim": 0.994064211845398,
    "bpp": 0.6811283063923586,
    "encoding_time": 0.47791194915771484,
    "decoding_time": 0.8135800361633301
}