{
    "image_name": "nomao-saeki-33553.png",
    "mse": 8.985275053419173e-05,
    "psnr": 40.40504837036133,
    "ms-ssim": 0.985160768032074,
    "bpp": 0.2975498718887262,
    "encoding_time": 0.42363762855529785,
    "decoding_time": 0.5685670375823975
}