{
    "image_name": "vita-vilcina-3055.png",
    "mse": 0.0001184334687422961,
    "psnr": 39.221981048583984,
    "ms-ssim": 0.9977511167526245,
    "bpp": 1.079237755708344,
    "encoding_time": 0.40511250495910645,
    "decoding_time": 0.5510904788970947
}