{
    "image_name": "sergey-zolkin-21232.png",
    "mse": 6.112620758358389e-05,
    "psnr": 42.055686950683594,
    "ms-ssim": 0.9898554086685181,
    "bpp": 0.22663981791296361,
    "encoding_time": 0.8524172306060791,
    "decoding_time": 0.5270636081695557
}