{
    "image_name": "martin-wessely-211.png",
    "mse": 0.00029497704235836864,
    "psnr": 35.28354263305664,
    "ms-ssim": 0.9926097393035889,
    "bpp": 1.9420833333333334,
    "encoding_time": 0.1331768035888672,
    "decoding_time": 0.13021588325500488
}