{
    "image_name": "wojciech-szaturski-3611.png",
    "mse": 0.00017070617468561977,
    "psnr": 37.64641571044922,
    "ms-ssim": 0.9895345568656921,
    "bpp": 0.8690330663224631,
    "encoding_time": 0.5923593044281006,
    "decoding_time": 0.7190096378326416
}