{
    "image_name": "jared-erondu-21325.png",
    "mse": 0.00011301630729576573,
    "psnr": 39.421180725097656,
    "ms-ssim": 0.9855489730834961,
    "bpp": 0.360279304029304,
    "encoding_time": 0.3613464832305908,
    "decoding_time": 0.48174262046813965
}