{
    "image_name": "schicka-307.png",
    "mse": 9.785980364540592e-05,
    "psnr": 40.035160064697266,
    "ms-ssim": 0.9900892972946167,
    "bpp": 0.4368489583333333,
    "encoding_time": 0.18790602684020996,
    "decoding_time": 0.05066323280334473
}