{
    "image_name": "veeterzy-82537.png",
    "mse": 0.00021665508393198252,
    "psnr": 36.617332458496094,
    "ms-ssim": 0.9925753474235535,
    "bpp": 0.8611822840409956,
    "encoding_time": 0.6320722103118896,
    "decoding_time": 0.7733471393585205
}