{
    "image_name": "daniel-robert-405.png",
    "mse": 0.00021515600383281708,
    "psnr": 36.64876174926758,
    "ms-ssim": 0.9912885427474976,
    "bpp": 1.1872859399684044,
    "encoding_time": 0.24169087409973145,
    "decoding_time": 0.28176403045654297
}