{
    "image_name": "todd-quackenbush-27493.png",
    "mse": 6.657130143139511e-05,
    "psnr": 41.6888427734375,
    "ms-ssim": 0.9941414594650269,
    "bpp": 0.2973439012584705,
    "encoding_time": 0.5317175388336182,
    "decoding_time": 0.475816011428833
}