{
    "image_name": "martyn-seddon-220.png",
    "mse": 0.00014822346565779299,
    "psnr": 38.25454330444336,
    "ms-ssim": 0.9848965406417847,
    "bpp": 0.6247825091575091,
    "encoding_time": 0.36810803413391113,
    "decoding_time": 0.5162668228149414
}