{
    "image_name": "amy-zhang-15940.png",
    "mse": 0.00015975633868947625,
    "psnr": 37.93302917480469,
    "ms-ssim": 0.9909414649009705,
    "bpp": 0.9660987892424729,
    "encoding_time": 0.266399621963501,
    "decoding_time": 0.3853607177734375
}