{
    "mean_loss": 0.2281124280772034,
    "mean_bpp": 0.22805519588699735,
    "mean_psnr": 33.183996433165014,
    "mean_msssim": 0.96914143969373,
    "mean_msssim_dB": 15.106243396347555,
    "mean_enc_time": 0.5218923906000649,
    "mean_dec_time": 0.6572084892086867
}