{
    "image_name": "martin-wessely-211.png",
    "mse": 0.0016202012775465846,
    "psnr": 27.900869369506836,
    "ms-ssim": 0.9563300013542175,
    "bpp": 0.5552083333333333,
    "encoding_time": 0.1414327621459961,
    "decoding_time": 0.17214226722717285
}