{
    "image_name": "amy-zhang-15940.png",
    "mse": 0.0007139459485188127,
    "psnr": 31.45564842224121,
    "ms-ssim": 0.9618848562240601,
    "bpp": 0.2553948355298403,
    "encoding_time": 0.26746702194213867,
    "decoding_time": 0.5445365905761719
}