{
    "image_name": "veeterzy-82537.png",
    "mse": 0.0007459282642230392,
    "psnr": 31.265501022338867,
    "ms-ssim": 0.9723424911499023,
    "bpp": 0.2814787701317716,
    "encoding_time": 0.5626893043518066,
    "decoding_time": 0.9384758472442627
}