{
    "image_name": "jeremy-cai-1174.png",
    "mse": 0.00036477608955465257,
    "psnr": 34.365760803222656,
    "ms-ssim": 0.9893788695335388,
    "bpp": 0.18901232895271644,
    "encoding_time": 0.8616025447845459,
    "decoding_time": 0.6946289539337158
}