{
    "image_name": "sergey-zolkin-21232.png",
    "mse": 0.00015662139048799872,
    "psnr": 38.01898956298828,
    "ms-ssim": 0.9802155494689941,
    "bpp": 0.08462404174678395,
    "encoding_time": 0.5823352336883545,
    "decoding_time": 0.4641537666320801
}