{
    "image_name": "zugr-108.png",
    "mse": 0.00021469475177582353,
    "psnr": 36.656288146972656,
    "ms-ssim": 0.9845457077026367,
    "bpp": 0.10479624542124542,
    "encoding_time": 0.7244060039520264,
    "decoding_time": 0.8003432750701904
}