{
    "image_name": "benjamin-sloth-lindgreen-705.png",
    "mse": 0.0007219798280857503,
    "psnr": 31.40729522705078,
    "ms-ssim": 0.9623269438743591,
    "bpp": 0.24829441391941393,
    "encoding_time": 0.4954390525817871,
    "decoding_time": 0.7589292526245117
}