{
    "image_name": "alejandro-escamilla-6.png",
    "mse": 0.00036465824814513326,
    "psnr": 34.36054611206055,
    "ms-ssim": 0.9682905077934265,
    "bpp": 0.1468913368185213,
    "encoding_time": 0.4430058002471924,
    "decoding_time": 0.5480923652648926
}