{
    "image_name": "martyn-seddon-220.png",
    "mse": 0.0005251955008134246,
    "psnr": 32.78684997558594,
    "ms-ssim": 0.9477601051330566,
    "bpp": 0.16965430402930404,
    "encoding_time": 0.46683740615844727,
    "decoding_time": 0.6871151924133301
}