{
    "image_name": "daniel-robert-405.png",
    "mse": 0.0008585978066548705,
    "psnr": 30.65589141845703,
    "ms-ssim": 0.9647951126098633,
    "bpp": 0.32626856240126384,
    "encoding_time": 0.30500221252441406,
    "decoding_time": 0.458751916885376
}