{
    "image_name": "roberto-nickson-48063.png",
    "mse": 0.00022195596829988062,
    "psnr": 36.51335144042969,
    "ms-ssim": 0.9768320322036743,
    "bpp": 0.09456272893772893,
    "encoding_time": 0.5135238170623779,
    "decoding_time": 0.7996010780334473
}