{
    "image_name": "jared-erondu-21325.png",
    "mse": 0.00030830572359263897,
    "psnr": 35.09284210205078,
    "ms-ssim": 0.9619109034538269,
    "bpp": 0.10747481684981686,
    "encoding_time": 0.5746853351593018,
    "decoding_time": 0.8426058292388916
}