{
    "image_name": "jason-briscoe-149782.png",
    "mse": 0.00015950476517900825,
    "psnr": 37.93848419189453,
    "ms-ssim": 0.9886006116867065,
    "bpp": 0.09924450549450549,
    "encoding_time": 0.5760519504547119,
    "decoding_time": 1.0452368259429932
}