{
    "image_name": "nomao-saeki-33553.png",
    "mse": 0.0002473990898579359,
    "psnr": 36.04399490356445,
    "ms-ssim": 0.9706346988677979,
    "bpp": 0.09893164348462664,
    "encoding_time": 0.7650434970855713,
    "decoding_time": 0.8030173778533936
}