{
    "image_name": "davide-ragusa-716.png",
    "mse": 0.00033338487264700234,
    "psnr": 34.754547119140625,
    "ms-ssim": 0.9724124670028687,
    "bpp": 0.14697684783560291,
    "encoding_time": 0.4913325309753418,
    "decoding_time": 0.6978089809417725
}