{
    "image_name": "clem-onojeghuo-33741.png",
    "mse": 0.000649522349704057,
    "psnr": 31.865718841552734,
    "ms-ssim": 0.9618583917617798,
    "bpp": 0.24769917582417583,
    "encoding_time": 0.6024024486541748,
    "decoding_time": 0.6896603107452393
}