{
    "image_name": "alexander-shustov-73.png",
    "mse": 0.0013580532977357507,
    "psnr": 28.666908264160156,
    "ms-ssim": 0.9698397517204285,
    "bpp": 0.5594232182218957,
    "encoding_time": 0.5830178260803223,
    "decoding_time": 0.9329276084899902
}