{
    "image_name": "stefan-kunze-26931.png",
    "mse": 0.0006713636103086174,
    "psnr": 31.722265243530273,
    "ms-ssim": 0.9699071645736694,
    "bpp": 0.24587371982443307,
    "encoding_time": 0.565476655960083,
    "decoding_time": 0.8451182842254639
}