{
    "image_name": "alberto-montalesi-176097.png",
    "mse": 0.00030413269996643066,
    "psnr": 35.1514892578125,
    "ms-ssim": 0.9559199213981628,
    "bpp": 0.08821304108584006,
    "encoding_time": 0.640195369720459,
    "decoding_time": 0.6975195407867432
}