{
    "image_name": "casey-fyfe-999.png",
    "mse": 0.0004639443359337747,
    "psnr": 33.323814392089844,
    "ms-ssim": 0.9396657943725586,
    "bpp": 0.0820657169117647,
    "encoding_time": 0.5370604991912842,
    "decoding_time": 0.8025944232940674
}