{
    "image_name": "allef-vinicius-109434.png",
    "mse": 0.0003934883570764214,
    "psnr": 34.036537170410156,
    "ms-ssim": 0.9549662470817566,
    "bpp": 0.07368360805860806,
    "encoding_time": 0.6766049861907959,
    "decoding_time": 0.7313625812530518
}