{
    "image_name": "vita-vilcina-3055.png",
    "mse": 0.0005851314053870738,
    "psnr": 32.31830978393555,
    "ms-ssim": 0.990872859954834,
    "bpp": 0.38112214582802817,
    "encoding_time": 0.6035194396972656,
    "decoding_time": 0.6803131103515625
}