{
    "image_name": "felix-russell-saw-140699.png",
    "mse": 0.0002932464412879199,
    "psnr": 35.30909729003906,
    "ms-ssim": 0.9684574007987976,
    "bpp": 0.1290507228620436,
    "encoding_time": 0.5761873722076416,
    "decoding_time": 0.4543910026550293
}