{
    "image_name": "thong-vo-428.png",
    "mse": 0.0008819515933282673,
    "psnr": 30.539566040039062,
    "ms-ssim": 0.9640020728111267,
    "bpp": 0.3739785290818779,
    "encoding_time": 0.22185182571411133,
    "decoding_time": 0.33388185501098633
}