{
    "image_name": "paul-itkin-46101.png",
    "mse": 0.001074404688552022,
    "psnr": 29.68292808532715,
    "ms-ssim": 0.9872812032699585,
    "bpp": 0.6087748344370861,
    "encoding_time": 0.1153421401977539,
    "decoding_time": 0.12808609008789062
}