{
    "image_name": "wojciech-szaturski-3611.png",
    "mse": 0.0006882864399813116,
    "psnr": 31.614526748657227,
    "ms-ssim": 0.9681574702262878,
    "bpp": 0.2827531225086367,
    "encoding_time": 0.5240497589111328,
    "decoding_time": 1.160473108291626
}