{
    "image_name": "schicka-307.png",
    "mse": 0.0003265650011599064,
    "psnr": 34.84312057495117,
    "ms-ssim": 0.9690985679626465,
    "bpp": 0.11832682291666667,
    "encoding_time": 0.08257865905761719,
    "decoding_time": 0.07265329360961914
}