{
    "image_name": "ales-krivec-15949.png",
    "mse": 0.00023265968775376678,
    "psnr": 36.309532165527344,
    "ms-ssim": 0.9829728007316589,
    "bpp": 0.1137678872053872,
    "encoding_time": 0.6230239868164062,
    "decoding_time": 0.514662504196167
}