{
    "image_name": "philippe-wuyts-45997.png",
    "mse": 0.0008062954875640571,
    "psnr": 30.928627014160156,
    "ms-ssim": 0.9577116966247559,
    "bpp": 0.30181935451378145,
    "encoding_time": 0.6274998188018799,
    "decoding_time": 0.7431793212890625
}