{
    "image_name": "michael-durana-82941.png",
    "mse": 0.0005143774906173348,
    "psnr": 32.87529754638672,
    "ms-ssim": 0.9733506441116333,
    "bpp": 0.2047275641025641,
    "encoding_time": 0.5189259052276611,
    "decoding_time": 0.8455886840820312
}