{
    "image_name": "todd-quackenbush-222.png",
    "mse": 0.0010612310143187642,
    "psnr": 29.73710060119629,
    "ms-ssim": 0.9581851959228516,
    "bpp": 0.3680080992153885,
    "encoding_time": 0.17832422256469727,
    "decoding_time": 0.10176396369934082
}