{
    "image_name": "dogancan-ozturan-395.png",
    "mse": 0.0003603295190259814,
    "psnr": 34.41817855834961,
    "ms-ssim": 0.9810295104980469,
    "bpp": 0.1928143021914648,
    "encoding_time": 0.5718240737915039,
    "decoding_time": 0.8994183540344238
}