{
    "image_name": "lobostudio-hamburg-75377.png",
    "mse": 0.0004665225278586149,
    "psnr": 33.29957962036133,
    "ms-ssim": 0.962205171585083,
    "bpp": 0.09656593406593407,
    "encoding_time": 0.6493439674377441,
    "decoding_time": 0.7703454494476318
}