{
    "mean_loss": 0.733226487422302,
    "mean_bpp": 0.7332108888888889,
    "mean_psnr": 38.41020084381103,
    "mean_msssim": 0.9900304067134857,
    "mean_msssim_dB": 20.013225585414478,
    "mean_enc_time": 0.3858547067642212,
    "mean_dec_time": 0.4644707942008972
}