{
    "image_name": "RGB_OR_1200x1200_088.png",
    "mse": 0.00013595826749224216,
    "psnr": 38.627628326416016,
    "ms-ssim": 0.9917362928390503,
    "bpp": 0.7004444444444444,
    "encoding_time": 0.6545214653015137,
    "decoding_time": 0.5869123935699463
}