{
    "image_name": "RGB_OR_1200x1200_052.png",
    "mse": 0.00012745863932650536,
    "psnr": 38.90445327758789,
    "ms-ssim": 0.994117259979248,
    "bpp": 0.7431333333333333,
    "encoding_time": 0.29503893852233887,
    "decoding_time": 0.35329747200012207
}