{
    "image_name": "RGB_OR_1200x1200_049.png",
    "mse": 0.0001092035454348661,
    "psnr": 39.571815490722656,
    "ms-ssim": 0.9938985705375671,
    "bpp": 0.6470222222222223,
    "encoding_time": 0.5174856185913086,
    "decoding_time": 0.42536449432373047
}