{
    "image_name": "RGB_OR_1200x1200_011.png",
    "mse": 0.00015813118079677224,
    "psnr": 37.97665023803711,
    "ms-ssim": 0.9927060008049011,
    "bpp": 1.0118444444444445,
    "encoding_time": 0.4130692481994629,
    "decoding_time": 0.36856985092163086
}