{
    "image_name": "RGB_OR_1200x1200_050.png",
    "mse": 0.00017323269275948405,
    "psnr": 37.58201599121094,
    "ms-ssim": 0.9853157997131348,
    "bpp": 0.6364,
    "encoding_time": 0.5424938201904297,
    "decoding_time": 0.36124610900878906
}