{
    "image_name": "RGB_OR_1200x1200_063.png",
    "mse": 0.0001063238742062822,
    "psnr": 39.686954498291016,
    "ms-ssim": 0.9896777868270874,
    "bpp": 0.39026666666666665,
    "encoding_time": 0.421494722366333,
    "decoding_time": 0.5692970752716064
}