{
    "image_name": "RGB_OR_1200x1200_069.png",
    "mse": 0.00013367885549087077,
    "psnr": 38.69915008544922,
    "ms-ssim": 0.9917702674865723,
    "bpp": 0.7486,
    "encoding_time": 0.27562475204467773,
    "decoding_time": 0.5031943321228027
}