{
    "image_name": "RGB_OR_1200x1200_036.png",
    "mse": 6.698132347082719e-05,
    "psnr": 41.661537170410156,
    "ms-ssim": 0.9865061044692993,
    "bpp": 0.16706666666666667,
    "encoding_time": 0.3888108730316162,
    "decoding_time": 0.5488736629486084
}