{
    "image_name": "RGB_OR_1200x1200_021.png",
    "mse": 0.00010490671411389485,
    "psnr": 39.740814208984375,
    "ms-ssim": 0.9940088987350464,
    "bpp": 0.5882222222222222,
    "encoding_time": 0.36744022369384766,
    "decoding_time": 0.5203700065612793
}