{
    "image_name": "RGB_OR_1200x1200_046.png",
    "mse": 0.00022909593826625496,
    "psnr": 36.376827239990234,
    "ms-ssim": 0.9898474216461182,
    "bpp": 1.0258666666666667,
    "encoding_time": 0.3366847038269043,
    "decoding_time": 0.5513050556182861
}