{
    "image_name": "RGB_OR_1200x1200_015.png",
    "mse": 4.5648444938706234e-05,
    "psnr": 43.28505325317383,
    "ms-ssim": 0.9931354522705078,
    "bpp": 0.2124,
    "encoding_time": 0.28897571563720703,
    "decoding_time": 0.44310712814331055
}