{
    "image_name": "RGB_OR_1200x1200_047.png",
    "mse": 0.00024160569591913372,
    "psnr": 36.147010803222656,
    "ms-ssim": 0.9913297891616821,
    "bpp": 0.8633555555555555,
    "encoding_time": 0.22764086723327637,
    "decoding_time": 0.4756290912628174
}