{
    "image_name": "RGB_OR_1200x1200_091.png",
    "mse": 9.937618597177789e-05,
    "psnr": 39.99378967285156,
    "ms-ssim": 0.9958527088165283,
    "bpp": 0.5651333333333334,
    "encoding_time": 0.3017311096191406,
    "decoding_time": 0.5250759124755859
}