{
    "image_name": "RGB_OR_1200x1200_026.png",
    "mse": 0.00021211062266957015,
    "psnr": 36.709007263183594,
    "ms-ssim": 0.993687629699707,
    "bpp": 1.3768444444444445,
    "encoding_time": 0.33330416679382324,
    "decoding_time": 0.655236005783081
}