{
    "image_name": "RGB_OR_1200x1200_100.png",
    "mse": 5.166441042092629e-05,
    "psnr": 42.805213928222656,
    "ms-ssim": 0.9925157427787781,
    "bpp": 0.2388222222222222,
    "encoding_time": 0.41593098640441895,
    "decoding_time": 0.5222525596618652
}