{
    "image_name": "RGB_OR_1200x1200_075.png",
    "mse": 0.00013300130376592278,
    "psnr": 38.72218322753906,
    "ms-ssim": 0.9833256006240845,
    "bpp": 0.49077777777777776,
    "encoding_time": 0.4624447822570801,
    "decoding_time": 0.4302341938018799
}