{
    "image_name": "RGB_OR_1200x1200_005.png",
    "mse": 0.00014121210551820695,
    "psnr": 38.46284103393555,
    "ms-ssim": 0.9893116354942322,
    "bpp": 0.6932666666666667,
    "encoding_time": 0.350710391998291,
    "decoding_time": 0.3940732479095459
}