{
    "image_name": "RGB_OR_1200x1200_034.png",
    "mse": 8.549138874514028e-05,
    "psnr": 40.61768341064453,
    "ms-ssim": 0.993217408657074,
    "bpp": 0.44522222222222224,
    "encoding_time": 0.5050077438354492,
    "decoding_time": 0.4897162914276123
}