{
    "image_name": "RGB_OR_1200x1200_062.png",
    "mse": 0.00032508617732673883,
    "psnr": 34.86284637451172,
    "ms-ssim": 0.9924771785736084,
    "bpp": 1.648,
    "encoding_time": 0.28739261627197266,
    "decoding_time": 0.37590622901916504
}