{
    "image_name": "RGB_OR_1200x1200_031.png",
    "mse": 0.00017027683497872204,
    "psnr": 37.65968322753906,
    "ms-ssim": 0.9943040609359741,
    "bpp": 0.8692,
    "encoding_time": 0.26723217964172363,
    "decoding_time": 0.4750394821166992
}