{
    "image_name": "RGB_OR_1200x1200_043.png",
    "mse": 0.00023672608949709684,
    "psnr": 36.23428726196289,
    "ms-ssim": 0.9905533790588379,
    "bpp": 1.3354444444444444,
    "encoding_time": 0.44574952125549316,
    "decoding_time": 0.5966761112213135
}