{
    "image_name": "RGB_OR_1200x1200_003.png",
    "mse": 0.00012852902000304312,
    "psnr": 38.867530822753906,
    "ms-ssim": 0.9915252923965454,
    "bpp": 0.6496,
    "encoding_time": 0.37882280349731445,
    "decoding_time": 0.43653106689453125
}