{
    "image_name": "RGB_OR_1200x1200_064.png",
    "mse": 0.00016030501865316182,
    "psnr": 37.918663024902344,
    "ms-ssim": 0.9939084053039551,
    "bpp": 0.8652222222222222,
    "encoding_time": 0.33454394340515137,
    "decoding_time": 0.33553409576416016
}