{
    "image_name": "RGB_OR_1200x1200_032.png",
    "mse": 0.00025133471353910863,
    "psnr": 35.97636795043945,
    "ms-ssim": 0.9907341003417969,
    "bpp": 1.1900666666666666,
    "encoding_time": 0.28881287574768066,
    "decoding_time": 0.3658719062805176
}