{
    "image_name": "RGB_OR_1200x1200_041.png",
    "mse": 0.00015534630801994354,
    "psnr": 38.05413055419922,
    "ms-ssim": 0.9910888671875,
    "bpp": 0.7324888888888889,
    "encoding_time": 0.38397908210754395,
    "decoding_time": 0.3403444290161133
}