{
    "image_name": "RGB_OR_1200x1200_037.png",
    "mse": 0.0001233908551512286,
    "psnr": 39.04291534423828,
    "ms-ssim": 0.9878486394882202,
    "bpp": 0.5752666666666667,
    "encoding_time": 0.28946948051452637,
    "decoding_time": 0.3180835247039795
}