{
    "image_name": "RGB_OR_1200x1200_098.png",
    "mse": 0.0002456931979395449,
    "psnr": 36.074432373046875,
    "ms-ssim": 0.995583713054657,
    "bpp": 1.564,
    "encoding_time": 0.6111605167388916,
    "decoding_time": 0.5408999919891357
}