{
    "image_name": "RGB_OR_1200x1200_018.png",
    "mse": 0.00023693426919635385,
    "psnr": 36.23143768310547,
    "ms-ssim": 0.9921618700027466,
    "bpp": 1.4048222222222222,
    "encoding_time": 0.49930453300476074,
    "decoding_time": 0.6202623844146729
}