{
    "image_name": "RGB_OR_1200x1200_055.png",
    "mse": 0.00011279971658950672,
    "psnr": 39.4290771484375,
    "ms-ssim": 0.9946874380111694,
    "bpp": 0.7072222222222222,
    "encoding_time": 0.317216157913208,
    "decoding_time": 0.37709951400756836
}