{
    "image_name": "RGB_OR_1200x1200_048.png",
    "mse": 0.0002307979011675343,
    "psnr": 36.34453201293945,
    "ms-ssim": 0.9898952841758728,
    "bpp": 1.1746,
    "encoding_time": 0.2892482280731201,
    "decoding_time": 0.39397192001342773
}