{
    "image_name": "RGB_OR_1200x1200_056.png",
    "mse": 8.397294004680589e-05,
    "psnr": 40.69459533691406,
    "ms-ssim": 0.9879122972488403,
    "bpp": 0.30717777777777777,
    "encoding_time": 0.46200013160705566,
    "decoding_time": 0.6461422443389893
}