{
    "image_name": "RGB_OR_1200x1200_084.png",
    "mse": 7.58336900616996e-05,
    "psnr": 41.13056564331055,
    "ms-ssim": 0.9816960096359253,
    "bpp": 0.18322222222222223,
    "encoding_time": 0.366410493850708,
    "decoding_time": 0.3852841854095459
}