{
    "image_name": "RGB_OR_1200x1200_061.png",
    "mse": 0.0002669436507858336,
    "psnr": 35.71598815917969,
    "ms-ssim": 0.9929546117782593,
    "bpp": 1.2477555555555555,
    "encoding_time": 0.4711017608642578,
    "decoding_time": 0.5625457763671875
}