{
    "image_name": "RGB_OR_1200x1200_073.png",
    "mse": 8.887467993190512e-05,
    "psnr": 40.458988189697266,
    "ms-ssim": 0.9873225092887878,
    "bpp": 0.28724444444444447,
    "encoding_time": 0.6264021396636963,
    "decoding_time": 0.5880298614501953
}