{
    "image_name": "RGB_OR_1200x1200_074.png",
    "mse": 0.00013920436322223395,
    "psnr": 38.526100158691406,
    "ms-ssim": 0.9777535200119019,
    "bpp": 0.32004444444444446,
    "encoding_time": 0.4940032958984375,
    "decoding_time": 0.36252355575561523
}