{
    "image_name": "RGB_OR_1200x1200_087.png",
    "mse": 0.0002871246833819896,
    "psnr": 35.40045166015625,
    "ms-ssim": 0.9936208128929138,
    "bpp": 1.7215111111111112,
    "encoding_time": 0.28594207763671875,
    "decoding_time": 0.4078812599182129
}