{
    "image_name": "RGB_OR_1200x1200_095.png",
    "mse": 0.0003050623636227101,
    "psnr": 35.13897705078125,
    "ms-ssim": 0.9909085035324097,
    "bpp": 1.6991555555555555,
    "encoding_time": 0.36858224868774414,
    "decoding_time": 0.39556169509887695
}