{
    "image_name": "RGB_OR_1200x1200_014.png",
    "mse": 9.202607907354832e-05,
    "psnr": 40.30209732055664,
    "ms-ssim": 0.9938489198684692,
    "bpp": 0.4944,
    "encoding_time": 0.3723742961883545,
    "decoding_time": 0.5248517990112305
}