{
    "image_name": "RGB_OR_1200x1200_004.png",
    "mse": 9.164855146082118e-05,
    "psnr": 40.319480895996094,
    "ms-ssim": 0.9840640425682068,
    "bpp": 0.27671111111111113,
    "encoding_time": 0.29866623878479004,
    "decoding_time": 0.698249101638794
}