{
    "image_name": "RGB_OR_1200x1200_022.png",
    "mse": 0.00014594635285902768,
    "psnr": 38.32034683227539,
    "ms-ssim": 0.9875891208648682,
    "bpp": 0.5762888888888889,
    "encoding_time": 0.34717321395874023,
    "decoding_time": 0.4050884246826172
}