{
    "image_name": "RGB_OR_1200x1200_078.png",
    "mse": 9.184444206766784e-05,
    "psnr": 40.3110237121582,
    "ms-ssim": 0.9916861057281494,
    "bpp": 0.4379111111111111,
    "encoding_time": 0.2541384696960449,
    "decoding_time": 0.34592676162719727
}