{
    "image_name": "RGB_OR_1200x1200_066.png",
    "mse": 0.0001568471925565973,
    "psnr": 38.010738372802734,
    "ms-ssim": 0.9915090799331665,
    "bpp": 0.5588,
    "encoding_time": 0.41283392906188965,
    "decoding_time": 0.6242907047271729
}