{
    "image_name": "RGB_OR_1200x1200_096.png",
    "mse": 0.00020528373715933412,
    "psnr": 36.851661682128906,
    "ms-ssim": 0.9777565002441406,
    "bpp": 0.4407111111111111,
    "encoding_time": 0.4047713279724121,
    "decoding_time": 0.5055232048034668
}