{
    "image_name": "RGB_OR_1200x1200_017.png",
    "mse": 0.00014828996791038662,
    "psnr": 38.252567291259766,
    "ms-ssim": 0.9934545755386353,
    "bpp": 0.7813111111111111,
    "encoding_time": 0.48693060874938965,
    "decoding_time": 0.5627467632293701
}