{
    "image_name": "RGB_OR_1200x1200_054.png",
    "mse": 0.00013368326472118497,
    "psnr": 38.703407287597656,
    "ms-ssim": 0.9930752515792847,
    "bpp": 0.7027777777777777,
    "encoding_time": 0.4486701488494873,
    "decoding_time": 0.5674862861633301
}