{
    "image_name": "RGB_OR_1200x1200_079.png",
    "mse": 9.794852667255327e-05,
    "psnr": 40.03525924682617,
    "ms-ssim": 0.9961066246032715,
    "bpp": 0.6668888888888889,
    "encoding_time": 0.3014822006225586,
    "decoding_time": 0.4063141345977783
}