{
    "image_name": "RGB_OR_1200x1200_023.png",
    "mse": 0.0001754563709255308,
    "psnr": 37.52803039550781,
    "ms-ssim": 0.9900408983230591,
    "bpp": 0.9240444444444444,
    "encoding_time": 0.39937543869018555,
    "decoding_time": 0.40395164489746094
}