{
    "image_name": "RGB_OR_1200x1200_097.png",
    "mse": 0.00011442363756941631,
    "psnr": 39.365657806396484,
    "ms-ssim": 0.9943375587463379,
    "bpp": 0.6233555555555556,
    "encoding_time": 0.2988593578338623,
    "decoding_time": 0.4401109218597412
}