{
    "image_name": "RGB_OR_1200x1200_007.png",
    "mse": 0.00012889217759948224,
    "psnr": 38.85558319091797,
    "ms-ssim": 0.9933268427848816,
    "bpp": 0.7484444444444445,
    "encoding_time": 0.4380509853363037,
    "decoding_time": 0.4243626594543457
}