{
    "image_name": "RGB_OR_1200x1200_006.png",
    "mse": 0.00020057687652297318,
    "psnr": 36.95051574707031,
    "ms-ssim": 0.9810163974761963,
    "bpp": 0.6181333333333333,
    "encoding_time": 0.5059025287628174,
    "decoding_time": 0.5151011943817139
}