{
    "image_name": "RGB_OR_1200x1200_027.png",
    "mse": 0.0001478636550018564,
    "psnr": 38.26498031616211,
    "ms-ssim": 0.9912842512130737,
    "bpp": 0.7824666666666666,
    "encoding_time": 0.3969120979309082,
    "decoding_time": 0.5856781005859375
}