{
    "image_name": "RGB_OR_1200x1200_019.png",
    "mse": 0.00021048125927336514,
    "psnr": 36.741920471191406,
    "ms-ssim": 0.9899736642837524,
    "bpp": 0.7856222222222222,
    "encoding_time": 0.34754204750061035,
    "decoding_time": 0.5429782867431641
}