{
    "image_name": "RGB_OR_1200x1200_067.png",
    "mse": 0.00018806653679348528,
    "psnr": 37.228267669677734,
    "ms-ssim": 0.98421710729599,
    "bpp": 0.5942222222222222,
    "encoding_time": 0.28226137161254883,
    "decoding_time": 0.2576620578765869
}