{
    "image_name": "RGB_OR_1200x1200_033.png",
    "mse": 0.00015651536523364484,
    "psnr": 38.02040481567383,
    "ms-ssim": 0.9910682439804077,
    "bpp": 0.8347777777777777,
    "encoding_time": 0.36518430709838867,
    "decoding_time": 0.34958505630493164
}