{
    "image_name": "RGB_OR_1200x1200_038.png",
    "mse": 9.61012628977187e-05,
    "psnr": 40.117523193359375,
    "ms-ssim": 0.991076648235321,
    "bpp": 0.39286666666666664,
    "encoding_time": 0.4847075939178467,
    "decoding_time": 0.5871894359588623
}