{
    "image_name": "RGB_OR_1200x1200_051.png",
    "mse": 0.00010730323265306652,
    "psnr": 39.643157958984375,
    "ms-ssim": 0.9882301092147827,
    "bpp": 0.4071111111111111,
    "encoding_time": 0.4145393371582031,
    "decoding_time": 0.34952497482299805
}