{
    "image_name": "RGB_OR_1200x1200_013.png",
    "mse": 0.00011858178913826123,
    "psnr": 39.21368408203125,
    "ms-ssim": 0.991948127746582,
    "bpp": 0.5863777777777778,
    "encoding_time": 0.2506439685821533,
    "decoding_time": 0.4767460823059082
}