{
    "image_name": "RGB_OR_1200x1200_058.png",
    "mse": 0.00018825233564712107,
    "psnr": 37.22520446777344,
    "ms-ssim": 0.9928966760635376,
    "bpp": 0.6694,
    "encoding_time": 0.35158395767211914,
    "decoding_time": 0.432995080947876
}