{
    "image_name": "RGB_OR_1200x1200_024.png",
    "mse": 0.0002087503526126966,
    "psnr": 36.77762985229492,
    "ms-ssim": 0.9927062392234802,
    "bpp": 1.3454222222222223,
    "encoding_time": 0.31958770751953125,
    "decoding_time": 0.5204973220825195
}