{
    "image_name": "RGB_OR_1200x1200_001.png",
    "mse": 8.954040822573006e-05,
    "psnr": 40.42034149169922,
    "ms-ssim": 0.9945384860038757,
    "bpp": 0.4992,
    "encoding_time": 0.31369519233703613,
    "decoding_time": 0.5175669193267822
}