{
    "image_name": "RGB_OR_1200x1200_082.png",
    "mse": 0.0003372606006450951,
    "psnr": 34.70415115356445,
    "ms-ssim": 0.9887780547142029,
    "bpp": 1.4418222222222221,
    "encoding_time": 0.2691192626953125,
    "decoding_time": 0.44490671157836914
}