{
    "image_name": "RGB_OR_1200x1200_070.png",
    "mse": 0.00014838272181805223,
    "psnr": 38.25019073486328,
    "ms-ssim": 0.9847735166549683,
    "bpp": 0.5810666666666666,
    "encoding_time": 0.27993130683898926,
    "decoding_time": 0.41000914573669434
}