{
    "image_name": "RGB_OR_1200x1200_072.png",
    "mse": 0.00015771306061651558,
    "psnr": 37.98663330078125,
    "ms-ssim": 0.9932492971420288,
    "bpp": 1.012911111111111,
    "encoding_time": 0.3887498378753662,
    "decoding_time": 0.33400917053222656
}