{
    "image_name": "RGB_OR_1200x1200_044.png",
    "mse": 0.00015298137441277504,
    "psnr": 38.120033264160156,
    "ms-ssim": 0.9868844747543335,
    "bpp": 0.5635333333333333,
    "encoding_time": 0.30737853050231934,
    "decoding_time": 0.45810675621032715
}