{
    "image_name": "RGB_OR_1200x1200_090.png",
    "mse": 0.00028076552553102374,
    "psnr": 35.4972038269043,
    "ms-ssim": 0.9924768209457397,
    "bpp": 1.3866888888888889,
    "encoding_time": 0.42121458053588867,
    "decoding_time": 0.40792202949523926
}