{
    "image_name": "RGB_OR_1200x1200_080.png",
    "mse": 0.00012022721057292074,
    "psnr": 39.15617370605469,
    "ms-ssim": 0.9884870052337646,
    "bpp": 0.36895555555555554,
    "encoding_time": 0.3614006042480469,
    "decoding_time": 0.3518528938293457
}