{
    "image_name": "RGB_OR_1200x1200_076.png",
    "mse": 0.00010226767335552722,
    "psnr": 39.84941482543945,
    "ms-ssim": 0.98807692527771,
    "bpp": 0.3758666666666667,
    "encoding_time": 0.44174981117248535,
    "decoding_time": 0.36068081855773926
}