{
    "image_name": "RGB_OR_1200x1200_045.png",
    "mse": 0.00012931627861689776,
    "psnr": 38.84468460083008,
    "ms-ssim": 0.9906147718429565,
    "bpp": 0.5008,
    "encoding_time": 0.4574756622314453,
    "decoding_time": 0.5291321277618408
}