{
    "image_name": "RGB_OR_1200x1200_029.png",
    "mse": 0.00012055326078552753,
    "psnr": 39.14358139038086,
    "ms-ssim": 0.9908316135406494,
    "bpp": 0.5885555555555556,
    "encoding_time": 0.29325151443481445,
    "decoding_time": 0.45232462882995605
}