{
    "image_name": "RGB_OR_1200x1200_077.png",
    "mse": 0.0002432732580928132,
    "psnr": 36.116302490234375,
    "ms-ssim": 0.9712738990783691,
    "bpp": 0.6289333333333333,
    "encoding_time": 0.3452718257904053,
    "decoding_time": 0.4804368019104004
}