{
    "image_name": "RGB_OR_1200x1200_016.png",
    "mse": 0.0002378690696787089,
    "psnr": 36.214080810546875,
    "ms-ssim": 0.9927336573600769,
    "bpp": 1.4549555555555556,
    "encoding_time": 0.34233975410461426,
    "decoding_time": 0.4215414524078369
}