{
    "image_name": "RGB_OR_1200x1200_053.png",
    "mse": 5.7772125728661194e-05,
    "psnr": 42.28725814819336,
    "ms-ssim": 0.9950593709945679,
    "bpp": 0.34902222222222223,
    "encoding_time": 0.41519594192504883,
    "decoding_time": 0.4983656406402588
}