{
    "image_name": "RGB_OR_1200x1200_092.png",
    "mse": 0.00012942175089847296,
    "psnr": 38.838863372802734,
    "ms-ssim": 0.9742419719696045,
    "bpp": 0.22111111111111112,
    "encoding_time": 0.28244733810424805,
    "decoding_time": 0.36549901962280273
}