{
    "image_name": "RGB_OR_1200x1200_099.png",
    "mse": 0.0001714566897135228,
    "psnr": 37.627288818359375,
    "ms-ssim": 0.985198974609375,
    "bpp": 0.6700222222222222,
    "encoding_time": 0.42896366119384766,
    "decoding_time": 0.5435123443603516
}