{
    "image_name": "RGB_OR_1200x1200_035.png",
    "mse": 0.0001516664633527398,
    "psnr": 38.155120849609375,
    "ms-ssim": 0.9914673566818237,
    "bpp": 0.8303333333333334,
    "encoding_time": 0.5216977596282959,
    "decoding_time": 0.422863245010376
}