{
    "image_name": "RGB_OR_1200x1200_059.png",
    "mse": 0.00031433309777639806,
    "psnr": 35.009910583496094,
    "ms-ssim": 0.9914507269859314,
    "bpp": 1.6848444444444444,
    "encoding_time": 0.4077751636505127,
    "decoding_time": 0.5450160503387451
}