{
    "image_name": "RGB_OR_1200x1200_039.png",
    "mse": 0.00015014731616247445,
    "psnr": 38.19916534423828,
    "ms-ssim": 0.9902777671813965,
    "bpp": 0.7906666666666666,
    "encoding_time": 0.46500110626220703,
    "decoding_time": 0.6895139217376709
}