{
    "image_name": "RGB_OR_1200x1200_057.png",
    "mse": 0.00011183464084751904,
    "psnr": 39.467308044433594,
    "ms-ssim": 0.985251784324646,
    "bpp": 0.3862,
    "encoding_time": 0.5654644966125488,
    "decoding_time": 0.4567444324493408
}