{
    "image_name": "RGB_OR_1200x1200_040.png",
    "mse": 0.00015693303430452943,
    "psnr": 38.01013946533203,
    "ms-ssim": 0.9902018308639526,
    "bpp": 0.7496,
    "encoding_time": 0.3093984127044678,
    "decoding_time": 0.41838598251342773
}