{
    "image_name": "RGB_OR_1200x1200_025.png",
    "mse": 0.00010060354543384165,
    "psnr": 39.920166015625,
    "ms-ssim": 0.9907034635543823,
    "bpp": 0.39393333333333336,
    "encoding_time": 0.3560614585876465,
    "decoding_time": 0.6640729904174805
}