{
    "image_name": "RGB_OR_1200x1200_094.png",
    "mse": 0.00014110510528553277,
    "psnr": 38.46730041503906,
    "ms-ssim": 0.9937938451766968,
    "bpp": 0.93,
    "encoding_time": 0.4521958827972412,
    "decoding_time": 0.3019237518310547
}