{
    "image_name": "RGB_OR_1200x1200_002.png",
    "mse": 5.7214634580304846e-05,
    "psnr": 42.32984161376953,
    "ms-ssim": 0.9896303415298462,
    "bpp": 0.22342222222222222,
    "encoding_time": 0.35761427879333496,
    "decoding_time": 0.5523049831390381
}