{
    "image_name": "RGB_OR_1200x1200_081.png",
    "mse": 0.00013382622273638844,
    "psnr": 38.69475173950195,
    "ms-ssim": 0.9937129020690918,
    "bpp": 0.6902888888888888,
    "encoding_time": 0.37108278274536133,
    "decoding_time": 0.4530656337738037
}