{
    "image_name": "RGB_OR_1200x1200_010.png",
    "mse": 0.0001503028761362657,
    "psnr": 38.19468688964844,
    "ms-ssim": 0.990102231502533,
    "bpp": 0.6672,
    "encoding_time": 0.2964305877685547,
    "decoding_time": 0.31093525886535645
}