{
    "image_name": "RGB_OR_1200x1200_071.png",
    "mse": 0.00013396587746683508,
    "psnr": 38.68968200683594,
    "ms-ssim": 0.9852725267410278,
    "bpp": 0.4088888888888889,
    "encoding_time": 0.3625526428222656,
    "decoding_time": 0.42948484420776367
}