{
    "mean_loss": 0.6711733162178967,
    "mean_bpp": 0.671145968967014,
    "mean_psnr": 35.83666547139486,
    "mean_msssim": 0.9855954299370447,
    "mean_msssim_dB": 18.414996996933635,
    "mean_enc_time": 0.5464929640293121,
    "mean_dec_time": 0.5047771334648132
}