{
    "image_name": "15.png",
    "mse": 0.0002287104434799403,
    "psnr": 36.383628845214844,
    "ms-ssim": 0.9837899208068848,
    "bpp": 0.4369303385416667,
    "encoding_time": 0.6568014621734619,
    "decoding_time": 0.4984893798828125
}