{
    "image_name": "12.png",
    "mse": 0.00020143730216659606,
    "psnr": 36.930816650390625,
    "ms-ssim": 0.979735255241394,
    "bpp": 0.3519694010416667,
    "encoding_time": 0.6916539669036865,
    "decoding_time": 0.4688284397125244
}