{
    "image_name": "13.png",
    "mse": 0.0004855204897467047,
    "psnr": 33.12616729736328,
    "ms-ssim": 0.9889407157897949,
    "bpp": 1.6370442708333333,
    "encoding_time": 0.6505260467529297,
    "decoding_time": 0.5934686660766602
}