{
    "image_name": "10.png",
    "mse": 0.00018723963876254857,
    "psnr": 37.24584197998047,
    "ms-ssim": 0.9858527183532715,
    "bpp": 0.3695475260416667,
    "encoding_time": 0.23296570777893066,
    "decoding_time": 0.25720953941345215
}