{
    "image_name": "21.png",
    "mse": 0.000272443110588938,
    "psnr": 35.62782287597656,
    "ms-ssim": 0.9865051507949829,
    "bpp": 0.7186686197916666,
    "encoding_time": 0.3132140636444092,
    "decoding_time": 0.2976210117340088
}