{
    "image_name": "22.png",
    "mse": 0.00032125398865900934,
    "psnr": 34.91437530517578,
    "ms-ssim": 0.9799844622612,
    "bpp": 0.6961263020833334,
    "encoding_time": 0.6808972358703613,
    "decoding_time": 0.7615065574645996
}