{
    "image_name": "2.png",
    "mse": 0.00027595306164585054,
    "psnr": 35.572505950927734,
    "ms-ssim": 0.9723144769668579,
    "bpp": 0.43212890625,
    "encoding_time": 0.42681360244750977,
    "decoding_time": 0.5642762184143066
}