{
    "image_name": "20.png",
    "mse": 0.00019074259034823626,
    "psnr": 37.17512512207031,
    "ms-ssim": 0.9881869554519653,
    "bpp": 0.411865234375,
    "encoding_time": 0.307025671005249,
    "decoding_time": 0.3474283218383789
}