{
    "image_name": "5.png",
    "mse": 0.0003477009304333478,
    "psnr": 34.57097244262695,
    "ms-ssim": 0.991839587688446,
    "bpp": 1.1009114583333333,
    "encoding_time": 0.8080685138702393,
    "decoding_time": 0.767014741897583
}