{
    "image_name": "4.png",
    "mse": 0.00024524418404325843,
    "psnr": 36.08200454711914,
    "ms-ssim": 0.9811205863952637,
    "bpp": 0.46533203125,
    "encoding_time": 0.8602871894836426,
    "decoding_time": 0.41196322441101074
}