{
    "image_name": "16.png",
    "mse": 0.00022750880452804267,
    "psnr": 36.405029296875,
    "ms-ssim": 0.9841771125793457,
    "bpp": 0.509033203125,
    "encoding_time": 0.5907626152038574,
    "decoding_time": 0.68880295753479
}