{
    "image_name": "18.png",
    "mse": 0.00037251418689265847,
    "psnr": 34.273929595947266,
    "ms-ssim": 0.9839367270469666,
    "bpp": 0.9287109375,
    "encoding_time": 0.8798232078552246,
    "decoding_time": 0.3553049564361572
}