{
    "image_name": "17.png",
    "mse": 0.00021265140094328672,
    "psnr": 36.69837951660156,
    "ms-ssim": 0.9867016673088074,
    "bpp": 0.4479166666666667,
    "encoding_time": 0.5243995189666748,
    "decoding_time": 0.605076789855957
}