{
    "image_name": "11.png",
    "mse": 0.000294337107334286,
    "psnr": 35.29317092895508,
    "ms-ssim": 0.9832607507705688,
    "bpp": 0.68359375,
    "encoding_time": 0.27057528495788574,
    "decoding_time": 0.46724486351013184
}