{
    "image_name": "14.png",
    "mse": 0.00035783840576186776,
    "psnr": 34.44761657714844,
    "ms-ssim": 0.9865095019340515,
    "bpp": 0.8988444010416666,
    "encoding_time": 0.27635931968688965,
    "decoding_time": 0.35065650939941406
}