{
    "image_name": "7.png",
    "mse": 0.000165581310284324,
    "psnr": 37.77743148803711,
    "ms-ssim": 0.992011308670044,
    "bpp": 0.4295247395833333,
    "encoding_time": 0.27635765075683594,
    "decoding_time": 0.31507301330566406
}