{
    "image_name": "1.png",
    "mse": 0.0003903539327438921,
    "psnr": 34.07112503051758,
    "ms-ssim": 0.9896653890609741,
    "bpp": 1.1468912760416667,
    "encoding_time": 0.38187551498413086,
    "decoding_time": 0.4697871208190918
}