{
    "image_name": "6.png",
    "mse": 0.00029663287568837404,
    "psnr": 35.260440826416016,
    "ms-ssim": 0.9853163957595825,
    "bpp": 0.8076985677083334,
    "encoding_time": 0.718768835067749,
    "decoding_time": 0.4982724189758301
}