{
    "image_name": "8.png",
    "mse": 0.00041186786256730556,
    "psnr": 33.838523864746094,
    "ms-ssim": 0.9908394813537598,
    "bpp": 1.179931640625,
    "encoding_time": 0.5718209743499756,
    "decoding_time": 0.46031785011291504
}