{
    "image_name": "3.png",
    "mse": 0.0001489790593041107,
    "psnr": 38.232757568359375,
    "ms-ssim": 0.9868947863578796,
    "bpp": 0.318359375,
    "encoding_time": 0.7562084197998047,
    "decoding_time": 0.4871549606323242
}