{
    "image_name": "24.png",
    "mse": 0.0003299237578175962,
    "psnr": 34.79938888549805,
    "ms-ssim": 0.9887201189994812,
    "bpp": 0.91796875,
    "encoding_time": 0.35109758377075195,
    "decoding_time": 0.29742884635925293
}