{
    "mean_loss": 0.9503938855396377,
    "mean_bpp": 0.9499274359809027,
    "mean_psnr": 32.44309012095133,
    "mean_msssim": 0.9953355044126511,
    "mean_msssim_dB": 23.311953134341294,
    "mean_enc_time": 0.4387219250202179,
    "mean_dec_time": 0.5161889890829722
}