{
    "image_name": "21.png",
    "mse": 0.0006878786953166127,
    "psnr": 31.616912841796875,
    "ms-ssim": 0.9950801730155945,
    "bpp": 0.95068359375,
    "encoding_time": 0.3607470989227295,
    "decoding_time": 0.2566030025482178
}