{
    "image_name": "16.png",
    "mse": 0.0004151685570832342,
    "psnr": 33.804351806640625,
    "ms-ssim": 0.9957606196403503,
    "bpp": 0.8975423177083334,
    "encoding_time": 0.6838128566741943,
    "decoding_time": 0.7887036800384521
}