{
    "image_name": "6.png",
    "mse": 0.0007274248055182397,
    "psnr": 31.375146865844727,
    "ms-ssim": 0.9954143762588501,
    "bpp": 1.0376790364583333,
    "encoding_time": 0.5874147415161133,
    "decoding_time": 0.6750974655151367
}