{
    "image_name": "19.png",
    "mse": 0.0004030228592455387,
    "psnr": 33.93289566040039,
    "ms-ssim": 0.9949795603752136,
    "bpp": 0.9383138020833334,
    "encoding_time": 0.537816047668457,
    "decoding_time": 0.6247358322143555
}