{
    "image_name": "1.png",
    "mse": 0.0009358588722534478,
    "psnr": 30.28281021118164,
    "ms-ssim": 0.995019793510437,
    "bpp": 1.1554361979166667,
    "encoding_time": 0.3729519844055176,
    "decoding_time": 0.23429656028747559
}