{
    "image_name": "12.png",
    "mse": 0.0003757332160603255,
    "psnr": 34.23686218261719,
    "ms-ssim": 0.9957481622695923,
    "bpp": 0.86376953125,
    "encoding_time": 0.4033825397491455,
    "decoding_time": 0.7823305130004883
}