{
    "image_name": "4.png",
    "mse": 0.0004520438960753381,
    "psnr": 33.43581008911133,
    "ms-ssim": 0.9951345920562744,
    "bpp": 0.9453125,
    "encoding_time": 0.6601264476776123,
    "decoding_time": 0.537451982498169
}