{
    "image_name": "24.png",
    "mse": 0.0009649689891375601,
    "psnr": 30.149089813232422,
    "ms-ssim": 0.995541512966156,
    "bpp": 1.02490234375,
    "encoding_time": 0.21555757522583008,
    "decoding_time": 0.652700662612915
}