{
    "image_name": "23.png",
    "mse": 0.00028975470922887325,
    "psnr": 35.36003112792969,
    "ms-ssim": 0.9961498975753784,
    "bpp": 0.6700032552083334,
    "encoding_time": 0.8038525581359863,
    "decoding_time": 0.23571014404296875
}