{
    "image_name": "11.png",
    "mse": 0.0005940344417467713,
    "psnr": 32.252464294433594,
    "ms-ssim": 0.9952501654624939,
    "bpp": 1.0057779947916667,
    "encoding_time": 0.17461609840393066,
    "decoding_time": 0.37593746185302734
}