{
    "image_name": "7.png",
    "mse": 0.0003894134715665132,
    "psnr": 34.08155822753906,
    "ms-ssim": 0.9969438314437866,
    "bpp": 0.6798502604166666,
    "encoding_time": 0.3138704299926758,
    "decoding_time": 0.3329460620880127
}