{
    "image_name": "18.png",
    "mse": 0.0008454500348307192,
    "psnr": 30.72281265258789,
    "ms-ssim": 0.9942047595977783,
    "bpp": 1.1724446614583333,
    "encoding_time": 0.8580136299133301,
    "decoding_time": 0.7882845401763916
}