{
    "image_name": "17.png",
    "mse": 0.0003024050092790276,
    "psnr": 35.175479888916016,
    "ms-ssim": 0.9959211349487305,
    "bpp": 0.80615234375,
    "encoding_time": 0.16494011878967285,
    "decoding_time": 0.6673858165740967
}