{
    "image_name": "9.png",
    "mse": 0.00036499943234957755,
    "psnr": 34.36221694946289,
    "ms-ssim": 0.9953948855400085,
    "bpp": 0.7503255208333334,
    "encoding_time": 0.2223515510559082,
    "decoding_time": 0.2568542957305908
}