{
    "image_name": "15.png",
    "mse": 0.0005770059651695192,
    "psnr": 32.37920379638672,
    "ms-ssim": 0.9950494766235352,
    "bpp": 0.8372395833333334,
    "encoding_time": 0.5230393409729004,
    "decoding_time": 0.2377769947052002
}