{
    "image_name": "22.png",
    "mse": 0.0004909270210191607,
    "psnr": 33.078765869140625,
    "ms-ssim": 0.9941476583480835,
    "bpp": 1.1293131510416667,
    "encoding_time": 0.5787272453308105,
    "decoding_time": 0.7422332763671875
}