{
    "image_name": "andrew-ruiz-376.png",
    "mse": 0.0001268313208129257,
    "psnr": 38.92629623413086,
    "ms-ssim": 0.9941291809082031,
    "bpp": 0.5840948750918442,
    "encoding_time": 0.8918406963348389,
    "decoding_time": 1.0449092388153076
}