{
    "image_name": "todd-quackenbush-222.png",
    "mse": 0.0002583931782282889,
    "psnr": 35.85823059082031,
    "ms-ssim": 0.9902036190032959,
    "bpp": 1.3629967096937483,
    "encoding_time": 0.18960189819335938,
    "decoding_time": 0.2525031566619873
}