{
    "image_name": "jason-briscoe-149782.png",
    "mse": 4.6625573304481804e-05,
    "psnr": 43.199134826660156,
    "ms-ssim": 0.9944759607315063,
    "bpp": 0.17210393772893773,
    "encoding_time": 0.93747878074646,
    "decoding_time": 1.4297840595245361
}