{
    "image_name": "paul-itkin-46101.png",
    "mse": 0.00017499399837106466,
    "psnr": 37.539878845214844,
    "ms-ssim": 0.9962745904922485,
    "bpp": 1.3975717439293598,
    "encoding_time": 0.19838380813598633,
    "decoding_time": 0.2929813861846924
}