{
    "image_name": "stefan-kunze-26931.png",
    "mse": 0.00013947732804808766,
    "psnr": 38.51605224609375,
    "ms-ssim": 0.9931150674819946,
    "bpp": 0.7983723482077542,
    "encoding_time": 0.7432045936584473,
    "decoding_time": 1.1608991622924805
}