{
    "image_name": "martin-wessely-211.png",
    "mse": 0.0002772825537249446,
    "psnr": 35.550636291503906,
    "ms-ssim": 0.992935836315155,
    "bpp": 1.88234375,
    "encoding_time": 0.17164325714111328,
    "decoding_time": 0.23797178268432617
}