{
    "image_name": "allef-vinicius-109434.png",
    "mse": 0.00020117312669754028,
    "psnr": 36.937400817871094,
    "ms-ssim": 0.9791499972343445,
    "bpp": 0.40133928571428573,
    "encoding_time": 0.6791036128997803,
    "decoding_time": 1.0178937911987305
}