{
    "image_name": "nomao-saeki-33553.png",
    "mse": 8.951198105933145e-05,
    "psnr": 40.421241760253906,
    "ms-ssim": 0.9850462675094604,
    "bpp": 0.2510866581259151,
    "encoding_time": 0.5291318893432617,
    "decoding_time": 1.6809945106506348
}