{
    "image_name": "benjamin-sloth-lindgreen-705.png",
    "mse": 0.00016543689707759768,
    "psnr": 37.780975341796875,
    "ms-ssim": 0.9903253316879272,
    "bpp": 0.8490728021978022,
    "encoding_time": 0.5531470775604248,
    "decoding_time": 0.8070068359375
}