{
    "image_name": "gian-reto-tarnutzer-45212.png",
    "mse": 0.0001839509786805138,
    "psnr": 37.32372283935547,
    "ms-ssim": 0.9915167093276978,
    "bpp": 0.918978102189781,
    "encoding_time": 1.1742568016052246,
    "decoding_time": 0.9384686946868896
}