{
    "image_name": "mullermarc-184.png",
    "mse": 0.0001358498411718756,
    "psnr": 38.63410186767578,
    "ms-ssim": 0.9938573837280273,
    "bpp": 0.6616374488800594,
    "encoding_time": 0.3430347442626953,
    "decoding_time": 0.40749216079711914
}