{
    "image_name": "kazuend-28556.png",
    "mse": 5.261049955151975e-05,
    "psnr": 42.687767028808594,
    "ms-ssim": 0.9917110800743103,
    "bpp": 0.1758470695970696,
    "encoding_time": 0.6688261032104492,
    "decoding_time": 1.158158540725708
}