{
    "image_name": "juskteez-vu-1041.png",
    "mse": 0.00023378446348942816,
    "psnr": 36.28881072998047,
    "ms-ssim": 0.989858090877533,
    "bpp": 1.4898095057274856,
    "encoding_time": 0.46755170822143555,
    "decoding_time": 0.8674638271331787
}