{
    "image_name": "roberto-nickson-48063.png",
    "mse": 9.008374763652682e-05,
    "psnr": 40.39494323730469,
    "ms-ssim": 0.98826003074646,
    "bpp": 0.21702152014652015,
    "encoding_time": 1.198108196258545,
    "decoding_time": 0.9574844837188721
}