{
    "image_name": "schicka-307.png",
    "mse": 9.535891149425879e-05,
    "psnr": 40.14887237548828,
    "ms-ssim": 0.9902321696281433,
    "bpp": 0.35595703125,
    "encoding_time": 0.6432487964630127,
    "decoding_time": 0.29911041259765625
}