{
    "image_name": "philipp-reiner-207.png",
    "mse": 0.00023643860185984522,
    "psnr": 36.2410774230957,
    "ms-ssim": 0.9886721968650818,
    "bpp": 1.2548395061728395,
    "encoding_time": 0.6088154315948486,
    "decoding_time": 0.8210492134094238
}