{
    "image_name": "veeterzy-82537.png",
    "mse": 0.00021192157873883843,
    "psnr": 36.7132453918457,
    "ms-ssim": 0.992769718170166,
    "bpp": 0.7868891837481699,
    "encoding_time": 0.8091213703155518,
    "decoding_time": 1.4930603504180908
}