{
    "image_name": "davide-ragusa-716.png",
    "mse": 0.0001032360305543989,
    "psnr": 39.811065673828125,
    "ms-ssim": 0.9896463751792908,
    "bpp": 0.38678519980580517,
    "encoding_time": 0.4836618900299072,
    "decoding_time": 0.6648929119110107
}