{
    "image_name": "martyn-seddon-220.png",
    "mse": 0.00014482463302556425,
    "psnr": 38.35396194458008,
    "ms-ssim": 0.9850078821182251,
    "bpp": 0.5830929487179487,
    "encoding_time": 0.49195027351379395,
    "decoding_time": 0.5190551280975342
}