{
    "image_name": "sergey-zolkin-21232.png",
    "mse": 6.115272844908759e-05,
    "psnr": 42.05299758911133,
    "ms-ssim": 0.9896828532218933,
    "bpp": 0.17039874436655614,
    "encoding_time": 1.2156734466552734,
    "decoding_time": 0.7744321823120117
}