{
    "image_name": "philippe-wuyts-45997.png",
    "mse": 0.0001798195589799434,
    "psnr": 37.423240661621094,
    "ms-ssim": 0.9902706146240234,
    "bpp": 0.9844416229841249,
    "encoding_time": 0.5011734962463379,
    "decoding_time": 0.49237561225891113
}