{
    "image_name": "dogancan-ozturan-395.png",
    "mse": 9.216176840709522e-05,
    "psnr": 40.297157287597656,
    "ms-ssim": 0.9931492209434509,
    "bpp": 0.45251441753171856,
    "encoding_time": 0.9556758403778076,
    "decoding_time": 0.983065128326416
}