{
    "image_name": "alberto-montalesi-176097.png",
    "mse": 0.00018191551498603076,
    "psnr": 37.37165451049805,
    "ms-ssim": 0.9745358824729919,
    "bpp": 0.22570845561261924,
    "encoding_time": 0.5158567428588867,
    "decoding_time": 0.5895857810974121
}