{
    "image_name": "jeremy-cai-1174.png",
    "mse": 9.575647709425539e-05,
    "psnr": 40.13438415527344,
    "ms-ssim": 0.9962472319602966,
    "bpp": 0.45478932393984556,
    "encoding_time": 1.0170385837554932,
    "decoding_time": 0.8603441715240479
}