{
    "image_name": "casey-fyfe-999.png",
    "mse": 0.00018875996465794742,
    "psnr": 37.21259307861328,
    "ms-ssim": 0.9794827699661255,
    "bpp": 0.6034811580882353,
    "encoding_time": 0.7796647548675537,
    "decoding_time": 0.8832638263702393
}