{
    "image_name": "sergey-zolkin-1045.png",
    "mse": 0.00010080643551191315,
    "psnr": 39.91222381591797,
    "ms-ssim": 0.9920657873153687,
    "bpp": 0.460782967032967,
    "encoding_time": 0.6905345916748047,
    "decoding_time": 1.4043376445770264
}