{
    "image_name": "amy-zhang-15940.png",
    "mse": 0.0001606456789886579,
    "psnr": 37.90853500366211,
    "ms-ssim": 0.9908947944641113,
    "bpp": 0.8832101146469516,
    "encoding_time": 0.657879114151001,
    "decoding_time": 0.5468933582305908
}