{
    "image_name": "jared-erondu-21325.png",
    "mse": 0.00011290817201370373,
    "psnr": 39.425228118896484,
    "ms-ssim": 0.9853024482727051,
    "bpp": 0.3132440476190476,
    "encoding_time": 0.7944819927215576,
    "decoding_time": 1.1972441673278809
}