{
    "image_name": "vita-vilcina-3055.png",
    "mse": 0.00012353142665233463,
    "psnr": 39.04108428955078,
    "ms-ssim": 0.9978346824645996,
    "bpp": 0.889808448631978,
    "encoding_time": 0.961545467376709,
    "decoding_time": 0.7992591857910156
}