{
    "image_name": "lobostudio-hamburg-75377.png",
    "mse": 0.0001568114967085421,
    "psnr": 38.009552001953125,
    "ms-ssim": 0.9860955476760864,
    "bpp": 0.5679716117216117,
    "encoding_time": 0.6152119636535645,
    "decoding_time": 0.9668879508972168
}