{
    "image_name": "felix-russell-saw-140699.png",
    "mse": 0.00013345702609512955,
    "psnr": 38.71657943725586,
    "ms-ssim": 0.9832178950309753,
    "bpp": 0.30343935309973047,
    "encoding_time": 0.7165713310241699,
    "decoding_time": 0.5831832885742188
}