{
    "image_name": "alexander-shustov-73.png",
    "mse": 0.0002684977662283927,
    "psnr": 35.69108200073242,
    "ms-ssim": 0.9945988059043884,
    "bpp": 1.617675422483468,
    "encoding_time": 1.1637909412384033,
    "decoding_time": 1.2100028991699219
}