{
    "image_name": "thong-vo-428.png",
    "mse": 0.0002079194673569873,
    "psnr": 36.79538345336914,
    "ms-ssim": 0.9916058778762817,
    "bpp": 1.091203332799231,
    "encoding_time": 1.0153522491455078,
    "decoding_time": 0.7878334522247314
}