{
    "image_name": "clem-onojeghuo-33741.png",
    "mse": 0.00017272247350774705,
    "psnr": 37.59532165527344,
    "ms-ssim": 0.9895987510681152,
    "bpp": 0.6908653846153846,
    "encoding_time": 1.4639990329742432,
    "decoding_time": 1.1556925773620605
}