{
    "image_name": "michael-durana-82941.png",
    "mse": 0.0001351262762909755,
    "psnr": 38.65279006958008,
    "ms-ssim": 0.9903314113616943,
    "bpp": 0.5717834249084249,
    "encoding_time": 1.0358753204345703,
    "decoding_time": 0.9503767490386963
}