{
    "mean_loss": 0.9560866440001441,
    "mean_bpp": 0.9555665804359628,
    "mean_psnr": 33.630234241485596,
    "mean_msssim": 0.9947993643581867,
    "mean_msssim_dB": 22.839435719688574,
    "mean_enc_time": 0.7107768058776855,
    "mean_dec_time": 0.851601779460907
}