{
    "image_name": "00013_TE_1920x1280.png",
    "mse": 0.0002589596260804683,
    "psnr": 35.84611129760742,
    "ms-ssim": 0.9961495399475098,
    "bpp": 0.9535546875,
    "encoding_time": 0.39063000679016113,
    "decoding_time": 0.6140096187591553
}