{
    "image_name": "00014_TE_3680x2456.png",
    "mse": 0.00023698956647422165,
    "psnr": 36.22998809814453,
    "ms-ssim": 0.9964432120323181,
    "bpp": 0.7841063588726809,
    "encoding_time": 1.404801845550537,
    "decoding_time": 1.8091459274291992
}