{
    "image_name": "00001_TE_2096x1400.png",
    "mse": 0.0007821251638233662,
    "psnr": 31.060405731201172,
    "ms-ssim": 0.9957747459411621,
    "bpp": 0.94226826608506,
    "encoding_time": 0.7397935390472412,
    "decoding_time": 1.1624698638916016
}