{
    "image_name": "00010_TE_2000x1128.png",
    "mse": 0.0002105563471559435,
    "psnr": 36.7426872253418,
    "ms-ssim": 0.9956260919570923,
    "bpp": 0.8017588652482269,
    "encoding_time": 0.7621994018554688,
    "decoding_time": 1.320878505706787
}