{
    "image_name": "00005_TE_1336x872.png",
    "mse": 0.00032030080910772085,
    "psnr": 34.92864227294922,
    "ms-ssim": 0.997259795665741,
    "bpp": 0.5507608635939131,
    "encoding_time": 0.5048816204071045,
    "decoding_time": 0.3706190586090088
}