{
    "image_name": "00002_TE_2144x1424.png",
    "mse": 0.0004130242159590125,
    "psnr": 33.82720947265625,
    "ms-ssim": 0.9929395914077759,
    "bpp": 1.2357349488512495,
    "encoding_time": 0.8575127124786377,
    "decoding_time": 0.7488377094268799
}