{
    "image_name": "00008_TE_1912x1272.png",
    "mse": 0.0004925501416437328,
    "psnr": 33.0644416809082,
    "ms-ssim": 0.9953384399414062,
    "bpp": 0.8982395200126313,
    "encoding_time": 0.6271555423736572,
    "decoding_time": 0.552424430847168
}