{
    "image_name": "00006_TE_1544x1120.png",
    "mse": 0.0005715488223358989,
    "psnr": 32.420833587646484,
    "ms-ssim": 0.9969618320465088,
    "bpp": 0.7359918578830495,
    "encoding_time": 0.6619324684143066,
    "decoding_time": 0.5517928600311279
}