{
    "image_name": "00015_TE_3680x2456.png",
    "mse": 0.00026054176851175725,
    "psnr": 35.820518493652344,
    "ms-ssim": 0.9968773722648621,
    "bpp": 0.6882700750601898,
    "encoding_time": 1.6489884853363037,
    "decoding_time": 1.883117914199829
}