{
    "image_name": "00003_TE_1944x1296.png",
    "mse": 0.00025430863024666905,
    "psnr": 35.926727294921875,
    "ms-ssim": 0.9962560534477234,
    "bpp": 0.7774475435655134,
    "encoding_time": 0.39287543296813965,
    "decoding_time": 0.4754679203033447
}