{
    "image_name": "00009_TE_1976x1312.png",
    "mse": 0.002989263506606221,
    "psnr": 25.242597579956055,
    "ms-ssim": 0.992444634437561,
    "bpp": 1.2427792041078305,
    "encoding_time": 0.5236108303070068,
    "decoding_time": 0.5557892322540283
}