{
    "image_name": "00011_TE_1744x1160.png",
    "mse": 0.0005395506741479039,
    "psnr": 32.67036819458008,
    "ms-ssim": 0.9955436587333679,
    "bpp": 1.1459664663081304,
    "encoding_time": 0.45517683029174805,
    "decoding_time": 0.7347657680511475
}