{
    "image_name": "00016_TE_1744x2000.png",
    "mse": 0.00042024042340926826,
    "psnr": 33.752296447753906,
    "ms-ssim": 0.9839425086975098,
    "bpp": 1.3891009174311926,
    "encoding_time": 0.7734034061431885,
    "decoding_time": 1.2981185913085938
}