{
    "image_name": "00007_TE_1472x976.png",
    "mse": 0.00027591356774792075,
    "psnr": 35.57283020019531,
    "ms-ssim": 0.9966356754302979,
    "bpp": 0.7846356022808268,
    "encoding_time": 0.2886981964111328,
    "decoding_time": 0.5301823616027832
}