{
    "mean_loss": 0.3376072754748009,
    "mean_bpp": 0.33602318406476006,
    "mean_psnr": 29.849867343902588,
    "mean_msssim": 0.9841590858995914,
    "mean_msssim_dB": 18.00219761047725,
    "mean_enc_time": 0.918507307767868,
    "mean_dec_time": 1.0995531678199768
}