{
    "image_name": "00015_TE_3680x2456.png",
    "mse": 0.0007717423723079264,
    "psnr": 31.118188858032227,
    "ms-ssim": 0.9903712272644043,
    "bpp": 0.21689208327432374,
    "encoding_time": 2.0877208709716797,
    "decoding_time": 2.8162477016448975
}