{
    "image_name": "00004_TE_1808x1352.png",
    "mse": 0.0016365647315979004,
    "psnr": 27.857297897338867,
    "ms-ssim": 0.9849235415458679,
    "bpp": 0.3910038225899356,
    "encoding_time": 1.3755254745483398,
    "decoding_time": 0.8252263069152832
}