{
    "image_name": "00002_TE_2144x1424.png",
    "mse": 0.0009861014550551772,
    "psnr": 30.055261611938477,
    "ms-ssim": 0.9782313704490662,
    "bpp": 0.42300436022136506,
    "encoding_time": 0.9340252876281738,
    "decoding_time": 1.0088531970977783
}