{
    "image_name": "00006_TE_1544x1120.png",
    "mse": 0.0014319041511043906,
    "psnr": 28.437196731567383,
    "ms-ssim": 0.9901708960533142,
    "bpp": 0.2888786084381939,
    "encoding_time": 0.8996765613555908,
    "decoding_time": 0.6122052669525146
}