{
    "image_name": "00016_TE_1744x2000.png",
    "mse": 0.0006126431399025023,
    "psnr": 32.11918640136719,
    "ms-ssim": 0.9596385359764099,
    "bpp": 0.4217064220183486,
    "encoding_time": 0.8579103946685791,
    "decoding_time": 0.8380775451660156
}