{
    "image_name": "00003_TE_1944x1296.png",
    "mse": 0.0006367721944116056,
    "psnr": 31.95199966430664,
    "ms-ssim": 0.988207221031189,
    "bpp": 0.261139054005995,
    "encoding_time": 0.6703767776489258,
    "decoding_time": 1.0959980487823486
}