{
    "image_name": "00008_TE_1912x1272.png",
    "mse": 0.0012236820766702294,
    "psnr": 29.11894416809082,
    "ms-ssim": 0.985023021697998,
    "bpp": 0.34568827136127994,
    "encoding_time": 0.589815616607666,
    "decoding_time": 0.7348263263702393
}