{
    "image_name": "00005_TE_1336x872.png",
    "mse": 0.000761625065933913,
    "psnr": 31.175634384155273,
    "ms-ssim": 0.9924882650375366,
    "bpp": 0.1411580508707356,
    "encoding_time": 0.5876059532165527,
    "decoding_time": 0.431598424911499
}