{
    "image_name": "00011_TE_1744x1160.png",
    "mse": 0.0012640432687476277,
    "psnr": 28.97781753540039,
    "ms-ssim": 0.984269380569458,
    "bpp": 0.441584941474217,
    "encoding_time": 0.5315918922424316,
    "decoding_time": 1.0816819667816162
}