{
    "image_name": "00012_TE_1512x2016.png",
    "mse": 0.0010361414169892669,
    "psnr": 29.840463638305664,
    "ms-ssim": 0.9780490398406982,
    "bpp": 0.46169270177206684,
    "encoding_time": 0.6335740089416504,
    "decoding_time": 0.8716378211975098
}