{
    "image_name": "00014_TE_3680x2456.png",
    "mse": 0.0006619749474339187,
    "psnr": 31.78337860107422,
    "ms-ssim": 0.9886218905448914,
    "bpp": 0.26671505452485483,
    "encoding_time": 2.324763774871826,
    "decoding_time": 2.947953939437866
}