{
    "image_name": "00007_TE_1472x976.png",
    "mse": 0.0007538442150689662,
    "psnr": 31.2197322845459,
    "ms-ssim": 0.9894677400588989,
    "bpp": 0.23966500356379186,
    "encoding_time": 0.6239440441131592,
    "decoding_time": 0.558884859085083
}