{
    "image_name": "00010_TE_2000x1128.png",
    "mse": 0.00048141757724806666,
    "psnr": 33.16364669799805,
    "ms-ssim": 0.9874687194824219,
    "bpp": 0.2640709219858156,
    "encoding_time": 0.7622942924499512,
    "decoding_time": 0.8832919597625732
}