{
    "image_name": "00001_TE_2096x1400.png",
    "mse": 0.001956609543412924,
    "psnr": 27.082120895385742,
    "ms-ssim": 0.9866762161254883,
    "bpp": 0.357546346782988,
    "encoding_time": 0.6666946411132812,
    "decoding_time": 1.3366796970367432
}