{
    "image_name": "RGB_OR_1200x1200_033.png",
    "mse": 0.00045599593431688845,
    "psnr": 33.39829635620117,
    "ms-ssim": 0.9937494993209839,
    "bpp": 0.6564444444444445,
    "encoding_time": 0.6466002464294434,
    "decoding_time": 0.6873886585235596
}