{
    "image_name": "RGB_OR_1200x1200_068.png",
    "mse": 0.00017458913498558104,
    "psnr": 37.56201934814453,
    "ms-ssim": 0.9968106746673584,
    "bpp": 0.36164444444444444,
    "encoding_time": 0.47530031204223633,
    "decoding_time": 0.4214901924133301
}