{
    "image_name": "RGB_OR_1200x1200_098.png",
    "mse": 0.0008761636563576758,
    "psnr": 30.568265914916992,
    "ms-ssim": 0.9933928847312927,
    "bpp": 0.8663111111111111,
    "encoding_time": 0.29532456398010254,
    "decoding_time": 0.4185328483581543
}