{
    "image_name": "RGB_OR_1200x1200_047.png",
    "mse": 0.0005146837211214006,
    "psnr": 32.87419509887695,
    "ms-ssim": 0.9929180145263672,
    "bpp": 0.6220888888888889,
    "encoding_time": 0.30255961418151855,
    "decoding_time": 0.3572530746459961
}