{
    "image_name": "RGB_OR_1200x1200_095.png",
    "mse": 0.0012626866810023785,
    "psnr": 28.982736587524414,
    "ms-ssim": 0.9907701015472412,
    "bpp": 0.9329111111111111,
    "encoding_time": 0.4474759101867676,
    "decoding_time": 0.5552513599395752
}