{
    "image_name": "RGB_OR_1200x1200_051.png",
    "mse": 0.00013124846736900508,
    "psnr": 38.77773666381836,
    "ms-ssim": 0.9938631057739258,
    "bpp": 0.5105777777777778,
    "encoding_time": 0.4154212474822998,
    "decoding_time": 0.3243527412414551
}