{
    "image_name": "RGB_OR_1200x1200_044.png",
    "mse": 0.00018426825408823788,
    "psnr": 37.31719970703125,
    "ms-ssim": 0.9927066564559937,
    "bpp": 0.6607777777777778,
    "encoding_time": 0.6452698707580566,
    "decoding_time": 0.5843255519866943
}