{
    "image_name": "RGB_OR_1200x1200_015.png",
    "mse": 8.67446287884377e-05,
    "psnr": 40.555301666259766,
    "ms-ssim": 0.9956156611442566,
    "bpp": 0.26593333333333335,
    "encoding_time": 0.44574689865112305,
    "decoding_time": 0.7051341533660889
}