{
    "image_name": "RGB_OR_1200x1200_013.png",
    "mse": 0.0003101934271398932,
    "psnr": 35.066688537597656,
    "ms-ssim": 0.9946589469909668,
    "bpp": 0.4719333333333333,
    "encoding_time": 0.2960395812988281,
    "decoding_time": 0.4489412307739258
}