{
    "image_name": "RGB_OR_1200x1200_066.png",
    "mse": 0.00023898942163214087,
    "psnr": 36.19373321533203,
    "ms-ssim": 0.9937331676483154,
    "bpp": 0.49202222222222225,
    "encoding_time": 0.2755105495452881,
    "decoding_time": 0.5626981258392334
}