{
    "image_name": "RGB_OR_1200x1200_012.png",
    "mse": 0.0003453698009252548,
    "psnr": 34.60165023803711,
    "ms-ssim": 0.9941605925559998,
    "bpp": 0.4683777777777778,
    "encoding_time": 0.5145864486694336,
    "decoding_time": 0.5195035934448242
}