{
    "image_name": "RGB_OR_1200x1200_096.png",
    "mse": 0.0002101160353049636,
    "psnr": 36.75089645385742,
    "ms-ssim": 0.9901312589645386,
    "bpp": 0.7150222222222222,
    "encoding_time": 0.292618989944458,
    "decoding_time": 0.445720911026001
}