{
    "image_name": "RGB_OR_1200x1200_073.png",
    "mse": 0.00013872337876819074,
    "psnr": 38.545623779296875,
    "ms-ssim": 0.9935194253921509,
    "bpp": 0.41788888888888887,
    "encoding_time": 0.5132615566253662,
    "decoding_time": 0.5680058002471924
}