{
    "image_name": "RGB_OR_1200x1200_077.png",
    "mse": 0.00022975157480686903,
    "psnr": 36.36439514160156,
    "ms-ssim": 0.9872879981994629,
    "bpp": 0.9585111111111111,
    "encoding_time": 0.6307997703552246,
    "decoding_time": 0.36914992332458496
}