{
    "image_name": "RGB_OR_1200x1200_055.png",
    "mse": 0.00029102261760272086,
    "psnr": 35.342002868652344,
    "ms-ssim": 0.9957661628723145,
    "bpp": 0.4844888888888889,
    "encoding_time": 0.4358844757080078,
    "decoding_time": 0.5237812995910645
}