{
    "image_name": "RGB_OR_1200x1200_034.png",
    "mse": 0.00021470652427524328,
    "psnr": 36.65572738647461,
    "ms-ssim": 0.995863676071167,
    "bpp": 0.3867111111111111,
    "encoding_time": 0.4477849006652832,
    "decoding_time": 0.4421420097351074
}