{
    "image_name": "RGB_OR_1200x1200_028.png",
    "mse": 9.39114615903236e-05,
    "psnr": 40.21669387817383,
    "ms-ssim": 0.9956960082054138,
    "bpp": 0.3798222222222222,
    "encoding_time": 0.6312129497528076,
    "decoding_time": 0.5719609260559082
}