{
    "image_name": "RGB_OR_1200x1200_076.png",
    "mse": 0.0002773028681986034,
    "psnr": 35.55070495605469,
    "ms-ssim": 0.9936846494674683,
    "bpp": 0.43033333333333335,
    "encoding_time": 0.3878138065338135,
    "decoding_time": 0.46753764152526855
}