{
    "image_name": "RGB_OR_1200x1200_035.png",
    "mse": 0.00044737051939591765,
    "psnr": 33.480831146240234,
    "ms-ssim": 0.9936539530754089,
    "bpp": 0.5966222222222223,
    "encoding_time": 0.6741812229156494,
    "decoding_time": 0.580897331237793
}