{
    "image_name": "RGB_OR_1200x1200_088.png",
    "mse": 0.0002990169159602374,
    "psnr": 35.22563171386719,
    "ms-ssim": 0.9947808980941772,
    "bpp": 0.5801555555555555,
    "encoding_time": 0.37848377227783203,
    "decoding_time": 0.7455308437347412
}