{
    "image_name": "RGB_OR_1200x1200_049.png",
    "mse": 0.00028794415993615985,
    "psnr": 35.38950729370117,
    "ms-ssim": 0.9949884414672852,
    "bpp": 0.48235555555555554,
    "encoding_time": 0.5149450302124023,
    "decoding_time": 0.5033211708068848
}