{
    "image_name": "RGB_OR_1200x1200_043.png",
    "mse": 0.00070624437648803,
    "psnr": 31.50262451171875,
    "ms-ssim": 0.9916920065879822,
    "bpp": 0.9101555555555556,
    "encoding_time": 0.35372161865234375,
    "decoding_time": 0.6301436424255371
}