{
    "image_name": "RGB_OR_1200x1200_009.png",
    "mse": 0.00012837929534725845,
    "psnr": 38.875328063964844,
    "ms-ssim": 0.9964450597763062,
    "bpp": 0.33368888888888887,
    "encoding_time": 0.26810550689697266,
    "decoding_time": 0.8522999286651611
}