{
    "image_name": "RGB_OR_1200x1200_064.png",
    "mse": 0.0004145638376940042,
    "psnr": 33.81193542480469,
    "ms-ssim": 0.9947003126144409,
    "bpp": 0.5958222222222223,
    "encoding_time": 0.5133476257324219,
    "decoding_time": 0.8229894638061523
}