{
    "image_name": "RGB_OR_1200x1200_053.png",
    "mse": 0.00015294761396944523,
    "psnr": 38.119171142578125,
    "ms-ssim": 0.9961676597595215,
    "bpp": 0.27813333333333334,
    "encoding_time": 0.48345017433166504,
    "decoding_time": 0.4595062732696533
}