{
    "image_name": "RGB_OR_1200x1200_026.png",
    "mse": 0.001332879881374538,
    "psnr": 28.74817657470703,
    "ms-ssim": 0.9933652281761169,
    "bpp": 0.7041777777777778,
    "encoding_time": 0.47636890411376953,
    "decoding_time": 0.5402705669403076
}