{
    "image_name": "RGB_OR_1200x1200_069.png",
    "mse": 0.0005075177177786827,
    "psnr": 32.9346923828125,
    "ms-ssim": 0.9944007396697998,
    "bpp": 0.5166444444444445,
    "encoding_time": 0.42928004264831543,
    "decoding_time": 0.4848909378051758
}