{
    "image_name": "RGB_OR_1200x1200_024.png",
    "mse": 0.001330898143351078,
    "psnr": 28.75453758239746,
    "ms-ssim": 0.992942214012146,
    "bpp": 0.7003333333333334,
    "encoding_time": 0.4646632671356201,
    "decoding_time": 0.5086498260498047
}