{
    "image_name": "RGB_OR_1200x1200_042.png",
    "mse": 0.00024111961829476058,
    "psnr": 36.156288146972656,
    "ms-ssim": 0.9936860799789429,
    "bpp": 0.6000888888888889,
    "encoding_time": 0.37374353408813477,
    "decoding_time": 0.8437156677246094
}