{
    "image_name": "RGB_OR_1200x1200_010.png",
    "mse": 0.00023536517983302474,
    "psnr": 36.25927734375,
    "ms-ssim": 0.9939405918121338,
    "bpp": 0.632,
    "encoding_time": 0.47908735275268555,
    "decoding_time": 0.8304719924926758
}