{
    "image_name": "RGB_OR_1200x1200_041.png",
    "mse": 0.00035647611366584897,
    "psnr": 34.46543884277344,
    "ms-ssim": 0.9939969778060913,
    "bpp": 0.5970666666666666,
    "encoding_time": 0.37900805473327637,
    "decoding_time": 0.7037949562072754
}