{
    "image_name": "RGB_OR_1200x1200_050.png",
    "mse": 0.0002784140524454415,
    "psnr": 35.53407287597656,
    "ms-ssim": 0.9919877052307129,
    "bpp": 0.6715333333333333,
    "encoding_time": 0.7615966796875,
    "decoding_time": 0.45520877838134766
}