{
    "image_name": "RGB_OR_1200x1200_065.png",
    "mse": 0.0008399624493904412,
    "psnr": 30.750904083251953,
    "ms-ssim": 0.9917322397232056,
    "bpp": 0.7187777777777777,
    "encoding_time": 0.47068333625793457,
    "decoding_time": 0.5623300075531006
}