{
    "image_name": "RGB_OR_1200x1200_025.png",
    "mse": 0.0001916755281854421,
    "psnr": 37.146095275878906,
    "ms-ssim": 0.9948482513427734,
    "bpp": 0.43073333333333336,
    "encoding_time": 0.3152596950531006,
    "decoding_time": 0.6677951812744141
}