{
    "image_name": "RGB_OR_1200x1200_078.png",
    "mse": 0.00021955242846161127,
    "psnr": 36.5601806640625,
    "ms-ssim": 0.9946647882461548,
    "bpp": 0.4056444444444444,
    "encoding_time": 0.7261555194854736,
    "decoding_time": 0.6318116188049316
}