{
    "image_name": "RGB_OR_1200x1200_093.png",
    "mse": 0.00018566034850664437,
    "psnr": 37.28999328613281,
    "ms-ssim": 0.9956651926040649,
    "bpp": 0.43348888888888887,
    "encoding_time": 0.4148533344268799,
    "decoding_time": 0.31288838386535645
}