{
    "image_name": "RGB_OR_1200x1200_094.png",
    "mse": 0.0007845069048926234,
    "psnr": 31.047103881835938,
    "ms-ssim": 0.994236946105957,
    "bpp": 0.5278444444444444,
    "encoding_time": 0.5450921058654785,
    "decoding_time": 0.39548778533935547
}