{
    "image_name": "RGB_OR_1200x1200_027.png",
    "mse": 0.000475534878205508,
    "psnr": 33.21703338623047,
    "ms-ssim": 0.994443416595459,
    "bpp": 0.5718222222222222,
    "encoding_time": 0.37500524520874023,
    "decoding_time": 0.7201979160308838
}