{
    "image_name": "RGB_OR_1200x1200_100.png",
    "mse": 6.0987240431131795e-05,
    "psnr": 42.091522216796875,
    "ms-ssim": 0.9967211484909058,
    "bpp": 0.3362,
    "encoding_time": 0.3080711364746094,
    "decoding_time": 0.5379347801208496
}