{
    "image_name": "RGB_OR_1200x1200_080.png",
    "mse": 0.0001449489500373602,
    "psnr": 38.35302734375,
    "ms-ssim": 0.9934037923812866,
    "bpp": 0.49591111111111114,
    "encoding_time": 0.5287251472473145,
    "decoding_time": 0.3681762218475342
}