{
    "image_name": "RGB_OR_1200x1200_071.png",
    "mse": 0.0002634286356624216,
    "psnr": 35.77296447753906,
    "ms-ssim": 0.9933472871780396,
    "bpp": 0.5176,
    "encoding_time": 0.4130556583404541,
    "decoding_time": 0.47299766540527344
}