{
    "image_name": "RGB_OR_1200x1200_008.png",
    "mse": 0.00034931034315377474,
    "psnr": 34.55265426635742,
    "ms-ssim": 0.9932622313499451,
    "bpp": 0.7154888888888888,
    "encoding_time": 0.3132472038269043,
    "decoding_time": 0.4295644760131836
}