{
    "image_name": "RGB_OR_1200x1200_060.png",
    "mse": 0.00025355961406603456,
    "psnr": 35.93937301635742,
    "ms-ssim": 0.9943506121635437,
    "bpp": 0.48304444444444444,
    "encoding_time": 0.4249560832977295,
    "decoding_time": 0.6385445594787598
}