{
    "image_name": "RGB_OR_1200x1200_067.png",
    "mse": 0.00032491874299012125,
    "psnr": 34.86609649658203,
    "ms-ssim": 0.991390585899353,
    "bpp": 0.6357555555555555,
    "encoding_time": 0.3317868709564209,
    "decoding_time": 0.4311704635620117
}