{
    "image_name": "RGB_OR_1200x1200_014.png",
    "mse": 0.0002305067901033908,
    "psnr": 36.34934997558594,
    "ms-ssim": 0.9955276846885681,
    "bpp": 0.38911111111111113,
    "encoding_time": 0.5636727809906006,
    "decoding_time": 0.580965518951416
}