{
    "image_name": "RGB_OR_1200x1200_038.png",
    "mse": 0.00015693772002123296,
    "psnr": 38.00961685180664,
    "ms-ssim": 0.9951028823852539,
    "bpp": 0.4478,
    "encoding_time": 0.46283578872680664,
    "decoding_time": 0.4523775577545166
}