{
    "image_name": "RGB_OR_1200x1200_045.png",
    "mse": 0.0002077872195513919,
    "psnr": 36.799461364746094,
    "ms-ssim": 0.9935394525527954,
    "bpp": 0.49464444444444444,
    "encoding_time": 0.6184930801391602,
    "decoding_time": 0.6181540489196777
}