{
    "image_name": "RGB_OR_1200x1200_090.png",
    "mse": 0.0008106048917397857,
    "psnr": 30.90523338317871,
    "ms-ssim": 0.992522120475769,
    "bpp": 0.8165555555555556,
    "encoding_time": 0.33014559745788574,
    "decoding_time": 0.4504117965698242
}