{
    "image_name": "RGB_OR_1200x1200_052.png",
    "mse": 0.00029715424170717597,
    "psnr": 35.25184631347656,
    "ms-ssim": 0.9950770139694214,
    "bpp": 0.5465777777777778,
    "encoding_time": 0.4968411922454834,
    "decoding_time": 0.6051599979400635
}