{
    "image_name": "RGB_OR_1200x1200_061.png",
    "mse": 0.0006934193079359829,
    "psnr": 31.58234977722168,
    "ms-ssim": 0.9926871061325073,
    "bpp": 0.7809777777777778,
    "encoding_time": 0.7256617546081543,
    "decoding_time": 0.8148131370544434
}