{
    "image_name": "RGB_OR_1200x1200_048.png",
    "mse": 0.000669179018586874,
    "psnr": 31.736652374267578,
    "ms-ssim": 0.9918766021728516,
    "bpp": 0.7975555555555556,
    "encoding_time": 0.46555638313293457,
    "decoding_time": 0.9466493129730225
}