{
    "image_name": "RGB_OR_1200x1200_089.png",
    "mse": 0.000584175402764231,
    "psnr": 32.32536315917969,
    "ms-ssim": 0.9924463033676147,
    "bpp": 0.7244444444444444,
    "encoding_time": 0.2820708751678467,
    "decoding_time": 0.6476070880889893
}