{
    "image_name": "RGB_OR_1200x1200_062.png",
    "mse": 0.0011234042467549443,
    "psnr": 29.489669799804688,
    "ms-ssim": 0.9918850660324097,
    "bpp": 0.9439555555555555,
    "encoding_time": 0.3700137138366699,
    "decoding_time": 0.6291584968566895
}