{
    "image_name": "RGB_OR_1200x1200_079.png",
    "mse": 0.0005284427898004651,
    "psnr": 32.75994110107422,
    "ms-ssim": 0.9961122274398804,
    "bpp": 0.3416,
    "encoding_time": 0.4395790100097656,
    "decoding_time": 0.43079113960266113
}