{
    "image_name": "RGB_OR_1200x1200_021.png",
    "mse": 0.00039471162017434835,
    "psnr": 34.02361297607422,
    "ms-ssim": 0.9955474734306335,
    "bpp": 0.3956,
    "encoding_time": 0.3790712356567383,
    "decoding_time": 0.5340976715087891
}