{
    "image_name": "RGB_OR_1200x1200_058.png",
    "mse": 0.0003007809573318809,
    "psnr": 35.200172424316406,
    "ms-ssim": 0.9939079284667969,
    "bpp": 0.5436888888888889,
    "encoding_time": 0.3787846565246582,
    "decoding_time": 0.3067758083343506
}