{
    "image_name": "RGB_OR_1200x1200_091.png",
    "mse": 0.00021622952772304416,
    "psnr": 36.63534927368164,
    "ms-ssim": 0.9965431690216064,
    "bpp": 0.38706666666666667,
    "encoding_time": 0.6855242252349854,
    "decoding_time": 0.5393984317779541
}