{
    "image_name": "RGB_OR_1200x1200_023.png",
    "mse": 0.0007025522063486278,
    "psnr": 31.525510787963867,
    "ms-ssim": 0.9938895106315613,
    "bpp": 0.5958222222222223,
    "encoding_time": 0.3221263885498047,
    "decoding_time": 0.49205446243286133
}