{
    "image_name": "RGB_OR_1200x1200_037.png",
    "mse": 0.00025566513068042696,
    "psnr": 35.90251922607422,
    "ms-ssim": 0.9940019845962524,
    "bpp": 0.5724666666666667,
    "encoding_time": 0.4617180824279785,
    "decoding_time": 0.6327290534973145
}