{
    "image_name": "RGB_OR_1200x1200_019.png",
    "mse": 0.00037077165325172246,
    "psnr": 34.29389572143555,
    "ms-ssim": 0.9933964014053345,
    "bpp": 0.6083111111111111,
    "encoding_time": 0.347090482711792,
    "decoding_time": 0.3777735233306885
}