{
    "image_name": "RGB_OR_1200x1200_003.png",
    "mse": 0.00037581732613034546,
    "psnr": 34.23611831665039,
    "ms-ssim": 0.9945210218429565,
    "bpp": 0.4814888888888889,
    "encoding_time": 0.5083036422729492,
    "decoding_time": 0.6650826930999756
}