{
    "image_name": "RGB_OR_1200x1200_036.png",
    "mse": 8.166807674570009e-05,
    "psnr": 40.814186096191406,
    "ms-ssim": 0.9948686361312866,
    "bpp": 0.38555555555555554,
    "encoding_time": 0.4668912887573242,
    "decoding_time": 0.49706196784973145
}