{
    "image_name": "RGB_OR_1200x1200_070.png",
    "mse": 0.00020700982713606209,
    "psnr": 36.813297271728516,
    "ms-ssim": 0.9931133985519409,
    "bpp": 0.7225333333333334,
    "encoding_time": 0.3640778064727783,
    "decoding_time": 0.6027095317840576
}