{
    "image_name": "RGB_OR_1200x1200_020.png",
    "mse": 0.00043970291153527796,
    "psnr": 33.556312561035156,
    "ms-ssim": 0.9915297031402588,
    "bpp": 0.7876666666666666,
    "encoding_time": 0.3206009864807129,
    "decoding_time": 0.33220958709716797
}