{
    "image_name": "RGB_OR_1200x1200_018.png",
    "mse": 0.0012002191506326199,
    "psnr": 29.202939987182617,
    "ms-ssim": 0.9930054545402527,
    "bpp": 0.7683333333333333,
    "encoding_time": 0.8166193962097168,
    "decoding_time": 0.4963686466217041
}