{
    "image_name": "RGB_OR_1200x1200_085.png",
    "mse": 0.00022638232621829957,
    "psnr": 36.42842102050781,
    "ms-ssim": 0.9917981624603271,
    "bpp": 0.7362222222222222,
    "encoding_time": 0.8203029632568359,
    "decoding_time": 0.333984375
}