{
    "image_name": "RGB_OR_1200x1200_054.png",
    "mse": 0.00026841749786399305,
    "psnr": 35.69451904296875,
    "ms-ssim": 0.9949467182159424,
    "bpp": 0.5546222222222222,
    "encoding_time": 0.32410740852355957,
    "decoding_time": 0.5214052200317383
}