{
    "image_name": "RGB_OR_1200x1200_075.png",
    "mse": 0.0003368793986737728,
    "psnr": 34.71004867553711,
    "ms-ssim": 0.9924799203872681,
    "bpp": 0.6078888888888889,
    "encoding_time": 0.43349671363830566,
    "decoding_time": 0.32529139518737793
}