{
    "image_name": "RGB_OR_1200x1200_081.png",
    "mse": 0.0003601069329306483,
    "psnr": 34.42083740234375,
    "ms-ssim": 0.9951639175415039,
    "bpp": 0.4836888888888889,
    "encoding_time": 0.3371741771697998,
    "decoding_time": 0.5962707996368408
}