{
    "image_name": "RGB_OR_1200x1200_006.png",
    "mse": 0.0002296187012689188,
    "psnr": 36.367027282714844,
    "ms-ssim": 0.9911302328109741,
    "bpp": 0.7428,
    "encoding_time": 0.5028071403503418,
    "decoding_time": 0.5230579376220703
}