{
    "image_name": "RGB_OR_1200x1200_031.png",
    "mse": 0.00035271613160148263,
    "psnr": 34.510738372802734,
    "ms-ssim": 0.9947897791862488,
    "bpp": 0.5943333333333334,
    "encoding_time": 0.2556495666503906,
    "decoding_time": 0.42063236236572266
}