{
    "image_name": "RGB_OR_1200x1200_030.png",
    "mse": 0.000488492485601455,
    "psnr": 33.10059356689453,
    "ms-ssim": 0.9922088384628296,
    "bpp": 0.7700888888888889,
    "encoding_time": 0.3135356903076172,
    "decoding_time": 0.560826301574707
}