{
    "image_name": "RGB_OR_1200x1200_040.png",
    "mse": 0.00034759697155095637,
    "psnr": 34.574615478515625,
    "ms-ssim": 0.9937591552734375,
    "bpp": 0.6244666666666666,
    "encoding_time": 0.42371392250061035,
    "decoding_time": 0.32867860794067383
}