{
    "image_name": "RGB_OR_1200x1200_039.png",
    "mse": 0.0004059978818986565,
    "psnr": 33.90141296386719,
    "ms-ssim": 0.9935895800590515,
    "bpp": 0.6437111111111111,
    "encoding_time": 0.44447875022888184,
    "decoding_time": 0.8622949123382568
}