{
    "image_name": "RGB_OR_1200x1200_074.png",
    "mse": 0.00013646797742694616,
    "psnr": 38.611446380615234,
    "ms-ssim": 0.9913325309753418,
    "bpp": 0.6413555555555556,
    "encoding_time": 0.48955631256103516,
    "decoding_time": 0.7360203266143799
}