{
    "image_name": "RGB_OR_1200x1200_084.png",
    "mse": 7.354028639383614e-05,
    "psnr": 41.26211929321289,
    "ms-ssim": 0.9935542941093445,
    "bpp": 0.5045555555555555,
    "encoding_time": 0.3681325912475586,
    "decoding_time": 0.7045981884002686
}