{
    "image_name": "RGB_OR_1200x1200_059.png",
    "mse": 0.001511285430751741,
    "psnr": 28.203222274780273,
    "ms-ssim": 0.9911445379257202,
    "bpp": 0.8987333333333334,
    "encoding_time": 0.26452112197875977,
    "decoding_time": 0.45508313179016113
}