{
    "image_name": "RGB_OR_1200x1200_057.png",
    "mse": 0.00016436001169495285,
    "psnr": 37.809871673583984,
    "ms-ssim": 0.9937812685966492,
    "bpp": 0.5617333333333333,
    "encoding_time": 0.32239437103271484,
    "decoding_time": 0.49917101860046387
}