{
    "image_name": "RGB_OR_1200x1200_046.png",
    "mse": 0.0004192068590782583,
    "psnr": 33.7635498046875,
    "ms-ssim": 0.9919211864471436,
    "bpp": 0.8156444444444444,
    "encoding_time": 0.5363912582397461,
    "decoding_time": 0.5384454727172852
}