{
    "image_name": "RGB_OR_1200x1200_092.png",
    "mse": 0.00018998417363036424,
    "psnr": 37.18463134765625,
    "ms-ssim": 0.9907165765762329,
    "bpp": 0.6274444444444445,
    "encoding_time": 0.46562862396240234,
    "decoding_time": 0.4866306781768799
}