{
    "image_name": "RGB_OR_1200x1200_004.png",
    "mse": 0.00015031053044367582,
    "psnr": 38.194801330566406,
    "ms-ssim": 0.9938888549804688,
    "bpp": 0.49566666666666664,
    "encoding_time": 0.43827009201049805,
    "decoding_time": 0.4253501892089844
}