{
    "image_name": "RGB_OR_1200x1200_056.png",
    "mse": 0.00012164268991909921,
    "psnr": 39.105186462402344,
    "ms-ssim": 0.9941636323928833,
    "bpp": 0.46124444444444446,
    "encoding_time": 0.42064642906188965,
    "decoding_time": 0.3023386001586914
}