{
    "image_name": "RGB_OR_1200x1200_082.png",
    "mse": 0.0007676839013583958,
    "psnr": 31.141374588012695,
    "ms-ssim": 0.9897656440734863,
    "bpp": 0.9907111111111111,
    "encoding_time": 0.40180373191833496,
    "decoding_time": 0.7613275051116943
}