{
    "image_name": "RGB_OR_1200x1200_011.png",
    "mse": 0.0007883327780291438,
    "psnr": 31.02585220336914,
    "ms-ssim": 0.993750274181366,
    "bpp": 0.6159777777777777,
    "encoding_time": 0.47435569763183594,
    "decoding_time": 0.5200092792510986
}