{
    "image_name": "RGB_OR_1200x1200_087.png",
    "mse": 0.0010764648905023932,
    "psnr": 29.67501449584961,
    "ms-ssim": 0.991037130355835,
    "bpp": 0.9394,
    "encoding_time": 0.39557933807373047,
    "decoding_time": 0.28752684593200684
}