{
    "image_name": "RGB_OR_1200x1200_017.png",
    "mse": 0.00034059074823744595,
    "psnr": 34.661678314208984,
    "ms-ssim": 0.9943754076957703,
    "bpp": 0.5871555555555555,
    "encoding_time": 0.4173104763031006,
    "decoding_time": 0.31258130073547363
}