{
    "image_name": "RGB_OR_1200x1200_007.png",
    "mse": 0.0004362049512565136,
    "psnr": 33.59095001220703,
    "ms-ssim": 0.9947003126144409,
    "bpp": 0.48704444444444445,
    "encoding_time": 0.31894707679748535,
    "decoding_time": 0.3765122890472412
}