{
    "image_name": "RGB_OR_1200x1200_083.png",
    "mse": 0.00025461800396442413,
    "psnr": 35.919654846191406,
    "ms-ssim": 0.9952606558799744,
    "bpp": 0.4189777777777778,
    "encoding_time": 0.3206791877746582,
    "decoding_time": 0.7154788970947266
}