{
    "image_name": "RGB_OR_1200x1200_097.png",
    "mse": 0.00035691173980012536,
    "psnr": 34.45948791503906,
    "ms-ssim": 0.9955469965934753,
    "bpp": 0.37804444444444446,
    "encoding_time": 0.5102849006652832,
    "decoding_time": 0.5260238647460938
}