{
    "image_name": "RGB_OR_1200x1200_029.png",
    "mse": 0.0002630955132190138,
    "psnr": 35.77888870239258,
    "ms-ssim": 0.9947170615196228,
    "bpp": 0.5178666666666667,
    "encoding_time": 0.32486724853515625,
    "decoding_time": 0.4594433307647705
}