{
    "image_name": "RGB_OR_1200x1200_016.png",
    "mse": 0.0010058501502498984,
    "psnr": 29.969261169433594,
    "ms-ssim": 0.9920752048492432,
    "bpp": 0.8127333333333333,
    "encoding_time": 0.5130620002746582,
    "decoding_time": 0.671849250793457
}