{
    "image_name": "RGB_OR_1200x1200_063.png",
    "mse": 0.00019479978072922677,
    "psnr": 37.079315185546875,
    "ms-ssim": 0.9941837191581726,
    "bpp": 0.4419111111111111,
    "encoding_time": 0.3740694522857666,
    "decoding_time": 0.6699254512786865
}