{
    "image_name": "RGB_OR_1200x1200_086.png",
    "mse": 0.000513525796122849,
    "psnr": 32.88379669189453,
    "ms-ssim": 0.9899067282676697,
    "bpp": 1.0276,
    "encoding_time": 0.4503498077392578,
    "decoding_time": 0.7360930442810059
}