{
    "mean_loss": 0.26553905791898247,
    "mean_bpp": 0.2654420621305744,
    "mean_psnr": 30.500746369361877,
    "mean_msssim": 0.9592771790921688,
    "mean_msssim_dB": 13.901621456449718,
    "mean_enc_time": 0.6712790578603745,
    "mean_dec_time": 0.901221290230751
}