{
    "image_name": "00008_TE_1912x1272.png",
    "mse": 0.0010104664834216237,
    "psnr": 29.94931411743164,
    "ms-ssim": 0.9453651309013367,
    "bpp": 0.20291571274440146,
    "encoding_time": 0.4529533386230469,
    "decoding_time": 0.6841442584991455
}