{
    "image_name": "00007_TE_1472x976.png",
    "mse": 0.0006236973567865789,
    "psnr": 32.041847229003906,
    "ms-ssim": 0.977266788482666,
    "bpp": 0.21883909479686386,
    "encoding_time": 0.36853480339050293,
    "decoding_time": 0.38201189041137695
}