{
    "image_name": "00014_TE_3680x2456.png",
    "mse": 0.0006202029180712998,
    "psnr": 32.06597900390625,
    "ms-ssim": 0.9642386436462402,
    "bpp": 0.17060614643818156,
    "encoding_time": 1.742311954498291,
    "decoding_time": 2.716106653213501
}