{
    "image_name": "00013_TE_1920x1280.png",
    "mse": 0.0008495414513163269,
    "psnr": 30.70160675048828,
    "ms-ssim": 0.9582785964012146,
    "bpp": 0.24338541666666666,
    "encoding_time": 0.46802592277526855,
    "decoding_time": 0.7428936958312988
}