{
    "image_name": "00010_TE_2000x1128.png",
    "mse": 0.0005593653186224401,
    "psnr": 32.51326370239258,
    "ms-ssim": 0.9576972723007202,
    "bpp": 0.13849645390070922,
    "encoding_time": 0.39584922790527344,
    "decoding_time": 0.5317389965057373
}