{
    "image_name": "00004_TE_1808x1352.png",
    "mse": 0.0012790134642273188,
    "psnr": 28.927156448364258,
    "ms-ssim": 0.9675736427307129,
    "bpp": 0.37758548463109387,
    "encoding_time": 0.5923478603363037,
    "decoding_time": 0.6923398971557617
}