{
    "image_name": "00011_TE_1744x1160.png",
    "mse": 0.0012989571550861,
    "psnr": 28.86021614074707,
    "ms-ssim": 0.9687413573265076,
    "bpp": 0.36613413476747864,
    "encoding_time": 0.4458456039428711,
    "decoding_time": 0.8553433418273926
}