{
    "image_name": "00002_TE_2144x1424.png",
    "mse": 0.0009394051157869399,
    "psnr": 30.26595687866211,
    "ms-ssim": 0.9328206777572632,
    "bpp": 0.2295719436525239,
    "encoding_time": 1.2238783836364746,
    "decoding_time": 1.085975170135498
}