{
    "image_name": "00003_TE_1944x1296.png",
    "mse": 0.0006571125122718513,
    "psnr": 31.815921783447266,
    "ms-ssim": 0.9716870188713074,
    "bpp": 0.1962099273484733,
    "encoding_time": 0.5241003036499023,
    "decoding_time": 0.9298381805419922
}