{
    "image_name": "00012_TE_1512x2016.png",
    "mse": 0.0011768396943807602,
    "psnr": 29.28823471069336,
    "ms-ssim": 0.9113640785217285,
    "bpp": 0.20103720500545896,
    "encoding_time": 0.38982224464416504,
    "decoding_time": 0.6904380321502686
}