{
    "image_name": "00009_TE_1976x1312.png",
    "mse": 0.0023965355940163136,
    "psnr": 26.2018985748291,
    "ms-ssim": 0.9668066501617432,
    "bpp": 0.7169448010269577,
    "encoding_time": 0.3906748294830322,
    "decoding_time": 0.4304921627044678
}