{
    "image_name": "00016_TE_1744x2000.png",
    "mse": 0.0008236353751271963,
    "psnr": 30.836206436157227,
    "ms-ssim": 0.9064299464225769,
    "bpp": 0.08581651376146789,
    "encoding_time": 0.6692066192626953,
    "decoding_time": 0.9307694435119629
}