{
    "image_name": "00005_TE_1336x872.png",
    "mse": 0.0005074625369161367,
    "psnr": 32.935760498046875,
    "ms-ssim": 0.9880357980728149,
    "bpp": 0.19049057847607537,
    "encoding_time": 0.20788335800170898,
    "decoding_time": 0.39252138137817383
}