{
    "image_name": "00015_TE_3680x2456.png",
    "mse": 0.0005793593009002507,
    "psnr": 32.361045837402344,
    "ms-ssim": 0.9755980372428894,
    "bpp": 0.18863829485908512,
    "encoding_time": 1.9899628162384033,
    "decoding_time": 2.3149917125701904
}