{
    "image_name": "00001_TE_2096x1400.png",
    "mse": 0.0012441559229046106,
    "psnr": 29.046993255615234,
    "ms-ssim": 0.9763666987419128,
    "bpp": 0.4013413304252999,
    "encoding_time": 0.5311567783355713,
    "decoding_time": 0.7097697257995605
}