{
    "image_name": "21.png",
    "mse": 0.0009875415125861764,
    "psnr": 30.048887252807617,
    "ms-ssim": 0.9645733833312988,
    "bpp": 0.24332682291666666,
    "encoding_time": 0.5175783634185791,
    "decoding_time": 0.5725581645965576
}