{
    "image_name": "1.png",
    "mse": 0.00161772093269974,
    "psnr": 27.907474517822266,
    "ms-ssim": 0.9545780420303345,
    "bpp": 0.32763671875,
    "encoding_time": 0.3353543281555176,
    "decoding_time": 0.41127657890319824
}