{
    "image_name": "9.png",
    "mse": 0.0004880624474026263,
    "psnr": 33.10393524169922,
    "ms-ssim": 0.9725252985954285,
    "bpp": 0.11767578125,
    "encoding_time": 0.18370318412780762,
    "decoding_time": 0.3545830249786377
}