{
    "image_name": "10.png",
    "mse": 0.0005140498396940529,
    "psnr": 32.87931823730469,
    "ms-ssim": 0.9647434949874878,
    "bpp": 0.126708984375,
    "encoding_time": 0.37251830101013184,
    "decoding_time": 0.6725366115570068
}