{
    "image_name": "18.png",
    "mse": 0.0013111088192090392,
    "psnr": 28.81926918029785,
    "ms-ssim": 0.9464430212974548,
    "bpp": 0.3106282552083333,
    "encoding_time": 0.6658334732055664,
    "decoding_time": 0.7220706939697266
}