{
    "image_name": "13.png",
    "mse": 0.0021718554198741913,
    "psnr": 26.629072189331055,
    "ms-ssim": 0.9432328939437866,
    "bpp": 0.556640625,
    "encoding_time": 0.24788618087768555,
    "decoding_time": 0.3089334964752197
}