{
    "image_name": "19.png",
    "mse": 0.000881232030224055,
    "psnr": 30.542272567749023,
    "ms-ssim": 0.944756031036377,
    "bpp": 0.15584309895833334,
    "encoding_time": 0.39545512199401855,
    "decoding_time": 0.5485455989837646
}