{
    "image_name": "11.png",
    "mse": 0.0009862673468887806,
    "psnr": 30.054441452026367,
    "ms-ssim": 0.9404336810112,
    "bpp": 0.19775390625,
    "encoding_time": 0.5849823951721191,
    "decoding_time": 0.44902610778808594
}