{
    "image_name": "23.png",
    "mse": 0.0003996047016698867,
    "psnr": 33.970069885253906,
    "ms-ssim": 0.9667513370513916,
    "bpp": 0.09513346354166667,
    "encoding_time": 0.6372764110565186,
    "decoding_time": 0.39330196380615234
}