{
    "image_name": "3.png",
    "mse": 0.00045263575157150626,
    "psnr": 33.430015563964844,
    "ms-ssim": 0.9655075073242188,
    "bpp": 0.09708658854166667,
    "encoding_time": 0.3332839012145996,
    "decoding_time": 0.7085375785827637
}