{
    "image_name": "14.png",
    "mse": 0.0012569467071443796,
    "psnr": 29.00209617614746,
    "ms-ssim": 0.9451360106468201,
    "bpp": 0.2744140625,
    "encoding_time": 0.28194713592529297,
    "decoding_time": 0.2996511459350586
}