{
    "image_name": "12.png",
    "mse": 0.0005483434069901705,
    "psnr": 32.598995208740234,
    "ms-ssim": 0.9426888227462769,
    "bpp": 0.09521484375,
    "encoding_time": 0.5275900363922119,
    "decoding_time": 0.48230433464050293
}