{
    "image_name": "2.png",
    "mse": 0.0007467999821528792,
    "psnr": 31.261140823364258,
    "ms-ssim": 0.9180811643600464,
    "bpp": 0.09309895833333333,
    "encoding_time": 0.40648436546325684,
    "decoding_time": 0.46042680740356445
}