{
    "image_name": "17.png",
    "mse": 0.0006301903049461544,
    "psnr": 31.997053146362305,
    "ms-ssim": 0.9589678645133972,
    "bpp": 0.14713541666666666,
    "encoding_time": 0.41922760009765625,
    "decoding_time": 0.6895925998687744
}