{
    "image_name": "15.png",
    "mse": 0.0006794174551032484,
    "psnr": 31.670806884765625,
    "ms-ssim": 0.9547353982925415,
    "bpp": 0.11564127604166667,
    "encoding_time": 0.57039475440979,
    "decoding_time": 0.7810328006744385
}