{
    "image_name": "4.png",
    "mse": 0.0007084107492119074,
    "psnr": 31.48906898498535,
    "ms-ssim": 0.9402846097946167,
    "bpp": 0.12410481770833333,
    "encoding_time": 0.2648653984069824,
    "decoding_time": 0.3499879837036133
}