{
    "image_name": "16.png",
    "mse": 0.0007435011793859303,
    "psnr": 31.280136108398438,
    "ms-ssim": 0.9441148638725281,
    "bpp": 0.13997395833333334,
    "encoding_time": 0.375579833984375,
    "decoding_time": 0.5228278636932373
}