{
    "image_name": "24.png",
    "mse": 0.001250526518560946,
    "psnr": 29.02518653869629,
    "ms-ssim": 0.9556622505187988,
    "bpp": 0.3197428385416667,
    "encoding_time": 0.5143802165985107,
    "decoding_time": 0.6418817043304443
}