{
    "image_name": "6.png",
    "mse": 0.001110045937821269,
    "psnr": 29.541847229003906,
    "ms-ssim": 0.9444692134857178,
    "bpp": 0.2576497395833333,
    "encoding_time": 0.20937299728393555,
    "decoding_time": 0.5418305397033691
}