{
    "image_name": "22.png",
    "mse": 0.0010501863434910774,
    "psnr": 29.782005310058594,
    "ms-ssim": 0.9285361766815186,
    "bpp": 0.18074544270833334,
    "encoding_time": 0.4496018886566162,
    "decoding_time": 0.314422607421875
}