{
    "image_name": "7.png",
    "mse": 0.0005440473323687911,
    "psnr": 32.63331604003906,
    "ms-ssim": 0.9776583909988403,
    "bpp": 0.16064453125,
    "encoding_time": 0.3881714344024658,
    "decoding_time": 0.5997145175933838
}