{
    "mean_loss": 0.2214645226543265,
    "mean_bpp": 0.22137051257604376,
    "mean_psnr": 30.685069799423218,
    "mean_msssim": 0.9598573297262192,
    "mean_msssim_dB": 13.963937417987964,
    "mean_enc_time": 1.0333683490753174,
    "mean_dec_time": 1.242986798286438
}