{
    "image_name": "00003_TE_1944x1296.png",
    "mse": 0.0006225700490176678,
    "psnr": 32.04905700683594,
    "ms-ssim": 0.9722892642021179,
    "bpp": 0.1598079561042524,
    "encoding_time": 1.2170484066009521,
    "decoding_time": 1.3600099086761475
}