{
    "image_name": "00016_TE_1744x2000.png",
    "mse": 0.0008108963957056403,
    "psnr": 30.903589248657227,
    "ms-ssim": 0.9059382677078247,
    "bpp": 0.05979816513761468,
    "encoding_time": 0.9132065773010254,
    "decoding_time": 1.321408987045288
}