{
    "image_name": "00009_TE_1976x1312.png",
    "mse": 0.0024911921937018633,
    "psnr": 26.03386688232422,
    "ms-ssim": 0.9669687151908875,
    "bpp": 0.6302211908758764,
    "encoding_time": 0.6193802356719971,
    "decoding_time": 1.3755223751068115
}