{
    "image_name": "00001_TE_2096x1400.png",
    "mse": 0.0011976180830970407,
    "psnr": 29.21219253540039,
    "ms-ssim": 0.9769629836082458,
    "bpp": 0.3588331515812432,
    "encoding_time": 0.771775484085083,
    "decoding_time": 0.8576414585113525
}