{
    "image_name": "00007_TE_1472x976.png",
    "mse": 0.0005660390597768128,
    "psnr": 32.46197509765625,
    "ms-ssim": 0.9782094955444336,
    "bpp": 0.15319850320741268,
    "encoding_time": 0.5821199417114258,
    "decoding_time": 0.6934230327606201
}