{
    "image_name": "00011_TE_1744x1160.png",
    "mse": 0.0012289728038012981,
    "psnr": 29.099853515625,
    "ms-ssim": 0.9687405824661255,
    "bpp": 0.325798797848782,
    "encoding_time": 0.6153876781463623,
    "decoding_time": 1.0292863845825195
}