{
    "image_name": "00010_TE_2000x1128.png",
    "mse": 0.0005254410789348185,
    "psnr": 32.78399658203125,
    "ms-ssim": 0.9593329429626465,
    "bpp": 0.10164539007092199,
    "encoding_time": 0.7371740341186523,
    "decoding_time": 1.1153934001922607
}