{
    "image_name": "00013_TE_1920x1280.png",
    "mse": 0.0008097885292954743,
    "psnr": 30.909584045410156,
    "ms-ssim": 0.9585967063903809,
    "bpp": 0.22169270833333332,
    "encoding_time": 0.5595073699951172,
    "decoding_time": 0.9634807109832764
}