{
    "image_name": "00008_TE_1912x1272.png",
    "mse": 0.0009992127306759357,
    "psnr": 29.9976749420166,
    "ms-ssim": 0.9443336725234985,
    "bpp": 0.1664561458908976,
    "encoding_time": 1.2800788879394531,
    "decoding_time": 1.1677844524383545
}