{
    "image_name": "00014_TE_3680x2456.png",
    "mse": 0.0005947772297076881,
    "psnr": 32.246971130371094,
    "ms-ssim": 0.9646848440170288,
    "bpp": 0.14129018552612943,
    "encoding_time": 2.9272046089172363,
    "decoding_time": 2.556210994720459
}