{
    "image_name": "00012_TE_1512x2016.png",
    "mse": 0.0011458356166258454,
    "psnr": 29.40386390686035,
    "ms-ssim": 0.9130997061729431,
    "bpp": 0.15852019820273788,
    "encoding_time": 0.804753303527832,
    "decoding_time": 1.3052709102630615
}