{
    "image_name": "00005_TE_1336x872.png",
    "mse": 0.000467196136014536,
    "psnr": 33.29334259033203,
    "ms-ssim": 0.9898011684417725,
    "bpp": 0.13319233093446134,
    "encoding_time": 0.32018589973449707,
    "decoding_time": 0.5548958778381348
}