{
    "image_name": "00006_TE_1544x1120.png",
    "mse": 0.0009088643128052354,
    "psnr": 30.40918731689453,
    "ms-ssim": 0.9815394282341003,
    "bpp": 0.27796076980014806,
    "encoding_time": 0.7846200466156006,
    "decoding_time": 0.633864164352417
}