{
    "mean_loss": 0.6771224782698685,
    "mean_bpp": 0.6764051649305555,
    "mean_psnr": 31.278580109278362,
    "mean_msssim": 0.9928268666068713,
    "mean_msssim_dB": 21.442910928560334,
    "mean_enc_time": 0.4417780836423238,
    "mean_dec_time": 0.5024331212043762
}