{
    "image_name": "21.png",
    "mse": 0.0009122070041485131,
    "psnr": 30.39320945739746,
    "ms-ssim": 0.9924817085266113,
    "bpp": 0.6669921875,
    "encoding_time": 0.4857470989227295,
    "decoding_time": 0.6207149028778076
}