{
    "image_name": "3.png",
    "mse": 0.0004066131077706814,
    "psnr": 33.89488220214844,
    "ms-ssim": 0.9946305155754089,
    "bpp": 0.45751953125,
    "encoding_time": 0.29114532470703125,
    "decoding_time": 0.6127743721008301
}