{
    "image_name": "1.png",
    "mse": 0.0012673737946897745,
    "psnr": 28.96661376953125,
    "ms-ssim": 0.9921652674674988,
    "bpp": 0.8484700520833334,
    "encoding_time": 0.3730309009552002,
    "decoding_time": 0.7145583629608154
}