{
    "image_name": "23.png",
    "mse": 0.00036424180143512785,
    "psnr": 34.371089935302734,
    "ms-ssim": 0.9941319227218628,
    "bpp": 0.43212890625,
    "encoding_time": 0.6291587352752686,
    "decoding_time": 0.32427501678466797
}