{
    "image_name": "17.png",
    "mse": 0.0004253349034115672,
    "psnr": 33.699459075927734,
    "ms-ssim": 0.9937531352043152,
    "bpp": 0.55908203125,
    "encoding_time": 0.5638909339904785,
    "decoding_time": 0.6964108943939209
}