{
    "image_name": "9.png",
    "mse": 0.0004947761190123856,
    "psnr": 33.04465866088867,
    "ms-ssim": 0.9931635856628418,
    "bpp": 0.4950358072916667,
    "encoding_time": 0.7706925868988037,
    "decoding_time": 0.3613574504852295
}