{
    "image_name": "10.png",
    "mse": 0.0005116458632983267,
    "psnr": 32.89999008178711,
    "ms-ssim": 0.9935042262077332,
    "bpp": 0.5340983072916666,
    "encoding_time": 0.26976466178894043,
    "decoding_time": 0.19543075561523438
}