{
    "image_name": "7.png",
    "mse": 0.0005056014051660895,
    "psnr": 32.95133972167969,
    "ms-ssim": 0.9952000379562378,
    "bpp": 0.462646484375,
    "encoding_time": 0.3701181411743164,
    "decoding_time": 0.394639253616333
}