{
    "image_name": "13.png",
    "mse": 0.002471528947353363,
    "psnr": 26.067813873291016,
    "ms-ssim": 0.9899997115135193,
    "bpp": 1.031005859375,
    "encoding_time": 0.4055650234222412,
    "decoding_time": 0.665257453918457
}