{
    "image_name": "4.png",
    "mse": 0.000569335010368377,
    "psnr": 32.43745422363281,
    "ms-ssim": 0.992660403251648,
    "bpp": 0.6769205729166666,
    "encoding_time": 0.17715001106262207,
    "decoding_time": 0.37650203704833984
}