{
    "image_name": "8.png",
    "mse": 0.0018648110562935472,
    "psnr": 27.29027557373047,
    "ms-ssim": 0.9926408529281616,
    "bpp": 0.7694498697916666,
    "encoding_time": 0.48748111724853516,
    "decoding_time": 0.3475654125213623
}