{
    "image_name": "18.png",
    "mse": 0.0011286215158179402,
    "psnr": 29.4700984954834,
    "ms-ssim": 0.9911617040634155,
    "bpp": 0.859130859375,
    "encoding_time": 0.6904768943786621,
    "decoding_time": 0.3242788314819336
}