{
    "image_name": "16.png",
    "mse": 0.0005012308829464018,
    "psnr": 32.9884147644043,
    "ms-ssim": 0.9933617115020752,
    "bpp": 0.6314290364583334,
    "encoding_time": 0.3365359306335449,
    "decoding_time": 0.24816226959228516
}