{
    "image_name": "22.png",
    "mse": 0.0006446628831326962,
    "psnr": 31.898155212402344,
    "ms-ssim": 0.9911569356918335,
    "bpp": 0.830810546875,
    "encoding_time": 0.37833738327026367,
    "decoding_time": 0.6483108997344971
}