{
    "image_name": "5.png",
    "mse": 0.001237754593603313,
    "psnr": 29.06912612915039,
    "ms-ssim": 0.9934982061386108,
    "bpp": 0.8390299479166666,
    "encoding_time": 0.5457024574279785,
    "decoding_time": 0.7663543224334717
}