{
    "image_name": "20.png",
    "mse": 0.0007415972650051117,
    "psnr": 31.293378829956055,
    "ms-ssim": 0.9938232898712158,
    "bpp": 0.478271484375,
    "encoding_time": 0.512437105178833,
    "decoding_time": 0.19880223274230957
}