{
    "image_name": "12.png",
    "mse": 0.0004476867616176605,
    "psnr": 33.47762680053711,
    "ms-ssim": 0.9933253526687622,
    "bpp": 0.59619140625,
    "encoding_time": 0.4080650806427002,
    "decoding_time": 0.49250316619873047
}