{
    "image_name": "14.png",
    "mse": 0.0008673884440213442,
    "psnr": 30.611595153808594,
    "ms-ssim": 0.9923750758171082,
    "bpp": 0.8392740885416666,
    "encoding_time": 0.475278377532959,
    "decoding_time": 0.5257308483123779
}