{
    "image_name": "11.png",
    "mse": 0.0007836995064280927,
    "psnr": 31.051712036132812,
    "ms-ssim": 0.9925867915153503,
    "bpp": 0.7249348958333334,
    "encoding_time": 0.2337336540222168,
    "decoding_time": 0.61271071434021
}