{
    "mean_loss": 0.7321161869115058,
    "mean_bpp": 0.7321014469995878,
    "mean_psnr": 38.65768460529606,
    "mean_msssim": 0.9903627779425644,
    "mean_msssim_dB": 20.160481340421708,
    "mean_enc_time": 0.42018100110495965,
    "mean_dec_time": 0.47388149470817753
}