{
    "image_name": "roberto-nickson-48063.png",
    "mse": 9.037155541591346e-05,
    "psnr": 40.381507873535156,
    "ms-ssim": 0.9885579347610474,
    "bpp": 0.2619047619047619,
    "encoding_time": 0.44152355194091797,
    "decoding_time": 0.7348411083221436
}