{
    "image_name": "davide-ragusa-716.png",
    "mse": 0.00010209745960310102,
    "psnr": 39.85906219482422,
    "ms-ssim": 0.9900495409965515,
    "bpp": 0.4440249269779621,
    "encoding_time": 0.41303110122680664,
    "decoding_time": 0.4564840793609619
}