{
    "image_name": "allef-vinicius-109434.png",
    "mse": 0.0001999231899389997,
    "psnr": 36.96419906616211,
    "ms-ssim": 0.9795727729797363,
    "bpp": 0.4355769230769231,
    "encoding_time": 0.43805623054504395,
    "decoding_time": 0.4513669013977051
}