{
    "image_name": "martin-wessely-211.png",
    "mse": 0.00027670481358654797,
    "psnr": 35.559654235839844,
    "ms-ssim": 0.9931303262710571,
    "bpp": 1.9547916666666667,
    "encoding_time": 0.16006231307983398,
    "decoding_time": 0.177520751953125
}