{
    "image_name": "schicka-307.png",
    "mse": 9.831377246882766e-05,
    "psnr": 40.017608642578125,
    "ms-ssim": 0.9903295040130615,
    "bpp": 0.400390625,
    "encoding_time": 0.16448163986206055,
    "decoding_time": 0.06829404830932617
}