{
    "image_name": "jason-briscoe-149782.png",
    "mse": 4.798093868885189e-05,
    "psnr": 43.07801818847656,
    "ms-ssim": 0.9947061538696289,
    "bpp": 0.2186584249084249,
    "encoding_time": 0.516575813293457,
    "decoding_time": 0.4692070484161377
}