{
    "image_name": "sergey-zolkin-21232.png",
    "mse": 6.121586920926347e-05,
    "psnr": 42.04936599731445,
    "ms-ssim": 0.9899530410766602,
    "bpp": 0.21200421908986763,
    "encoding_time": 0.7433547973632812,
    "decoding_time": 0.39597344398498535
}