{
    "image_name": "thong-vo-428.png",
    "mse": 0.00020761821360792965,
    "psnr": 36.80177307128906,
    "ms-ssim": 0.9918290972709656,
    "bpp": 1.1786572664637078,
    "encoding_time": 0.23776769638061523,
    "decoding_time": 0.3757498264312744
}