{
    "image_name": "philippe-wuyts-45997.png",
    "mse": 0.00018082227325066924,
    "psnr": 37.39876937866211,
    "ms-ssim": 0.9905219078063965,
    "bpp": 1.04242182023182,
    "encoding_time": 0.4027705192565918,
    "decoding_time": 0.4937777519226074
}