{
    "image_name": "wojciech-szaturski-3611.png",
    "mse": 0.00016433165001217276,
    "psnr": 37.81068420410156,
    "ms-ssim": 0.9896547794342041,
    "bpp": 0.8694704073497589,
    "encoding_time": 0.6191339492797852,
    "decoding_time": 0.6277284622192383
}