{
    "image_name": "felix-russell-saw-140699.png",
    "mse": 0.00013242683780845255,
    "psnr": 38.733604431152344,
    "ms-ssim": 0.9839105606079102,
    "bpp": 0.35246263170791475,
    "encoding_time": 0.40128278732299805,
    "decoding_time": 0.5300819873809814
}