{
    "image_name": "kazuend-28556.png",
    "mse": 5.197084101382643e-05,
    "psnr": 42.73961639404297,
    "ms-ssim": 0.9920120239257812,
    "bpp": 0.21057692307692308,
    "encoding_time": 0.47246623039245605,
    "decoding_time": 0.5981135368347168
}