{
    "image_name": "amy-zhang-15940.png",
    "mse": 0.00015945731138344854,
    "psnr": 37.94056701660156,
    "ms-ssim": 0.9911293983459473,
    "bpp": 0.9419907853851923,
    "encoding_time": 0.2560086250305176,
    "decoding_time": 0.26325154304504395
}