{
    "image_name": "philipp-reiner-207.png",
    "mse": 0.00022626285499427468,
    "psnr": 36.43107604980469,
    "ms-ssim": 0.9893254041671753,
    "bpp": 1.3480987654320988,
    "encoding_time": 0.45694518089294434,
    "decoding_time": 0.2984354496002197
}