{
    "image_name": "todd-quackenbush-27493.png",
    "mse": 6.551831029355526e-05,
    "psnr": 41.75639343261719,
    "ms-ssim": 0.9941856265068054,
    "bpp": 0.287270087124879,
    "encoding_time": 0.4048492908477783,
    "decoding_time": 0.5633044242858887
}