{
    "image_name": "veeterzy-82537.png",
    "mse": 0.00021451576321851462,
    "psnr": 36.66069030761719,
    "ms-ssim": 0.9927489161491394,
    "bpp": 0.8251624267935578,
    "encoding_time": 0.4268198013305664,
    "decoding_time": 0.48081326484680176
}