{
    "image_name": "alberto-montalesi-176097.png",
    "mse": 0.0001799620658857748,
    "psnr": 37.41830825805664,
    "ms-ssim": 0.9753197431564331,
    "bpp": 0.2661064746881878,
    "encoding_time": 0.4213423728942871,
    "decoding_time": 0.5702717304229736
}