{
    "image_name": "jared-erondu-21325.png",
    "mse": 0.00011228243238292634,
    "psnr": 39.44890594482422,
    "ms-ssim": 0.9856729507446289,
    "bpp": 0.3469322344322344,
    "encoding_time": 0.42098331451416016,
    "decoding_time": 0.477036714553833
}