{
    "image_name": "mullermarc-184.png",
    "mse": 0.0001363308256259188,
    "psnr": 38.61851501464844,
    "ms-ssim": 0.994056224822998,
    "bpp": 0.711500085013468,
    "encoding_time": 0.39955663681030273,
    "decoding_time": 0.2675001621246338
}