{
    "image_name": "andrew-ruiz-376.png",
    "mse": 0.00012971706746611744,
    "psnr": 38.8293571472168,
    "ms-ssim": 0.994246244430542,
    "bpp": 0.6389258817046289,
    "encoding_time": 0.4706559181213379,
    "decoding_time": 0.5540256500244141
}