{
    "image_name": "vita-vilcina-3055.png",
    "mse": 0.00012789703032467514,
    "psnr": 38.89164352416992,
    "ms-ssim": 0.997846782207489,
    "bpp": 0.9723283252695017,
    "encoding_time": 0.37857580184936523,
    "decoding_time": 0.6201255321502686
}