{
    "image_name": "gian-reto-tarnutzer-45212.png",
    "mse": 0.00018362489936407655,
    "psnr": 37.331478118896484,
    "ms-ssim": 0.9917466044425964,
    "bpp": 0.9651345802919709,
    "encoding_time": 0.5311293601989746,
    "decoding_time": 0.47811460494995117
}