{
    "image_name": "sergey-zolkin-1045.png",
    "mse": 0.00010203519923379645,
    "psnr": 39.8600959777832,
    "ms-ssim": 0.9921650886535645,
    "bpp": 0.5005952380952381,
    "encoding_time": 0.43616700172424316,
    "decoding_time": 0.5674839019775391
}