{
    "image_name": "ales-krivec-15949.png",
    "mse": 7.87575263530016e-05,
    "psnr": 40.96940612792969,
    "ms-ssim": 0.9936313629150391,
    "bpp": 0.28590593434343436,
    "encoding_time": 0.3760671615600586,
    "decoding_time": 0.41381072998046875
}