{
    "image_name": "casey-fyfe-999.png",
    "mse": 0.00018697211635299027,
    "psnr": 37.25360107421875,
    "ms-ssim": 0.9796525835990906,
    "bpp": 0.6626034007352941,
    "encoding_time": 0.435748815536499,
    "decoding_time": 0.6870346069335938
}