{
    "image_name": "paul-itkin-46101.png",
    "mse": 0.00017528215539641678,
    "psnr": 37.532527923583984,
    "ms-ssim": 0.9963995814323425,
    "bpp": 1.456291390728477,
    "encoding_time": 0.11542510986328125,
    "decoding_time": 0.1585402488708496
}