{
    "image_name": "juskteez-vu-1041.png",
    "mse": 0.0002254991850350052,
    "psnr": 36.44464874267578,
    "ms-ssim": 0.9903685450553894,
    "bpp": 1.5805541421429024,
    "encoding_time": 0.35143041610717773,
    "decoding_time": 0.5277328491210938
}