{
    "image_name": "daniel-robert-405.png",
    "mse": 0.00021512269449885935,
    "psnr": 36.649322509765625,
    "ms-ssim": 0.9913654327392578,
    "bpp": 1.1357977883096366,
    "encoding_time": 0.25992465019226074,
    "decoding_time": 0.37833690643310547
}