{
    "image_name": "martyn-seddon-220.png",
    "mse": 0.000144300123793073,
    "psnr": 38.3707160949707,
    "ms-ssim": 0.9854813814163208,
    "bpp": 0.6201465201465202,
    "encoding_time": 0.5128021240234375,
    "decoding_time": 0.606248140335083
}