{
    "image_name": "benjamin-sloth-lindgreen-705.png",
    "mse": 0.0001653047656873241,
    "psnr": 37.784942626953125,
    "ms-ssim": 0.9905037879943848,
    "bpp": 0.8989010989010989,
    "encoding_time": 0.53236985206604,
    "decoding_time": 0.8646268844604492
}