{
    "image_name": "alejandro-escamilla-6.png",
    "mse": 0.00011364118108758703,
    "psnr": 39.4034538269043,
    "ms-ssim": 0.9911064505577087,
    "bpp": 0.4570808439133682,
    "encoding_time": 0.4343271255493164,
    "decoding_time": 0.5283670425415039
}