{
    "image_name": "todd-quackenbush-222.png",
    "mse": 0.000256252329563722,
    "psnr": 35.89370346069336,
    "ms-ssim": 0.9905555248260498,
    "bpp": 1.4579600101240193,
    "encoding_time": 0.10925936698913574,
    "decoding_time": 0.10018777847290039
}