{
    "image_name": "nomao-saeki-33553.png",
    "mse": 8.911205077311024e-05,
    "psnr": 40.43981170654297,
    "ms-ssim": 0.9853416681289673,
    "bpp": 0.2868548682284041,
    "encoding_time": 0.41668272018432617,
    "decoding_time": 0.4384899139404297
}