{
    "image_name": "jeremy-cai-1174.png",
    "mse": 9.657471673563123e-05,
    "psnr": 40.0977668762207,
    "ms-ssim": 0.99632728099823,
    "bpp": 0.4829833355913833,
    "encoding_time": 0.4284529685974121,
    "decoding_time": 0.4487888813018799
}