{
    "image_name": "zugr-108.png",
    "mse": 8.23380469228141e-05,
    "psnr": 40.777984619140625,
    "ms-ssim": 0.9935449957847595,
    "bpp": 0.2582989926739927,
    "encoding_time": 0.5459609031677246,
    "decoding_time": 0.5151007175445557
}