{
    "image_name": "michael-durana-82941.png",
    "mse": 0.00013355810369830579,
    "psnr": 38.702796936035156,
    "ms-ssim": 0.9905750155448914,
    "bpp": 0.6276442307692308,
    "encoding_time": 0.47020578384399414,
    "decoding_time": 0.4886322021484375
}