{
    "mean_loss": 0.32039256035439173,
    "mean_bpp": 0.3190286666666667,
    "mean_psnr": 31.887054996490477,
    "mean_msssim": 0.9863610631227493,
    "mean_msssim_dB": 18.65219480584061,
    "mean_enc_time": 0.38913444519042967,
    "mean_dec_time": 0.48699268341064456
}