{
    "image_name": "RGB_OR_1200x1200_074.png",
    "mse": 0.00023273173428606242,
    "psnr": 36.30878448486328,
    "ms-ssim": 0.9817621111869812,
    "bpp": 0.2838,
    "encoding_time": 0.3918015956878662,
    "decoding_time": 0.7103281021118164
}