{
    "image_name": "RGB_OR_1200x1200_001.png",
    "mse": 0.0005778875784017146,
    "psnr": 32.37225341796875,
    "ms-ssim": 0.9918994903564453,
    "bpp": 0.1998888888888889,
    "encoding_time": 0.4801037311553955,
    "decoding_time": 0.5961575508117676
}