{
    "image_name": "RGB_OR_1200x1200_088.png",
    "mse": 0.0006117704324424267,
    "psnr": 32.12523651123047,
    "ms-ssim": 0.988231360912323,
    "bpp": 0.3302888888888889,
    "encoding_time": 0.3183627128601074,
    "decoding_time": 0.6329858303070068
}