{
    "image_name": "RGB_OR_1200x1200_020.png",
    "mse": 0.0007524722605012357,
    "psnr": 31.22806739807129,
    "ms-ssim": 0.9817577600479126,
    "bpp": 0.44664444444444446,
    "encoding_time": 0.2983098030090332,
    "decoding_time": 0.3968379497528076
}