{
    "image_name": "RGB_OR_1200x1200_094.png",
    "mse": 0.0014647520147264004,
    "psnr": 28.338626861572266,
    "ms-ssim": 0.9885787963867188,
    "bpp": 0.2972,
    "encoding_time": 0.2768735885620117,
    "decoding_time": 0.3619801998138428
}