{
    "image_name": "RGB_OR_1200x1200_062.png",
    "mse": 0.0020663789473474026,
    "psnr": 26.845287322998047,
    "ms-ssim": 0.9808168411254883,
    "bpp": 0.5651555555555555,
    "encoding_time": 0.2660667896270752,
    "decoding_time": 0.2822301387786865
}