{
    "image_name": "RGB_OR_1200x1200_082.png",
    "mse": 0.001351880724541843,
    "psnr": 28.686586380004883,
    "ms-ssim": 0.977088212966919,
    "bpp": 0.5634,
    "encoding_time": 0.3461136817932129,
    "decoding_time": 0.42377543449401855
}