{
    "image_name": "RGB_OR_1200x1200_097.png",
    "mse": 0.0006990648107603192,
    "psnr": 31.547332763671875,
    "ms-ssim": 0.9918556213378906,
    "bpp": 0.207,
    "encoding_time": 0.4681437015533447,
    "decoding_time": 0.46711277961730957
}