{
    "image_name": "RGB_OR_1200x1200_047.png",
    "mse": 0.001032773987390101,
    "psnr": 29.854772567749023,
    "ms-ssim": 0.9842693209648132,
    "bpp": 0.3263111111111111,
    "encoding_time": 0.3729996681213379,
    "decoding_time": 0.6568267345428467
}