{
    "image_name": "RGB_OR_1200x1200_063.png",
    "mse": 0.0003123298811260611,
    "psnr": 35.03802490234375,
    "ms-ssim": 0.9885959029197693,
    "bpp": 0.20706666666666668,
    "encoding_time": 0.4389007091522217,
    "decoding_time": 0.43423986434936523
}