{
    "image_name": "RGB_OR_1200x1200_100.png",
    "mse": 0.00020363336079753935,
    "psnr": 36.89815902709961,
    "ms-ssim": 0.9927136301994324,
    "bpp": 0.18106666666666665,
    "encoding_time": 0.43657827377319336,
    "decoding_time": 0.6036419868469238
}