{
    "image_name": "RGB_OR_1200x1200_016.png",
    "mse": 0.0018838156247511506,
    "psnr": 27.246414184570312,
    "ms-ssim": 0.982148289680481,
    "bpp": 0.45593333333333336,
    "encoding_time": 0.43988704681396484,
    "decoding_time": 0.5440917015075684
}