{
    "image_name": "RGB_OR_1200x1200_041.png",
    "mse": 0.0007366322097368538,
    "psnr": 31.32072639465332,
    "ms-ssim": 0.9869388937950134,
    "bpp": 0.31993333333333335,
    "encoding_time": 0.4140498638153076,
    "decoding_time": 0.47821974754333496
}