{
    "image_name": "RGB_OR_1200x1200_008.png",
    "mse": 0.0007022423669695854,
    "psnr": 31.526975631713867,
    "ms-ssim": 0.9844252467155457,
    "bpp": 0.4009333333333333,
    "encoding_time": 0.31394529342651367,
    "decoding_time": 0.8472378253936768
}