{
    "image_name": "RGB_OR_1200x1200_021.png",
    "mse": 0.0008939348626881838,
    "psnr": 30.480777740478516,
    "ms-ssim": 0.9913361072540283,
    "bpp": 0.22191111111111111,
    "encoding_time": 0.41449427604675293,
    "decoding_time": 0.48356199264526367
}