{
    "image_name": "RGB_OR_1200x1200_050.png",
    "mse": 0.0005222373292781413,
    "psnr": 32.810462951660156,
    "ms-ssim": 0.9826254844665527,
    "bpp": 0.3266,
    "encoding_time": 0.7587072849273682,
    "decoding_time": 0.6956770420074463
}