{
    "image_name": "RGB_OR_1200x1200_014.png",
    "mse": 0.0005274961586110294,
    "psnr": 32.76704025268555,
    "ms-ssim": 0.9911069273948669,
    "bpp": 0.2274,
    "encoding_time": 0.4035630226135254,
    "decoding_time": 0.5044739246368408
}