{
    "image_name": "RGB_OR_1200x1200_054.png",
    "mse": 0.0005805646651424468,
    "psnr": 32.35344696044922,
    "ms-ssim": 0.9887551069259644,
    "bpp": 0.3171333333333333,
    "encoding_time": 0.28356313705444336,
    "decoding_time": 0.5898654460906982
}