{
    "image_name": "RGB_OR_1200x1200_093.png",
    "mse": 0.0004799960006494075,
    "psnr": 33.178462982177734,
    "ms-ssim": 0.9904197454452515,
    "bpp": 0.23195555555555555,
    "encoding_time": 0.41376471519470215,
    "decoding_time": 0.3696718215942383
}