{
    "image_name": "RGB_OR_1200x1200_042.png",
    "mse": 0.00047681486466899514,
    "psnr": 33.205848693847656,
    "ms-ssim": 0.9863146543502808,
    "bpp": 0.3054,
    "encoding_time": 0.559237003326416,
    "decoding_time": 0.6261909008026123
}