{
    "image_name": "RGB_OR_1200x1200_056.png",
    "mse": 0.0002291464334120974,
    "psnr": 36.37544250488281,
    "ms-ssim": 0.9879255294799805,
    "bpp": 0.2039111111111111,
    "encoding_time": 0.3363988399505615,
    "decoding_time": 0.3290517330169678
}