{
    "image_name": "RGB_OR_1200x1200_028.png",
    "mse": 0.00019617570796981454,
    "psnr": 37.045772552490234,
    "ms-ssim": 0.9911162257194519,
    "bpp": 0.2015111111111111,
    "encoding_time": 0.4214012622833252,
    "decoding_time": 0.56949782371521
}