{
    "image_name": "RGB_OR_1200x1200_059.png",
    "mse": 0.0028702474664896727,
    "psnr": 25.419126510620117,
    "ms-ssim": 0.9801658987998962,
    "bpp": 0.5055555555555555,
    "encoding_time": 0.2479386329650879,
    "decoding_time": 0.5663118362426758
}