{
    "image_name": "RGB_OR_1200x1200_024.png",
    "mse": 0.0024149613454937935,
    "psnr": 26.168643951416016,
    "ms-ssim": 0.9847919344902039,
    "bpp": 0.38986666666666664,
    "encoding_time": 0.33901023864746094,
    "decoding_time": 0.5952713489532471
}