{
    "image_name": "RGB_OR_1200x1200_030.png",
    "mse": 0.0008739997283555567,
    "psnr": 30.578678131103516,
    "ms-ssim": 0.9832636713981628,
    "bpp": 0.4452888888888889,
    "encoding_time": 0.3027002811431885,
    "decoding_time": 0.4407038688659668
}