{
    "image_name": "RGB_OR_1200x1200_081.png",
    "mse": 0.0007951530860736966,
    "psnr": 30.988527297973633,
    "ms-ssim": 0.9894680976867676,
    "bpp": 0.2699111111111111,
    "encoding_time": 0.3511371612548828,
    "decoding_time": 0.398756742477417
}