{
    "image_name": "RGB_OR_1200x1200_022.png",
    "mse": 0.000400441960664466,
    "psnr": 33.96125793457031,
    "ms-ssim": 0.9865812063217163,
    "bpp": 0.33397777777777776,
    "encoding_time": 0.39331912994384766,
    "decoding_time": 0.48436546325683594
}