{
    "image_name": "RGB_OR_1200x1200_046.png",
    "mse": 0.0007854457362554967,
    "psnr": 31.042123794555664,
    "ms-ssim": 0.9819439649581909,
    "bpp": 0.4606222222222222,
    "encoding_time": 0.3447856903076172,
    "decoding_time": 0.29564738273620605
}