{
    "image_name": "RGB_OR_1200x1200_015.png",
    "mse": 0.00024536039563827217,
    "psnr": 36.07929992675781,
    "ms-ssim": 0.9925971031188965,
    "bpp": 0.129,
    "encoding_time": 0.44068098068237305,
    "decoding_time": 0.6095583438873291
}