{
    "image_name": "RGB_OR_1200x1200_071.png",
    "mse": 0.0005022568511776626,
    "psnr": 32.97998046875,
    "ms-ssim": 0.9860290288925171,
    "bpp": 0.22246666666666667,
    "encoding_time": 0.3043019771575928,
    "decoding_time": 0.37894535064697266
}