{
    "image_name": "RGB_OR_1200x1200_070.png",
    "mse": 0.0003925090131815523,
    "psnr": 34.047698974609375,
    "ms-ssim": 0.9841193556785583,
    "bpp": 0.4039333333333333,
    "encoding_time": 0.27483439445495605,
    "decoding_time": 0.38463473320007324
}