{
    "image_name": "RGB_OR_1200x1200_051.png",
    "mse": 0.00026573214563541114,
    "psnr": 35.73472595214844,
    "ms-ssim": 0.9872779250144958,
    "bpp": 0.2556,
    "encoding_time": 0.3927593231201172,
    "decoding_time": 0.5023317337036133
}