{
    "image_name": "RGB_OR_1200x1200_034.png",
    "mse": 0.0004839843895751983,
    "psnr": 33.14033508300781,
    "ms-ssim": 0.9912208318710327,
    "bpp": 0.20926666666666666,
    "encoding_time": 0.3149223327636719,
    "decoding_time": 0.48462438583374023
}