{
    "image_name": "RGB_OR_1200x1200_035.png",
    "mse": 0.0008227006183005869,
    "psnr": 30.84075927734375,
    "ms-ssim": 0.9866905212402344,
    "bpp": 0.3298,
    "encoding_time": 0.4264497756958008,
    "decoding_time": 0.6949775218963623
}