{
    "image_name": "RGB_OR_1200x1200_002.png",
    "mse": 0.0003179275372531265,
    "psnr": 34.95975875854492,
    "ms-ssim": 0.9911078810691833,
    "bpp": 0.15197777777777777,
    "encoding_time": 0.25940418243408203,
    "decoding_time": 0.5120079517364502
}