{
    "image_name": "RGB_OR_1200x1200_079.png",
    "mse": 0.001174034783616662,
    "psnr": 29.298330307006836,
    "ms-ssim": 0.9927353858947754,
    "bpp": 0.2104,
    "encoding_time": 0.38057398796081543,
    "decoding_time": 0.3401966094970703
}