{
    "image_name": "RGB_OR_1200x1200_018.png",
    "mse": 0.002232142025604844,
    "psnr": 26.51043701171875,
    "ms-ssim": 0.9840080142021179,
    "bpp": 0.4369777777777778,
    "encoding_time": 0.6342954635620117,
    "decoding_time": 0.4784815311431885
}