{
    "image_name": "RGB_OR_1200x1200_072.png",
    "mse": 0.001356260385364294,
    "psnr": 28.67267608642578,
    "ms-ssim": 0.9877195358276367,
    "bpp": 0.35342222222222225,
    "encoding_time": 0.39153552055358887,
    "decoding_time": 0.567934513092041
}