{
    "image_name": "RGB_OR_1200x1200_058.png",
    "mse": 0.0005736559978686273,
    "psnr": 32.40448760986328,
    "ms-ssim": 0.9877028465270996,
    "bpp": 0.29864444444444443,
    "encoding_time": 0.25754404067993164,
    "decoding_time": 0.36956119537353516
}