{
    "image_name": "RGB_OR_1200x1200_027.png",
    "mse": 0.0008991383365355432,
    "psnr": 30.455854415893555,
    "ms-ssim": 0.9878205060958862,
    "bpp": 0.3171777777777778,
    "encoding_time": 0.5142207145690918,
    "decoding_time": 0.38157010078430176
}