{
    "image_name": "RGB_OR_1200x1200_009.png",
    "mse": 0.00030789701850153506,
    "psnr": 35.09901809692383,
    "ms-ssim": 0.9929637908935547,
    "bpp": 0.17757777777777778,
    "encoding_time": 0.2600438594818115,
    "decoding_time": 0.48033738136291504
}