{
    "image_name": "RGB_OR_1200x1200_085.png",
    "mse": 0.00043841995648108423,
    "psnr": 33.56894302368164,
    "ms-ssim": 0.981353759765625,
    "bpp": 0.38008888888888887,
    "encoding_time": 0.29196953773498535,
    "decoding_time": 0.30016589164733887
}