{
    "image_name": "RGB_OR_1200x1200_048.png",
    "mse": 0.0012543975608423352,
    "psnr": 29.011219024658203,
    "ms-ssim": 0.9818511009216309,
    "bpp": 0.4332888888888889,
    "encoding_time": 0.3011777400970459,
    "decoding_time": 0.42352819442749023
}