{
    "image_name": "RGB_OR_1200x1200_092.png",
    "mse": 0.000361387908924371,
    "psnr": 34.405113220214844,
    "ms-ssim": 0.9803704619407654,
    "bpp": 0.21544444444444444,
    "encoding_time": 0.27265095710754395,
    "decoding_time": 0.3128516674041748
}