{
    "image_name": "RGB_OR_1200x1200_004.png",
    "mse": 0.00034509188844822347,
    "psnr": 34.604949951171875,
    "ms-ssim": 0.9870190620422363,
    "bpp": 0.20451111111111112,
    "encoding_time": 0.5216050148010254,
    "decoding_time": 0.9379212856292725
}