{
    "image_name": "RGB_OR_1200x1200_053.png",
    "mse": 0.0003625636163633317,
    "psnr": 34.39170837402344,
    "ms-ssim": 0.9935082793235779,
    "bpp": 0.16493333333333332,
    "encoding_time": 0.6545703411102295,
    "decoding_time": 0.6133813858032227
}