{
    "image_name": "RGB_OR_1200x1200_083.png",
    "mse": 0.0008244842756539583,
    "psnr": 30.831518173217773,
    "ms-ssim": 0.9895695447921753,
    "bpp": 0.20966666666666667,
    "encoding_time": 0.42485976219177246,
    "decoding_time": 0.6945383548736572
}