{
    "image_name": "RGB_OR_1200x1200_095.png",
    "mse": 0.0022451039403676987,
    "psnr": 26.48528289794922,
    "ms-ssim": 0.9801650047302246,
    "bpp": 0.5443777777777777,
    "encoding_time": 0.29396700859069824,
    "decoding_time": 0.4261298179626465
}