{
    "image_name": "RGB_OR_1200x1200_052.png",
    "mse": 0.0005972018116153777,
    "psnr": 32.22951889038086,
    "ms-ssim": 0.9892897605895996,
    "bpp": 0.33626666666666666,
    "encoding_time": 0.5032088756561279,
    "decoding_time": 0.4909510612487793
}