{
    "image_name": "RGB_OR_1200x1200_064.png",
    "mse": 0.000778700748924166,
    "psnr": 31.0795841217041,
    "ms-ssim": 0.9880940318107605,
    "bpp": 0.3563777777777778,
    "encoding_time": 0.2767963409423828,
    "decoding_time": 0.3358728885650635
}