{
    "image_name": "RGB_OR_1200x1200_025.png",
    "mse": 0.0004314567777328193,
    "psnr": 33.6383056640625,
    "ms-ssim": 0.9898465871810913,
    "bpp": 0.21631111111111112,
    "encoding_time": 0.3706479072570801,
    "decoding_time": 0.4300227165222168
}