{
    "image_name": "RGB_OR_1200x1200_060.png",
    "mse": 0.0005263159400783479,
    "psnr": 32.77776336669922,
    "ms-ssim": 0.9889456629753113,
    "bpp": 0.2704666666666667,
    "encoding_time": 0.2767908573150635,
    "decoding_time": 0.42455625534057617
}