{
    "image_name": "RGB_OR_1200x1200_077.png",
    "mse": 0.00039551962981931865,
    "psnr": 34.01445770263672,
    "ms-ssim": 0.9699110984802246,
    "bpp": 0.45711111111111113,
    "encoding_time": 0.3113229274749756,
    "decoding_time": 0.31633543968200684
}