{
    "image_name": "RGB_OR_1200x1200_061.png",
    "mse": 0.0012397668324410915,
    "psnr": 29.062530517578125,
    "ms-ssim": 0.9838066101074219,
    "bpp": 0.4755333333333333,
    "encoding_time": 0.5470685958862305,
    "decoding_time": 0.5692493915557861
}