{
    "image_name": "RGB_OR_1200x1200_069.png",
    "mse": 0.001091928337700665,
    "psnr": 29.613218307495117,
    "ms-ssim": 0.9883996844291687,
    "bpp": 0.2760888888888889,
    "encoding_time": 0.29291844367980957,
    "decoding_time": 0.39272236824035645
}