{
    "image_name": "RGB_OR_1200x1200_033.png",
    "mse": 0.0008755068411119282,
    "psnr": 30.571216583251953,
    "ms-ssim": 0.9858393669128418,
    "bpp": 0.37077777777777776,
    "encoding_time": 0.5323169231414795,
    "decoding_time": 0.4343724250793457
}