{
    "image_name": "RGB_OR_1200x1200_057.png",
    "mse": 0.00035754882264882326,
    "psnr": 34.45135498046875,
    "ms-ssim": 0.9860224723815918,
    "bpp": 0.2826888888888889,
    "encoding_time": 0.3387882709503174,
    "decoding_time": 0.6415975093841553
}