{
    "image_name": "RGB_OR_1200x1200_007.png",
    "mse": 0.0007851312984712422,
    "psnr": 31.04380226135254,
    "ms-ssim": 0.9893764853477478,
    "bpp": 0.2788,
    "encoding_time": 0.34562230110168457,
    "decoding_time": 0.5417664051055908
}