{
    "image_name": "RGB_OR_1200x1200_019.png",
    "mse": 0.0006487578502856195,
    "psnr": 31.870901107788086,
    "ms-ssim": 0.9865821599960327,
    "bpp": 0.33597777777777776,
    "encoding_time": 0.5533912181854248,
    "decoding_time": 0.5256860256195068
}