{
    "image_name": "RGB_OR_1200x1200_055.png",
    "mse": 0.0006195856258273125,
    "psnr": 32.0699462890625,
    "ms-ssim": 0.9909546375274658,
    "bpp": 0.2974222222222222,
    "encoding_time": 0.41843557357788086,
    "decoding_time": 0.28141045570373535
}