{
    "image_name": "RGB_OR_1200x1200_067.png",
    "mse": 0.0006107083172537386,
    "psnr": 32.13277816772461,
    "ms-ssim": 0.9823765158653259,
    "bpp": 0.3018222222222222,
    "encoding_time": 0.5243778228759766,
    "decoding_time": 0.3933525085449219
}