{
    "image_name": "RGB_OR_1200x1200_037.png",
    "mse": 0.00048788334242999554,
    "psnr": 33.10564422607422,
    "ms-ssim": 0.9869236350059509,
    "bpp": 0.3081777777777778,
    "encoding_time": 0.33590030670166016,
    "decoding_time": 0.40002894401550293
}