{
    "image_name": "RGB_OR_1200x1200_075.png",
    "mse": 0.0006083680782467127,
    "psnr": 32.14999008178711,
    "ms-ssim": 0.9837815761566162,
    "bpp": 0.26597777777777776,
    "encoding_time": 0.29584646224975586,
    "decoding_time": 0.6138341426849365
}