{
    "image_name": "RGB_OR_1200x1200_003.png",
    "mse": 0.0006999735487625003,
    "psnr": 31.5413875579834,
    "ms-ssim": 0.9892365336418152,
    "bpp": 0.25435555555555556,
    "encoding_time": 0.3819549083709717,
    "decoding_time": 0.5308480262756348
}