{
    "image_name": "RGB_OR_1200x1200_066.png",
    "mse": 0.0004326910711824894,
    "psnr": 33.62584686279297,
    "ms-ssim": 0.9883279800415039,
    "bpp": 0.26524444444444445,
    "encoding_time": 0.51705002784729,
    "decoding_time": 0.5933835506439209
}