{
    "image_name": "RGB_OR_1200x1200_010.png",
    "mse": 0.00046390120405703783,
    "psnr": 33.32378387451172,
    "ms-ssim": 0.9862502813339233,
    "bpp": 0.35004444444444444,
    "encoding_time": 0.48310160636901855,
    "decoding_time": 0.5448739528656006
}