{
    "image_name": "RGB_OR_1200x1200_090.png",
    "mse": 0.0016041271155700088,
    "psnr": 27.943889617919922,
    "ms-ssim": 0.9831416606903076,
    "bpp": 0.4831111111111111,
    "encoding_time": 0.6505446434020996,
    "decoding_time": 0.47915101051330566
}