{
    "image_name": "RGB_OR_1200x1200_023.png",
    "mse": 0.0017063847044482827,
    "psnr": 27.676321029663086,
    "ms-ssim": 0.986211895942688,
    "bpp": 0.31048888888888887,
    "encoding_time": 0.45279908180236816,
    "decoding_time": 0.4688441753387451
}