{
    "image_name": "RGB_OR_1200x1200_080.png",
    "mse": 0.00032038489007391036,
    "psnr": 34.92658233642578,
    "ms-ssim": 0.9869680404663086,
    "bpp": 0.23764444444444444,
    "encoding_time": 0.3423161506652832,
    "decoding_time": 0.5540904998779297
}