{
    "image_name": "RGB_OR_1200x1200_099.png",
    "mse": 0.0005803343956358731,
    "psnr": 32.35390853881836,
    "ms-ssim": 0.9829124808311462,
    "bpp": 0.3716888888888889,
    "encoding_time": 0.456836462020874,
    "decoding_time": 0.3021543025970459
}