{
    "image_name": "RGB_OR_1200x1200_084.png",
    "mse": 0.00017116959497798234,
    "psnr": 37.63352966308594,
    "ms-ssim": 0.9856709837913513,
    "bpp": 0.1808,
    "encoding_time": 0.311779260635376,
    "decoding_time": 0.49989819526672363
}