{
    "image_name": "RGB_OR_1200x1200_036.png",
    "mse": 0.00016667995078023523,
    "psnr": 37.748924255371094,
    "ms-ssim": 0.9896165728569031,
    "bpp": 0.15806666666666666,
    "encoding_time": 0.32158350944519043,
    "decoding_time": 0.5462346076965332
}