{
    "image_name": "RGB_OR_1200x1200_065.png",
    "mse": 0.0018043270101770759,
    "psnr": 27.433826446533203,
    "ms-ssim": 0.9818021655082703,
    "bpp": 0.3400444444444444,
    "encoding_time": 0.36832499504089355,
    "decoding_time": 0.4478018283843994
}