{
    "image_name": "RGB_OR_1200x1200_038.png",
    "mse": 0.00033164091291837394,
    "psnr": 34.777381896972656,
    "ms-ssim": 0.9899628162384033,
    "bpp": 0.23022222222222222,
    "encoding_time": 0.32787585258483887,
    "decoding_time": 0.5439341068267822
}