{
    "image_name": "RGB_OR_1200x1200_029.png",
    "mse": 0.0005153832607902586,
    "psnr": 32.8682861328125,
    "ms-ssim": 0.9887060523033142,
    "bpp": 0.28804444444444444,
    "encoding_time": 0.2740051746368408,
    "decoding_time": 0.3750901222229004
}