{
    "image_name": "RGB_OR_1200x1200_005.png",
    "mse": 0.0005756192840635777,
    "psnr": 32.389183044433594,
    "ms-ssim": 0.9854786396026611,
    "bpp": 0.3438,
    "encoding_time": 0.3738415241241455,
    "decoding_time": 0.33199310302734375
}