{
    "image_name": "RGB_OR_1200x1200_032.png",
    "mse": 0.0009636426693759859,
    "psnr": 30.155078887939453,
    "ms-ssim": 0.9823433756828308,
    "bpp": 0.4740888888888889,
    "encoding_time": 0.35538482666015625,
    "decoding_time": 0.4889564514160156
}