{
    "image_name": "RGB_OR_1200x1200_073.png",
    "mse": 0.0002830632438417524,
    "psnr": 35.464447021484375,
    "ms-ssim": 0.9879905581474304,
    "bpp": 0.17028888888888888,
    "encoding_time": 0.41329479217529297,
    "decoding_time": 0.38591599464416504
}