{
    "image_name": "RGB_OR_1200x1200_017.png",
    "mse": 0.0006732635665684938,
    "psnr": 31.709753036499023,
    "ms-ssim": 0.9878435134887695,
    "bpp": 0.34444444444444444,
    "encoding_time": 0.43265557289123535,
    "decoding_time": 0.4482288360595703
}