{
    "image_name": "RGB_OR_1200x1200_040.png",
    "mse": 0.0007290648063644767,
    "psnr": 31.365331649780273,
    "ms-ssim": 0.986315131187439,
    "bpp": 0.33773333333333333,
    "encoding_time": 0.3990938663482666,
    "decoding_time": 0.40767550468444824
}