{
    "image_name": "RGB_OR_1200x1200_031.png",
    "mse": 0.0007260675192810595,
    "psnr": 31.382715225219727,
    "ms-ssim": 0.9882754683494568,
    "bpp": 0.3633111111111111,
    "encoding_time": 0.2841463088989258,
    "decoding_time": 0.4376382827758789
}