{
    "image_name": "RGB_OR_1200x1200_086.png",
    "mse": 0.0008480919059365988,
    "psnr": 30.709197998046875,
    "ms-ssim": 0.9765927791595459,
    "bpp": 0.6136222222222222,
    "encoding_time": 0.27593994140625,
    "decoding_time": 0.35701608657836914
}