{
    "image_name": "RGB_OR_1200x1200_045.png",
    "mse": 0.0004614799399860203,
    "psnr": 33.34716796875,
    "ms-ssim": 0.9873913526535034,
    "bpp": 0.2602,
    "encoding_time": 0.4895625114440918,
    "decoding_time": 0.5582525730133057
}