{
    "image_name": "RGB_OR_1200x1200_043.png",
    "mse": 0.0012950982199981809,
    "psnr": 28.872844696044922,
    "ms-ssim": 0.980625331401825,
    "bpp": 0.5190888888888889,
    "encoding_time": 0.4544339179992676,
    "decoding_time": 0.5365612506866455
}