{
    "image_name": "RGB_OR_1200x1200_098.png",
    "mse": 0.0016375294653698802,
    "psnr": 27.854698181152344,
    "ms-ssim": 0.9842812418937683,
    "bpp": 0.5431555555555555,
    "encoding_time": 0.30919766426086426,
    "decoding_time": 0.30135512351989746
}