{
    "image_name": "RGB_OR_1200x1200_039.png",
    "mse": 0.000868026923853904,
    "psnr": 30.608348846435547,
    "ms-ssim": 0.9851996898651123,
    "bpp": 0.36162222222222223,
    "encoding_time": 0.25939512252807617,
    "decoding_time": 0.4766409397125244
}