{
    "image_name": "RGB_OR_1200x1200_068.png",
    "mse": 0.0004257935215719044,
    "psnr": 33.70212936401367,
    "ms-ssim": 0.992997407913208,
    "bpp": 0.21253333333333332,
    "encoding_time": 0.4226217269897461,
    "decoding_time": 0.4863865375518799
}