{
    "image_name": "RGB_OR_1200x1200_044.png",
    "mse": 0.00035707399365492165,
    "psnr": 34.45690155029297,
    "ms-ssim": 0.9842380285263062,
    "bpp": 0.3507111111111111,
    "encoding_time": 0.3431248664855957,
    "decoding_time": 0.5575847625732422
}