{
    "image_name": "RGB_OR_1200x1200_087.png",
    "mse": 0.001852858462370932,
    "psnr": 27.318756103515625,
    "ms-ssim": 0.9798752069473267,
    "bpp": 0.5535333333333333,
    "encoding_time": 0.25722718238830566,
    "decoding_time": 0.48486995697021484
}