{
    "image_name": "RGB_OR_1200x1200_089.png",
    "mse": 0.0010563681134954095,
    "psnr": 29.756616592407227,
    "ms-ssim": 0.9832672476768494,
    "bpp": 0.38613333333333333,
    "encoding_time": 0.35466790199279785,
    "decoding_time": 0.44147372245788574
}