{
    "image_name": "RGB_OR_1200x1200_076.png",
    "mse": 0.00073679891647771,
    "psnr": 31.31885528564453,
    "ms-ssim": 0.9883437156677246,
    "bpp": 0.18666666666666668,
    "encoding_time": 0.2921745777130127,
    "decoding_time": 0.5442354679107666
}