{
    "image_name": "RGB_OR_1200x1200_013.png",
    "mse": 0.0006528925150632858,
    "psnr": 31.843372344970703,
    "ms-ssim": 0.9894139766693115,
    "bpp": 0.2602,
    "encoding_time": 0.407787561416626,
    "decoding_time": 0.37881922721862793
}