{
    "image_name": "RGB_OR_1200x1200_006.png",
    "mse": 0.00034493961720727384,
    "psnr": 34.60688781738281,
    "ms-ssim": 0.9820248484611511,
    "bpp": 0.3950666666666667,
    "encoding_time": 0.2973330020904541,
    "decoding_time": 0.6927189826965332
}