{
    "mean_loss": 0.15414970225108787,
    "mean_bpp": 0.15406631579915203,
    "mean_psnr": 31.639620757684476,
    "mean_msssim": 0.9564592300391779,
    "mean_msssim_dB": 13.611038953045778,
    "mean_enc_time": 0.5007455000063268,
    "mean_dec_time": 0.6600072965389345
}