{
    "image_name": "sergey-zolkin-1045.png",
    "mse": 0.0005841995007358491,
    "psnr": 32.32493591308594,
    "ms-ssim": 0.965846061706543,
    "bpp": 0.11513278388278388,
    "encoding_time": 0.5185840129852295,
    "decoding_time": 0.7403745651245117
}