{
    "image_name": "jeremy-cai-1174.png",
    "mse": 0.0005401162197813392,
    "psnr": 32.6654167175293,
    "ms-ssim": 0.9849705100059509,
    "bpp": 0.1422842433274624,
    "encoding_time": 0.6024940013885498,
    "decoding_time": 0.5101618766784668
}