{
    "image_name": "amy-zhang-15940.png",
    "mse": 0.0010280533460900187,
    "psnr": 29.874588012695312,
    "ms-ssim": 0.9434727430343628,
    "bpp": 0.16024858030643951,
    "encoding_time": 0.29712772369384766,
    "decoding_time": 0.3616313934326172
}