{
    "image_name": "paul-itkin-46101.png",
    "mse": 0.0017772045684978366,
    "psnr": 27.499696731567383,
    "ms-ssim": 0.9806965589523315,
    "bpp": 0.4240618101545254,
    "encoding_time": 0.1087801456451416,
    "decoding_time": 0.12417054176330566
}