{
    "image_name": "alejandro-escamilla-6.png",
    "mse": 0.0005199392908252776,
    "psnr": 32.83226776123047,
    "ms-ssim": 0.954824686050415,
    "bpp": 0.10595593726661688,
    "encoding_time": 0.6103663444519043,
    "decoding_time": 0.6497900485992432
}