{
    "image_name": "alberto-montalesi-176097.png",
    "mse": 0.0003711984900292009,
    "psnr": 34.28955841064453,
    "ms-ssim": 0.9480398893356323,
    "bpp": 0.06880502567865003,
    "encoding_time": 0.471752405166626,
    "decoding_time": 0.9538347721099854
}