{
    "image_name": "philippe-wuyts-45997.png",
    "mse": 0.0011890731984749436,
    "psnr": 29.24327850341797,
    "ms-ssim": 0.9356421232223511,
    "bpp": 0.19013501581182105,
    "encoding_time": 0.749854564666748,
    "decoding_time": 0.8689224720001221
}