{
    "image_name": "schicka-307.png",
    "mse": 0.00045134680112823844,
    "psnr": 33.442405700683594,
    "ms-ssim": 0.9574130773544312,
    "bpp": 0.08349609375,
    "encoding_time": 0.1042485237121582,
    "decoding_time": 0.08730292320251465
}