{
    "image_name": "daniel-robert-405.png",
    "mse": 0.0012378989486023784,
    "psnr": 29.068897247314453,
    "ms-ssim": 0.9464601278305054,
    "bpp": 0.21292890995260663,
    "encoding_time": 0.3550279140472412,
    "decoding_time": 0.4537477493286133
}