{
    "image_name": "thong-vo-428.png",
    "mse": 0.001274412963539362,
    "psnr": 28.942888259887695,
    "ms-ssim": 0.9497165679931641,
    "bpp": 0.25755487902579716,
    "encoding_time": 0.3669559955596924,
    "decoding_time": 0.3999650478363037
}