{
    "image_name": "benjamin-sloth-lindgreen-705.png",
    "mse": 0.0010408679954707623,
    "psnr": 29.820894241333008,
    "ms-ssim": 0.9443802833557129,
    "bpp": 0.1553228021978022,
    "encoding_time": 0.5119950771331787,
    "decoding_time": 1.123586654663086
}