{
    "image_name": "jared-erondu-21325.png",
    "mse": 0.000416954600950703,
    "psnr": 33.78614807128906,
    "ms-ssim": 0.9502753615379333,
    "bpp": 0.07643086080586081,
    "encoding_time": 0.740797758102417,
    "decoding_time": 0.8322017192840576
}