{
    "image_name": "martyn-seddon-220.png",
    "mse": 0.000734081375412643,
    "psnr": 31.3352108001709,
    "ms-ssim": 0.9237953424453735,
    "bpp": 0.10896291208791209,
    "encoding_time": 0.5398087501525879,
    "decoding_time": 0.8220541477203369
}