{
    "image_name": "todd-quackenbush-222.png",
    "mse": 0.0015078582800924778,
    "psnr": 28.21283721923828,
    "ms-ssim": 0.9378269910812378,
    "bpp": 0.23153631991900783,
    "encoding_time": 0.1011037826538086,
    "decoding_time": 0.11107015609741211
}