{
    "image_name": "alexander-shustov-73.png",
    "mse": 0.00206389301456511,
    "psnr": 26.850475311279297,
    "ms-ssim": 0.9519574046134949,
    "bpp": 0.3701092946362968,
    "encoding_time": 0.7506945133209229,
    "decoding_time": 0.9011566638946533
}