{
    "image_name": "jason-briscoe-149782.png",
    "mse": 0.0002400711236987263,
    "psnr": 36.174007415771484,
    "ms-ssim": 0.9845794439315796,
    "bpp": 0.07865155677655677,
    "encoding_time": 0.47794675827026367,
    "decoding_time": 1.0314555168151855
}