{
    "image_name": "vita-vilcina-3055.png",
    "mse": 0.0009027194464579225,
    "psnr": 30.43865394592285,
    "ms-ssim": 0.9859201312065125,
    "bpp": 0.27593865829159947,
    "encoding_time": 0.5396730899810791,
    "decoding_time": 0.6402642726898193
}