{
    "image_name": "stefan-kunze-26931.png",
    "mse": 0.0009873372036963701,
    "psnr": 30.049758911132812,
    "ms-ssim": 0.9540650248527527,
    "bpp": 0.15670720555961962,
    "encoding_time": 0.4589872360229492,
    "decoding_time": 0.7284281253814697
}