{
    "image_name": "veeterzy-82537.png",
    "mse": 0.0010674000950530171,
    "psnr": 29.71164321899414,
    "ms-ssim": 0.9591972827911377,
    "bpp": 0.2012605234260615,
    "encoding_time": 0.5188488960266113,
    "decoding_time": 0.7873151302337646
}