{
    "image_name": "felix-russell-saw-140699.png",
    "mse": 0.0004014376609120518,
    "psnr": 33.95051956176758,
    "ms-ssim": 0.9590296149253845,
    "bpp": 0.09629012496937026,
    "encoding_time": 0.534846305847168,
    "decoding_time": 0.5094954967498779
}