{
    "image_name": "nomao-saeki-33553.png",
    "mse": 0.0003449189243838191,
    "psnr": 34.607017517089844,
    "ms-ssim": 0.9624473452568054,
    "bpp": 0.07122758052708639,
    "encoding_time": 0.5127606391906738,
    "decoding_time": 0.6478750705718994
}