{
    "image_name": "philipp-reiner-207.png",
    "mse": 0.0015458371490240097,
    "psnr": 28.104928970336914,
    "ms-ssim": 0.9437087774276733,
    "bpp": 0.26928395061728394,
    "encoding_time": 0.6443476676940918,
    "decoding_time": 0.323960542678833
}