{
    "image_name": "roberto-nickson-48063.png",
    "mse": 0.0002974258968606591,
    "psnr": 35.2479133605957,
    "ms-ssim": 0.9707309603691101,
    "bpp": 0.07192078754578754,
    "encoding_time": 0.6256239414215088,
    "decoding_time": 0.6989107131958008
}