{
    "image_name": "kazuend-28556.png",
    "mse": 0.0002290728152729571,
    "psnr": 36.3767204284668,
    "ms-ssim": 0.972882866859436,
    "bpp": 0.05147664835164835,
    "encoding_time": 0.5132396221160889,
    "decoding_time": 0.8348329067230225
}