{
    "image_name": "mullermarc-184.png",
    "mse": 0.0007185001159086823,
    "psnr": 31.429128646850586,
    "ms-ssim": 0.9633037447929382,
    "bpp": 0.15971793426221734,
    "encoding_time": 0.27176737785339355,
    "decoding_time": 0.23015379905700684
}