{
    "image_name": "davide-ragusa-716.png",
    "mse": 0.0004633998323697597,
    "psnr": 33.32933807373047,
    "ms-ssim": 0.9633752703666687,
    "bpp": 0.10676259679896855,
    "encoding_time": 0.5789082050323486,
    "decoding_time": 0.5979678630828857
}