{
    "image_name": "casey-fyfe-999.png",
    "mse": 0.0005479447427205741,
    "psnr": 32.60273361206055,
    "ms-ssim": 0.9300729632377625,
    "bpp": 0.05907628676470588,
    "encoding_time": 0.5267672538757324,
    "decoding_time": 0.7510886192321777
}