{
    "image_name": "michael-durana-82941.png",
    "mse": 0.0007472379948012531,
    "psnr": 31.256011962890625,
    "ms-ssim": 0.9640533924102783,
    "bpp": 0.14015567765567766,
    "encoding_time": 0.5858244895935059,
    "decoding_time": 1.0145821571350098
}