{
    "image_name": "juskteez-vu-1041.png",
    "mse": 0.0019217365188524127,
    "psnr": 27.16019058227539,
    "ms-ssim": 0.8993058204650879,
    "bpp": 0.25698829188026073,
    "encoding_time": 0.48939943313598633,
    "decoding_time": 0.5835280418395996
}