{
    "image_name": "dogancan-ozturan-395.png",
    "mse": 0.000540184264536947,
    "psnr": 32.664398193359375,
    "ms-ssim": 0.9738905429840088,
    "bpp": 0.14234140715109572,
    "encoding_time": 0.504594087600708,
    "decoding_time": 0.8095285892486572
}