{
    "image_name": "gian-reto-tarnutzer-45212.png",
    "mse": 0.0011174692772328854,
    "psnr": 29.512706756591797,
    "ms-ssim": 0.9403789043426514,
    "bpp": 0.18886861313868614,
    "encoding_time": 0.49094128608703613,
    "decoding_time": 0.6356661319732666
}