{
    "image_name": "wojciech-szaturski-3611.png",
    "mse": 0.0010220387484878302,
    "psnr": 29.90019989013672,
    "ms-ssim": 0.9579352736473083,
    "bpp": 0.19104513875707071,
    "encoding_time": 0.5165739059448242,
    "decoding_time": 0.8446156978607178
}