{
    "image_name": "martin-wessely-211.png",
    "mse": 0.0024617158342152834,
    "psnr": 26.085397720336914,
    "ms-ssim": 0.9278969764709473,
    "bpp": 0.3240104166666667,
    "encoding_time": 0.1780531406402588,
    "decoding_time": 0.1646416187286377
}