{
    "image_name": "clem-onojeghuo-33741.png",
    "mse": 0.0009225347894243896,
    "psnr": 30.344139099121094,
    "ms-ssim": 0.9459147453308105,
    "bpp": 0.17510302197802197,
    "encoding_time": 0.5503721237182617,
    "decoding_time": 0.8552334308624268
}