{
    "image_name": "allef-vinicius-109434.png",
    "mse": 0.00046222080709412694,
    "psnr": 33.339637756347656,
    "ms-ssim": 0.9476427435874939,
    "bpp": 0.05384615384615385,
    "encoding_time": 0.5333552360534668,
    "decoding_time": 0.9049708843231201
}