{
    "image_name": "sergey-zolkin-21232.png",
    "mse": 0.00022848717344459146,
    "psnr": 36.38850402832031,
    "ms-ssim": 0.9743881225585938,
    "bpp": 0.0639121460329957,
    "encoding_time": 0.8512160778045654,
    "decoding_time": 0.5609006881713867
}