{
    "image_name": "zugr-108.png",
    "mse": 0.0003007966442964971,
    "psnr": 35.1994743347168,
    "ms-ssim": 0.9792959690093994,
    "bpp": 0.08121565934065934,
    "encoding_time": 0.4760415554046631,
    "decoding_time": 0.7882769107818604
}