{
    "image_name": "ales-krivec-15949.png",
    "mse": 0.00033809090382419527,
    "psnr": 34.69397735595703,
    "ms-ssim": 0.9765275716781616,
    "bpp": 0.08675294612794612,
    "encoding_time": 0.4141261577606201,
    "decoding_time": 0.5690655708312988
}