{
    "image_name": "andrew-ruiz-376.png",
    "mse": 0.0007335172267630696,
    "psnr": 31.338525772094727,
    "ms-ssim": 0.9692587852478027,
    "bpp": 0.16263317413666423,
    "encoding_time": 0.627938985824585,
    "decoding_time": 0.8593077659606934
}