{
    "image_name": "todd-quackenbush-27493.png",
    "mse": 0.00033560622250661254,
    "psnr": 34.72563934326172,
    "ms-ssim": 0.9803500175476074,
    "bpp": 0.08258712487899322,
    "encoding_time": 0.7059860229492188,
    "decoding_time": 1.0050179958343506
}