{
    "mean_loss": 0.1663686057862018,
    "mean_bpp": 0.16628711111111108,
    "mean_psnr": 31.555606269836424,
    "mean_msssim": 0.9615899562835694,
    "mean_msssim_dB": 14.155551985418327,
    "mean_enc_time": 0.3543499708175659,
    "mean_dec_time": 0.4475784111022949
}