{
    "image_name": "RGB_OR_1200x1200_054.png",
    "mse": 0.0007385627832263708,
    "psnr": 31.309663772583008,
    "ms-ssim": 0.9675893783569336,
    "bpp": 0.16693333333333332,
    "encoding_time": 0.3173675537109375,
    "decoding_time": 0.6403779983520508
}