{
    "image_name": "RGB_OR_1200x1200_037.png",
    "mse": 0.0006130347028374672,
    "psnr": 32.116310119628906,
    "ms-ssim": 0.9563425779342651,
    "bpp": 0.12795555555555554,
    "encoding_time": 0.42792582511901855,
    "decoding_time": 0.29883408546447754
}