{
    "image_name": "RGB_OR_1200x1200_066.png",
    "mse": 0.0005675737047567964,
    "psnr": 32.450279235839844,
    "ms-ssim": 0.9751698970794678,
    "bpp": 0.1466,
    "encoding_time": 0.2377321720123291,
    "decoding_time": 0.4065742492675781
}