{
    "image_name": "RGB_OR_1200x1200_094.png",
    "mse": 0.001069284393452108,
    "psnr": 29.703935623168945,
    "ms-ssim": 0.9714862108230591,
    "bpp": 0.23064444444444446,
    "encoding_time": 0.24834942817687988,
    "decoding_time": 0.2824883460998535
}