{
    "image_name": "RGB_OR_1200x1200_046.png",
    "mse": 0.0011796533362939954,
    "psnr": 29.278018951416016,
    "ms-ssim": 0.9440604448318481,
    "bpp": 0.2104888888888889,
    "encoding_time": 0.33774375915527344,
    "decoding_time": 0.44078564643859863
}