{
    "image_name": "RGB_OR_1200x1200_006.png",
    "mse": 0.0005247462540864944,
    "psnr": 32.79022979736328,
    "ms-ssim": 0.9285330772399902,
    "bpp": 0.06246666666666666,
    "encoding_time": 0.2717854976654053,
    "decoding_time": 0.29102230072021484
}