{
    "image_name": "RGB_OR_1200x1200_034.png",
    "mse": 0.00048290836275555193,
    "psnr": 33.150238037109375,
    "ms-ssim": 0.9683439135551453,
    "bpp": 0.09755555555555556,
    "encoding_time": 0.2542891502380371,
    "decoding_time": 0.3506920337677002
}