{
    "image_name": "RGB_OR_1200x1200_084.png",
    "mse": 0.00019071150745730847,
    "psnr": 37.167510986328125,
    "ms-ssim": 0.9708597660064697,
    "bpp": 0.055155555555555555,
    "encoding_time": 0.46837830543518066,
    "decoding_time": 0.5121567249298096
}