{
    "image_name": "RGB_OR_1200x1200_097.png",
    "mse": 0.0006371099734678864,
    "psnr": 31.94898796081543,
    "ms-ssim": 0.9871274828910828,
    "bpp": 0.16804444444444444,
    "encoding_time": 0.29184508323669434,
    "decoding_time": 0.3079981803894043
}