{
    "image_name": "RGB_OR_1200x1200_058.png",
    "mse": 0.0007729747449047863,
    "psnr": 31.111400604248047,
    "ms-ssim": 0.9724009037017822,
    "bpp": 0.1590888888888889,
    "encoding_time": 0.5696766376495361,
    "decoding_time": 0.45290279388427734
}