{
    "image_name": "RGB_OR_1200x1200_044.png",
    "mse": 0.0006344759021885693,
    "psnr": 31.967845916748047,
    "ms-ssim": 0.9446064829826355,
    "bpp": 0.1302222222222222,
    "encoding_time": 0.2776374816894531,
    "decoding_time": 0.3425025939941406
}