{
    "image_name": "RGB_OR_1200x1200_061.png",
    "mse": 0.0014760185731574893,
    "psnr": 28.30569076538086,
    "ms-ssim": 0.9602028727531433,
    "bpp": 0.2863111111111111,
    "encoding_time": 0.37760257720947266,
    "decoding_time": 0.5476481914520264
}