{
    "image_name": "RGB_OR_1200x1200_072.png",
    "mse": 0.0010993082541972399,
    "psnr": 29.58391571044922,
    "ms-ssim": 0.969922661781311,
    "bpp": 0.25575555555555557,
    "encoding_time": 0.4027135372161865,
    "decoding_time": 0.3945164680480957
}