{
    "image_name": "RGB_OR_1200x1200_059.png",
    "mse": 0.0020586829632520676,
    "psnr": 26.86165428161621,
    "ms-ssim": 0.9587211608886719,
    "bpp": 0.4130666666666667,
    "encoding_time": 0.298842191696167,
    "decoding_time": 0.4522824287414551
}