{
    "image_name": "RGB_OR_1200x1200_086.png",
    "mse": 0.0016330257058143616,
    "psnr": 27.86678695678711,
    "ms-ssim": 0.8947299718856812,
    "bpp": 0.18615555555555555,
    "encoding_time": 0.4640772342681885,
    "decoding_time": 0.3475937843322754
}