{
    "image_name": "RGB_OR_1200x1200_026.png",
    "mse": 0.0015992727130651474,
    "psnr": 27.957509994506836,
    "ms-ssim": 0.9630109667778015,
    "bpp": 0.34555555555555556,
    "encoding_time": 0.27127981185913086,
    "decoding_time": 0.36659693717956543
}