{
    "image_name": "RGB_OR_1200x1200_076.png",
    "mse": 0.00037194343167357147,
    "psnr": 34.28031921386719,
    "ms-ssim": 0.9729031324386597,
    "bpp": 0.10946666666666667,
    "encoding_time": 0.3908829689025879,
    "decoding_time": 0.3767569065093994
}