{
    "image_name": "RGB_OR_1200x1200_095.png",
    "mse": 0.0019452794222161174,
    "psnr": 27.107412338256836,
    "ms-ssim": 0.9449038505554199,
    "bpp": 0.36866666666666664,
    "encoding_time": 0.25075697898864746,
    "decoding_time": 0.477280855178833
}