{
    "image_name": "RGB_OR_1200x1200_035.png",
    "mse": 0.0009384544100612402,
    "psnr": 30.269927978515625,
    "ms-ssim": 0.9638301730155945,
    "bpp": 0.1808,
    "encoding_time": 0.3872959613800049,
    "decoding_time": 0.316300630569458
}