{
    "image_name": "RGB_OR_1200x1200_082.png",
    "mse": 0.0017675635172054172,
    "psnr": 27.523181915283203,
    "ms-ssim": 0.9237760901451111,
    "bpp": 0.2673111111111111,
    "encoding_time": 0.3370218276977539,
    "decoding_time": 0.7644994258880615
}