{
    "image_name": "RGB_OR_1200x1200_040.png",
    "mse": 0.0007717632688581944,
    "psnr": 31.118227005004883,
    "ms-ssim": 0.9585323333740234,
    "bpp": 0.15555555555555556,
    "encoding_time": 0.554471492767334,
    "decoding_time": 0.33489251136779785
}