{
    "image_name": "RGB_OR_1200x1200_004.png",
    "mse": 0.00027895145467482507,
    "psnr": 35.52538299560547,
    "ms-ssim": 0.9710767269134521,
    "bpp": 0.07793333333333333,
    "encoding_time": 0.3365039825439453,
    "decoding_time": 0.6642024517059326
}