{
    "image_name": "RGB_OR_1200x1200_073.png",
    "mse": 0.00026755171711556613,
    "psnr": 35.70801544189453,
    "ms-ssim": 0.9772865772247314,
    "bpp": 0.07848888888888889,
    "encoding_time": 0.2502880096435547,
    "decoding_time": 0.32936811447143555
}