{
    "image_name": "RGB_OR_1200x1200_077.png",
    "mse": 0.0005907590966671705,
    "psnr": 32.27674865722656,
    "ms-ssim": 0.9098109006881714,
    "bpp": 0.07451111111111111,
    "encoding_time": 0.2613358497619629,
    "decoding_time": 0.39069366455078125
}