{
    "image_name": "RGB_OR_1200x1200_050.png",
    "mse": 0.0007457769243046641,
    "psnr": 31.266857147216797,
    "ms-ssim": 0.9582357406616211,
    "bpp": 0.14015555555555556,
    "encoding_time": 0.5322310924530029,
    "decoding_time": 0.3786633014678955
}