{
    "image_name": "RGB_OR_1200x1200_021.png",
    "mse": 0.0005667590303346515,
    "psnr": 32.45634460449219,
    "ms-ssim": 0.9795936346054077,
    "bpp": 0.1517111111111111,
    "encoding_time": 0.22583913803100586,
    "decoding_time": 0.46820855140686035
}