{
    "image_name": "RGB_OR_1200x1200_055.png",
    "mse": 0.0006873359088785946,
    "psnr": 31.620376586914062,
    "ms-ssim": 0.973268449306488,
    "bpp": 0.18235555555555555,
    "encoding_time": 0.532569169998169,
    "decoding_time": 0.45299530029296875
}