{
    "image_name": "RGB_OR_1200x1200_022.png",
    "mse": 0.0005790198338218033,
    "psnr": 32.36369323730469,
    "ms-ssim": 0.952739417552948,
    "bpp": 0.14046666666666666,
    "encoding_time": 0.3407285213470459,
    "decoding_time": 0.3543713092803955
}