{
    "image_name": "RGB_OR_1200x1200_023.png",
    "mse": 0.0009578141616657376,
    "psnr": 30.18141746520996,
    "ms-ssim": 0.9751526117324829,
    "bpp": 0.23397777777777778,
    "encoding_time": 0.3087337017059326,
    "decoding_time": 0.38669490814208984
}