{
    "image_name": "RGB_OR_1200x1200_005.png",
    "mse": 0.0007694653468206525,
    "psnr": 31.130678176879883,
    "ms-ssim": 0.9534348845481873,
    "bpp": 0.15546666666666667,
    "encoding_time": 0.3062403202056885,
    "decoding_time": 0.3236842155456543
}