{
    "image_name": "RGB_OR_1200x1200_024.png",
    "mse": 0.0016184709966182709,
    "psnr": 27.905563354492188,
    "ms-ssim": 0.9646188616752625,
    "bpp": 0.3293333333333333,
    "encoding_time": 0.3379347324371338,
    "decoding_time": 0.6320834159851074
}