{
    "image_name": "RGB_OR_1200x1200_067.png",
    "mse": 0.0006928268703632057,
    "psnr": 31.585735321044922,
    "ms-ssim": 0.9593774080276489,
    "bpp": 0.12275555555555556,
    "encoding_time": 0.3858015537261963,
    "decoding_time": 0.41233277320861816
}