{
    "image_name": "RGB_OR_1200x1200_051.png",
    "mse": 0.0004419644537847489,
    "psnr": 33.53337860107422,
    "ms-ssim": 0.9654849767684937,
    "bpp": 0.10482222222222222,
    "encoding_time": 0.303297758102417,
    "decoding_time": 0.29319000244140625
}