{
    "image_name": "RGB_OR_1200x1200_043.png",
    "mse": 0.001563972793519497,
    "psnr": 28.05419921875,
    "ms-ssim": 0.9350370168685913,
    "bpp": 0.26993333333333336,
    "encoding_time": 0.45924806594848633,
    "decoding_time": 0.541358232498169
}