{
    "image_name": "RGB_OR_1200x1200_079.png",
    "mse": 0.000703702331520617,
    "psnr": 31.518198013305664,
    "ms-ssim": 0.9851847887039185,
    "bpp": 0.18475555555555556,
    "encoding_time": 0.3072011470794678,
    "decoding_time": 0.5919640064239502
}