{
    "image_name": "RGB_OR_1200x1200_019.png",
    "mse": 0.0008079789113253355,
    "psnr": 30.919261932373047,
    "ms-ssim": 0.9659852981567383,
    "bpp": 0.16146666666666668,
    "encoding_time": 0.26581621170043945,
    "decoding_time": 0.5446441173553467
}