{
    "image_name": "RGB_OR_1200x1200_016.png",
    "mse": 0.0017514893552288413,
    "psnr": 27.563045501708984,
    "ms-ssim": 0.9528783559799194,
    "bpp": 0.2982,
    "encoding_time": 0.31343722343444824,
    "decoding_time": 0.3664121627807617
}