{
    "image_name": "RGB_OR_1200x1200_068.png",
    "mse": 0.0004268308402970433,
    "psnr": 33.68999481201172,
    "ms-ssim": 0.9786514043807983,
    "bpp": 0.1102,
    "encoding_time": 0.3803088665008545,
    "decoding_time": 0.5021169185638428
}