{
    "image_name": "RGB_OR_1200x1200_070.png",
    "mse": 0.0006225240067578852,
    "psnr": 32.04961395263672,
    "ms-ssim": 0.926424503326416,
    "bpp": 0.10551111111111111,
    "encoding_time": 0.31546926498413086,
    "decoding_time": 0.7839734554290771
}