{
    "image_name": "RGB_OR_1200x1200_092.png",
    "mse": 0.00029585370793938637,
    "psnr": 35.27177810668945,
    "ms-ssim": 0.9679582118988037,
    "bpp": 0.08006666666666666,
    "encoding_time": 0.6523523330688477,
    "decoding_time": 0.3638269901275635
}