{
    "image_name": "RGB_OR_1200x1200_078.png",
    "mse": 0.00045721177593804896,
    "psnr": 33.38689422607422,
    "ms-ssim": 0.9803082346916199,
    "bpp": 0.12313333333333333,
    "encoding_time": 0.5633010864257812,
    "decoding_time": 0.5251100063323975
}