{
    "image_name": "RGB_OR_1200x1200_081.png",
    "mse": 0.0007320097647607327,
    "psnr": 31.34745979309082,
    "ms-ssim": 0.9753302335739136,
    "bpp": 0.17842222222222223,
    "encoding_time": 0.5176169872283936,
    "decoding_time": 0.449246883392334
}