{
    "image_name": "RGB_OR_1200x1200_012.png",
    "mse": 0.0006597915198653936,
    "psnr": 31.797348022460938,
    "ms-ssim": 0.9751657843589783,
    "bpp": 0.13582222222222223,
    "encoding_time": 0.4149606227874756,
    "decoding_time": 0.37650012969970703
}