{
    "image_name": "RGB_OR_1200x1200_074.png",
    "mse": 0.00034563042572699487,
    "psnr": 34.598899841308594,
    "ms-ssim": 0.9455954432487488,
    "bpp": 0.06228888888888889,
    "encoding_time": 0.3591318130493164,
    "decoding_time": 0.4463462829589844
}