{
    "image_name": "RGB_OR_1200x1200_052.png",
    "mse": 0.0008019527303986251,
    "psnr": 30.951786041259766,
    "ms-ssim": 0.9697677493095398,
    "bpp": 0.19648888888888888,
    "encoding_time": 0.4427788257598877,
    "decoding_time": 0.5915520191192627
}