{
    "image_name": "RGB_OR_1200x1200_038.png",
    "mse": 0.0004254098457749933,
    "psnr": 33.69953155517578,
    "ms-ssim": 0.9706348180770874,
    "bpp": 0.10664444444444444,
    "encoding_time": 0.3138694763183594,
    "decoding_time": 0.6843662261962891
}