{
    "image_name": "RGB_OR_1200x1200_093.png",
    "mse": 0.0004835254803765565,
    "psnr": 33.14707946777344,
    "ms-ssim": 0.9661669135093689,
    "bpp": 0.09375555555555555,
    "encoding_time": 0.24321460723876953,
    "decoding_time": 0.353410005569458
}