{
    "image_name": "RGB_OR_1200x1200_025.png",
    "mse": 0.0004138621734455228,
    "psnr": 33.818790435791016,
    "ms-ssim": 0.9721570014953613,
    "bpp": 0.10433333333333333,
    "encoding_time": 0.3925783634185791,
    "decoding_time": 0.3788425922393799
}