{
    "image_name": "RGB_OR_1200x1200_032.png",
    "mse": 0.0013184926938265562,
    "psnr": 28.795324325561523,
    "ms-ssim": 0.9473333358764648,
    "bpp": 0.22324444444444444,
    "encoding_time": 0.2512190341949463,
    "decoding_time": 0.6878185272216797
}