{
    "image_name": "RGB_OR_1200x1200_018.png",
    "mse": 0.0016542412340641022,
    "psnr": 27.81045913696289,
    "ms-ssim": 0.9564833641052246,
    "bpp": 0.34384444444444445,
    "encoding_time": 0.28661179542541504,
    "decoding_time": 0.5497028827667236
}