{
    "image_name": "RGB_OR_1200x1200_042.png",
    "mse": 0.0006258093635551631,
    "psnr": 32.02724075317383,
    "ms-ssim": 0.960597038269043,
    "bpp": 0.13433333333333333,
    "encoding_time": 0.3201329708099365,
    "decoding_time": 0.401932954788208
}