{
    "image_name": "RGB_OR_1200x1200_011.png",
    "mse": 0.0011698735179379582,
    "psnr": 29.31420135498047,
    "ms-ssim": 0.9625336527824402,
    "bpp": 0.23886666666666667,
    "encoding_time": 0.35272741317749023,
    "decoding_time": 0.42066264152526855
}