{
    "image_name": "RGB_OR_1200x1200_039.png",
    "mse": 0.0008637404534965754,
    "psnr": 30.629732131958008,
    "ms-ssim": 0.9442564845085144,
    "bpp": 0.16091111111111112,
    "encoding_time": 0.338334321975708,
    "decoding_time": 0.34333276748657227
}