{
    "image_name": "RGB_OR_1200x1200_008.png",
    "mse": 0.0009937328286468983,
    "psnr": 30.02180290222168,
    "ms-ssim": 0.9491419792175293,
    "bpp": 0.17253333333333334,
    "encoding_time": 0.29647207260131836,
    "decoding_time": 0.45372843742370605
}