{
    "image_name": "RGB_OR_1200x1200_029.png",
    "mse": 0.0006080957828089595,
    "psnr": 32.15142822265625,
    "ms-ssim": 0.9617444276809692,
    "bpp": 0.13493333333333332,
    "encoding_time": 0.29035186767578125,
    "decoding_time": 0.42813634872436523
}