{
    "image_name": "RGB_OR_1200x1200_075.png",
    "mse": 0.0005946683813817799,
    "psnr": 32.24867248535156,
    "ms-ssim": 0.9546610116958618,
    "bpp": 0.11437777777777777,
    "encoding_time": 0.5365691184997559,
    "decoding_time": 0.35416197776794434
}