{
    "image_name": "RGB_OR_1200x1200_085.png",
    "mse": 0.0007190994219854474,
    "psnr": 31.42429542541504,
    "ms-ssim": 0.944675624370575,
    "bpp": 0.1362,
    "encoding_time": 0.24665617942810059,
    "decoding_time": 0.3825187683105469
}