{
    "image_name": "RGB_OR_1200x1200_071.png",
    "mse": 0.00047176555381156504,
    "psnr": 33.251773834228516,
    "ms-ssim": 0.973629891872406,
    "bpp": 0.11493333333333333,
    "encoding_time": 0.45768308639526367,
    "decoding_time": 0.5696203708648682
}