{
    "image_name": "RGB_OR_1200x1200_013.png",
    "mse": 0.0006528273806907237,
    "psnr": 31.84368896484375,
    "ms-ssim": 0.9775301814079285,
    "bpp": 0.15515555555555555,
    "encoding_time": 0.245558500289917,
    "decoding_time": 0.3411421775817871
}