{
    "image_name": "RGB_OR_1200x1200_030.png",
    "mse": 0.0012324464041739702,
    "psnr": 29.087779998779297,
    "ms-ssim": 0.9574395418167114,
    "bpp": 0.22893333333333332,
    "encoding_time": 0.3524129390716553,
    "decoding_time": 0.32152366638183594
}