{
    "image_name": "RGB_OR_1200x1200_014.png",
    "mse": 0.0005210936651565135,
    "psnr": 32.823089599609375,
    "ms-ssim": 0.9766383171081543,
    "bpp": 0.12553333333333333,
    "encoding_time": 0.27599596977233887,
    "decoding_time": 0.6939220428466797
}