{
    "image_name": "RGB_OR_1200x1200_069.png",
    "mse": 0.0007964335381984711,
    "psnr": 30.981460571289062,
    "ms-ssim": 0.9745630025863647,
    "bpp": 0.18533333333333332,
    "encoding_time": 0.2791147232055664,
    "decoding_time": 0.3366248607635498
}