{
    "image_name": "RGB_OR_1200x1200_060.png",
    "mse": 0.0005839862860739231,
    "psnr": 32.326866149902344,
    "ms-ssim": 0.9704965949058533,
    "bpp": 0.1328,
    "encoding_time": 0.3312256336212158,
    "decoding_time": 0.355818510055542
}