{
    "image_name": "RGB_OR_1200x1200_045.png",
    "mse": 0.0005455671926029027,
    "psnr": 32.62206268310547,
    "ms-ssim": 0.9690240621566772,
    "bpp": 0.13244444444444445,
    "encoding_time": 0.3264589309692383,
    "decoding_time": 0.536860466003418
}