{
    "image_name": "RGB_OR_1200x1200_033.png",
    "mse": 0.0009518536971881986,
    "psnr": 30.208568572998047,
    "ms-ssim": 0.9472260475158691,
    "bpp": 0.18293333333333334,
    "encoding_time": 0.33193278312683105,
    "decoding_time": 0.36634135246276855
}