{
    "image_name": "RGB_OR_1200x1200_009.png",
    "mse": 0.0003128867829218507,
    "psnr": 35.02967834472656,
    "ms-ssim": 0.9799531698226929,
    "bpp": 0.09202222222222223,
    "encoding_time": 0.2606778144836426,
    "decoding_time": 0.4994513988494873
}