{
    "image_name": "RGB_OR_1200x1200_087.png",
    "mse": 0.0021273959428071976,
    "psnr": 26.718963623046875,
    "ms-ssim": 0.9469304084777832,
    "bpp": 0.34457777777777776,
    "encoding_time": 0.3808746337890625,
    "decoding_time": 0.5541441440582275
}