{
    "image_name": "RGB_OR_1200x1200_065.png",
    "mse": 0.0011110357008874416,
    "psnr": 29.537593841552734,
    "ms-ssim": 0.9640388488769531,
    "bpp": 0.23706666666666668,
    "encoding_time": 0.36460065841674805,
    "decoding_time": 0.4005610942840576
}