{
    "image_name": "RGB_OR_1200x1200_088.png",
    "mse": 0.0007486029644496739,
    "psnr": 31.250661849975586,
    "ms-ssim": 0.9660190343856812,
    "bpp": 0.17033333333333334,
    "encoding_time": 0.29964160919189453,
    "decoding_time": 0.3193836212158203
}