{
    "image_name": "RGB_OR_1200x1200_089.png",
    "mse": 0.0010042926296591759,
    "psnr": 29.975950241088867,
    "ms-ssim": 0.9490864276885986,
    "bpp": 0.18813333333333335,
    "encoding_time": 0.2554488182067871,
    "decoding_time": 0.47469544410705566
}