{
    "image_name": "RGB_OR_1200x1200_002.png",
    "mse": 0.0002189368096878752,
    "psnr": 36.572059631347656,
    "ms-ssim": 0.9778749346733093,
    "bpp": 0.07066666666666667,
    "encoding_time": 0.24621248245239258,
    "decoding_time": 0.3312990665435791
}