{
    "image_name": "RGB_OR_1200x1200_048.png",
    "mse": 0.0013303565792739391,
    "psnr": 28.756391525268555,
    "ms-ssim": 0.9580263495445251,
    "bpp": 0.25933333333333336,
    "encoding_time": 0.5464580059051514,
    "decoding_time": 0.34943318367004395
}