{
    "image_name": "RGB_OR_1200x1200_007.png",
    "mse": 0.000830533099360764,
    "psnr": 30.799579620361328,
    "ms-ssim": 0.9723457098007202,
    "bpp": 0.1751111111111111,
    "encoding_time": 0.2867259979248047,
    "decoding_time": 0.3889353275299072
}