{
    "image_name": "RGB_OR_1200x1200_003.png",
    "mse": 0.0006455350085161626,
    "psnr": 31.892255783081055,
    "ms-ssim": 0.9723533987998962,
    "bpp": 0.13862222222222223,
    "encoding_time": 0.4510037899017334,
    "decoding_time": 0.3855452537536621
}