{
    "image_name": "RGB_OR_1200x1200_063.png",
    "mse": 0.0004375048738438636,
    "psnr": 33.578819274902344,
    "ms-ssim": 0.9754818677902222,
    "bpp": 0.09277777777777778,
    "encoding_time": 0.30423760414123535,
    "decoding_time": 0.8271055221557617
}