{
    "image_name": "RGB_OR_1200x1200_036.png",
    "mse": 0.00016523059457540512,
    "psnr": 37.78679656982422,
    "ms-ssim": 0.9765346050262451,
    "bpp": 0.060177777777777774,
    "encoding_time": 0.3000493049621582,
    "decoding_time": 0.5150036811828613
}