{
    "image_name": "RGB_OR_1200x1200_083.png",
    "mse": 0.000498070614412427,
    "psnr": 33.01604461669922,
    "ms-ssim": 0.9771327972412109,
    "bpp": 0.12584444444444445,
    "encoding_time": 0.2888355255126953,
    "decoding_time": 0.2542552947998047
}