{
    "image_name": "RGB_OR_1200x1200_010.png",
    "mse": 0.0006867677439004183,
    "psnr": 31.623945236206055,
    "ms-ssim": 0.9480541944503784,
    "bpp": 0.12724444444444444,
    "encoding_time": 0.2503345012664795,
    "decoding_time": 0.3305509090423584
}