{
    "image_name": "RGB_OR_1200x1200_100.png",
    "mse": 0.00022452601115219295,
    "psnr": 36.47210693359375,
    "ms-ssim": 0.9665305614471436,
    "bpp": 0.05411111111111111,
    "encoding_time": 0.25202250480651855,
    "decoding_time": 0.67134690284729
}