{
    "image_name": "RGB_OR_1200x1200_053.png",
    "mse": 0.00033755390904843807,
    "psnr": 34.699928283691406,
    "ms-ssim": 0.9833514094352722,
    "bpp": 0.10515555555555556,
    "encoding_time": 0.21125173568725586,
    "decoding_time": 0.29914093017578125
}