{
    "image_name": "RGB_OR_1200x1200_020.png",
    "mse": 0.0011155257234349847,
    "psnr": 29.52022361755371,
    "ms-ssim": 0.9355111122131348,
    "bpp": 0.17782222222222221,
    "encoding_time": 0.21483635902404785,
    "decoding_time": 0.34407639503479004
}