{
    "mean_loss": 0.9272973473709397,
    "mean_bpp": 0.927280002170139,
    "mean_psnr": 37.73744249343872,
    "mean_msssim": 0.9904298558831215,
    "mean_msssim_dB": 20.190815221297584,
    "mean_enc_time": 0.3924401601155599,
    "mean_dec_time": 0.4471424122651418
}