{
    "image_name": "19.png",
    "mse": 0.00017512307385914028,
    "psnr": 37.53489303588867,
    "ms-ssim": 0.9889566898345947,
    "bpp": 0.872314453125,
    "encoding_time": 0.2653477191925049,
    "decoding_time": 0.5138790607452393
}