{
    "image_name": "21.png",
    "mse": 0.0001726696646073833,
    "psnr": 37.59713363647461,
    "ms-ssim": 0.9898247122764587,
    "bpp": 0.9669596354166666,
    "encoding_time": 0.5139892101287842,
    "decoding_time": 0.8498365879058838
}