{
    "image_name": "17.png",
    "mse": 0.00014337948232423514,
    "psnr": 38.39717102050781,
    "ms-ssim": 0.9909681677818298,
    "bpp": 0.6300455729166666,
    "encoding_time": 0.6250061988830566,
    "decoding_time": 0.7587556838989258
}