{
    "image_name": "22.png",
    "mse": 0.00020196271361783147,
    "psnr": 36.91958236694336,
    "ms-ssim": 0.9872766733169556,
    "bpp": 0.9937337239583334,
    "encoding_time": 0.1614694595336914,
    "decoding_time": 0.4891023635864258
}