{
    "image_name": "2.png",
    "mse": 0.00018108183576259762,
    "psnr": 37.39118194580078,
    "ms-ssim": 0.982344388961792,
    "bpp": 0.6746419270833334,
    "encoding_time": 0.2538330554962158,
    "decoding_time": 0.21956467628479004
}