{
    "image_name": "5.png",
    "mse": 0.00021179740724619478,
    "psnr": 36.7141227722168,
    "ms-ssim": 0.9951232671737671,
    "bpp": 1.4560546875,
    "encoding_time": 0.16864013671875,
    "decoding_time": 0.30417299270629883
}