{
    "image_name": "8.png",
    "mse": 0.00024982442846521735,
    "psnr": 36.0010871887207,
    "ms-ssim": 0.9945054054260254,
    "bpp": 1.60498046875,
    "encoding_time": 0.3215055465698242,
    "decoding_time": 0.597651481628418
}