{
    "image_name": "6.png",
    "mse": 0.00018071351223625243,
    "psnr": 37.40000915527344,
    "ms-ssim": 0.9909199476242065,
    "bpp": 1.1036783854166667,
    "encoding_time": 0.14653778076171875,
    "decoding_time": 0.1983175277709961
}