{
    "image_name": "20.png",
    "mse": 0.0001277597330044955,
    "psnr": 38.90718078613281,
    "ms-ssim": 0.9908580780029297,
    "bpp": 0.5834147135416666,
    "encoding_time": 0.4556159973144531,
    "decoding_time": 0.5320320129394531
}