{
    "image_name": "23.png",
    "mse": 0.00010707250476116315,
    "psnr": 39.65318298339844,
    "ms-ssim": 0.9905173778533936,
    "bpp": 0.3763834635416667,
    "encoding_time": 0.687067985534668,
    "decoding_time": 0.1957566738128662
}