{
    "image_name": "18.png",
    "mse": 0.00023919675732031465,
    "psnr": 36.188663482666016,
    "ms-ssim": 0.9893056750297546,
    "bpp": 1.2578125,
    "encoding_time": 0.6966457366943359,
    "decoding_time": 0.2846407890319824
}