{
    "image_name": "16.png",
    "mse": 0.0001427589013474062,
    "psnr": 38.4152946472168,
    "ms-ssim": 0.9899851083755493,
    "bpp": 0.7284342447916666,
    "encoding_time": 0.5235772132873535,
    "decoding_time": 0.6464757919311523
}