{
    "image_name": "1.png",
    "mse": 0.00022389699006453156,
    "psnr": 36.47336196899414,
    "ms-ssim": 0.9938875436782837,
    "bpp": 1.554443359375,
    "encoding_time": 0.619570255279541,
    "decoding_time": 0.30692458152770996
}