{
    "image_name": "24.png",
    "mse": 0.0002086138993036002,
    "psnr": 36.781333923339844,
    "ms-ssim": 0.9930109977722168,
    "bpp": 1.2254231770833333,
    "encoding_time": 0.3139991760253906,
    "decoding_time": 0.7076175212860107
}