{
    "image_name": "13.png",
    "mse": 0.0002796329790726304,
    "psnr": 35.51506423950195,
    "ms-ssim": 0.9936127066612244,
    "bpp": 2.1298014322916665,
    "encoding_time": 0.1399695873260498,
    "decoding_time": 0.38290953636169434
}