{
    "image_name": "14.png",
    "mse": 0.00022008053201716393,
    "psnr": 36.5487060546875,
    "ms-ssim": 0.9919791221618652,
    "bpp": 1.248291015625,
    "encoding_time": 0.38443732261657715,
    "decoding_time": 0.7506349086761475
}