{
    "image_name": "10.png",
    "mse": 0.00013234316429588944,
    "psnr": 38.7413330078125,
    "ms-ssim": 0.9895984530448914,
    "bpp": 0.5169270833333334,
    "encoding_time": 0.32840561866760254,
    "decoding_time": 0.30946969985961914
}