{
    "image_name": "3.png",
    "mse": 0.00010067973198601976,
    "psnr": 39.916542053222656,
    "ms-ssim": 0.9908987879753113,
    "bpp": 0.4515787760416667,
    "encoding_time": 0.506969690322876,
    "decoding_time": 0.20105719566345215
}