{
    "image_name": "4.png",
    "mse": 0.00016093158046714962,
    "psnr": 37.898902893066406,
    "ms-ssim": 0.9876279830932617,
    "bpp": 0.687255859375,
    "encoding_time": 0.4892141819000244,
    "decoding_time": 0.541050910949707
}