{
    "image_name": "11.png",
    "mse": 0.0001818134041968733,
    "psnr": 37.37350082397461,
    "ms-ssim": 0.9897872805595398,
    "bpp": 0.9724934895833334,
    "encoding_time": 0.38718461990356445,
    "decoding_time": 0.32269978523254395
}