{
    "image_name": "9.png",
    "mse": 0.0001265301398234442,
    "psnr": 38.935585021972656,
    "ms-ssim": 0.9895653128623962,
    "bpp": 0.468017578125,
    "encoding_time": 0.4440169334411621,
    "decoding_time": 0.5801379680633545
}