{
    "image_name": "7.png",
    "mse": 0.00011027098662452772,
    "psnr": 39.524620056152344,
    "ms-ssim": 0.9942564964294434,
    "bpp": 0.5792643229166666,
    "encoding_time": 0.2240428924560547,
    "decoding_time": 0.37374353408813477
}