{
    "image_name": "12.png",
    "mse": 0.00013424415374174714,
    "psnr": 38.679622650146484,
    "ms-ssim": 0.9866667985916138,
    "bpp": 0.5309244791666666,
    "encoding_time": 0.34307265281677246,
    "decoding_time": 0.2736849784851074
}