{
    "mean_loss": 0.3056321649423702,
    "mean_bpp": 0.3055535632264659,
    "mean_psnr": 31.385252952575684,
    "mean_msssim": 0.9670660756528378,
    "mean_msssim_dB": 14.823565164556715,
    "mean_enc_time": 0.6783777475357056,
    "mean_dec_time": 0.7713251858949661
}