{
    "image_name": "00009_TE_1976x1312.png",
    "mse": 0.0019002154003828764,
    "psnr": 27.209230422973633,
    "ms-ssim": 0.9737212657928467,
    "bpp": 0.8301940357460255,
    "encoding_time": 0.4478633403778076,
    "decoding_time": 0.4855213165283203
}