{
    "image_name": "00010_TE_2000x1128.png",
    "mse": 0.00046249639126472175,
    "psnr": 33.33745574951172,
    "ms-ssim": 0.9657041430473328,
    "bpp": 0.15567375886524823,
    "encoding_time": 0.6117684841156006,
    "decoding_time": 0.5098211765289307
}