{
    "image_name": "00002_TE_2144x1424.png",
    "mse": 0.0007555401534773409,
    "psnr": 31.210294723510742,
    "ms-ssim": 0.9465036392211914,
    "bpp": 0.2715600368941808,
    "encoding_time": 0.7188670635223389,
    "decoding_time": 0.9681663513183594
}