{
    "image_name": "00011_TE_1744x1160.png",
    "mse": 0.0010375558631494641,
    "psnr": 29.83492660522461,
    "ms-ssim": 0.9755114316940308,
    "bpp": 0.4298956026573869,
    "encoding_time": 0.31285905838012695,
    "decoding_time": 0.6364409923553467
}