{
    "image_name": "00015_TE_3680x2456.png",
    "mse": 0.00047642088611610234,
    "psnr": 33.20878601074219,
    "ms-ssim": 0.9808754324913025,
    "bpp": 0.2104942642685172,
    "encoding_time": 1.7566351890563965,
    "decoding_time": 1.9881653785705566
}