{
    "image_name": "00012_TE_1512x2016.png",
    "mse": 0.0009955617133527994,
    "psnr": 30.013925552368164,
    "ms-ssim": 0.9291814565658569,
    "bpp": 0.2458742756361804,
    "encoding_time": 0.5236709117889404,
    "decoding_time": 0.7161290645599365
}