{
    "image_name": "00003_TE_1944x1296.png",
    "mse": 0.0005341420182958245,
    "psnr": 32.71367263793945,
    "ms-ssim": 0.97725510597229,
    "bpp": 0.21787837219935985,
    "encoding_time": 0.6279745101928711,
    "decoding_time": 0.6498067378997803
}