{
    "image_name": "00014_TE_3680x2456.png",
    "mse": 0.0004986663698218763,
    "psnr": 33.011024475097656,
    "ms-ssim": 0.9699696898460388,
    "bpp": 0.19761011188216968,
    "encoding_time": 1.7162292003631592,
    "decoding_time": 1.831711769104004
}