{
    "image_name": "00001_TE_2096x1400.png",
    "mse": 0.0009622492943890393,
    "psnr": 30.161531448364258,
    "ms-ssim": 0.9821750521659851,
    "bpp": 0.46695747001090515,
    "encoding_time": 0.5465691089630127,
    "decoding_time": 0.8152868747711182
}