{
    "image_name": "00004_TE_1808x1352.png",
    "mse": 0.001008177874609828,
    "psnr": 29.959272384643555,
    "ms-ssim": 0.9744872450828552,
    "bpp": 0.4366261716499974,
    "encoding_time": 0.7314257621765137,
    "decoding_time": 0.6454112529754639
}