{
    "image_name": "00007_TE_1472x976.png",
    "mse": 0.0005390397855080664,
    "psnr": 32.67395782470703,
    "ms-ssim": 0.980495810508728,
    "bpp": 0.2228483606557377,
    "encoding_time": 0.2802562713623047,
    "decoding_time": 0.304492712020874
}