{
    "image_name": "00008_TE_1912x1272.png",
    "mse": 0.000801584217697382,
    "psnr": 30.953657150268555,
    "ms-ssim": 0.9589802622795105,
    "bpp": 0.2615194336991132,
    "encoding_time": 0.4736335277557373,
    "decoding_time": 0.7403264045715332
}