{
    "image_name": "00016_TE_1744x2000.png",
    "mse": 0.0007661305135115981,
    "psnr": 31.150203704833984,
    "ms-ssim": 0.9145099520683289,
    "bpp": 0.09704587155963303,
    "encoding_time": 1.016397476196289,
    "decoding_time": 0.7299416065216064
}