{
    "image_name": "00005_TE_1336x872.png",
    "mse": 0.0004224439326208085,
    "psnr": 33.73005294799805,
    "ms-ssim": 0.9903191328048706,
    "bpp": 0.1913970224688238,
    "encoding_time": 0.21065139770507812,
    "decoding_time": 0.3100428581237793
}