{
    "image_name": "00006_TE_1544x1120.png",
    "mse": 0.0007454416481778026,
    "psnr": 31.26880645751953,
    "ms-ssim": 0.9855515956878662,
    "bpp": 0.37017024426350853,
    "encoding_time": 0.3602635860443115,
    "decoding_time": 0.4434669017791748
}