{
    "mean_loss": 0.19890441505445375,
    "mean_bpp": 0.1955803765190972,
    "mean_psnr": 26.596912304560345,
    "mean_msssim": 0.9667596146464348,
    "mean_msssim_dB": 14.783339501118476,
    "mean_enc_time": 0.1493981679280599,
    "mean_dec_time": 0.11591080824534099
}