{
    "image_name": "17.png",
    "mse": 0.0015373353380709887,
    "psnr": 28.12896156311035,
    "ms-ssim": 0.9723018407821655,
    "bpp": 0.16145833333333334,
    "encoding_time": 0.08559298515319824,
    "decoding_time": 0.13495635986328125
}