{
    "image_name": "7.png",
    "mse": 0.0015549559611827135,
    "psnr": 28.079084396362305,
    "ms-ssim": 0.9784131050109863,
    "bpp": 0.14510091145833334,
    "encoding_time": 0.19213271141052246,
    "decoding_time": 0.08988189697265625
}