{
    "image_name": "8.png",
    "mse": 0.005709708668291569,
    "psnr": 22.432880401611328,
    "ms-ssim": 0.9647724032402039,
    "bpp": 0.234619140625,
    "encoding_time": 0.08595132827758789,
    "decoding_time": 0.11237645149230957
}