{
    "image_name": "13.png",
    "mse": 0.0064637125469744205,
    "psnr": 21.894248962402344,
    "ms-ssim": 0.9499140977859497,
    "bpp": 0.336181640625,
    "encoding_time": 0.0954127311706543,
    "decoding_time": 0.13006854057312012
}