{
    "image_name": "15.png",
    "mse": 0.0020816195756196976,
    "psnr": 26.813432693481445,
    "ms-ssim": 0.9692407846450806,
    "bpp": 0.1455078125,
    "encoding_time": 0.1766958236694336,
    "decoding_time": 0.0762491226196289
}