{
    "image_name": "2.png",
    "mse": 0.0017273505218327045,
    "psnr": 27.62305450439453,
    "ms-ssim": 0.9585110545158386,
    "bpp": 0.19002278645833334,
    "encoding_time": 0.23185420036315918,
    "decoding_time": 0.09051251411437988
}