{
    "image_name": "16.png",
    "mse": 0.0013996808556839824,
    "psnr": 28.535945892333984,
    "ms-ssim": 0.9688794016838074,
    "bpp": 0.17667643229166666,
    "encoding_time": 0.1296849250793457,
    "decoding_time": 0.11338043212890625
}