{
    "image_name": "3.png",
    "mse": 0.0012044088216498494,
    "psnr": 29.187602996826172,
    "ms-ssim": 0.9765819907188416,
    "bpp": 0.12638346354166666,
    "encoding_time": 0.1833794116973877,
    "decoding_time": 0.09467244148254395
}