{
    "image_name": "6.png",
    "mse": 0.002847986062988639,
    "psnr": 25.45258331298828,
    "ms-ssim": 0.9635719060897827,
    "bpp": 0.22770182291666666,
    "encoding_time": 0.1458430290222168,
    "decoding_time": 0.14136457443237305
}