{
    "image_name": "20.png",
    "mse": 0.001881704549305141,
    "psnr": 27.251893997192383,
    "ms-ssim": 0.9767749309539795,
    "bpp": 0.125244140625,
    "encoding_time": 0.08830142021179199,
    "decoding_time": 0.090606689453125
}