{
    "image_name": "19.png",
    "mse": 0.001736033707857132,
    "psnr": 27.60164451599121,
    "ms-ssim": 0.9681938886642456,
    "bpp": 0.18505859375,
    "encoding_time": 0.1779632568359375,
    "decoding_time": 0.10827159881591797
}