{
    "image_name": "9.png",
    "mse": 0.0016102567315101624,
    "psnr": 27.927610397338867,
    "ms-ssim": 0.9762340784072876,
    "bpp": 0.11344401041666667,
    "encoding_time": 0.2373368740081787,
    "decoding_time": 0.10934567451477051
}