{
    "image_name": "18.png",
    "mse": 0.00265888380818069,
    "psnr": 25.750802993774414,
    "ms-ssim": 0.9578024744987488,
    "bpp": 0.2607421875,
    "encoding_time": 0.26335644721984863,
    "decoding_time": 0.14124560356140137
}