{
    "image_name": "22.png",
    "mse": 0.0015991171821951866,
    "psnr": 27.957778930664062,
    "ms-ssim": 0.9577680826187134,
    "bpp": 0.24161783854166666,
    "encoding_time": 0.08561134338378906,
    "decoding_time": 0.1081075668334961
}