{
    "image_name": "24.png",
    "mse": 0.0032371387351304293,
    "psnr": 24.896827697753906,
    "ms-ssim": 0.9640676975250244,
    "bpp": 0.235107421875,
    "encoding_time": 0.20404744148254395,
    "decoding_time": 0.10244297981262207
}