{
    "image_name": "23.png",
    "mse": 0.0009610928245820105,
    "psnr": 30.16650390625,
    "ms-ssim": 0.9775428771972656,
    "bpp": 0.12003580729166667,
    "encoding_time": 0.3803272247314453,
    "decoding_time": 0.1166229248046875
}