{
    "image_name": "1.png",
    "mse": 0.003761481959372759,
    "psnr": 24.244853973388672,
    "ms-ssim": 0.9592764377593994,
    "bpp": 0.2679850260416667,
    "encoding_time": 0.12373208999633789,
    "decoding_time": 0.11045312881469727
}