{
    "image_name": "12.png",
    "mse": 0.002396379830315709,
    "psnr": 26.202167510986328,
    "ms-ssim": 0.9691222906112671,
    "bpp": 0.14892578125,
    "encoding_time": 0.08696866035461426,
    "decoding_time": 0.11636757850646973
}