{
    "image_name": "4.png",
    "mse": 0.0017267053481191397,
    "psnr": 27.624372482299805,
    "ms-ssim": 0.9664499759674072,
    "bpp": 0.188232421875,
    "encoding_time": 0.08779740333557129,
    "decoding_time": 0.09672236442565918
}