{
    "image_name": "5.png",
    "mse": 0.003679277142509818,
    "psnr": 24.34113121032715,
    "ms-ssim": 0.9616529941558838,
    "bpp": 0.28173828125,
    "encoding_time": 0.09137439727783203,
    "decoding_time": 0.16681218147277832
}