{
    "image_name": "14.png",
    "mse": 0.0024393072817474604,
    "psnr": 26.124967575073242,
    "ms-ssim": 0.9586986899375916,
    "bpp": 0.2615559895833333,
    "encoding_time": 0.12581205368041992,
    "decoding_time": 0.15180754661560059
}