{
    "image_name": "11.png",
    "mse": 0.002246817806735635,
    "psnr": 26.482004165649414,
    "ms-ssim": 0.9635492563247681,
    "bpp": 0.20751953125,
    "encoding_time": 0.08485746383666992,
    "decoding_time": 0.10885834693908691
}