{
    "image_name": "10.png",
    "mse": 0.00183227623347193,
    "psnr": 27.367019653320312,
    "ms-ssim": 0.9743944406509399,
    "bpp": 0.13948567708333334,
    "encoding_time": 0.08937835693359375,
    "decoding_time": 0.12000417709350586
}