{
    "image_name": "21.png",
    "mse": 0.0023762937635183334,
    "psnr": 26.238521575927734,
    "ms-ssim": 0.9685160517692566,
    "bpp": 0.173583984375,
    "encoding_time": 0.13214445114135742,
    "decoding_time": 0.15072870254516602
}