{
    "mean_loss": 0.18100223487205894,
    "mean_bpp": 0.17806968709416776,
    "mean_psnr": 28.099202394485474,
    "mean_msssim": 0.9706745222210884,
    "mean_msssim_dB": 15.327549035072476,
    "mean_enc_time": 0.9537774473428726,
    "mean_dec_time": 1.1260321736335754
}