{
    "image_name": "00006_TE_1544x1120.png",
    "mse": 0.00208647851832211,
    "psnr": 26.803192138671875,
    "ms-ssim": 0.97975754737854,
    "bpp": 0.16820873427091043,
    "encoding_time": 0.9386684894561768,
    "decoding_time": 0.5875511169433594
}