{
    "image_name": "00016_TE_1744x2000.png",
    "mse": 0.0007594937342219055,
    "psnr": 31.18752670288086,
    "ms-ssim": 0.9394900798797607,
    "bpp": 0.16304587155963302,
    "encoding_time": 1.2926833629608154,
    "decoding_time": 1.1812138557434082
}