{
    "image_name": "00010_TE_2000x1128.png",
    "mse": 0.0007187569863162935,
    "psnr": 31.426515579223633,
    "ms-ssim": 0.9764268398284912,
    "bpp": 0.12994326241134752,
    "encoding_time": 0.8644349575042725,
    "decoding_time": 1.1442615985870361
}