{
    "image_name": "00004_TE_1808x1352.png",
    "mse": 0.002495985012501478,
    "psnr": 26.025390625,
    "ms-ssim": 0.969291627407074,
    "bpp": 0.2064460386448133,
    "encoding_time": 0.8437392711639404,
    "decoding_time": 0.6580591201782227
}