{
    "image_name": "00014_TE_3680x2456.png",
    "mse": 0.0010313719976693392,
    "psnr": 29.86055564880371,
    "ms-ssim": 0.9776381254196167,
    "bpp": 0.13373105792380682,
    "encoding_time": 2.0315096378326416,
    "decoding_time": 2.5039968490600586
}