{
    "image_name": "00009_TE_1976x1312.png",
    "mse": 0.00819854624569416,
    "psnr": 20.861961364746094,
    "ms-ssim": 0.9602760076522827,
    "bpp": 0.2663177643922188,
    "encoding_time": 0.6972825527191162,
    "decoding_time": 0.7505171298980713
}