{
    "image_name": "00005_TE_1336x872.png",
    "mse": 0.0012376338709145784,
    "psnr": 29.069835662841797,
    "ms-ssim": 0.9877536296844482,
    "bpp": 0.07839367137285062,
    "encoding_time": 0.41962504386901855,
    "decoding_time": 1.1514198780059814
}