{
    "image_name": "00013_TE_1920x1280.png",
    "mse": 0.0011254233540967107,
    "psnr": 29.48188018798828,
    "ms-ssim": 0.96952223777771,
    "bpp": 0.22454427083333334,
    "encoding_time": 0.51824951171875,
    "decoding_time": 0.7520592212677002
}