{
    "image_name": "00003_TE_1944x1296.png",
    "mse": 0.0010815425775945187,
    "psnr": 29.654783248901367,
    "ms-ssim": 0.978042721748352,
    "bpp": 0.13634862571762435,
    "encoding_time": 1.010944128036499,
    "decoding_time": 1.1072256565093994
}