{
    "image_name": "00012_TE_1512x2016.png",
    "mse": 0.001411614939570427,
    "psnr": 28.49895668029785,
    "ms-ssim": 0.9569746851921082,
    "bpp": 0.24208448811623415,
    "encoding_time": 0.8124141693115234,
    "decoding_time": 1.1142990589141846
}