{
    "image_name": "00015_TE_3680x2456.png",
    "mse": 0.0012296405620872974,
    "psnr": 29.0977783203125,
    "ms-ssim": 0.9821813106536865,
    "bpp": 0.1212505310862484,
    "encoding_time": 2.166361093521118,
    "decoding_time": 2.448971748352051
}