{
    "image_name": "00002_TE_2144x1424.png",
    "mse": 0.0013834626879543066,
    "psnr": 28.5863094329834,
    "ms-ssim": 0.9605196714401245,
    "bpp": 0.2100347979205098,
    "encoding_time": 0.909203052520752,
    "decoding_time": 1.0418624877929688
}