{
    "image_name": "00011_TE_1744x1160.png",
    "mse": 0.0021005033049732447,
    "psnr": 26.774030685424805,
    "ms-ssim": 0.9676513671875,
    "bpp": 0.23888010123378678,
    "encoding_time": 0.4263298511505127,
    "decoding_time": 0.9837274551391602
}