{
    "image_name": "00001_TE_2096x1400.png",
    "mse": 0.0028684427961707115,
    "psnr": 25.421585083007812,
    "ms-ssim": 0.9734207987785339,
    "bpp": 0.20877862595419847,
    "encoding_time": 0.9449095726013184,
    "decoding_time": 1.0782792568206787
}