{
    "mean_loss": 0.16883174858986524,
    "mean_bpp": 0.16871812608506942,
    "mean_psnr": 29.90802462895711,
    "mean_msssim": 0.9428742354114851,
    "mean_msssim_dB": 12.43167974154465,
    "mean_enc_time": 0.3824196656545003,
    "mean_dec_time": 0.52701336145401
}