{
    "image_name": "1.png",
    "mse": 0.0019781969022005796,
    "psnr": 27.034465789794922,
    "ms-ssim": 0.941847562789917,
    "bpp": 0.25,
    "encoding_time": 0.37839531898498535,
    "decoding_time": 0.7499966621398926
}