{
    "image_name": "10.png",
    "mse": 0.00061714620096609,
    "psnr": 32.086666107177734,
    "ms-ssim": 0.9574457406997681,
    "bpp": 0.10538736979166667,
    "encoding_time": 0.3600931167602539,
    "decoding_time": 0.20316267013549805
}