{
    "image_name": "17.png",
    "mse": 0.0007543949759565294,
    "psnr": 31.21613311767578,
    "ms-ssim": 0.9507288932800293,
    "bpp": 0.12060546875,
    "encoding_time": 0.1919703483581543,
    "decoding_time": 0.19627022743225098
}