{
    "image_name": "13.png",
    "mse": 0.002706540049985051,
    "psnr": 25.673873901367188,
    "ms-ssim": 0.9245249629020691,
    "bpp": 0.437744140625,
    "encoding_time": 0.32459044456481934,
    "decoding_time": 0.2063465118408203
}