{
    "image_name": "23.png",
    "mse": 0.00047304792678914964,
    "psnr": 33.2391357421875,
    "ms-ssim": 0.9603676795959473,
    "bpp": 0.08048502604166667,
    "encoding_time": 0.8515474796295166,
    "decoding_time": 0.46277570724487305
}