{
    "image_name": "12.png",
    "mse": 0.0006419364362955093,
    "psnr": 31.916950225830078,
    "ms-ssim": 0.9328947067260742,
    "bpp": 0.075927734375,
    "encoding_time": 0.14484691619873047,
    "decoding_time": 0.22148370742797852
}