{
    "image_name": "3.png",
    "mse": 0.0005412877653725445,
    "psnr": 32.65524673461914,
    "ms-ssim": 0.959180474281311,
    "bpp": 0.0771484375,
    "encoding_time": 0.3250007629394531,
    "decoding_time": 0.22438335418701172
}