{
    "image_name": "22.png",
    "mse": 0.0012451293878257275,
    "psnr": 29.043434143066406,
    "ms-ssim": 0.9121623039245605,
    "bpp": 0.1376953125,
    "encoding_time": 0.33262085914611816,
    "decoding_time": 0.8783490657806396
}