{
    "image_name": "2.png",
    "mse": 0.0008511522901244462,
    "psnr": 30.693422317504883,
    "ms-ssim": 0.906975507736206,
    "bpp": 0.07242838541666667,
    "encoding_time": 0.3730318546295166,
    "decoding_time": 0.32030367851257324
}