{
    "image_name": "24.png",
    "mse": 0.0015402884455397725,
    "psnr": 28.120468139648438,
    "ms-ssim": 0.9438652992248535,
    "bpp": 0.257080078125,
    "encoding_time": 0.16734647750854492,
    "decoding_time": 0.22339463233947754
}