{
    "image_name": "9.png",
    "mse": 0.0005783386877737939,
    "psnr": 32.36860656738281,
    "ms-ssim": 0.9681718349456787,
    "bpp": 0.09724934895833333,
    "encoding_time": 0.19372057914733887,
    "decoding_time": 0.5180339813232422
}