{
    "image_name": "14.png",
    "mse": 0.0015167712699621916,
    "psnr": 28.18742561340332,
    "ms-ssim": 0.9316415786743164,
    "bpp": 0.21891276041666666,
    "encoding_time": 0.2982981204986572,
    "decoding_time": 0.6978492736816406
}