{
    "image_name": "6.png",
    "mse": 0.001356123248115182,
    "psnr": 28.67318344116211,
    "ms-ssim": 0.9314901232719421,
    "bpp": 0.20328776041666666,
    "encoding_time": 0.36074113845825195,
    "decoding_time": 0.8494040966033936
}