{
    "image_name": "5.png",
    "mse": 0.0017065248684957623,
    "psnr": 27.675851821899414,
    "ms-ssim": 0.9545182585716248,
    "bpp": 0.3345540364583333,
    "encoding_time": 0.30411338806152344,
    "decoding_time": 0.5232815742492676
}