{
    "image_name": "20.png",
    "mse": 0.0006923746550455689,
    "psnr": 31.590368270874023,
    "ms-ssim": 0.9596133232116699,
    "bpp": 0.08772786458333333,
    "encoding_time": 0.3629319667816162,
    "decoding_time": 0.6519567966461182
}