{
    "image_name": "18.png",
    "mse": 0.0016012898413464427,
    "psnr": 27.95162582397461,
    "ms-ssim": 0.933447539806366,
    "bpp": 0.24772135416666666,
    "encoding_time": 0.6945340633392334,
    "decoding_time": 0.708099365234375
}