{
    "image_name": "4.png",
    "mse": 0.0008356141042895615,
    "psnr": 30.773557662963867,
    "ms-ssim": 0.9279204607009888,
    "bpp": 0.09716796875,
    "encoding_time": 0.3923931121826172,
    "decoding_time": 0.574721097946167
}