{
    "image_name": "11.png",
    "mse": 0.0011837418423965573,
    "psnr": 29.262836456298828,
    "ms-ssim": 0.9274954795837402,
    "bpp": 0.156982421875,
    "encoding_time": 0.5307633876800537,
    "decoding_time": 0.3665456771850586
}