{
    "image_name": "21.png",
    "mse": 0.0012077856808900833,
    "psnr": 29.17555046081543,
    "ms-ssim": 0.9580339193344116,
    "bpp": 0.19539388020833334,
    "encoding_time": 0.5240092277526855,
    "decoding_time": 0.7604105472564697
}