{
    "image_name": "8.png",
    "mse": 0.0018736387137323618,
    "psnr": 27.270551681518555,
    "ms-ssim": 0.9621524810791016,
    "bpp": 0.3369954427083333,
    "encoding_time": 0.5454955101013184,
    "decoding_time": 0.663684606552124
}