{
    "image_name": "16.png",
    "mse": 0.0008895623032003641,
    "psnr": 30.501962661743164,
    "ms-ssim": 0.9317795634269714,
    "bpp": 0.10791015625,
    "encoding_time": 0.3875260353088379,
    "decoding_time": 0.47886228561401367
}