{
    "image_name": "7.png",
    "mse": 0.0006660050130449235,
    "psnr": 31.75773811340332,
    "ms-ssim": 0.9727284908294678,
    "bpp": 0.13566080729166666,
    "encoding_time": 0.2573099136352539,
    "decoding_time": 0.6597795486450195
}