{
    "mean_loss": 0.5069937594378239,
    "mean_bpp": 0.5069512261284722,
    "mean_psnr": 33.982056538263954,
    "mean_msssim": 0.9791348949074745,
    "mean_msssim_dB": 16.805794235097146,
    "mean_enc_time": 0.1510861317316691,
    "mean_dec_time": 0.15968447923660278
}