{
    "image_name": "2.png",
    "mse": 0.00040178914787247777,
    "psnr": 33.94657516479492,
    "ms-ssim": 0.9599198698997498,
    "bpp": 0.3151041666666667,
    "encoding_time": 0.222944974899292,
    "decoding_time": 0.0865943431854248
}