{
    "image_name": "18.png",
    "mse": 0.0005724888178519905,
    "psnr": 32.4127082824707,
    "ms-ssim": 0.976357102394104,
    "bpp": 0.703125,
    "encoding_time": 0.20378732681274414,
    "decoding_time": 0.11366581916809082
}