{
    "image_name": "13.png",
    "mse": 0.0008211912936531007,
    "psnr": 30.848901748657227,
    "ms-ssim": 0.9815993309020996,
    "bpp": 1.2465006510416667,
    "encoding_time": 0.0827939510345459,
    "decoding_time": 0.16866779327392578
}