{
    "image_name": "9.png",
    "mse": 0.00025331569486297667,
    "psnr": 35.941070556640625,
    "ms-ssim": 0.9844366312026978,
    "bpp": 0.27099609375,
    "encoding_time": 0.08729267120361328,
    "decoding_time": 0.3447296619415283
}