{
    "image_name": "11.png",
    "mse": 0.00045783244422636926,
    "psnr": 33.3809928894043,
    "ms-ssim": 0.9746416807174683,
    "bpp": 0.5109049479166666,
    "encoding_time": 0.22193503379821777,
    "decoding_time": 0.13243842124938965
}