{
    "image_name": "22.png",
    "mse": 0.0004925716784782708,
    "psnr": 33.06336212158203,
    "ms-ssim": 0.9696046710014343,
    "bpp": 0.49951171875,
    "encoding_time": 0.10327744483947754,
    "decoding_time": 0.33359861373901367
}