{
    "image_name": "1.png",
    "mse": 0.0006506338831968606,
    "psnr": 31.858030319213867,
    "ms-ssim": 0.9839023351669312,
    "bpp": 0.860595703125,
    "encoding_time": 0.14719510078430176,
    "decoding_time": 0.15697097778320312
}