{
    "image_name": "4.png",
    "mse": 0.0003624395467340946,
    "psnr": 34.39263153076172,
    "ms-ssim": 0.9725207090377808,
    "bpp": 0.3369140625,
    "encoding_time": 0.19509434700012207,
    "decoding_time": 0.10390496253967285
}