{
    "image_name": "12.png",
    "mse": 0.0002937230165116489,
    "psnr": 35.30165100097656,
    "ms-ssim": 0.9717533588409424,
    "bpp": 0.2679036458333333,
    "encoding_time": 0.08925747871398926,
    "decoding_time": 0.07589387893676758
}