{
    "image_name": "6.png",
    "mse": 0.000472217274364084,
    "psnr": 33.24736022949219,
    "ms-ssim": 0.9778274297714233,
    "bpp": 0.616943359375,
    "encoding_time": 0.14774465560913086,
    "decoding_time": 0.15225577354431152
}