{
    "image_name": "10.png",
    "mse": 0.0002678146702237427,
    "psnr": 35.700523376464844,
    "ms-ssim": 0.9815194010734558,
    "bpp": 0.2893880208333333,
    "encoding_time": 0.1284778118133545,
    "decoding_time": 0.1468801498413086
}