{
    "image_name": "24.png",
    "mse": 0.0005172815290279686,
    "psnr": 32.851722717285156,
    "ms-ssim": 0.9827001094818115,
    "bpp": 0.703369140625,
    "encoding_time": 0.08796572685241699,
    "decoding_time": 0.12192487716674805
}