{
    "image_name": "5.png",
    "mse": 0.0005725568626075983,
    "psnr": 32.4129638671875,
    "ms-ssim": 0.9869260191917419,
    "bpp": 0.852783203125,
    "encoding_time": 0.11475467681884766,
    "decoding_time": 0.1302962303161621
}