{
    "image_name": "7.png",
    "mse": 0.0002604153414722532,
    "psnr": 35.82180404663086,
    "ms-ssim": 0.9888219833374023,
    "bpp": 0.336181640625,
    "encoding_time": 0.20723819732666016,
    "decoding_time": 0.10336565971374512
}