{
    "image_name": "21.png",
    "mse": 0.0004288619093131274,
    "psnr": 33.66398239135742,
    "ms-ssim": 0.9821810126304626,
    "bpp": 0.5538736979166666,
    "encoding_time": 0.16299796104431152,
    "decoding_time": 0.17387795448303223
}