{
    "image_name": "16.png",
    "mse": 0.0003502833715174347,
    "psnr": 34.540016174316406,
    "ms-ssim": 0.9762623310089111,
    "bpp": 0.36865234375,
    "encoding_time": 0.15090370178222656,
    "decoding_time": 0.11192107200622559
}