{
    "image_name": "20.png",
    "mse": 0.0002843512629624456,
    "psnr": 35.44856643676758,
    "ms-ssim": 0.9845871925354004,
    "bpp": 0.314453125,
    "encoding_time": 0.08736920356750488,
    "decoding_time": 0.21448063850402832
}