{
    "image_name": "14.png",
    "mse": 0.0005648434162139893,
    "psnr": 32.470951080322266,
    "ms-ssim": 0.9787337779998779,
    "bpp": 0.6629231770833334,
    "encoding_time": 0.12351799011230469,
    "decoding_time": 0.18373537063598633
}