{
    "image_name": "23.png",
    "mse": 0.00021386469597928226,
    "psnr": 36.67329406738281,
    "ms-ssim": 0.9824866056442261,
    "bpp": 0.21183268229166666,
    "encoding_time": 0.3097646236419678,
    "decoding_time": 0.07302546501159668
}