{
    "image_name": "15.png",
    "mse": 0.0003400993882678449,
    "psnr": 34.668212890625,
    "ms-ssim": 0.9771944880485535,
    "bpp": 0.3252766927083333,
    "encoding_time": 0.22935104370117188,
    "decoding_time": 0.21877193450927734
}