{
    "image_name": "3.png",
    "mse": 0.0002252689009765163,
    "psnr": 36.44755172729492,
    "ms-ssim": 0.9816517233848572,
    "bpp": 0.24723307291666666,
    "encoding_time": 0.11419224739074707,
    "decoding_time": 0.28174281120300293
}