{
    "image_name": "8.png",
    "mse": 0.0006660061771981418,
    "psnr": 31.756731033325195,
    "ms-ssim": 0.9860519170761108,
    "bpp": 0.904541015625,
    "encoding_time": 0.2348473072052002,
    "decoding_time": 0.10854887962341309
}