{
    "mean_loss": 0.12391667701085245,
    "mean_bpp": 0.12383704898818516,
    "mean_psnr": 31.922911202035298,
    "mean_msssim": 0.9567557297101835,
    "mean_msssim_dB": 13.640714268433086,
    "mean_enc_time": 0.7656193826256729,
    "mean_dec_time": 0.8690406345739597
}