{
    "image_name": "andrew-ruiz-376.png",
    "mse": 0.0006540476460941136,
    "psnr": 31.83534812927246,
    "ms-ssim": 0.9707508087158203,
    "bpp": 0.13100431667891257,
    "encoding_time": 1.114832878112793,
    "decoding_time": 0.9724681377410889
}