{
    "image_name": "sergey-zolkin-1045.png",
    "mse": 0.0005459985695779324,
    "psnr": 32.618125915527344,
    "ms-ssim": 0.9665054082870483,
    "bpp": 0.09445970695970696,
    "encoding_time": 0.9307949542999268,
    "decoding_time": 0.9285764694213867
}