{
    "image_name": "nomao-saeki-33553.png",
    "mse": 0.0003233594470657408,
    "psnr": 34.886070251464844,
    "ms-ssim": 0.9627701640129089,
    "bpp": 0.048728038067349926,
    "encoding_time": 0.899787187576294,
    "decoding_time": 1.0514881610870361
}