{
    "image_name": "jason-briscoe-149782.png",
    "mse": 0.00019493141735438257,
    "psnr": 37.072635650634766,
    "ms-ssim": 0.9856221079826355,
    "bpp": 0.0476304945054945,
    "encoding_time": 0.8709886074066162,
    "decoding_time": 1.000253438949585
}