{
    "image_name": "paul-itkin-46101.png",
    "mse": 0.0017337690806016326,
    "psnr": 27.606979370117188,
    "ms-ssim": 0.9812385439872742,
    "bpp": 0.37902869757174396,
    "encoding_time": 0.13202500343322754,
    "decoding_time": 0.3021049499511719
}