{
    "image_name": "martyn-seddon-220.png",
    "mse": 0.0007253189105540514,
    "psnr": 31.387130737304688,
    "ms-ssim": 0.9205831289291382,
    "bpp": 0.08617216117216117,
    "encoding_time": 0.9019312858581543,
    "decoding_time": 0.907468318939209
}