{
    "image_name": "dogancan-ozturan-395.png",
    "mse": 0.0004986011190339923,
    "psnr": 33.01137924194336,
    "ms-ssim": 0.9744682312011719,
    "bpp": 0.11332179930795848,
    "encoding_time": 0.9065332412719727,
    "decoding_time": 1.2459461688995361
}