{
    "image_name": "juskteez-vu-1041.png",
    "mse": 0.0018552719848230481,
    "psnr": 27.312990188598633,
    "ms-ssim": 0.9014588594436646,
    "bpp": 0.22377520410100626,
    "encoding_time": 0.6312611103057861,
    "decoding_time": 0.5631821155548096
}