{
    "image_name": "zugr-108.png",
    "mse": 0.00026555772637948394,
    "psnr": 35.73749923706055,
    "ms-ssim": 0.980643630027771,
    "bpp": 0.05904304029304029,
    "encoding_time": 0.6424305438995361,
    "decoding_time": 1.2687039375305176
}