{
    "image_name": "gian-reto-tarnutzer-45212.png",
    "mse": 0.0010998593643307686,
    "psnr": 29.581714630126953,
    "ms-ssim": 0.9388420581817627,
    "bpp": 0.1641993613138686,
    "encoding_time": 1.0005085468292236,
    "decoding_time": 0.9324076175689697
}