{
    "image_name": "jeremy-cai-1174.png",
    "mse": 0.00047232024371623993,
    "psnr": 33.246604919433594,
    "ms-ssim": 0.9860755801200867,
    "bpp": 0.12285598157431242,
    "encoding_time": 0.7069706916809082,
    "decoding_time": 0.9271969795227051
}