{
    "image_name": "martin-wessely-211.png",
    "mse": 0.0024315747432410717,
    "psnr": 26.13890266418457,
    "ms-ssim": 0.9262997508049011,
    "bpp": 0.28625,
    "encoding_time": 0.2901468276977539,
    "decoding_time": 0.4048323631286621
}