{
    "image_name": "allef-vinicius-109434.png",
    "mse": 0.00043791980715468526,
    "psnr": 33.57349395751953,
    "ms-ssim": 0.947726845741272,
    "bpp": 0.03840430402930403,
    "encoding_time": 0.612313985824585,
    "decoding_time": 0.9738574028015137
}