{
    "image_name": "philippe-wuyts-45997.png",
    "mse": 0.0011450180318206549,
    "psnr": 29.407073974609375,
    "ms-ssim": 0.9350039958953857,
    "bpp": 0.16670119029341834,
    "encoding_time": 0.7981657981872559,
    "decoding_time": 0.9329068660736084
}