{
    "image_name": "kazuend-28556.png",
    "mse": 0.00020564433361869305,
    "psnr": 36.84197235107422,
    "ms-ssim": 0.9730803966522217,
    "bpp": 0.03066620879120879,
    "encoding_time": 1.1258008480072021,
    "decoding_time": 1.1382718086242676
}