{
    "image_name": "thong-vo-428.png",
    "mse": 0.0012391151394695044,
    "psnr": 29.064428329467773,
    "ms-ssim": 0.9481570720672607,
    "bpp": 0.20961384393526677,
    "encoding_time": 0.42297911643981934,
    "decoding_time": 0.6929535865783691
}