{
    "image_name": "casey-fyfe-999.png",
    "mse": 0.000512788537889719,
    "psnr": 32.88996887207031,
    "ms-ssim": 0.9324884414672852,
    "bpp": 0.03237591911764706,
    "encoding_time": 0.9223730564117432,
    "decoding_time": 0.8486297130584717
}