{
    "image_name": "schicka-307.png",
    "mse": 0.00040980998892337084,
    "psnr": 33.85980224609375,
    "ms-ssim": 0.9582767486572266,
    "bpp": 0.06298828125,
    "encoding_time": 0.21116018295288086,
    "decoding_time": 0.1446537971496582
}