{
    "image_name": "todd-quackenbush-222.png",
    "mse": 0.0015035312389954925,
    "psnr": 28.225099563598633,
    "ms-ssim": 0.9358565807342529,
    "bpp": 0.1850670716274361,
    "encoding_time": 0.20554471015930176,
    "decoding_time": 0.3707399368286133
}