{
    "image_name": "davide-ragusa-716.png",
    "mse": 0.00044678556150756776,
    "psnr": 33.486778259277344,
    "ms-ssim": 0.963697612285614,
    "bpp": 0.07111988348309152,
    "encoding_time": 0.6657624244689941,
    "decoding_time": 1.2821459770202637
}