{
    "image_name": "lobostudio-hamburg-75377.png",
    "mse": 0.0005384464748203754,
    "psnr": 32.678749084472656,
    "ms-ssim": 0.9543675184249878,
    "bpp": 0.04067078754578755,
    "encoding_time": 0.5760083198547363,
    "decoding_time": 1.0272634029388428
}