{
    "image_name": "veeterzy-82537.png",
    "mse": 0.0010118578793480992,
    "psnr": 29.943429946899414,
    "ms-ssim": 0.9609662890434265,
    "bpp": 0.17658766471449489,
    "encoding_time": 1.3455193042755127,
    "decoding_time": 1.1876177787780762
}