{
    "image_name": "alejandro-escamilla-6.png",
    "mse": 0.0004708777123596519,
    "psnr": 33.26009750366211,
    "ms-ssim": 0.958397388458252,
    "bpp": 0.07152025765496639,
    "encoding_time": 0.7294125556945801,
    "decoding_time": 1.050856113433838
}