{
    "image_name": "benjamin-sloth-lindgreen-705.png",
    "mse": 0.001024118741042912,
    "psnr": 29.89112091064453,
    "ms-ssim": 0.9432329535484314,
    "bpp": 0.12597298534798534,
    "encoding_time": 1.146256923675537,
    "decoding_time": 1.0338268280029297
}