{
    "image_name": "mullermarc-184.png",
    "mse": 0.0006853652303107083,
    "psnr": 31.632917404174805,
    "ms-ssim": 0.9626421928405762,
    "bpp": 0.12599890824809615,
    "encoding_time": 0.5087687969207764,
    "decoding_time": 0.5931582450866699
}