{
    "image_name": "amy-zhang-15940.png",
    "mse": 0.001014453242532909,
    "psnr": 29.932281494140625,
    "ms-ssim": 0.9414548277854919,
    "bpp": 0.1274831243972999,
    "encoding_time": 0.6276662349700928,
    "decoding_time": 0.6092095375061035
}