{
    "image_name": "ales-krivec-15949.png",
    "mse": 0.0002952294598799199,
    "psnr": 35.28002166748047,
    "ms-ssim": 0.9774574041366577,
    "bpp": 0.06836595117845118,
    "encoding_time": 0.8192703723907471,
    "decoding_time": 0.9208965301513672
}