{
    "image_name": "alexander-shustov-73.png",
    "mse": 0.00201048725284636,
    "psnr": 26.96419906616211,
    "ms-ssim": 0.9511785507202148,
    "bpp": 0.3256452057310801,
    "encoding_time": 0.6836268901824951,
    "decoding_time": 0.892693042755127
}