{
    "image_name": "wojciech-szaturski-3611.png",
    "mse": 0.0009685984696261585,
    "psnr": 30.132949829101562,
    "ms-ssim": 0.9586827754974365,
    "bpp": 0.16939675790592612,
    "encoding_time": 0.5949561595916748,
    "decoding_time": 1.0578703880310059
}