{
    "image_name": "philipp-reiner-207.png",
    "mse": 0.0015073211397975683,
    "psnr": 28.214275360107422,
    "ms-ssim": 0.9437272548675537,
    "bpp": 0.2291604938271605,
    "encoding_time": 0.6840760707855225,
    "decoding_time": 0.526867151260376
}