{
    "image_name": "roberto-nickson-48063.png",
    "mse": 0.00027474042144604027,
    "psnr": 35.590335845947266,
    "ms-ssim": 0.9711291193962097,
    "bpp": 0.04078525641025641,
    "encoding_time": 0.9444758892059326,
    "decoding_time": 0.9369354248046875
}