{
    "image_name": "felix-russell-saw-140699.png",
    "mse": 0.0003784573345910758,
    "psnr": 34.205352783203125,
    "ms-ssim": 0.9584182500839233,
    "bpp": 0.06901837784856653,
    "encoding_time": 0.8107173442840576,
    "decoding_time": 0.6357948780059814
}