{
    "image_name": "alberto-montalesi-176097.png",
    "mse": 0.00035122837289236486,
    "psnr": 34.52840042114258,
    "ms-ssim": 0.946580171585083,
    "bpp": 0.04488031914893617,
    "encoding_time": 0.8951065540313721,
    "decoding_time": 1.1355867385864258
}