{
    "image_name": "vita-vilcina-3055.png",
    "mse": 0.0008613776881247759,
    "psnr": 30.64164924621582,
    "ms-ssim": 0.9868091344833374,
    "bpp": 0.19034886681945506,
    "encoding_time": 1.1759555339813232,
    "decoding_time": 1.050344467163086
}