{
    "image_name": "jared-erondu-21325.png",
    "mse": 0.0003982604539487511,
    "psnr": 33.984439849853516,
    "ms-ssim": 0.9490222930908203,
    "bpp": 0.05686813186813187,
    "encoding_time": 0.9257845878601074,
    "decoding_time": 1.0288372039794922
}