{
    "image_name": "todd-quackenbush-27493.png",
    "mse": 0.000291122414637357,
    "psnr": 35.34096908569336,
    "ms-ssim": 0.9815335273742676,
    "bpp": 0.05874878993223621,
    "encoding_time": 1.0395562648773193,
    "decoding_time": 0.9573533535003662
}