{
    "image_name": "daniel-robert-405.png",
    "mse": 0.0011805386748164892,
    "psnr": 29.27462387084961,
    "ms-ssim": 0.9474503397941589,
    "bpp": 0.17529225908372828,
    "encoding_time": 0.47707438468933105,
    "decoding_time": 0.5074477195739746
}