{
    "mean_loss": 0.48012324257268196,
    "mean_bpp": 0.4801011975834717,
    "mean_psnr": 37.048073652313974,
    "mean_msssim": 0.986012389020222,
    "mean_msssim_dB": 18.54256454693158,
    "mean_enc_time": 0.8485895947712224,
    "mean_dec_time": 0.9671537003866056
}