{
    "image_name": "schicka-307.png",
    "mse": 0.00013477455649990588,
    "psnr": 38.66291046142578,
    "ms-ssim": 0.9862630367279053,
    "bpp": 0.24462890625,
    "encoding_time": 0.7095997333526611,
    "decoding_time": 0.49866557121276855
}