{
    "image_name": "casey-fyfe-999.png",
    "mse": 0.00029789956170134246,
    "psnr": 35.24101638793945,
    "ms-ssim": 0.964634120464325,
    "bpp": 0.24855238970588237,
    "encoding_time": 0.8249857425689697,
    "decoding_time": 1.236525058746338
}