{
    "image_name": "juskteez-vu-1041.png",
    "mse": 0.0003862524754367769,
    "psnr": 34.11763000488281,
    "ms-ssim": 0.9835679531097412,
    "bpp": 1.088708815897728,
    "encoding_time": 0.860863447189331,
    "decoding_time": 0.7567324638366699
}