{
    "image_name": "felix-russell-saw-140699.png",
    "mse": 0.000162177937454544,
    "psnr": 37.865020751953125,
    "ms-ssim": 0.9799097776412964,
    "bpp": 0.21136780200931143,
    "encoding_time": 1.0793263912200928,
    "decoding_time": 1.26419997215271
}