{
    "image_name": "sergey-zolkin-21232.png",
    "mse": 7.638594252057374e-05,
    "psnr": 41.10379409790039,
    "ms-ssim": 0.987602710723877,
    "bpp": 0.12356482813264899,
    "encoding_time": 0.9693686962127686,
    "decoding_time": 0.6948184967041016
}