{
    "image_name": "vita-vilcina-3055.png",
    "mse": 0.00019968634296674281,
    "psnr": 36.970516204833984,
    "ms-ssim": 0.9968079924583435,
    "bpp": 0.6620830150241915,
    "encoding_time": 0.8022751808166504,
    "decoding_time": 0.7715053558349609
}