{
    "image_name": "jason-briscoe-149782.png",
    "mse": 6.176363240228966e-05,
    "psnr": 42.00550079345703,
    "ms-ssim": 0.9932732582092285,
    "bpp": 0.12963598901098902,
    "encoding_time": 1.001537799835205,
    "decoding_time": 1.1839687824249268
}