{
    "image_name": "benjamin-sloth-lindgreen-705.png",
    "mse": 0.00025898386957123876,
    "psnr": 35.846458435058594,
    "ms-ssim": 0.9858436584472656,
    "bpp": 0.5995535714285715,
    "encoding_time": 0.6876394748687744,
    "decoding_time": 0.849287748336792
}