{
    "image_name": "sergey-zolkin-1045.png",
    "mse": 0.00014776391617488116,
    "psnr": 38.26822280883789,
    "ms-ssim": 0.9890569448471069,
    "bpp": 0.3351877289377289,
    "encoding_time": 1.0955016613006592,
    "decoding_time": 1.4137237071990967
}