{
    "image_name": "lobostudio-hamburg-75377.png",
    "mse": 0.00024661794304847717,
    "psnr": 36.05693817138672,
    "ms-ssim": 0.9791570901870728,
    "bpp": 0.3098672161172161,
    "encoding_time": 0.7457520961761475,
    "decoding_time": 0.9443800449371338
}