{
    "image_name": "stefan-kunze-26931.png",
    "mse": 0.00022633856860920787,
    "psnr": 36.428619384765625,
    "ms-ssim": 0.9893645644187927,
    "bpp": 0.5721927578639356,
    "encoding_time": 0.679661750793457,
    "decoding_time": 0.946528434753418
}