{
    "image_name": "andrew-ruiz-376.png",
    "mse": 0.000184156175237149,
    "psnr": 37.31940460205078,
    "ms-ssim": 0.9915758371353149,
    "bpp": 0.4220472079353417,
    "encoding_time": 1.0236222743988037,
    "decoding_time": 1.4849200248718262
}