{
    "image_name": "martyn-seddon-220.png",
    "mse": 0.00021308155555743724,
    "psnr": 36.68909454345703,
    "ms-ssim": 0.9783390760421753,
    "bpp": 0.40538003663003663,
    "encoding_time": 0.6338860988616943,
    "decoding_time": 0.910642147064209
}