{
    "image_name": "nomao-saeki-33553.png",
    "mse": 0.00011730148253263906,
    "psnr": 39.260841369628906,
    "ms-ssim": 0.9821007251739502,
    "bpp": 0.17734260614934114,
    "encoding_time": 0.9339144229888916,
    "decoding_time": 1.0025405883789062
}