{
    "image_name": "martin-wessely-211.png",
    "mse": 0.0004761558084283024,
    "psnr": 33.210262298583984,
    "ms-ssim": 0.9879218339920044,
    "bpp": 1.39296875,
    "encoding_time": 0.38481855392456055,
    "decoding_time": 0.37199950218200684
}