{
    "image_name": "veeterzy-82537.png",
    "mse": 0.0002996498951688409,
    "psnr": 35.215965270996094,
    "ms-ssim": 0.9894722700119019,
    "bpp": 0.567944729136164,
    "encoding_time": 1.4241511821746826,
    "decoding_time": 1.1561176776885986
}