{
    "image_name": "amy-zhang-15940.png",
    "mse": 0.0002590521180536598,
    "psnr": 35.845882415771484,
    "ms-ssim": 0.9861571192741394,
    "bpp": 0.6164363012964749,
    "encoding_time": 1.374403476715088,
    "decoding_time": 0.6964490413665771
}