{
    "image_name": "alexander-shustov-73.png",
    "mse": 0.00043646860285662115,
    "psnr": 33.58805465698242,
    "ms-ssim": 0.9909647703170776,
    "bpp": 1.2010929463629685,
    "encoding_time": 1.1107566356658936,
    "decoding_time": 0.9959847927093506
}