{
    "image_name": "alejandro-escamilla-6.png",
    "mse": 0.00015878656995482743,
    "psnr": 37.961124420166016,
    "ms-ssim": 0.9866714477539062,
    "bpp": 0.272439787154593,
    "encoding_time": 0.6985049247741699,
    "decoding_time": 0.8320574760437012
}