{
    "image_name": "michael-durana-82941.png",
    "mse": 0.00019625696586444974,
    "psnr": 37.04483413696289,
    "ms-ssim": 0.9869996309280396,
    "bpp": 0.41284340659340657,
    "encoding_time": 1.2456738948822021,
    "decoding_time": 1.261946439743042
}