{
    "image_name": "thong-vo-428.png",
    "mse": 0.00031920758192427456,
    "psnr": 34.94208526611328,
    "ms-ssim": 0.9869996309280396,
    "bpp": 0.7891684024995994,
    "encoding_time": 0.580885648727417,
    "decoding_time": 0.5914194583892822
}