{
    "image_name": "clem-onojeghuo-33741.png",
    "mse": 0.0002459026873111725,
    "psnr": 36.07037353515625,
    "ms-ssim": 0.98521488904953,
    "bpp": 0.4889308608058608,
    "encoding_time": 1.1021230220794678,
    "decoding_time": 1.0256922245025635
}