{
    "image_name": "philippe-wuyts-45997.png",
    "mse": 0.0002791726728901267,
    "psnr": 35.52300262451172,
    "ms-ssim": 0.985064685344696,
    "bpp": 0.7092663851163366,
    "encoding_time": 0.6799147129058838,
    "decoding_time": 0.9897141456604004
}