{
    "image_name": "alberto-montalesi-176097.png",
    "mse": 0.00020832958398386836,
    "psnr": 36.78676986694336,
    "ms-ssim": 0.9691208600997925,
    "bpp": 0.1425279713866471,
    "encoding_time": 0.7364263534545898,
    "decoding_time": 0.8757262229919434
}