{
    "image_name": "roberto-nickson-48063.png",
    "mse": 0.00011630269000306726,
    "psnr": 39.29732894897461,
    "ms-ssim": 0.9855002760887146,
    "bpp": 0.14743589743589744,
    "encoding_time": 0.8844776153564453,
    "decoding_time": 1.4986059665679932
}