{
    "image_name": "gian-reto-tarnutzer-45212.png",
    "mse": 0.00028221728280186653,
    "psnr": 35.474853515625,
    "ms-ssim": 0.9864782094955444,
    "bpp": 0.6535013686131387,
    "encoding_time": 0.8644607067108154,
    "decoding_time": 1.613410472869873
}