{
    "image_name": "mullermarc-184.png",
    "mse": 0.00020182460139039904,
    "psnr": 36.926021575927734,
    "ms-ssim": 0.9905020594596863,
    "bpp": 0.4647641547424092,
    "encoding_time": 0.5965850353240967,
    "decoding_time": 0.8511171340942383
}