{
    "image_name": "philipp-reiner-207.png",
    "mse": 0.00035251618828624487,
    "psnr": 34.51372146606445,
    "ms-ssim": 0.9838701486587524,
    "bpp": 0.9403456790123457,
    "encoding_time": 0.9122273921966553,
    "decoding_time": 0.6182656288146973
}