{
    "image_name": "allef-vinicius-109434.png",
    "mse": 0.00027557965950109065,
    "psnr": 35.578006744384766,
    "ms-ssim": 0.9697405695915222,
    "bpp": 0.16121794871794873,
    "encoding_time": 1.0701494216918945,
    "decoding_time": 1.3071517944335938
}