{
    "image_name": "jeremy-cai-1174.png",
    "mse": 0.00013732604566030204,
    "psnr": 38.58456039428711,
    "ms-ssim": 0.9950512647628784,
    "bpp": 0.33927652079664,
    "encoding_time": 0.6915032863616943,
    "decoding_time": 1.2241787910461426
}