{
    "image_name": "jared-erondu-21325.png",
    "mse": 0.00014854079927317798,
    "psnr": 38.244815826416016,
    "ms-ssim": 0.9803408980369568,
    "bpp": 0.2153846153846154,
    "encoding_time": 1.0315093994140625,
    "decoding_time": 0.8410274982452393
}