{
    "image_name": "wojciech-szaturski-3611.png",
    "mse": 0.0002491773630026728,
    "psnr": 36.01348114013672,
    "ms-ssim": 0.9847465753555298,
    "bpp": 0.5986469761968035,
    "encoding_time": 0.8652806282043457,
    "decoding_time": 0.8879096508026123
}