{
    "image_name": "kazuend-28556.png",
    "mse": 7.278692646650597e-05,
    "psnr": 41.30506134033203,
    "ms-ssim": 0.9895811080932617,
    "bpp": 0.12135989010989011,
    "encoding_time": 0.9049713611602783,
    "decoding_time": 1.4137239456176758
}