{
    "image_name": "todd-quackenbush-27493.png",
    "mse": 8.840698865242302e-05,
    "psnr": 40.4755859375,
    "ms-ssim": 0.9925941824913025,
    "bpp": 0.1831437560503388,
    "encoding_time": 0.831129789352417,
    "decoding_time": 0.9705631732940674
}