{
    "image_name": "dogancan-ozturan-395.png",
    "mse": 0.00013471415149979293,
    "psnr": 38.66680145263672,
    "ms-ssim": 0.9908708333969116,
    "bpp": 0.33647058823529413,
    "encoding_time": 0.8802938461303711,
    "decoding_time": 0.913856029510498
}