{
    "image_name": "daniel-robert-405.png",
    "mse": 0.00032582631683908403,
    "psnr": 34.85398864746094,
    "ms-ssim": 0.9866282343864441,
    "bpp": 0.7416366508688783,
    "encoding_time": 0.8684272766113281,
    "decoding_time": 0.864250898361206
}