{
    "mean_loss": 0.1766087230201874,
    "mean_bpp": 0.1745466619546066,
    "mean_psnr": 31.179078544058452,
    "mean_msssim": 0.9793793893441921,
    "mean_msssim_dB": 16.856984777275358,
    "mean_enc_time": 0.9245739680964772,
    "mean_dec_time": 1.0208884622992538
}