{
    "image_name": "gian-reto-tarnutzer-45212.png",
    "mse": 0.0010323725873604417,
    "psnr": 29.85636329650879,
    "ms-ssim": 0.9745578765869141,
    "bpp": 0.2719092153284672,
    "encoding_time": 0.7876698970794678,
    "decoding_time": 1.2110185623168945
}