{
    "image_name": "vita-vilcina-3055.png",
    "mse": 0.0019289390183985233,
    "psnr": 27.14396095275879,
    "ms-ssim": 0.9887551069259644,
    "bpp": 0.1442152618623207,
    "encoding_time": 0.774357795715332,
    "decoding_time": 0.8777632713317871
}