{
    "image_name": "michael-durana-82941.png",
    "mse": 0.0011204777983948588,
    "psnr": 29.50105857849121,
    "ms-ssim": 0.982007622718811,
    "bpp": 0.13688186813186815,
    "encoding_time": 0.8008725643157959,
    "decoding_time": 0.8457777500152588
}