{
    "image_name": "alberto-montalesi-176097.png",
    "mse": 0.0002971960639115423,
    "psnr": 35.251060485839844,
    "ms-ssim": 0.9707400798797607,
    "bpp": 0.11944011371973588,
    "encoding_time": 0.9895992279052734,
    "decoding_time": 1.2507860660552979
}