{
    "image_name": "jason-briscoe-149782.png",
    "mse": 0.0004118190554436296,
    "psnr": 33.83910369873047,
    "ms-ssim": 0.9925975203514099,
    "bpp": 0.05646749084249084,
    "encoding_time": 0.9735033512115479,
    "decoding_time": 1.112558364868164
}