{
    "image_name": "clem-onojeghuo-33741.png",
    "mse": 0.001007959246635437,
    "psnr": 29.960105895996094,
    "ms-ssim": 0.9779688715934753,
    "bpp": 0.20944368131868132,
    "encoding_time": 0.7589600086212158,
    "decoding_time": 1.3039507865905762
}