{
    "image_name": "allef-vinicius-109434.png",
    "mse": 0.00036934102536179125,
    "psnr": 34.31047058105469,
    "ms-ssim": 0.9704251289367676,
    "bpp": 0.1199404761904762,
    "encoding_time": 0.8384954929351807,
    "decoding_time": 1.4152131080627441
}