{
    "image_name": "roberto-nickson-48063.png",
    "mse": 0.00028957516769878566,
    "psnr": 35.363319396972656,
    "ms-ssim": 0.9853487014770508,
    "bpp": 0.0831043956043956,
    "encoding_time": 0.8120205402374268,
    "decoding_time": 1.2243709564208984
}