{
    "image_name": "mullermarc-184.png",
    "mse": 0.000799566856585443,
    "psnr": 30.964773178100586,
    "ms-ssim": 0.9830293655395508,
    "bpp": 0.18266262181535076,
    "encoding_time": 0.5407106876373291,
    "decoding_time": 0.49833130836486816
}