{
    "image_name": "kazuend-28556.png",
    "mse": 0.000161797710461542,
    "psnr": 37.87638854980469,
    "ms-ssim": 0.9889134764671326,
    "bpp": 0.07370650183150183,
    "encoding_time": 1.0244357585906982,
    "decoding_time": 1.4622588157653809
}