{
    "image_name": "wojciech-szaturski-3611.png",
    "mse": 0.0013125609839335084,
    "psnr": 28.814794540405273,
    "ms-ssim": 0.9788451194763184,
    "bpp": 0.19193196917353175,
    "encoding_time": 1.4342625141143799,
    "decoding_time": 1.120023250579834
}