{
    "image_name": "ales-krivec-15949.png",
    "mse": 0.0002653645642567426,
    "psnr": 35.740440368652344,
    "ms-ssim": 0.9884911775588989,
    "bpp": 0.10485058922558922,
    "encoding_time": 0.9389591217041016,
    "decoding_time": 1.2708382606506348
}