{
    "image_name": "sergey-zolkin-21232.png",
    "mse": 0.00020140140259172767,
    "psnr": 36.933448791503906,
    "ms-ssim": 0.9875313639640808,
    "bpp": 0.07558025102575361,
    "encoding_time": 1.545647382736206,
    "decoding_time": 0.6459863185882568
}