{
    "image_name": "amy-zhang-15940.png",
    "mse": 0.0011366050457581878,
    "psnr": 29.4392147064209,
    "ms-ssim": 0.9771528244018555,
    "bpp": 0.21562198649951783,
    "encoding_time": 0.5688133239746094,
    "decoding_time": 0.7051644325256348
}