{
    "image_name": "jared-erondu-21325.png",
    "mse": 0.00036462725256569684,
    "psnr": 34.36682891845703,
    "ms-ssim": 0.9806010723114014,
    "bpp": 0.13712225274725276,
    "encoding_time": 1.1890840530395508,
    "decoding_time": 1.6466741561889648
}