{
    "image_name": "jeremy-cai-1174.png",
    "mse": 0.0006399088306352496,
    "psnr": 31.930395126342773,
    "ms-ssim": 0.9897383451461792,
    "bpp": 0.12518628912071536,
    "encoding_time": 1.1772360801696777,
    "decoding_time": 1.4113872051239014
}