{
    "image_name": "benjamin-sloth-lindgreen-705.png",
    "mse": 0.0010857571614906192,
    "psnr": 29.637624740600586,
    "ms-ssim": 0.9768637418746948,
    "bpp": 0.2203411172161172,
    "encoding_time": 0.8122997283935547,
    "decoding_time": 1.026228666305542
}