{
    "image_name": "daniel-robert-405.png",
    "mse": 0.0014452306786552072,
    "psnr": 28.39655113220215,
    "ms-ssim": 0.9747225642204285,
    "bpp": 0.23570300157977883,
    "encoding_time": 0.8157355785369873,
    "decoding_time": 0.5703794956207275
}