{
    "image_name": "martyn-seddon-220.png",
    "mse": 0.0006207163678482175,
    "psnr": 32.0623779296875,
    "ms-ssim": 0.9754239916801453,
    "bpp": 0.2178342490842491,
    "encoding_time": 0.7728683948516846,
    "decoding_time": 0.6578857898712158
}