{
    "image_name": "martin-wessely-211.png",
    "mse": 0.0027977803256362677,
    "psnr": 25.530067443847656,
    "ms-ssim": 0.9611884951591492,
    "bpp": 0.3589583333333333,
    "encoding_time": 0.6730880737304688,
    "decoding_time": 0.6477811336517334
}