{
    "image_name": "dogancan-ozturan-395.png",
    "mse": 0.0008801380754448473,
    "psnr": 30.548463821411133,
    "ms-ssim": 0.986504316329956,
    "bpp": 0.1280161476355248,
    "encoding_time": 1.2578933238983154,
    "decoding_time": 1.0253705978393555
}