{
    "image_name": "todd-quackenbush-222.png",
    "mse": 0.002179158618673682,
    "psnr": 26.6143856048584,
    "ms-ssim": 0.9666436910629272,
    "bpp": 0.25968109339407747,
    "encoding_time": 0.4420914649963379,
    "decoding_time": 0.5197210311889648
}