{
    "image_name": "philippe-wuyts-45997.png",
    "mse": 0.0010311244986951351,
    "psnr": 29.86185646057129,
    "ms-ssim": 0.9740787744522095,
    "bpp": 0.2872365745738769,
    "encoding_time": 1.112980842590332,
    "decoding_time": 1.04188871383667
}