{
    "image_name": "paul-itkin-46101.png",
    "mse": 0.004886936396360397,
    "psnr": 23.108413696289062,
    "ms-ssim": 0.9821475744247437,
    "bpp": 0.1900662251655629,
    "encoding_time": 0.2601449489593506,
    "decoding_time": 0.3479595184326172
}