{
    "image_name": "davide-ragusa-716.png",
    "mse": 0.0005157648702152073,
    "psnr": 32.86441421508789,
    "ms-ssim": 0.9837360382080078,
    "bpp": 0.12879256965944272,
    "encoding_time": 1.192641019821167,
    "decoding_time": 0.8255548477172852
}