{
    "image_name": "todd-quackenbush-27493.png",
    "mse": 0.00036244242801330984,
    "psnr": 34.392601013183594,
    "ms-ssim": 0.9900383949279785,
    "bpp": 0.07977371732817037,
    "encoding_time": 1.0475246906280518,
    "decoding_time": 1.0804340839385986
}