{
    "image_name": "stefan-kunze-26931.png",
    "mse": 0.0009630135609768331,
    "psnr": 30.157934188842773,
    "ms-ssim": 0.9803259372711182,
    "bpp": 0.20213057790782735,
    "encoding_time": 0.8226504325866699,
    "decoding_time": 1.4913685321807861
}