{
    "image_name": "veeterzy-82537.png",
    "mse": 0.0010540045332163572,
    "psnr": 29.766298294067383,
    "ms-ssim": 0.9783468246459961,
    "bpp": 0.22801519033674963,
    "encoding_time": 1.189784288406372,
    "decoding_time": 0.9173486232757568
}