{
    "image_name": "casey-fyfe-999.png",
    "mse": 0.0003947434015572071,
    "psnr": 34.02299880981445,
    "ms-ssim": 0.970647931098938,
    "bpp": 0.19949448529411765,
    "encoding_time": 1.0497477054595947,
    "decoding_time": 1.3677163124084473
}