{
    "image_name": "nomao-saeki-33553.png",
    "mse": 0.0003019761061295867,
    "psnr": 35.182151794433594,
    "ms-ssim": 0.9803793430328369,
    "bpp": 0.10454795021961932,
    "encoding_time": 1.0335121154785156,
    "decoding_time": 1.0579416751861572
}