{
    "image_name": "felix-russell-saw-140699.png",
    "mse": 0.00042128944187425077,
    "psnr": 33.74336242675781,
    "ms-ssim": 0.9790846109390259,
    "bpp": 0.11965694682675815,
    "encoding_time": 1.0037891864776611,
    "decoding_time": 0.9038946628570557
}