{
    "image_name": "alejandro-escamilla-6.png",
    "mse": 0.0009368135361000896,
    "psnr": 30.27816390991211,
    "ms-ssim": 0.9838222861289978,
    "bpp": 0.12934092606422704,
    "encoding_time": 1.0476572513580322,
    "decoding_time": 0.9877138137817383
}