{
    "image_name": "alexander-shustov-73.png",
    "mse": 0.003121500601992011,
    "psnr": 25.054649353027344,
    "ms-ssim": 0.9671963453292847,
    "bpp": 0.3182402645113887,
    "encoding_time": 1.2449297904968262,
    "decoding_time": 1.239894151687622
}