{
    "image_name": "philipp-reiner-207.png",
    "mse": 0.0022304868325591087,
    "psnr": 26.513626098632812,
    "ms-ssim": 0.9706522226333618,
    "bpp": 0.25846913580246916,
    "encoding_time": 0.8014876842498779,
    "decoding_time": 1.1506543159484863
}