{
    "image_name": "sergey-zolkin-1045.png",
    "mse": 0.0006780222174711525,
    "psnr": 31.67940330505371,
    "ms-ssim": 0.9842957258224487,
    "bpp": 0.1389308608058608,
    "encoding_time": 1.0173373222351074,
    "decoding_time": 1.1912553310394287
}