{
    "image_name": "schicka-307.png",
    "mse": 0.0003491292300168425,
    "psnr": 34.55467987060547,
    "ms-ssim": 0.9827880859375,
    "bpp": 0.12418619791666667,
    "encoding_time": 0.720116138458252,
    "decoding_time": 0.37563300132751465
}