{
    "image_name": "thong-vo-428.png",
    "mse": 0.0018466642359271646,
    "psnr": 27.333377838134766,
    "ms-ssim": 0.9747176170349121,
    "bpp": 0.2529402339368691,
    "encoding_time": 0.8094649314880371,
    "decoding_time": 0.5431454181671143
}