{
    "mean_loss": 0.7438424727124782,
    "mean_bpp": 0.7438105385025863,
    "mean_psnr": 35.32097792625427,
    "mean_msssim": 0.9850061051547527,
    "mean_msssim_dB": 18.240855392608143,
    "mean_enc_time": 0.8191967606544495,
    "mean_dec_time": 0.9004436433315277
}