{
    "image_name": "00006_TE_1544x1120.png",
    "mse": 0.00025237476802431047,
    "psnr": 35.95912170410156,
    "ms-ssim": 0.994498610496521,
    "bpp": 0.820040710584752,
    "encoding_time": 0.3603203296661377,
    "decoding_time": 0.6313986778259277
}