{
    "image_name": "00008_TE_1912x1272.png",
    "mse": 0.0002662909682840109,
    "psnr": 35.72610092163086,
    "ms-ssim": 0.9872037768363953,
    "bpp": 0.7622694139627905,
    "encoding_time": 0.7883498668670654,
    "decoding_time": 0.5658338069915771
}