{
    "image_name": "00003_TE_1944x1296.png",
    "mse": 0.0002240797330159694,
    "psnr": 36.47337341308594,
    "ms-ssim": 0.989337146282196,
    "bpp": 0.5183915053599553,
    "encoding_time": 0.5913553237915039,
    "decoding_time": 0.7676465511322021
}