{
    "image_name": "00009_TE_1976x1312.png",
    "mse": 0.0007593869813717902,
    "psnr": 31.18810272216797,
    "ms-ssim": 0.989402174949646,
    "bpp": 1.709440110595438,
    "encoding_time": 0.4310615062713623,
    "decoding_time": 1.0655040740966797
}