{
    "image_name": "00005_TE_1336x872.png",
    "mse": 0.0001640458358451724,
    "psnr": 37.818565368652344,
    "ms-ssim": 0.9938429594039917,
    "bpp": 0.4594297643245619,
    "encoding_time": 0.412675142288208,
    "decoding_time": 0.31204724311828613
}