{
    "image_name": "00011_TE_1744x1160.png",
    "mse": 0.00041167455492541194,
    "psnr": 33.842018127441406,
    "ms-ssim": 0.990477442741394,
    "bpp": 1.018522619424233,
    "encoding_time": 0.6447672843933105,
    "decoding_time": 0.7039682865142822
}