{
    "image_name": "00004_TE_1808x1352.png",
    "mse": 0.0003412443620618433,
    "psnr": 34.654205322265625,
    "ms-ssim": 0.990311861038208,
    "bpp": 1.1018877310572341,
    "encoding_time": 0.9222619533538818,
    "decoding_time": 0.7604765892028809
}