{
    "image_name": "00001_TE_2096x1400.png",
    "mse": 0.0003565095830708742,
    "psnr": 34.463897705078125,
    "ms-ssim": 0.99220871925354,
    "bpp": 1.0122900763358778,
    "encoding_time": 0.7419824600219727,
    "decoding_time": 0.8102295398712158
}