{
    "image_name": "00014_TE_3680x2456.png",
    "mse": 0.00020213502284605056,
    "psnr": 36.91698455810547,
    "ms-ssim": 0.9865283966064453,
    "bpp": 0.4657130718028608,
    "encoding_time": 2.1304433345794678,
    "decoding_time": 2.072960138320923
}