{
    "image_name": "00012_TE_1512x2016.png",
    "mse": 0.0004125859122723341,
    "psnr": 33.83171844482422,
    "ms-ssim": 0.972324013710022,
    "bpp": 0.7954354581338708,
    "encoding_time": 0.9867982864379883,
    "decoding_time": 0.5176997184753418
}