{
    "image_name": "00013_TE_1920x1280.png",
    "mse": 0.0002629725495353341,
    "psnr": 35.779876708984375,
    "ms-ssim": 0.9878853559494019,
    "bpp": 0.6375390625,
    "encoding_time": 0.5335772037506104,
    "decoding_time": 0.7594635486602783
}