{
    "image_name": "00015_TE_3680x2456.png",
    "mse": 0.0001740610459819436,
    "psnr": 37.56156539916992,
    "ms-ssim": 0.9915302991867065,
    "bpp": 0.4821200963036397,
    "encoding_time": 1.9704029560089111,
    "decoding_time": 2.3354597091674805
}