{
    "image_name": "00007_TE_1472x976.png",
    "mse": 0.0002306095411768183,
    "psnr": 36.34797668457031,
    "ms-ssim": 0.989639163017273,
    "bpp": 0.5468193157519601,
    "encoding_time": 0.6121573448181152,
    "decoding_time": 0.7180352210998535
}