{
    "mean_loss": 1.3428625610312135,
    "mean_bpp": 1.3428514268663194,
    "mean_psnr": 39.5981232325236,
    "mean_msssim": 0.9936196605364481,
    "mean_msssim_dB": 21.951562141902148,
    "mean_enc_time": 0.15244183937708536,
    "mean_dec_time": 0.15766474604606628
}