{
    "image_name": "21.png",
    "mse": 0.0001152894546976313,
    "psnr": 39.334964752197266,
    "ms-ssim": 0.992213249206543,
    "bpp": 1.33447265625,
    "encoding_time": 0.3527200222015381,
    "decoding_time": 0.1761319637298584
}