{
    "image_name": "10.png",
    "mse": 9.496009442955256e-05,
    "psnr": 40.167869567871094,
    "ms-ssim": 0.9923397898674011,
    "bpp": 0.836181640625,
    "encoding_time": 0.08522200584411621,
    "decoding_time": 0.1126558780670166
}