{
    "image_name": "7.png",
    "mse": 7.440900662913918e-05,
    "psnr": 41.210697174072266,
    "ms-ssim": 0.9958521723747253,
    "bpp": 0.9051920572916666,
    "encoding_time": 0.06495809555053711,
    "decoding_time": 0.11271548271179199
}