{
    "image_name": "2.png",
    "mse": 0.00011597912816796452,
    "psnr": 39.30980682373047,
    "ms-ssim": 0.9890222549438477,
    "bpp": 1.133056640625,
    "encoding_time": 0.08819818496704102,
    "decoding_time": 0.11578822135925293
}