{
    "image_name": "23.png",
    "mse": 7.876806921558455e-05,
    "psnr": 40.967350006103516,
    "ms-ssim": 0.9931237101554871,
    "bpp": 0.6035970052083334,
    "encoding_time": 0.5100734233856201,
    "decoding_time": 0.1549663543701172
}