{
    "image_name": "4.png",
    "mse": 0.00010756432311609387,
    "psnr": 39.632389068603516,
    "ms-ssim": 0.991919219493866,
    "bpp": 1.0762532552083333,
    "encoding_time": 0.0815885066986084,
    "decoding_time": 0.12180089950561523
}