{
    "image_name": "11.png",
    "mse": 0.0001113028556574136,
    "psnr": 39.48530578613281,
    "ms-ssim": 0.9939624667167664,
    "bpp": 1.4337565104166667,
    "encoding_time": 0.07723164558410645,
    "decoding_time": 0.11498260498046875
}