{
    "image_name": "6.png",
    "mse": 0.00011268253001617268,
    "psnr": 39.433921813964844,
    "ms-ssim": 0.9941983222961426,
    "bpp": 1.5377604166666667,
    "encoding_time": 0.23493051528930664,
    "decoding_time": 0.17075467109680176
}