{
    "image_name": "8.png",
    "mse": 0.00015150156104937196,
    "psnr": 38.160423278808594,
    "ms-ssim": 0.9966945052146912,
    "bpp": 2.24365234375,
    "encoding_time": 0.09614109992980957,
    "decoding_time": 0.17962908744812012
}