{
    "image_name": "16.png",
    "mse": 8.93179967533797e-05,
    "psnr": 40.42732238769531,
    "ms-ssim": 0.9935891628265381,
    "bpp": 1.0728352864583333,
    "encoding_time": 0.1395740509033203,
    "decoding_time": 0.08929014205932617
}