{
    "image_name": "1.png",
    "mse": 0.00013212354679126292,
    "psnr": 38.748905181884766,
    "ms-ssim": 0.9963849782943726,
    "bpp": 2.1015625,
    "encoding_time": 0.20064115524291992,
    "decoding_time": 0.09074687957763672
}