{
    "image_name": "12.png",
    "mse": 8.852173777995631e-05,
    "psnr": 40.468360900878906,
    "ms-ssim": 0.9912494421005249,
    "bpp": 0.8682454427083334,
    "encoding_time": 0.08584856986999512,
    "decoding_time": 0.12638092041015625
}