{
    "image_name": "20.png",
    "mse": 8.704044012119994e-05,
    "psnr": 40.55910873413086,
    "ms-ssim": 0.992874801158905,
    "bpp": 0.901123046875,
    "encoding_time": 0.09920048713684082,
    "decoding_time": 0.17415857315063477
}