{
    "image_name": "13.png",
    "mse": 0.00016724836314097047,
    "psnr": 37.7340202331543,
    "ms-ssim": 0.9962663650512695,
    "bpp": 2.698486328125,
    "encoding_time": 0.08539104461669922,
    "decoding_time": 0.13632464408874512
}