{
    "image_name": "14.png",
    "mse": 0.0001359582383884117,
    "psnr": 38.62439727783203,
    "ms-ssim": 0.9952356219291687,
    "bpp": 1.7811686197916667,
    "encoding_time": 0.1949174404144287,
    "decoding_time": 0.21085309982299805
}