{
    "image_name": "17.png",
    "mse": 9.593604045221582e-05,
    "psnr": 40.12284851074219,
    "ms-ssim": 0.9939764738082886,
    "bpp": 0.9723307291666666,
    "encoding_time": 0.17284536361694336,
    "decoding_time": 0.15049505233764648
}