{
    "image_name": "18.png",
    "mse": 0.0001517091441201046,
    "psnr": 38.15353775024414,
    "ms-ssim": 0.9932510256767273,
    "bpp": 1.782958984375,
    "encoding_time": 0.14541006088256836,
    "decoding_time": 0.15197038650512695
}