{
    "image_name": "15.png",
    "mse": 9.791983757168055e-05,
    "psnr": 40.036949157714844,
    "ms-ssim": 0.9925016760826111,
    "bpp": 1.013427734375,
    "encoding_time": 0.0842287540435791,
    "decoding_time": 0.11558818817138672
}