{
    "image_name": "24.png",
    "mse": 0.00013053373550064862,
    "psnr": 38.803436279296875,
    "ms-ssim": 0.9956636428833008,
    "bpp": 1.7147623697916667,
    "encoding_time": 0.27234506607055664,
    "decoding_time": 0.22291946411132812
}