{
    "image_name": "9.png",
    "mse": 9.368889004690573e-05,
    "psnr": 40.22481155395508,
    "ms-ssim": 0.9914026260375977,
    "bpp": 0.733154296875,
    "encoding_time": 0.08725190162658691,
    "decoding_time": 0.33345627784729004
}