{
    "image_name": "3.png",
    "mse": 6.627097172895446e-05,
    "psnr": 41.70524597167969,
    "ms-ssim": 0.9938337802886963,
    "bpp": 0.7320149739583334,
    "encoding_time": 0.15879225730895996,
    "decoding_time": 0.20087814331054688
}