{
    "image_name": "22.png",
    "mse": 0.00012908958888147026,
    "psnr": 38.84861755371094,
    "ms-ssim": 0.9917938113212585,
    "bpp": 1.4461263020833333,
    "encoding_time": 0.0974721908569336,
    "decoding_time": 0.17396092414855957
}