{
    "image_name": "19.png",
    "mse": 0.00011305477528367192,
    "psnr": 39.4190673828125,
    "ms-ssim": 0.9924691915512085,
    "bpp": 1.2750651041666667,
    "encoding_time": 0.13480758666992188,
    "decoding_time": 0.21738362312316895
}