{
    "mean_loss": 0.9248310290401898,
    "mean_bpp": 0.9243166990703069,
    "mean_psnr": 33.706045150756836,
    "mean_msssim": 0.9948567003011703,
    "mean_msssim_dB": 22.887581687071517,
    "mean_enc_time": 0.9978931248188019,
    "mean_dec_time": 1.2033063769340515
}