{
    "image_name": "00016_TE_1744x2000.png",
    "mse": 0.00041898031486198306,
    "psnr": 33.76531219482422,
    "ms-ssim": 0.9841315150260925,
    "bpp": 1.3749816513761468,
    "encoding_time": 1.508486270904541,
    "decoding_time": 2.0667171478271484
}