{
    "image_name": "00005_TE_1336x872.png",
    "mse": 0.00031513351132161915,
    "psnr": 34.998497009277344,
    "ms-ssim": 0.9972696304321289,
    "bpp": 0.5124155359006757,
    "encoding_time": 0.4143671989440918,
    "decoding_time": 0.557830810546875
}