{
    "image_name": "00007_TE_1472x976.png",
    "mse": 0.0002710026456043124,
    "psnr": 35.65019226074219,
    "ms-ssim": 0.9966329336166382,
    "bpp": 0.7284613328581611,
    "encoding_time": 0.5735535621643066,
    "decoding_time": 0.6991431713104248
}