{
    "image_name": "00012_TE_1512x2016.png",
    "mse": 0.00044749764492735267,
    "psnr": 33.47998809814453,
    "ms-ssim": 0.993094801902771,
    "bpp": 1.2457063072142438,
    "encoding_time": 0.7831244468688965,
    "decoding_time": 0.9130163192749023
}