{
    "image_name": "00014_TE_3680x2456.png",
    "mse": 0.00023490605235565454,
    "psnr": 36.268123626708984,
    "ms-ssim": 0.9964643716812134,
    "bpp": 0.7571484209035547,
    "encoding_time": 1.840430498123169,
    "decoding_time": 2.3602395057678223
}