{
    "image_name": "00015_TE_3680x2456.png",
    "mse": 0.0002577550185378641,
    "psnr": 35.86686706542969,
    "ms-ssim": 0.9968940615653992,
    "bpp": 0.6592479818722561,
    "encoding_time": 2.1338956356048584,
    "decoding_time": 3.277791976928711
}