{
    "image_name": "00008_TE_1912x1272.png",
    "mse": 0.0004655676311813295,
    "psnr": 33.30850601196289,
    "ms-ssim": 0.9954613447189331,
    "bpp": 0.8692929133443856,
    "encoding_time": 0.5916769504547119,
    "decoding_time": 1.0100233554840088
}