{
    "image_name": "00006_TE_1544x1120.png",
    "mse": 0.0005653452826663852,
    "psnr": 32.468467712402344,
    "ms-ssim": 0.99695885181427,
    "bpp": 0.7002775721687639,
    "encoding_time": 0.48632287979125977,
    "decoding_time": 0.48996853828430176
}