{
    "image_name": "00013_TE_1920x1280.png",
    "mse": 0.00025027268566191196,
    "psnr": 35.99410629272461,
    "ms-ssim": 0.9962045550346375,
    "bpp": 0.9397526041666666,
    "encoding_time": 0.7137911319732666,
    "decoding_time": 0.8530082702636719
}