{
    "image_name": "00009_TE_1976x1312.png",
    "mse": 0.0029376698657870293,
    "psnr": 25.31817054748535,
    "ms-ssim": 0.9925550222396851,
    "bpp": 1.2109583292189197,
    "encoding_time": 0.8702666759490967,
    "decoding_time": 0.9610366821289062
}