{
    "image_name": "00004_TE_1808x1352.png",
    "mse": 0.000681965728290379,
    "psnr": 31.65455436706543,
    "ms-ssim": 0.9956248998641968,
    "bpp": 1.036576425616589,
    "encoding_time": 1.3305931091308594,
    "decoding_time": 1.3258554935455322
}