{
    "image_name": "00010_TE_2000x1128.png",
    "mse": 0.00020567610044963658,
    "psnr": 36.84349822998047,
    "ms-ssim": 0.9956684112548828,
    "bpp": 0.7656737588652482,
    "encoding_time": 0.9334001541137695,
    "decoding_time": 0.8014602661132812
}