{
    "image_name": "00002_TE_2144x1424.png",
    "mse": 0.00040878908475860953,
    "psnr": 33.87183380126953,
    "ms-ssim": 0.9930271506309509,
    "bpp": 1.2206628374979038,
    "encoding_time": 1.1166248321533203,
    "decoding_time": 1.1373960971832275
}