{
    "image_name": "00011_TE_1744x1160.png",
    "mse": 0.0005291645065881312,
    "psnr": 32.754127502441406,
    "ms-ssim": 0.9955727458000183,
    "bpp": 1.1088579563429295,
    "encoding_time": 0.8793625831604004,
    "decoding_time": 0.8054201602935791
}