{
    "mean_loss": 0.662678974636767,
    "mean_bpp": 0.6626475835904804,
    "mean_psnr": 35.41423463821411,
    "mean_msssim": 0.9849728159606457,
    "mean_msssim_dB": 18.231223947123645,
    "mean_enc_time": 1.0634865760803223,
    "mean_dec_time": 1.2630464285612106
}