{
    "image_name": "00006_TE_1544x1120.png",
    "mse": 0.00024287514679599553,
    "psnr": 36.1241340637207,
    "ms-ssim": 0.9947752952575684,
    "bpp": 0.7427276091783864,
    "encoding_time": 0.6363840103149414,
    "decoding_time": 0.9619090557098389
}