{
    "image_name": "00008_TE_1912x1272.png",
    "mse": 0.0002650864771567285,
    "psnr": 35.74538803100586,
    "ms-ssim": 0.986944854259491,
    "bpp": 0.7069287650324991,
    "encoding_time": 0.8046321868896484,
    "decoding_time": 0.8553276062011719
}