{
    "image_name": "00003_TE_1944x1296.png",
    "mse": 0.00022043076751288027,
    "psnr": 36.543487548828125,
    "ms-ssim": 0.9892644882202148,
    "bpp": 0.44796270893664586,
    "encoding_time": 0.7491121292114258,
    "decoding_time": 1.4198741912841797
}