{
    "image_name": "00007_TE_1472x976.png",
    "mse": 0.00023175620299298316,
    "psnr": 36.32660675048828,
    "ms-ssim": 0.989509105682373,
    "bpp": 0.4364531361368496,
    "encoding_time": 0.6096663475036621,
    "decoding_time": 0.7027621269226074
}