{
    "image_name": "00009_TE_1976x1312.png",
    "mse": 0.0007567114662379026,
    "psnr": 31.20327377319336,
    "ms-ssim": 0.9892657995223999,
    "bpp": 1.5852671077318061,
    "encoding_time": 1.0690391063690186,
    "decoding_time": 1.2189173698425293
}