{
    "image_name": "00001_TE_2096x1400.png",
    "mse": 0.00035322297480888665,
    "psnr": 34.5034065246582,
    "ms-ssim": 0.992235541343689,
    "bpp": 0.9226063249727372,
    "encoding_time": 1.149085283279419,
    "decoding_time": 1.1041145324707031
}