{
    "image_name": "00004_TE_1808x1352.png",
    "mse": 0.00033385524875484407,
    "psnr": 34.748634338378906,
    "ms-ssim": 0.990577220916748,
    "bpp": 0.9679923548201288,
    "encoding_time": 1.1947760581970215,
    "decoding_time": 1.0383081436157227
}