{
    "image_name": "00015_TE_3680x2456.png",
    "mse": 0.00016768234490882605,
    "psnr": 37.72235870361328,
    "ms-ssim": 0.9916480779647827,
    "bpp": 0.41630788840107635,
    "encoding_time": 2.4987893104553223,
    "decoding_time": 1.9523303508758545
}