{
    "image_name": "00016_TE_1744x2000.png",
    "mse": 0.0005244924104772508,
    "psnr": 32.79256057739258,
    "ms-ssim": 0.946104884147644,
    "bpp": 0.3505412844036697,
    "encoding_time": 1.0768921375274658,
    "decoding_time": 1.656578779220581
}