{
    "image_name": "00011_TE_1744x1160.png",
    "mse": 0.000391870504245162,
    "psnr": 34.055171966552734,
    "ms-ssim": 0.9906299114227295,
    "bpp": 0.9350047453337551,
    "encoding_time": 0.666844367980957,
    "decoding_time": 1.02201509475708
}