{
    "image_name": "00005_TE_1336x872.png",
    "mse": 0.00015443253505509347,
    "psnr": 38.078861236572266,
    "ms-ssim": 0.9940162897109985,
    "bpp": 0.3446959292424326,
    "encoding_time": 0.4358830451965332,
    "decoding_time": 0.46733999252319336
}