{
    "image_name": "00013_TE_1920x1280.png",
    "mse": 0.00025609522708691657,
    "psnr": 35.89461898803711,
    "ms-ssim": 0.9880225658416748,
    "bpp": 0.589375,
    "encoding_time": 0.9266624450683594,
    "decoding_time": 1.5295593738555908
}