{
    "mean_loss": 0.2522311044494621,
    "mean_bpp": 0.25213550191671524,
    "mean_psnr": 30.545559883117676,
    "mean_msssim": 0.9606757089495659,
    "mean_msssim_dB": 14.053390982192282,
    "mean_enc_time": 0.6905270963907242,
    "mean_dec_time": 0.7860600352287292
}