{
    "image_name": "00016_TE_1744x2000.png",
    "mse": 0.0008240131428465247,
    "psnr": 30.83416175842285,
    "ms-ssim": 0.9076228141784668,
    "bpp": 0.076348623853211,
    "encoding_time": 0.7064745426177979,
    "decoding_time": 0.8277318477630615
}