{
    "image_name": "00015_TE_3680x2456.png",
    "mse": 0.0005879152449779212,
    "psnr": 32.29756546020508,
    "ms-ssim": 0.9766607284545898,
    "bpp": 0.17639852712080442,
    "encoding_time": 2.0439131259918213,
    "decoding_time": 2.1434974670410156
}