{
    "image_name": "00007_TE_1472x976.png",
    "mse": 0.0006331097101792693,
    "psnr": 31.97693634033203,
    "ms-ssim": 0.9776893854141235,
    "bpp": 0.19191019244476124,
    "encoding_time": 0.3710782527923584,
    "decoding_time": 0.3716433048248291
}