{
    "image_name": "00006_TE_1544x1120.png",
    "mse": 0.0009502234170213342,
    "psnr": 30.216110229492188,
    "ms-ssim": 0.9814464449882507,
    "bpp": 0.3066062176165803,
    "encoding_time": 0.36086034774780273,
    "decoding_time": 0.33813023567199707
}