{
    "image_name": "00002_TE_2144x1424.png",
    "mse": 0.0009207793627865613,
    "psnr": 30.352693557739258,
    "ms-ssim": 0.9357160329818726,
    "bpp": 0.21628165353010229,
    "encoding_time": 0.8015720844268799,
    "decoding_time": 0.5716433525085449
}