{
    "image_name": "00008_TE_1912x1272.png",
    "mse": 0.0009818901307880878,
    "psnr": 30.073749542236328,
    "ms-ssim": 0.9467641711235046,
    "bpp": 0.1978105839320018,
    "encoding_time": 0.4043710231781006,
    "decoding_time": 0.5281515121459961
}