{
    "image_name": "00009_TE_1976x1312.png",
    "mse": 0.0023389416746795177,
    "psnr": 26.3074893951416,
    "ms-ssim": 0.9677443504333496,
    "bpp": 0.7051199763009776,
    "encoding_time": 0.4981849193572998,
    "decoding_time": 0.48886561393737793
}