{
    "image_name": "00014_TE_3680x2456.png",
    "mse": 0.0006144159124232829,
    "psnr": 32.10655975341797,
    "ms-ssim": 0.9652208685874939,
    "bpp": 0.16340107633479678,
    "encoding_time": 1.9281203746795654,
    "decoding_time": 2.207730293273926
}