{
    "image_name": "00010_TE_2000x1128.png",
    "mse": 0.0005489302566275001,
    "psnr": 32.59514236450195,
    "ms-ssim": 0.9594154357910156,
    "bpp": 0.1264822695035461,
    "encoding_time": 0.4387986660003662,
    "decoding_time": 0.5271227359771729
}