{
    "image_name": "00001_TE_2096x1400.png",
    "mse": 0.0012104827910661697,
    "psnr": 29.16578483581543,
    "ms-ssim": 0.9776860475540161,
    "bpp": 0.3896401308615049,
    "encoding_time": 0.5100045204162598,
    "decoding_time": 0.6332998275756836
}