{
    "image_name": "00004_TE_1808x1352.png",
    "mse": 0.001257632509805262,
    "psnr": 29.000347137451172,
    "ms-ssim": 0.9684135317802429,
    "bpp": 0.3535764779808347,
    "encoding_time": 0.763455867767334,
    "decoding_time": 0.6008458137512207
}