{
    "image_name": "00012_TE_1512x2016.png",
    "mse": 0.001173236989416182,
    "psnr": 29.30143928527832,
    "ms-ssim": 0.9149693250656128,
    "bpp": 0.19062316284538508,
    "encoding_time": 0.4698643684387207,
    "decoding_time": 0.7527999877929688
}