{
    "image_name": "00005_TE_1336x872.png",
    "mse": 0.0005252881674095988,
    "psnr": 32.7859992980957,
    "ms-ssim": 0.9887940883636475,
    "bpp": 0.1654946986760424,
    "encoding_time": 0.2833883762359619,
    "decoding_time": 0.2830684185028076
}