{
    "image_name": "00003_TE_1944x1296.png",
    "mse": 0.0006474475376307964,
    "psnr": 31.880002975463867,
    "ms-ssim": 0.9727851748466492,
    "bpp": 0.18236549306508154,
    "encoding_time": 0.6309847831726074,
    "decoding_time": 1.0070648193359375
}