{
    "image_name": "00013_TE_1920x1280.png",
    "mse": 0.0008227275684475899,
    "psnr": 30.840499877929688,
    "ms-ssim": 0.9598836898803711,
    "bpp": 0.23658854166666668,
    "encoding_time": 0.4828643798828125,
    "decoding_time": 0.7698647975921631
}