{
    "mean_loss": 0.538083153218031,
    "mean_bpp": 0.5370076497395834,
    "mean_psnr": 29.770811398824055,
    "mean_msssim": 0.9892449652155241,
    "mean_msssim_dB": 19.683881806571303,
    "mean_enc_time": 0.15489731232325235,
    "mean_dec_time": 0.16000316540400186
}