{
    "image_name": "3.png",
    "mse": 0.0005431259050965309,
    "psnr": 32.640846252441406,
    "ms-ssim": 0.9922592043876648,
    "bpp": 0.3748372395833333,
    "encoding_time": 0.23352837562561035,
    "decoding_time": 0.12708806991577148
}