{
    "image_name": "14.png",
    "mse": 0.0011316414456814528,
    "psnr": 29.45804214477539,
    "ms-ssim": 0.9882645606994629,
    "bpp": 0.6746419270833334,
    "encoding_time": 0.22124171257019043,
    "decoding_time": 0.10226321220397949
}