{
    "image_name": "19.png",
    "mse": 0.0007278731791302562,
    "psnr": 31.37209129333496,
    "ms-ssim": 0.988863468170166,
    "bpp": 0.51513671875,
    "encoding_time": 0.11472725868225098,
    "decoding_time": 0.2637953758239746
}