{
    "image_name": "20.png",
    "mse": 0.0010472015710547566,
    "psnr": 29.795730590820312,
    "ms-ssim": 0.9907131195068359,
    "bpp": 0.3641764322916667,
    "encoding_time": 0.11301803588867188,
    "decoding_time": 0.24814510345458984
}