{
    "image_name": "21.png",
    "mse": 0.0012355610961094499,
    "psnr": 29.076810836791992,
    "ms-ssim": 0.988737940788269,
    "bpp": 0.5,
    "encoding_time": 0.19946837425231934,
    "decoding_time": 0.3482553958892822
}