{
    "image_name": "11.png",
    "mse": 0.0011560004204511642,
    "psnr": 29.36578941345215,
    "ms-ssim": 0.9885751605033875,
    "bpp": 0.573486328125,
    "encoding_time": 0.10478472709655762,
    "decoding_time": 0.10545563697814941
}