{
    "image_name": "23.png",
    "mse": 0.0004900126368738711,
    "psnr": 33.08634567260742,
    "ms-ssim": 0.9917886257171631,
    "bpp": 0.33642578125,
    "encoding_time": 0.39031195640563965,
    "decoding_time": 0.07862997055053711
}