{
    "image_name": "22.png",
    "mse": 0.0008393934112973511,
    "psnr": 30.75394058227539,
    "ms-ssim": 0.9865758419036865,
    "bpp": 0.6455078125,
    "encoding_time": 0.18881487846374512,
    "decoding_time": 0.1766374111175537
}