{
    "image_name": "24.png",
    "mse": 0.0016266711754724383,
    "psnr": 27.8837890625,
    "ms-ssim": 0.9894902110099792,
    "bpp": 0.6140950520833334,
    "encoding_time": 0.20375776290893555,
    "decoding_time": 0.21198582649230957
}