{
    "image_name": "2.png",
    "mse": 0.0008443131227977574,
    "psnr": 30.728404998779297,
    "ms-ssim": 0.9866992831230164,
    "bpp": 0.6007486979166666,
    "encoding_time": 0.14714264869689941,
    "decoding_time": 0.13253355026245117
}