{
    "image_name": "10.png",
    "mse": 0.000953010399825871,
    "psnr": 30.203096389770508,
    "ms-ssim": 0.9903991222381592,
    "bpp": 0.418701171875,
    "encoding_time": 0.08736157417297363,
    "decoding_time": 0.09744000434875488
}