{
    "image_name": "18.png",
    "mse": 0.0013840278843417764,
    "psnr": 28.58448600769043,
    "ms-ssim": 0.9868720769882202,
    "bpp": 0.682861328125,
    "encoding_time": 0.15660953521728516,
    "decoding_time": 0.14005446434020996
}