{
    "image_name": "1.png",
    "mse": 0.0017851792508736253,
    "psnr": 27.480350494384766,
    "ms-ssim": 0.9881458282470703,
    "bpp": 0.69287109375,
    "encoding_time": 0.09592366218566895,
    "decoding_time": 0.13045024871826172
}