{
    "image_name": "4.png",
    "mse": 0.0008920966065488756,
    "psnr": 30.489368438720703,
    "ms-ssim": 0.9887014627456665,
    "bpp": 0.534423828125,
    "encoding_time": 0.09034919738769531,
    "decoding_time": 0.18223047256469727
}