{
    "image_name": "12.png",
    "mse": 0.0008725945954211056,
    "psnr": 30.58552360534668,
    "ms-ssim": 0.9895243644714355,
    "bpp": 0.4613444010416667,
    "encoding_time": 0.13543105125427246,
    "decoding_time": 0.1231687068939209
}