{
    "image_name": "15.png",
    "mse": 0.0009420926799066365,
    "psnr": 30.253087997436523,
    "ms-ssim": 0.989356517791748,
    "bpp": 0.4491373697916667,
    "encoding_time": 0.08384871482849121,
    "decoding_time": 0.14710688591003418
}