{
    "image_name": "16.png",
    "mse": 0.0006437961128540337,
    "psnr": 31.903507232666016,
    "ms-ssim": 0.9898418188095093,
    "bpp": 0.48828125,
    "encoding_time": 0.103668212890625,
    "decoding_time": 0.24126791954040527
}