{
    "image_name": "9.png",
    "mse": 0.000806393101811409,
    "psnr": 30.9272518157959,
    "ms-ssim": 0.9900895953178406,
    "bpp": 0.360107421875,
    "encoding_time": 0.08038711547851562,
    "decoding_time": 0.10833191871643066
}