{
    "image_name": "5.png",
    "mse": 0.0016743200831115246,
    "psnr": 27.758079528808594,
    "ms-ssim": 0.9899291396141052,
    "bpp": 0.7020670572916666,
    "encoding_time": 0.08908677101135254,
    "decoding_time": 0.1286921501159668
}