{
    "image_name": "8.png",
    "mse": 0.0026198378764092922,
    "psnr": 25.815366744995117,
    "ms-ssim": 0.9893518686294556,
    "bpp": 0.6434733072916666,
    "encoding_time": 0.16751933097839355,
    "decoding_time": 0.2313683032989502
}