{
    "image_name": "17.png",
    "mse": 0.0006945519708096981,
    "psnr": 31.57476043701172,
    "ms-ssim": 0.9908396601676941,
    "bpp": 0.4357096354166667,
    "encoding_time": 0.13640046119689941,
    "decoding_time": 0.1018228530883789
}