{
    "image_name": "6.png",
    "mse": 0.0012737818760797381,
    "psnr": 28.944942474365234,
    "ms-ssim": 0.9886466860771179,
    "bpp": 0.5958658854166666,
    "encoding_time": 0.23604893684387207,
    "decoding_time": 0.18466615676879883
}