{
    "mean_loss": 0.6930111414088893,
    "mean_bpp": 0.6922704844071554,
    "mean_psnr": 32.354122161865234,
    "mean_msssim": 0.9925934299826622,
    "mean_msssim_dB": 21.30382867244976,
    "mean_enc_time": 0.875689908862114,
    "mean_dec_time": 0.8376719653606415
}