{
    "image_name": "00015_TE_3680x2456.png",
    "mse": 0.00038630113704130054,
    "psnr": 34.116790771484375,
    "ms-ssim": 0.9950897097587585,
    "bpp": 0.45243591559269225,
    "encoding_time": 2.257030725479126,
    "decoding_time": 2.320463180541992
}