{
    "image_name": "00014_TE_3680x2456.png",
    "mse": 0.0003387356991879642,
    "psnr": 34.68558883666992,
    "ms-ssim": 0.9945284724235535,
    "bpp": 0.5367830335646508,
    "encoding_time": 1.6582469940185547,
    "decoding_time": 1.5905523300170898
}