{
    "image_name": "00012_TE_1512x2016.png",
    "mse": 0.0005955924862064421,
    "psnr": 32.241455078125,
    "ms-ssim": 0.9899773597717285,
    "bpp": 0.9528848576467625,
    "encoding_time": 0.6929700374603271,
    "decoding_time": 0.7175564765930176
}