{
    "image_name": "00003_TE_1944x1296.png",
    "mse": 0.00035080951056443155,
    "psnr": 34.53449630737305,
    "ms-ssim": 0.9944390058517456,
    "bpp": 0.5515673423766703,
    "encoding_time": 0.6332778930664062,
    "decoding_time": 0.6611111164093018
}