{
    "image_name": "00011_TE_1744x1160.png",
    "mse": 0.0007520568906329572,
    "psnr": 31.23042869567871,
    "ms-ssim": 0.9929566383361816,
    "bpp": 0.826763682378994,
    "encoding_time": 0.7754745483398438,
    "decoding_time": 0.774385929107666
}