{
    "image_name": "00005_TE_1336x872.png",
    "mse": 0.00044013909064233303,
    "psnr": 33.552520751953125,
    "ms-ssim": 0.9959079623222351,
    "bpp": 0.3532110091743119,
    "encoding_time": 0.5661547183990479,
    "decoding_time": 0.3621652126312256
}