{
    "image_name": "00016_TE_1744x2000.png",
    "mse": 0.00045363290701061487,
    "psnr": 33.42132568359375,
    "ms-ssim": 0.9805725812911987,
    "bpp": 1.0634954128440366,
    "encoding_time": 1.12986421585083,
    "decoding_time": 1.0208749771118164
}