{
    "image_name": "00007_TE_1472x976.png",
    "mse": 0.0004224997537676245,
    "psnr": 33.7294807434082,
    "ms-ssim": 0.9947586059570312,
    "bpp": 0.539045794725588,
    "encoding_time": 0.5132672786712646,
    "decoding_time": 0.2854897975921631
}