{
    "image_name": "00010_TE_2000x1128.png",
    "mse": 0.00028642249526456,
    "psnr": 35.412025451660156,
    "ms-ssim": 0.9937019348144531,
    "bpp": 0.5663120567375887,
    "encoding_time": 0.7267336845397949,
    "decoding_time": 0.7404987812042236
}