{
    "image_name": "00008_TE_1912x1272.png",
    "mse": 0.0006346614100039005,
    "psnr": 31.96567726135254,
    "ms-ssim": 0.9934600591659546,
    "bpp": 0.6818241625220389,
    "encoding_time": 0.7101359367370605,
    "decoding_time": 0.4882364273071289
}