{
    "image_name": "00009_TE_1976x1312.png",
    "mse": 0.0035686364863067865,
    "psnr": 24.47354507446289,
    "ms-ssim": 0.9897946715354919,
    "bpp": 0.9227930285375728,
    "encoding_time": 0.7946765422821045,
    "decoding_time": 0.7205610275268555
}