{
    "image_name": "00013_TE_1920x1280.png",
    "mse": 0.0003521043108776212,
    "psnr": 34.51750946044922,
    "ms-ssim": 0.9938454627990723,
    "bpp": 0.7039973958333333,
    "encoding_time": 0.9115207195281982,
    "decoding_time": 0.8306434154510498
}