{
    "image_name": "00004_TE_1808x1352.png",
    "mse": 0.0009394081425853074,
    "psnr": 30.266036987304688,
    "ms-ssim": 0.9932200312614441,
    "bpp": 0.7784206943498979,
    "encoding_time": 0.7587862014770508,
    "decoding_time": 0.8465416431427002
}