{
    "image_name": "00001_TE_2096x1400.png",
    "mse": 0.0010631086770445108,
    "psnr": 29.729158401489258,
    "ms-ssim": 0.9937605261802673,
    "bpp": 0.6866848418756816,
    "encoding_time": 0.7650792598724365,
    "decoding_time": 0.8029673099517822
}