{
    "image_name": "00016_TE_1744x2000.png",
    "mse": 0.0004984422703273594,
    "psnr": 33.01298522949219,
    "ms-ssim": 0.975368857383728,
    "bpp": 0.8065045871559633,
    "encoding_time": 1.1231789588928223,
    "decoding_time": 1.1493074893951416
}