{
    "image_name": "00014_TE_3680x2456.png",
    "mse": 0.00045573629904538393,
    "psnr": 33.400936126708984,
    "ms-ssim": 0.9923264980316162,
    "bpp": 0.4022341028182977,
    "encoding_time": 1.7100627422332764,
    "decoding_time": 1.9521210193634033
}