{
    "image_name": "00013_TE_1920x1280.png",
    "mse": 0.00046447038766928017,
    "psnr": 33.31854248046875,
    "ms-ssim": 0.9909189939498901,
    "bpp": 0.5469140625,
    "encoding_time": 0.41895437240600586,
    "decoding_time": 0.6303627490997314
}