{
    "image_name": "00012_TE_1512x2016.png",
    "mse": 0.0007636396330781281,
    "psnr": 31.163925170898438,
    "ms-ssim": 0.9854757785797119,
    "bpp": 0.7077874359620392,
    "encoding_time": 0.6172430515289307,
    "decoding_time": 0.9578585624694824
}