{
    "image_name": "00004_TE_1808x1352.png",
    "mse": 0.001220960752107203,
    "psnr": 29.128658294677734,
    "ms-ssim": 0.9901280403137207,
    "bpp": 0.5883777556684296,
    "encoding_time": 0.6231026649475098,
    "decoding_time": 0.5479357242584229
}