{
    "image_name": "00005_TE_1336x872.png",
    "mse": 0.0005638052243739367,
    "psnr": 32.479515075683594,
    "ms-ssim": 0.9944510459899902,
    "bpp": 0.2499038620007691,
    "encoding_time": 0.4439995288848877,
    "decoding_time": 0.4742140769958496
}