{
    "image_name": "00003_TE_1944x1296.png",
    "mse": 0.00045879793469794095,
    "psnr": 33.372589111328125,
    "ms-ssim": 0.9921509623527527,
    "bpp": 0.410697048214195,
    "encoding_time": 0.7301044464111328,
    "decoding_time": 0.5893149375915527
}