{
    "image_name": "00006_TE_1544x1120.png",
    "mse": 0.0010212238412350416,
    "psnr": 29.903541564941406,
    "ms-ssim": 0.9935511946678162,
    "bpp": 0.4296817172464841,
    "encoding_time": 0.46863508224487305,
    "decoding_time": 0.6133642196655273
}