{
    "image_name": "00010_TE_2000x1128.png",
    "mse": 0.00036547333002090454,
    "psnr": 34.356807708740234,
    "ms-ssim": 0.9913012385368347,
    "bpp": 0.4179290780141844,
    "encoding_time": 0.7021963596343994,
    "decoding_time": 0.7125651836395264
}