{
    "image_name": "00001_TE_2096x1400.png",
    "mse": 0.0013784980401396751,
    "psnr": 28.601966857910156,
    "ms-ssim": 0.9912445545196533,
    "bpp": 0.5269683751363141,
    "encoding_time": 0.8386166095733643,
    "decoding_time": 0.7859315872192383
}