{
    "image_name": "00007_TE_1472x976.png",
    "mse": 0.0005735614686273038,
    "psnr": 32.405181884765625,
    "ms-ssim": 0.9926375150680542,
    "bpp": 0.40016928011404135,
    "encoding_time": 0.2922933101654053,
    "decoding_time": 0.47511768341064453
}