{
    "image_name": "00009_TE_1976x1312.png",
    "mse": 0.004299155902117491,
    "psnr": 23.664888381958008,
    "ms-ssim": 0.9862491488456726,
    "bpp": 0.7146736447121557,
    "encoding_time": 0.4365565776824951,
    "decoding_time": 0.5314562320709229
}