{
    "image_name": "00008_TE_1912x1272.png",
    "mse": 0.0008053060155361891,
    "psnr": 30.933242797851562,
    "ms-ssim": 0.9908342361450195,
    "bpp": 0.5284334622773085,
    "encoding_time": 0.38809943199157715,
    "decoding_time": 0.5288474559783936
}