{
    "image_name": "00011_TE_1744x1160.png",
    "mse": 0.0009738575899973512,
    "psnr": 30.109786987304688,
    "ms-ssim": 0.9896172881126404,
    "bpp": 0.6304492249288199,
    "encoding_time": 0.5791490077972412,
    "decoding_time": 0.5248749256134033
}