{
    "mean_loss": 1.000236286414706,
    "mean_bpp": 1.0002255555555557,
    "mean_psnr": 39.96659324645996,
    "mean_msssim": 0.992780030965805,
    "mean_msssim_dB": 21.414646650767722,
    "mean_enc_time": 0.3726020646095276,
    "mean_dec_time": 0.46341620206832884
}