{
    "image_name": "RGB_OR_1200x1200_052.png",
    "mse": 8.344808884430677e-05,
    "psnr": 40.72075653076172,
    "ms-ssim": 0.9959464073181152,
    "bpp": 0.9889111111111111,
    "encoding_time": 0.4086189270019531,
    "decoding_time": 0.48183584213256836
}