{
    "image_name": "RGB_OR_1200x1200_040.png",
    "mse": 0.00010429184476379305,
    "psnr": 39.767452239990234,
    "ms-ssim": 0.9934787750244141,
    "bpp": 1.058111111111111,
    "encoding_time": 0.4534440040588379,
    "decoding_time": 0.301039457321167
}