{
    "image_name": "RGB_OR_1200x1200_082.png",
    "mse": 0.00023135443916544318,
    "psnr": 36.33464813232422,
    "ms-ssim": 0.9928738474845886,
    "bpp": 1.9583333333333333,
    "encoding_time": 0.22223901748657227,
    "decoding_time": 0.30022454261779785
}