{
    "image_name": "RGB_OR_1200x1200_038.png",
    "mse": 7.202122651506215e-05,
    "psnr": 41.35174560546875,
    "ms-ssim": 0.9930068254470825,
    "bpp": 0.5442444444444444,
    "encoding_time": 0.29724574089050293,
    "decoding_time": 0.6828947067260742
}