{
    "image_name": "RGB_OR_1200x1200_100.png",
    "mse": 3.550920155248605e-05,
    "psnr": 44.40636444091797,
    "ms-ssim": 0.9948986768722534,
    "bpp": 0.3409333333333333,
    "encoding_time": 0.3030407428741455,
    "decoding_time": 0.5178871154785156
}