{
    "image_name": "RGB_OR_1200x1200_010.png",
    "mse": 0.0001000475458567962,
    "psnr": 39.94420623779297,
    "ms-ssim": 0.9936468005180359,
    "bpp": 0.9600888888888889,
    "encoding_time": 0.3669471740722656,
    "decoding_time": 0.3489079475402832
}