{
    "image_name": "RGB_OR_1200x1200_066.png",
    "mse": 0.00011973684740951285,
    "psnr": 39.17320251464844,
    "ms-ssim": 0.9934675097465515,
    "bpp": 0.8125555555555556,
    "encoding_time": 0.40371155738830566,
    "decoding_time": 0.6641898155212402
}