{
    "image_name": "RGB_OR_1200x1200_051.png",
    "mse": 8.014242484932765e-05,
    "psnr": 40.89365005493164,
    "ms-ssim": 0.9912011027336121,
    "bpp": 0.5702222222222222,
    "encoding_time": 0.2809474468231201,
    "decoding_time": 0.4918210506439209
}