{
    "image_name": "RGB_OR_1200x1200_076.png",
    "mse": 8.256608271040022e-05,
    "psnr": 40.76691436767578,
    "ms-ssim": 0.9897040724754333,
    "bpp": 0.5,
    "encoding_time": 0.34624600410461426,
    "decoding_time": 0.46148085594177246
}