{
    "image_name": "RGB_OR_1200x1200_090.png",
    "mse": 0.00018287915736436844,
    "psnr": 37.348663330078125,
    "ms-ssim": 0.9952899813652039,
    "bpp": 1.9021555555555556,
    "encoding_time": 0.5355288982391357,
    "decoding_time": 0.4750511646270752
}