{
    "image_name": "RGB_OR_1200x1200_064.png",
    "mse": 0.00010507159458938986,
    "psnr": 39.73585510253906,
    "ms-ssim": 0.9959204196929932,
    "bpp": 1.1531111111111112,
    "encoding_time": 0.32844114303588867,
    "decoding_time": 0.4181194305419922
}