{
    "image_name": "RGB_OR_1200x1200_002.png",
    "mse": 4.6606583055108786e-05,
    "psnr": 43.199493408203125,
    "ms-ssim": 0.9913485050201416,
    "bpp": 0.29431111111111113,
    "encoding_time": 0.4098484516143799,
    "decoding_time": 0.5794503688812256
}