{
    "image_name": "RGB_OR_1200x1200_086.png",
    "mse": 0.00017403824313078076,
    "psnr": 37.56245422363281,
    "ms-ssim": 0.992772102355957,
    "bpp": 1.9338666666666666,
    "encoding_time": 0.27000975608825684,
    "decoding_time": 0.3555920124053955
}