{
    "image_name": "RGB_OR_1200x1200_099.png",
    "mse": 0.00011863326653838158,
    "psnr": 39.211944580078125,
    "ms-ssim": 0.9900532960891724,
    "bpp": 0.9792,
    "encoding_time": 0.2974209785461426,
    "decoding_time": 0.35246801376342773
}