{
    "image_name": "RGB_OR_1200x1200_049.png",
    "mse": 7.197001104941592e-05,
    "psnr": 41.35871887207031,
    "ms-ssim": 0.9952799677848816,
    "bpp": 0.8546888888888889,
    "encoding_time": 0.42270326614379883,
    "decoding_time": 0.6431539058685303
}