{
    "image_name": "RGB_OR_1200x1200_027.png",
    "mse": 9.735945786815137e-05,
    "psnr": 40.061073303222656,
    "ms-ssim": 0.9941293597221375,
    "bpp": 1.0648444444444445,
    "encoding_time": 0.47968244552612305,
    "decoding_time": 0.4081757068634033
}