{
    "image_name": "RGB_OR_1200x1200_053.png",
    "mse": 3.988833850598894e-05,
    "psnr": 43.856754302978516,
    "ms-ssim": 0.9959344863891602,
    "bpp": 0.4584888888888889,
    "encoding_time": 0.4646792411804199,
    "decoding_time": 0.33838748931884766
}