{
    "image_name": "RGB_OR_1200x1200_017.png",
    "mse": 9.635813330532983e-05,
    "psnr": 40.1051139831543,
    "ms-ssim": 0.9952733516693115,
    "bpp": 1.0529333333333333,
    "encoding_time": 0.32419395446777344,
    "decoding_time": 0.3596973419189453
}