{
    "image_name": "RGB_OR_1200x1200_063.png",
    "mse": 8.293028804473579e-05,
    "psnr": 40.7530403137207,
    "ms-ssim": 0.9913476705551147,
    "bpp": 0.5327111111111111,
    "encoding_time": 0.3856468200683594,
    "decoding_time": 0.382857084274292
}