{
    "image_name": "RGB_OR_1200x1200_077.png",
    "mse": 0.00016856570437084883,
    "psnr": 37.70032501220703,
    "ms-ssim": 0.9821300506591797,
    "bpp": 1.0506,
    "encoding_time": 0.39163851737976074,
    "decoding_time": 0.2610335350036621
}