{
    "image_name": "RGB_OR_1200x1200_011.png",
    "mse": 0.00010376004502177238,
    "psnr": 39.79051208496094,
    "ms-ssim": 0.9945974349975586,
    "bpp": 1.2853333333333334,
    "encoding_time": 0.3470437526702881,
    "decoding_time": 0.4989609718322754
}