{
    "image_name": "RGB_OR_1200x1200_029.png",
    "mse": 8.276871085399762e-05,
    "psnr": 40.75590515136719,
    "ms-ssim": 0.9936615228652954,
    "bpp": 0.8146666666666667,
    "encoding_time": 0.2538492679595947,
    "decoding_time": 0.31236910820007324
}