{
    "image_name": "RGB_OR_1200x1200_046.png",
    "mse": 0.00015565965441055596,
    "psnr": 38.044742584228516,
    "ms-ssim": 0.9933392405509949,
    "bpp": 1.4191111111111112,
    "encoding_time": 0.4670391082763672,
    "decoding_time": 0.40571117401123047
}