{
    "image_name": "RGB_OR_1200x1200_028.png",
    "mse": 5.119686102261767e-05,
    "psnr": 42.80329895019531,
    "ms-ssim": 0.9939464926719666,
    "bpp": 0.4126,
    "encoding_time": 0.31355834007263184,
    "decoding_time": 0.41617584228515625
}