{
    "image_name": "RGB_OR_1200x1200_057.png",
    "mse": 7.909697887953371e-05,
    "psnr": 40.95121765136719,
    "ms-ssim": 0.9893611669540405,
    "bpp": 0.5750888888888889,
    "encoding_time": 0.3794734477996826,
    "decoding_time": 0.4648563861846924
}