{
    "image_name": "RGB_OR_1200x1200_062.png",
    "mse": 0.0002193843829445541,
    "psnr": 36.563228607177734,
    "ms-ssim": 0.9951978921890259,
    "bpp": 2.146777777777778,
    "encoding_time": 0.3663020133972168,
    "decoding_time": 0.3721611499786377
}