{
    "image_name": "RGB_OR_1200x1200_023.png",
    "mse": 0.00011966405872954056,
    "psnr": 39.17525100708008,
    "ms-ssim": 0.9921708106994629,
    "bpp": 1.2446222222222223,
    "encoding_time": 0.4311082363128662,
    "decoding_time": 0.36305999755859375
}