{
    "image_name": "RGB_OR_1200x1200_088.png",
    "mse": 8.920317486627027e-05,
    "psnr": 40.436370849609375,
    "ms-ssim": 0.9944761991500854,
    "bpp": 0.9650222222222222,
    "encoding_time": 0.49658966064453125,
    "decoding_time": 0.7909061908721924
}