{
    "image_name": "RGB_OR_1200x1200_072.png",
    "mse": 0.00010505567479413003,
    "psnr": 39.73467254638672,
    "ms-ssim": 0.9948758482933044,
    "bpp": 1.3029555555555556,
    "encoding_time": 0.31983375549316406,
    "decoding_time": 0.400402307510376
}