{
    "image_name": "RGB_OR_1200x1200_041.png",
    "mse": 0.00010423017374705523,
    "psnr": 39.771541595458984,
    "ms-ssim": 0.9939192533493042,
    "bpp": 1.0258444444444443,
    "encoding_time": 0.332324743270874,
    "decoding_time": 0.5922811031341553
}