{
    "image_name": "RGB_OR_1200x1200_009.png",
    "mse": 5.033302659285255e-05,
    "psnr": 42.87987518310547,
    "ms-ssim": 0.9953148365020752,
    "bpp": 0.48746666666666666,
    "encoding_time": 0.3734114170074463,
    "decoding_time": 0.7854022979736328
}