{
    "image_name": "RGB_OR_1200x1200_005.png",
    "mse": 9.747745207278058e-05,
    "psnr": 40.055450439453125,
    "ms-ssim": 0.9918291568756104,
    "bpp": 0.9397111111111112,
    "encoding_time": 0.27874755859375,
    "decoding_time": 0.6211977005004883
}