{
    "image_name": "RGB_OR_1200x1200_081.png",
    "mse": 9.304404375143349e-05,
    "psnr": 40.25530242919922,
    "ms-ssim": 0.9953660368919373,
    "bpp": 0.9334444444444444,
    "encoding_time": 0.4262990951538086,
    "decoding_time": 0.46659040451049805
}