{
    "image_name": "RGB_OR_1200x1200_026.png",
    "mse": 0.00013690277410205454,
    "psnr": 38.596580505371094,
    "ms-ssim": 0.9954707026481628,
    "bpp": 1.7460222222222221,
    "encoding_time": 0.43134236335754395,
    "decoding_time": 0.4030289649963379
}