{
    "image_name": "RGB_OR_1200x1200_061.png",
    "mse": 0.00018383204587735236,
    "psnr": 37.326316833496094,
    "ms-ssim": 0.9953098297119141,
    "bpp": 1.6707555555555555,
    "encoding_time": 0.3952755928039551,
    "decoding_time": 0.4393761157989502
}