{
    "image_name": "RGB_OR_1200x1200_018.png",
    "mse": 0.000156247362610884,
    "psnr": 38.02702331542969,
    "ms-ssim": 0.994809627532959,
    "bpp": 1.7982444444444445,
    "encoding_time": 0.43880748748779297,
    "decoding_time": 0.4030170440673828
}