{
    "image_name": "RGB_OR_1200x1200_054.png",
    "mse": 8.971316128736362e-05,
    "psnr": 40.4188346862793,
    "ms-ssim": 0.995328426361084,
    "bpp": 0.9608444444444444,
    "encoding_time": 0.42142796516418457,
    "decoding_time": 0.6922886371612549
}