{
    "image_name": "RGB_OR_1200x1200_013.png",
    "mse": 8.201726450351998e-05,
    "psnr": 40.794742584228516,
    "ms-ssim": 0.9931542873382568,
    "bpp": 0.7804222222222222,
    "encoding_time": 0.3644278049468994,
    "decoding_time": 0.3706374168395996
}