{
    "image_name": "RGB_OR_1200x1200_021.png",
    "mse": 7.209316390799358e-05,
    "psnr": 41.34687805175781,
    "ms-ssim": 0.9953848719596863,
    "bpp": 0.7852666666666667,
    "encoding_time": 0.3122138977050781,
    "decoding_time": 0.46383166313171387
}