{
    "image_name": "RGB_OR_1200x1200_095.png",
    "mse": 0.00019767627236433327,
    "psnr": 37.01344680786133,
    "ms-ssim": 0.9942798614501953,
    "bpp": 2.248622222222222,
    "encoding_time": 0.41043901443481445,
    "decoding_time": 0.4991261959075928
}