{
    "image_name": "RGB_OR_1200x1200_048.png",
    "mse": 0.00015504522889386863,
    "psnr": 38.060394287109375,
    "ms-ssim": 0.9930245280265808,
    "bpp": 1.5608222222222223,
    "encoding_time": 0.4344918727874756,
    "decoding_time": 0.4193532466888428
}