{
    "image_name": "RGB_OR_1200x1200_019.png",
    "mse": 0.0001376076106680557,
    "psnr": 38.574562072753906,
    "ms-ssim": 0.9936453700065613,
    "bpp": 1.206711111111111,
    "encoding_time": 0.2947404384613037,
    "decoding_time": 0.43171095848083496
}