{
    "image_name": "RGB_OR_1200x1200_079.png",
    "mse": 6.401679274858907e-05,
    "psnr": 41.85364532470703,
    "ms-ssim": 0.9968149662017822,
    "bpp": 0.8550222222222222,
    "encoding_time": 0.3262178897857666,
    "decoding_time": 0.3230166435241699
}