{
    "image_name": "RGB_OR_1200x1200_033.png",
    "mse": 0.0001011060958262533,
    "psnr": 39.89847946166992,
    "ms-ssim": 0.9940130114555359,
    "bpp": 1.1217555555555556,
    "encoding_time": 0.27232813835144043,
    "decoding_time": 0.3474435806274414
}