{
    "image_name": "RGB_OR_1200x1200_016.png",
    "mse": 0.00014603586168959737,
    "psnr": 38.317848205566406,
    "ms-ssim": 0.9951483607292175,
    "bpp": 1.8977111111111111,
    "encoding_time": 0.3266115188598633,
    "decoding_time": 0.5169951915740967
}