{
    "image_name": "RGB_OR_1200x1200_098.png",
    "mse": 0.0001535932970000431,
    "psnr": 38.10205078125,
    "ms-ssim": 0.9972798228263855,
    "bpp": 2.0362,
    "encoding_time": 0.4383559226989746,
    "decoding_time": 0.4822216033935547
}