{
    "image_name": "RGB_OR_1200x1200_050.png",
    "mse": 0.0001283283345401287,
    "psnr": 38.87533187866211,
    "ms-ssim": 0.9881607890129089,
    "bpp": 0.875,
    "encoding_time": 0.5753662586212158,
    "decoding_time": 0.4455585479736328
}