{
    "image_name": "RGB_OR_1200x1200_055.png",
    "mse": 7.503279630327597e-05,
    "psnr": 41.174095153808594,
    "ms-ssim": 0.9963586330413818,
    "bpp": 0.9442666666666667,
    "encoding_time": 0.4241454601287842,
    "decoding_time": 0.6085314750671387
}