{
    "image_name": "RGB_OR_1200x1200_014.png",
    "mse": 6.343222048599273e-05,
    "psnr": 41.894596099853516,
    "ms-ssim": 0.9951465129852295,
    "bpp": 0.6607333333333333,
    "encoding_time": 0.4616053104400635,
    "decoding_time": 0.48348164558410645
}