{
    "image_name": "RGB_OR_1200x1200_083.png",
    "mse": 7.629500760231167e-05,
    "psnr": 41.103458404541016,
    "ms-ssim": 0.9947772026062012,
    "bpp": 0.6680666666666667,
    "encoding_time": 0.31909680366516113,
    "decoding_time": 0.6951005458831787
}