{
    "image_name": "RGB_OR_1200x1200_007.png",
    "mse": 8.485362195642665e-05,
    "psnr": 40.6489372253418,
    "ms-ssim": 0.9947094321250916,
    "bpp": 0.9865777777777778,
    "encoding_time": 0.49544739723205566,
    "decoding_time": 0.42014408111572266
}