{
    "image_name": "RGB_OR_1200x1200_024.png",
    "mse": 0.00013686636521015316,
    "psnr": 38.5971794128418,
    "ms-ssim": 0.9946165084838867,
    "bpp": 1.6875777777777778,
    "encoding_time": 0.28708410263061523,
    "decoding_time": 0.2438187599182129
}