{
    "image_name": "RGB_OR_1200x1200_006.png",
    "mse": 0.00012442712613847107,
    "psnr": 39.00857162475586,
    "ms-ssim": 0.9888333082199097,
    "bpp": 1.053688888888889,
    "encoding_time": 0.3768191337585449,
    "decoding_time": 0.6022238731384277
}