{
    "image_name": "RGB_OR_1200x1200_068.png",
    "mse": 6.235712498892099e-05,
    "psnr": 42.00364685058594,
    "ms-ssim": 0.9971367716789246,
    "bpp": 0.6275777777777778,
    "encoding_time": 0.30678319931030273,
    "decoding_time": 0.6003363132476807
}