{
    "image_name": "RGB_OR_1200x1200_089.png",
    "mse": 0.00013586750719696283,
    "psnr": 38.62965774536133,
    "ms-ssim": 0.9910163879394531,
    "bpp": 1.1916222222222221,
    "encoding_time": 0.3722970485687256,
    "decoding_time": 0.7928059101104736
}