{
    "image_name": "RGB_OR_1200x1200_092.png",
    "mse": 0.00011297733726678416,
    "psnr": 39.423641204833984,
    "ms-ssim": 0.9784212112426758,
    "bpp": 0.3346,
    "encoding_time": 0.2849080562591553,
    "decoding_time": 0.39797258377075195
}