{
    "image_name": "RGB_OR_1200x1200_037.png",
    "mse": 8.347512630280107e-05,
    "psnr": 40.720848083496094,
    "ms-ssim": 0.991428792476654,
    "bpp": 0.7971555555555555,
    "encoding_time": 0.46996593475341797,
    "decoding_time": 0.48242950439453125
}