{
    "image_name": "RGB_OR_1200x1200_044.png",
    "mse": 0.00011175046529388055,
    "psnr": 39.471553802490234,
    "ms-ssim": 0.9909704923629761,
    "bpp": 0.7985555555555556,
    "encoding_time": 0.45615482330322266,
    "decoding_time": 0.5023798942565918
}