{
    "image_name": "RGB_OR_1200x1200_096.png",
    "mse": 0.00015143405471462756,
    "psnr": 38.163597106933594,
    "ms-ssim": 0.9858416318893433,
    "bpp": 0.761,
    "encoding_time": 0.36472487449645996,
    "decoding_time": 0.475374698638916
}