{
    "image_name": "RGB_OR_1200x1200_078.png",
    "mse": 6.97526047588326e-05,
    "psnr": 41.48615646362305,
    "ms-ssim": 0.9927350282669067,
    "bpp": 0.5839111111111112,
    "encoding_time": 0.34292054176330566,
    "decoding_time": 0.3826925754547119
}