{
    "image_name": "RGB_OR_1200x1200_056.png",
    "mse": 6.359270628308877e-05,
    "psnr": 41.88252258300781,
    "ms-ssim": 0.9904632568359375,
    "bpp": 0.42702222222222225,
    "encoding_time": 0.5741033554077148,
    "decoding_time": 0.6153483390808105
}