{
    "image_name": "RGB_OR_1200x1200_035.png",
    "mse": 9.922741446644068e-05,
    "psnr": 39.978111267089844,
    "ms-ssim": 0.9931861162185669,
    "bpp": 1.1046888888888888,
    "encoding_time": 0.5952081680297852,
    "decoding_time": 0.5414032936096191
}