{
    "image_name": "RGB_OR_1200x1200_071.png",
    "mse": 0.0001078705390682444,
    "psnr": 39.620853424072266,
    "ms-ssim": 0.9872609376907349,
    "bpp": 0.5688888888888889,
    "encoding_time": 0.2919449806213379,
    "decoding_time": 0.3454313278198242
}