{
    "image_name": "RGB_OR_1200x1200_075.png",
    "mse": 0.00010218974784947932,
    "psnr": 39.856895446777344,
    "ms-ssim": 0.9869875907897949,
    "bpp": 0.6701111111111111,
    "encoding_time": 0.3886291980743408,
    "decoding_time": 0.3640410900115967
}