{
    "image_name": "RGB_OR_1200x1200_022.png",
    "mse": 0.00010441854101372883,
    "psnr": 39.760833740234375,
    "ms-ssim": 0.9918192625045776,
    "bpp": 0.8449555555555556,
    "encoding_time": 0.2985701560974121,
    "decoding_time": 0.3393254280090332
}