{
    "image_name": "RGB_OR_1200x1200_042.png",
    "mse": 9.358973329653963e-05,
    "psnr": 40.23246765136719,
    "ms-ssim": 0.9921402931213379,
    "bpp": 0.8535111111111111,
    "encoding_time": 0.33068084716796875,
    "decoding_time": 0.4304072856903076
}