{
    "image_name": "RGB_OR_1200x1200_012.png",
    "mse": 7.937553891679272e-05,
    "psnr": 40.93435287475586,
    "ms-ssim": 0.9921542406082153,
    "bpp": 0.7649777777777778,
    "encoding_time": 0.24008750915527344,
    "decoding_time": 0.32746362686157227
}