{
    "image_name": "RGB_OR_1200x1200_045.png",
    "mse": 9.70277251326479e-05,
    "psnr": 40.07903289794922,
    "ms-ssim": 0.9926552176475525,
    "bpp": 0.6934666666666667,
    "encoding_time": 0.2691161632537842,
    "decoding_time": 0.5557608604431152
}