{
    "image_name": "RGB_OR_1200x1200_034.png",
    "mse": 5.631067688227631e-05,
    "psnr": 42.39793014526367,
    "ms-ssim": 0.9952090978622437,
    "bpp": 0.6084222222222222,
    "encoding_time": 0.5177080631256104,
    "decoding_time": 0.5087308883666992
}