{
    "image_name": "RGB_OR_1200x1200_047.png",
    "mse": 0.00017625952023081481,
    "psnr": 37.5081787109375,
    "ms-ssim": 0.9935669898986816,
    "bpp": 1.1950666666666667,
    "encoding_time": 0.2720043659210205,
    "decoding_time": 0.2933802604675293
}