{
    "image_name": "RGB_OR_1200x1200_059.png",
    "mse": 0.00021791511971969157,
    "psnr": 36.5946159362793,
    "ms-ssim": 0.9937853217124939,
    "bpp": 2.1067555555555555,
    "encoding_time": 0.33195018768310547,
    "decoding_time": 0.4490790367126465
}