{
    "image_name": "RGB_OR_1200x1200_097.png",
    "mse": 8.048229938140139e-05,
    "psnr": 40.87545394897461,
    "ms-ssim": 0.9948879480361938,
    "bpp": 0.8362444444444445,
    "encoding_time": 0.2701869010925293,
    "decoding_time": 0.2948572635650635
}