{
    "image_name": "RGB_OR_1200x1200_073.png",
    "mse": 7.427506352541968e-05,
    "psnr": 41.22855758666992,
    "ms-ssim": 0.9890905618667603,
    "bpp": 0.39924444444444446,
    "encoding_time": 0.5186662673950195,
    "decoding_time": 0.6243555545806885
}