{
    "image_name": "RGB_OR_1200x1200_031.png",
    "mse": 0.00011045533028664067,
    "psnr": 39.5244026184082,
    "ms-ssim": 0.996354341506958,
    "bpp": 1.1965555555555556,
    "encoding_time": 0.38268375396728516,
    "decoding_time": 0.7063088417053223
}