{
    "image_name": "RGB_OR_1200x1200_060.png",
    "mse": 9.150750702247024e-05,
    "psnr": 40.33134078979492,
    "ms-ssim": 0.9939188957214355,
    "bpp": 0.7956444444444445,
    "encoding_time": 0.40829944610595703,
    "decoding_time": 0.365581750869751
}