{
    "image_name": "RGB_OR_1200x1200_004.png",
    "mse": 7.425065996358171e-05,
    "psnr": 41.2197265625,
    "ms-ssim": 0.9867222309112549,
    "bpp": 0.38666666666666666,
    "encoding_time": 0.3003664016723633,
    "decoding_time": 0.7675130367279053
}