{
    "image_name": "RGB_OR_1200x1200_025.png",
    "mse": 7.586639549117535e-05,
    "psnr": 41.126808166503906,
    "ms-ssim": 0.9925917387008667,
    "bpp": 0.5461777777777778,
    "encoding_time": 0.27106142044067383,
    "decoding_time": 0.3789079189300537
}