{
    "image_name": "RGB_OR_1200x1200_001.png",
    "mse": 6.193771696416661e-05,
    "psnr": 41.99336242675781,
    "ms-ssim": 0.9956809282302856,
    "bpp": 0.6605111111111112,
    "encoding_time": 0.3084075450897217,
    "decoding_time": 0.4648275375366211
}