{
    "image_name": "RGB_OR_1200x1200_030.png",
    "mse": 0.00015525755588896573,
    "psnr": 38.054073333740234,
    "ms-ssim": 0.994450569152832,
    "bpp": 1.5411777777777778,
    "encoding_time": 0.3672909736633301,
    "decoding_time": 0.5656492710113525
}