{
    "image_name": "RGB_OR_1200x1200_069.png",
    "mse": 9.086539648706093e-05,
    "psnr": 40.356197357177734,
    "ms-ssim": 0.9933885335922241,
    "bpp": 0.9922222222222222,
    "encoding_time": 0.2684342861175537,
    "decoding_time": 0.5030491352081299
}