{
    "image_name": "RGB_OR_1200x1200_087.png",
    "mse": 0.0001805075298761949,
    "psnr": 37.40488815307617,
    "ms-ssim": 0.9960159659385681,
    "bpp": 2.2139333333333333,
    "encoding_time": 0.3504204750061035,
    "decoding_time": 0.4453146457672119
}