{
    "image_name": "RGB_OR_1200x1200_003.png",
    "mse": 8.52153534651734e-05,
    "psnr": 40.63117599487305,
    "ms-ssim": 0.9937835931777954,
    "bpp": 0.8956,
    "encoding_time": 0.3625810146331787,
    "decoding_time": 0.5819334983825684
}