{
    "image_name": "RGB_OR_1200x1200_039.png",
    "mse": 9.897697600536048e-05,
    "psnr": 39.98993682861328,
    "ms-ssim": 0.9934097528457642,
    "bpp": 1.0768,
    "encoding_time": 0.4263298511505127,
    "decoding_time": 0.44438815116882324
}