{
    "image_name": "RGB_OR_1200x1200_070.png",
    "mse": 0.00010156728239962831,
    "psnr": 39.87965393066406,
    "ms-ssim": 0.990420937538147,
    "bpp": 0.8476888888888889,
    "encoding_time": 0.49959826469421387,
    "decoding_time": 0.5341527462005615
}