{
    "mean_loss": 0.19243033169437287,
    "mean_bpp": 0.1923149956597222,
    "mean_psnr": 29.79975501696269,
    "mean_msssim": 0.944856603940328,
    "mean_msssim_dB": 12.58506490958599,
    "mean_enc_time": 0.13446114460627237,
    "mean_dec_time": 0.12373360991477966
}