{
    "image_name": "13.png",
    "mse": 0.0026422475930303335,
    "psnr": 25.778141021728516,
    "ms-ssim": 0.9288915395736694,
    "bpp": 0.471923828125,
    "encoding_time": 0.06454825401306152,
    "decoding_time": 0.09699010848999023
}