{
    "image_name": "21.png",
    "mse": 0.0012301044771447778,
    "psnr": 29.095335006713867,
    "ms-ssim": 0.9590009450912476,
    "bpp": 0.21744791666666666,
    "encoding_time": 0.08408141136169434,
    "decoding_time": 0.10939526557922363
}