{
    "image_name": "1.png",
    "mse": 0.001980877248570323,
    "psnr": 27.0288143157959,
    "ms-ssim": 0.9450505971908569,
    "bpp": 0.2897135416666667,
    "encoding_time": 0.18764853477478027,
    "decoding_time": 0.11355137825012207
}