{
    "image_name": "10.png",
    "mse": 0.0006526022334583104,
    "psnr": 31.845155715942383,
    "ms-ssim": 0.9565759897232056,
    "bpp": 0.12312825520833333,
    "encoding_time": 0.18623971939086914,
    "decoding_time": 0.10650300979614258
}