{
    "image_name": "24.png",
    "mse": 0.0015197036555036902,
    "psnr": 28.17881202697754,
    "ms-ssim": 0.9456748962402344,
    "bpp": 0.282470703125,
    "encoding_time": 0.20293188095092773,
    "decoding_time": 0.12453460693359375
}