{
    "image_name": "15.png",
    "mse": 0.0008180858567357063,
    "psnr": 30.865459442138672,
    "ms-ssim": 0.9493699073791504,
    "bpp": 0.115234375,
    "encoding_time": 0.1670856475830078,
    "decoding_time": 0.10287332534790039
}