{
    "image_name": "6.png",
    "mse": 0.0013631621841341257,
    "psnr": 28.650619506835938,
    "ms-ssim": 0.9342548251152039,
    "bpp": 0.23038736979166666,
    "encoding_time": 0.08269166946411133,
    "decoding_time": 0.10821795463562012
}