{
    "image_name": "14.png",
    "mse": 0.0015406538732349873,
    "psnr": 28.119373321533203,
    "ms-ssim": 0.9347777366638184,
    "bpp": 0.24210611979166666,
    "encoding_time": 0.08400082588195801,
    "decoding_time": 0.1231844425201416
}