{
    "image_name": "19.png",
    "mse": 0.0010423003695905209,
    "psnr": 29.815248489379883,
    "ms-ssim": 0.935607373714447,
    "bpp": 0.14290364583333334,
    "encoding_time": 0.12180566787719727,
    "decoding_time": 0.11079645156860352
}