{
    "image_name": "5.png",
    "mse": 0.0017320580082014203,
    "psnr": 27.611194610595703,
    "ms-ssim": 0.9568624496459961,
    "bpp": 0.3634440104166667,
    "encoding_time": 0.13882231712341309,
    "decoding_time": 0.11254024505615234
}