{
    "image_name": "22.png",
    "mse": 0.0012472175294533372,
    "psnr": 29.036428451538086,
    "ms-ssim": 0.9165211915969849,
    "bpp": 0.159912109375,
    "encoding_time": 0.11508560180664062,
    "decoding_time": 0.11626029014587402
}