{
    "image_name": "18.png",
    "mse": 0.0015925216721370816,
    "psnr": 27.975536346435547,
    "ms-ssim": 0.9355763792991638,
    "bpp": 0.271484375,
    "encoding_time": 0.18036699295043945,
    "decoding_time": 0.1086280345916748
}