{
    "image_name": "12.png",
    "mse": 0.0006729048327542841,
    "psnr": 31.712203979492188,
    "ms-ssim": 0.9350942969322205,
    "bpp": 0.09977213541666667,
    "encoding_time": 0.09287166595458984,
    "decoding_time": 0.14358258247375488
}