{
    "image_name": "7.png",
    "mse": 0.0007146300049498677,
    "psnr": 31.451438903808594,
    "ms-ssim": 0.9726778268814087,
    "bpp": 0.15266927083333334,
    "encoding_time": 0.0842292308807373,
    "decoding_time": 0.10832428932189941
}