{
    "image_name": "23.png",
    "mse": 0.0005071662017144263,
    "psnr": 32.93742752075195,
    "ms-ssim": 0.9606485366821289,
    "bpp": 0.09586588541666667,
    "encoding_time": 0.26294422149658203,
    "decoding_time": 0.0735931396484375
}