{
    "image_name": "11.png",
    "mse": 0.0012216313043609262,
    "psnr": 29.125934600830078,
    "ms-ssim": 0.9299418330192566,
    "bpp": 0.17936197916666666,
    "encoding_time": 0.10739493370056152,
    "decoding_time": 0.1480717658996582
}