{
    "image_name": "16.png",
    "mse": 0.0009052427485585213,
    "psnr": 30.42601203918457,
    "ms-ssim": 0.9331833720207214,
    "bpp": 0.12150065104166667,
    "encoding_time": 0.1409015655517578,
    "decoding_time": 0.10209369659423828
}