{
    "image_name": "2.png",
    "mse": 0.0008753538131713867,
    "psnr": 30.571517944335938,
    "ms-ssim": 0.9106429815292358,
    "bpp": 0.10001627604166667,
    "encoding_time": 0.12248015403747559,
    "decoding_time": 0.2260761260986328
}