{
    "image_name": "4.png",
    "mse": 0.0008612510864622891,
    "psnr": 30.642940521240234,
    "ms-ssim": 0.9297680854797363,
    "bpp": 0.11555989583333333,
    "encoding_time": 0.13657522201538086,
    "decoding_time": 0.13465666770935059
}