{
    "image_name": "3.png",
    "mse": 0.0005762100918218493,
    "psnr": 32.38431167602539,
    "ms-ssim": 0.9597591161727905,
    "bpp": 0.09676106770833333,
    "encoding_time": 0.2322826385498047,
    "decoding_time": 0.19614934921264648
}