{
    "mean_loss": 0.6155940857893978,
    "mean_bpp": 0.6149270092133511,
    "mean_psnr": 34.83867612699183,
    "mean_msssim": 0.9933292342395317,
    "mean_msssim_dB": 21.7582430904343,
    "mean_enc_time": 0.3686756215444425,
    "mean_dec_time": 0.434002416889842
}