{
    "image_name": "jared-erondu-21325.png",
    "mse": 0.00016086187679320574,
    "psnr": 37.901763916015625,
    "ms-ssim": 0.9934472441673279,
    "bpp": 0.544551282051282,
    "encoding_time": 0.4912726879119873,
    "decoding_time": 0.5388062000274658
}