{
    "image_name": "zugr-108.png",
    "mse": 0.00012253326713107526,
    "psnr": 39.073856353759766,
    "ms-ssim": 0.9956212043762207,
    "bpp": 0.334878663003663,
    "encoding_time": 0.44124674797058105,
    "decoding_time": 0.48010802268981934
}