{
    "image_name": "juskteez-vu-1041.png",
    "mse": 0.0008085123845376074,
    "psnr": 30.91629409790039,
    "ms-ssim": 0.9903920888900757,
    "bpp": 1.0307722296057211,
    "encoding_time": 0.2953972816467285,
    "decoding_time": 0.29590654373168945
}