{
    "image_name": "alejandro-escamilla-6.png",
    "mse": 0.0004270023200660944,
    "psnr": 33.684383392333984,
    "ms-ssim": 0.9946872591972351,
    "bpp": 0.4844333457804332,
    "encoding_time": 0.37641167640686035,
    "decoding_time": 0.4221668243408203
}