{
    "image_name": "alberto-montalesi-176097.png",
    "mse": 0.00015992742555681616,
    "psnr": 37.92737579345703,
    "ms-ssim": 0.9876508116722107,
    "bpp": 0.6579122340425532,
    "encoding_time": 0.36502790451049805,
    "decoding_time": 0.4725379943847656
}