{
    "image_name": "sergey-zolkin-1045.png",
    "mse": 0.00027556662098504603,
    "psnr": 35.57789993286133,
    "ms-ssim": 0.9946974515914917,
    "bpp": 0.4804143772893773,
    "encoding_time": 0.41944003105163574,
    "decoding_time": 0.4276845455169678
}