{
    "image_name": "alexander-shustov-73.png",
    "mse": 0.0012127941008657217,
    "psnr": 29.157670974731445,
    "ms-ssim": 0.9923116564750671,
    "bpp": 0.975041329904482,
    "encoding_time": 0.5258746147155762,
    "decoding_time": 0.5681178569793701
}