{
    "image_name": "vita-vilcina-3055.png",
    "mse": 0.000935156480409205,
    "psnr": 30.285625457763672,
    "ms-ssim": 0.9964672327041626,
    "bpp": 0.5123503947033359,
    "encoding_time": 0.38652753829956055,
    "decoding_time": 0.5023596286773682
}