{
    "image_name": "martin-wessely-211.png",
    "mse": 0.001285405713133514,
    "psnr": 28.90546989440918,
    "ms-ssim": 0.9894992113113403,
    "bpp": 1.0717708333333333,
    "encoding_time": 0.1373891830444336,
    "decoding_time": 0.13267207145690918
}