{
    "image_name": "wojciech-szaturski-3611.png",
    "mse": 0.0005912317428737879,
    "psnr": 32.27323913574219,
    "ms-ssim": 0.9934840202331543,
    "bpp": 0.6438388823507081,
    "encoding_time": 0.3767106533050537,
    "decoding_time": 0.5862317085266113
}