{
    "image_name": "benjamin-sloth-lindgreen-705.png",
    "mse": 0.0004784483171533793,
    "psnr": 33.19032287597656,
    "ms-ssim": 0.9924627542495728,
    "bpp": 0.7046130952380952,
    "encoding_time": 0.41024255752563477,
    "decoding_time": 0.5782904624938965
}