{
    "image_name": "stefan-kunze-26931.png",
    "mse": 0.0004280351859051734,
    "psnr": 33.672637939453125,
    "ms-ssim": 0.994147002696991,
    "bpp": 0.6185191111923921,
    "encoding_time": 0.38613438606262207,
    "decoding_time": 0.5042142868041992
}