{
    "image_name": "michael-durana-82941.png",
    "mse": 0.00047888426342979074,
    "psnr": 33.18609619140625,
    "ms-ssim": 0.9939140677452087,
    "bpp": 0.5253891941391942,
    "encoding_time": 0.4595005512237549,
    "decoding_time": 0.4612553119659424
}