{
    "image_name": "nomao-saeki-33553.png",
    "mse": 0.00011925179569516331,
    "psnr": 39.19024658203125,
    "ms-ssim": 0.9928704500198364,
    "bpp": 0.5163799414348462,
    "encoding_time": 0.36402297019958496,
    "decoding_time": 0.557910680770874
}