{
    "image_name": "kazuend-28556.png",
    "mse": 7.488577102776617e-05,
    "psnr": 41.18472671508789,
    "ms-ssim": 0.9952297210693359,
    "bpp": 0.32308836996337,
    "encoding_time": 0.4286966323852539,
    "decoding_time": 0.464461088180542
}