{
    "image_name": "veeterzy-82537.png",
    "mse": 0.00044978901860304177,
    "psnr": 33.45786666870117,
    "ms-ssim": 0.993172824382782,
    "bpp": 0.6816892386530015,
    "encoding_time": 0.47020721435546875,
    "decoding_time": 0.5717151165008545
}