{
    "image_name": "philipp-reiner-207.png",
    "mse": 0.0010831636609509587,
    "psnr": 29.648319244384766,
    "ms-ssim": 0.9901862144470215,
    "bpp": 0.8573827160493828,
    "encoding_time": 0.26757144927978516,
    "decoding_time": 0.3383007049560547
}