{
    "image_name": "todd-quackenbush-222.png",
    "mse": 0.0008265781798399985,
    "psnr": 30.82040023803711,
    "ms-ssim": 0.9900612235069275,
    "bpp": 0.9408251075677044,
    "encoding_time": 0.06453156471252441,
    "decoding_time": 0.08150577545166016
}