{
    "image_name": "jeremy-cai-1174.png",
    "mse": 0.0002180311130359769,
    "psnr": 36.590763092041016,
    "ms-ssim": 0.9965035319328308,
    "bpp": 0.3848936458474461,
    "encoding_time": 0.3719310760498047,
    "decoding_time": 0.6291611194610596
}