{
    "image_name": "casey-fyfe-999.png",
    "mse": 0.0002394985785940662,
    "psnr": 36.18449783325195,
    "ms-ssim": 0.9890826940536499,
    "bpp": 0.7721966911764706,
    "encoding_time": 0.45375728607177734,
    "decoding_time": 0.4765281677246094
}