{
    "image_name": "felix-russell-saw-140699.png",
    "mse": 0.00018385883595328778,
    "psnr": 37.32455062866211,
    "ms-ssim": 0.9928997755050659,
    "bpp": 0.593485910316099,
    "encoding_time": 0.45793628692626953,
    "decoding_time": 0.5509829521179199
}