{
    "image_name": "amy-zhang-15940.png",
    "mse": 0.0004953948664478958,
    "psnr": 33.040008544921875,
    "ms-ssim": 0.9929457902908325,
    "bpp": 0.7033108325297333,
    "encoding_time": 0.3032667636871338,
    "decoding_time": 0.30748820304870605
}