{
    "image_name": "ales-krivec-15949.png",
    "mse": 9.469901851844043e-05,
    "psnr": 40.17965316772461,
    "ms-ssim": 0.9956790208816528,
    "bpp": 0.3747501052188552,
    "encoding_time": 0.3602414131164551,
    "decoding_time": 0.5252270698547363
}