{
    "image_name": "schicka-307.png",
    "mse": 0.00015219544002320617,
    "psnr": 38.13629913330078,
    "ms-ssim": 0.9941242933273315,
    "bpp": 0.4716796875,
    "encoding_time": 0.0752866268157959,
    "decoding_time": 0.06682419776916504
}