{
    "image_name": "jason-briscoe-149782.png",
    "mse": 0.00015362928388640285,
    "psnr": 38.10110092163086,
    "ms-ssim": 0.9966940879821777,
    "bpp": 0.24981684981684982,
    "encoding_time": 0.37399935722351074,
    "decoding_time": 0.6424124240875244
}