{
    "image_name": "davide-ragusa-716.png",
    "mse": 0.00018981957691721618,
    "psnr": 37.188865661621094,
    "ms-ssim": 0.9945657253265381,
    "bpp": 0.4996601590169284,
    "encoding_time": 0.35965776443481445,
    "decoding_time": 0.4189610481262207
}