{
    "image_name": "martyn-seddon-220.png",
    "mse": 0.00026504756533540785,
    "psnr": 35.74615478515625,
    "ms-ssim": 0.992214560508728,
    "bpp": 0.6992445054945055,
    "encoding_time": 0.3662576675415039,
    "decoding_time": 0.43033576011657715
}