{
    "image_name": "allef-vinicius-109434.png",
    "mse": 0.00020601649885065854,
    "psnr": 36.83470153808594,
    "ms-ssim": 0.9906379580497742,
    "bpp": 0.6756524725274725,
    "encoding_time": 0.4315207004547119,
    "decoding_time": 0.4247417449951172
}