{
    "image_name": "dogancan-ozturan-395.png",
    "mse": 0.0002980876888614148,
    "psnr": 35.23912048339844,
    "ms-ssim": 0.9955707788467407,
    "bpp": 0.458719723183391,
    "encoding_time": 0.529503583908081,
    "decoding_time": 0.6322953701019287
}