{
    "image_name": "lobostudio-hamburg-75377.png",
    "mse": 0.00031373996171168983,
    "psnr": 35.019012451171875,
    "ms-ssim": 0.9916168451309204,
    "bpp": 0.5748054029304029,
    "encoding_time": 0.40534281730651855,
    "decoding_time": 0.4417145252227783
}