{
    "image_name": "sergey-zolkin-21232.png",
    "mse": 8.631889068055898e-05,
    "psnr": 40.5808219909668,
    "ms-ssim": 0.9950202703475952,
    "bpp": 0.38858019551141326,
    "encoding_time": 0.5210278034210205,
    "decoding_time": 0.32744908332824707
}