{
    "image_name": "todd-quackenbush-27493.png",
    "mse": 0.00015276185877155513,
    "psnr": 38.12586975097656,
    "ms-ssim": 0.99590003490448,
    "bpp": 0.3139369554695063,
    "encoding_time": 0.3894176483154297,
    "decoding_time": 0.46402430534362793
}