{
    "image_name": "thong-vo-428.png",
    "mse": 0.000774249667301774,
    "psnr": 31.10426139831543,
    "ms-ssim": 0.9927999377250671,
    "bpp": 0.8217913795866048,
    "encoding_time": 0.22758173942565918,
    "decoding_time": 0.21662545204162598
}