{
    "image_name": "gian-reto-tarnutzer-45212.png",
    "mse": 0.000436447182437405,
    "psnr": 33.588172912597656,
    "ms-ssim": 0.9932133555412292,
    "bpp": 0.7850136861313869,
    "encoding_time": 0.4720418453216553,
    "decoding_time": 0.5063471794128418
}