{
    "image_name": "philippe-wuyts-45997.png",
    "mse": 0.00046364395529963076,
    "psnr": 33.326839447021484,
    "ms-ssim": 0.9922245740890503,
    "bpp": 0.8365992684240411,
    "encoding_time": 0.3619062900543213,
    "decoding_time": 0.41831254959106445
}