{
    "mean_loss": 0.31714622354013555,
    "mean_bpp": 0.3170787741292094,
    "mean_psnr": 32.12498199939728,
    "mean_msssim": 0.9708930402994156,
    "mean_msssim_dB": 15.360031554068092,
    "mean_enc_time": 1.1636130064725876,
    "mean_dec_time": 1.3386399298906326
}