{
    "image_name": "00013_TE_1920x1280.png",
    "mse": 0.0005633212858811021,
    "psnr": 32.48265838623047,
    "ms-ssim": 0.972100019454956,
    "bpp": 0.3084765625,
    "encoding_time": 0.8568859100341797,
    "decoding_time": 1.1282672882080078
}