{
    "image_name": "00006_TE_1544x1120.png",
    "mse": 0.0006044275360181928,
    "psnr": 32.177894592285156,
    "ms-ssim": 0.9879614114761353,
    "bpp": 0.38971132494448557,
    "encoding_time": 1.2965710163116455,
    "decoding_time": 0.900399923324585
}