{
    "image_name": "00002_TE_2144x1424.png",
    "mse": 0.0006435630493797362,
    "psnr": 31.905969619750977,
    "ms-ssim": 0.9518172740936279,
    "bpp": 0.29035301022975013,
    "encoding_time": 0.9624214172363281,
    "decoding_time": 1.2286758422851562
}