{
    "image_name": "00012_TE_1512x2016.png",
    "mse": 0.0008643011678941548,
    "psnr": 30.62708282470703,
    "ms-ssim": 0.9380464553833008,
    "bpp": 0.2635844461241287,
    "encoding_time": 1.1701762676239014,
    "decoding_time": 1.5484600067138672
}