{
    "image_name": "00015_TE_3680x2456.png",
    "mse": 0.0003785706649068743,
    "psnr": 34.20397186279297,
    "ms-ssim": 0.9832947254180908,
    "bpp": 0.21032785724401643,
    "encoding_time": 2.0846738815307617,
    "decoding_time": 3.187507390975952
}