{
    "image_name": "00014_TE_3680x2456.png",
    "mse": 0.00041750387754291296,
    "psnr": 33.78025436401367,
    "ms-ssim": 0.9736844897270203,
    "bpp": 0.20467001841098995,
    "encoding_time": 2.2228851318359375,
    "decoding_time": 2.3471004962921143
}