{
    "image_name": "00003_TE_1944x1296.png",
    "mse": 0.0004439881886355579,
    "psnr": 33.514976501464844,
    "ms-ssim": 0.9799730181694031,
    "bpp": 0.2227683788040441,
    "encoding_time": 1.0739643573760986,
    "decoding_time": 0.8142561912536621
}