{
    "image_name": "00008_TE_1912x1272.png",
    "mse": 0.0006845929892733693,
    "psnr": 31.63751792907715,
    "ms-ssim": 0.9653412699699402,
    "bpp": 0.2883871477066393,
    "encoding_time": 1.0182933807373047,
    "decoding_time": 1.0620026588439941
}