{
    "image_name": "00011_TE_1744x1160.png",
    "mse": 0.0008613502141088247,
    "psnr": 30.642181396484375,
    "ms-ssim": 0.9785674810409546,
    "bpp": 0.4627016766845935,
    "encoding_time": 1.2103781700134277,
    "decoding_time": 0.9260084629058838
}