{
    "image_name": "00005_TE_1336x872.png",
    "mse": 0.0003405955503694713,
    "psnr": 34.66213607788086,
    "ms-ssim": 0.9914662837982178,
    "bpp": 0.17631709058946327,
    "encoding_time": 0.531325101852417,
    "decoding_time": 0.4507615566253662
}