{
    "image_name": "00009_TE_1976x1312.png",
    "mse": 0.0018271446460857987,
    "psnr": 27.379329681396484,
    "ms-ssim": 0.976905345916748,
    "bpp": 0.8407968796287153,
    "encoding_time": 1.012624740600586,
    "decoding_time": 1.5616843700408936
}