{
    "image_name": "00016_TE_1744x2000.png",
    "mse": 0.0007165966089814901,
    "psnr": 31.439693450927734,
    "ms-ssim": 0.9195232391357422,
    "bpp": 0.09992660550458715,
    "encoding_time": 1.2845466136932373,
    "decoding_time": 2.085197925567627
}