{
    "image_name": "00004_TE_1808x1352.png",
    "mse": 0.0008258807356469333,
    "psnr": 30.82435417175293,
    "ms-ssim": 0.9785653948783875,
    "bpp": 0.459548620202126,
    "encoding_time": 1.4971492290496826,
    "decoding_time": 1.161534070968628
}