{
    "image_name": "00007_TE_1472x976.png",
    "mse": 0.00042373634641990066,
    "psnr": 33.7164306640625,
    "ms-ssim": 0.982819676399231,
    "bpp": 0.2059871703492516,
    "encoding_time": 0.531470775604248,
    "decoding_time": 0.6184802055358887
}