{
    "mean_loss": 1.3185364376502446,
    "mean_bpp": 1.3185255262586806,
    "mean_psnr": 39.67366981506348,
    "mean_msssim": 0.9937701846162478,
    "mean_msssim_dB": 22.05524823165176,
    "mean_enc_time": 0.15207773447036743,
    "mean_dec_time": 0.13756204644838968
}