{
    "image_name": "14.png",
    "mse": 0.0001336613786406815,
    "psnr": 38.69786834716797,
    "ms-ssim": 0.9953759908676147,
    "bpp": 1.74755859375,
    "encoding_time": 0.13639402389526367,
    "decoding_time": 0.1186826229095459
}