{
    "image_name": "24.png",
    "mse": 0.00013018267054576427,
    "psnr": 38.813072204589844,
    "ms-ssim": 0.9957625865936279,
    "bpp": 1.6829427083333333,
    "encoding_time": 0.09474062919616699,
    "decoding_time": 0.21925663948059082
}