{
    "image_name": "18.png",
    "mse": 0.00014830444706603885,
    "psnr": 38.250431060791016,
    "ms-ssim": 0.9933812022209167,
    "bpp": 1.7635904947916667,
    "encoding_time": 0.1603391170501709,
    "decoding_time": 0.18839550018310547
}