{
    "image_name": "4.png",
    "mse": 0.00010398051381343976,
    "psnr": 39.77831268310547,
    "ms-ssim": 0.9921929836273193,
    "bpp": 1.0528971354166667,
    "encoding_time": 0.10754013061523438,
    "decoding_time": 0.11425256729125977
}