{
    "image_name": "13.png",
    "mse": 0.00015547517978120595,
    "psnr": 38.04792022705078,
    "ms-ssim": 0.9964529275894165,
    "bpp": 2.7301432291666665,
    "encoding_time": 0.16030502319335938,
    "decoding_time": 0.12884998321533203
}