{
    "image_name": "7.png",
    "mse": 7.516197365475819e-05,
    "psnr": 41.165733337402344,
    "ms-ssim": 0.9959113001823425,
    "bpp": 0.8485514322916666,
    "encoding_time": 0.23570919036865234,
    "decoding_time": 0.07425427436828613
}