{
    "image_name": "16.png",
    "mse": 8.852707833284512e-05,
    "psnr": 40.467506408691406,
    "ms-ssim": 0.9937629699707031,
    "bpp": 1.0501302083333333,
    "encoding_time": 0.14934849739074707,
    "decoding_time": 0.1124258041381836
}