{
    "image_name": "6.png",
    "mse": 0.0001087097407435067,
    "psnr": 39.58906555175781,
    "ms-ssim": 0.9943446516990662,
    "bpp": 1.5244954427083333,
    "encoding_time": 0.09033918380737305,
    "decoding_time": 0.08775591850280762
}