{
    "image_name": "1.png",
    "mse": 0.000127758554299362,
    "psnr": 38.892547607421875,
    "ms-ssim": 0.9965140223503113,
    "bpp": 2.0960286458333335,
    "encoding_time": 0.140031099319458,
    "decoding_time": 0.2243356704711914
}