{
    "image_name": "22.png",
    "mse": 0.0001258201227756217,
    "psnr": 38.959808349609375,
    "ms-ssim": 0.9920449256896973,
    "bpp": 1.4337565104166667,
    "encoding_time": 0.1792464256286621,
    "decoding_time": 0.11525654792785645
}