{
    "image_name": "5.png",
    "mse": 0.00012910747318528593,
    "psnr": 38.84788513183594,
    "ms-ssim": 0.9971458315849304,
    "bpp": 1.9793294270833333,
    "encoding_time": 0.21139788627624512,
    "decoding_time": 0.1340036392211914
}