{
    "image_name": "12.png",
    "mse": 8.684554632054642e-05,
    "psnr": 40.55006790161133,
    "ms-ssim": 0.9916226863861084,
    "bpp": 0.847412109375,
    "encoding_time": 0.15680360794067383,
    "decoding_time": 0.1961665153503418
}