{
    "image_name": "10.png",
    "mse": 9.491047967458144e-05,
    "psnr": 40.16731262207031,
    "ms-ssim": 0.9925360679626465,
    "bpp": 0.8009440104166666,
    "encoding_time": 0.09638237953186035,
    "decoding_time": 0.11722660064697266
}