{
    "image_name": "19.png",
    "mse": 0.00011153201194247231,
    "psnr": 39.47687911987305,
    "ms-ssim": 0.9925703406333923,
    "bpp": 1.2494303385416667,
    "encoding_time": 0.22123169898986816,
    "decoding_time": 0.08963537216186523
}