{
    "image_name": "11.png",
    "mse": 0.00010950590512948111,
    "psnr": 39.55491638183594,
    "ms-ssim": 0.9940480589866638,
    "bpp": 1.41357421875,
    "encoding_time": 0.10400533676147461,
    "decoding_time": 0.19258594512939453
}