{
    "image_name": "8.png",
    "mse": 0.00014673243276774883,
    "psnr": 38.297401428222656,
    "ms-ssim": 0.9967953562736511,
    "bpp": 2.2286783854166665,
    "encoding_time": 0.19861125946044922,
    "decoding_time": 0.09420418739318848
}