{
    "image_name": "15.png",
    "mse": 9.682014206191525e-05,
    "psnr": 40.087318420410156,
    "ms-ssim": 0.9926273822784424,
    "bpp": 0.982666015625,
    "encoding_time": 0.16029667854309082,
    "decoding_time": 0.12233996391296387
}