{
    "image_name": "21.png",
    "mse": 0.00011204204929526895,
    "psnr": 39.456363677978516,
    "ms-ssim": 0.9923259019851685,
    "bpp": 1.326416015625,
    "encoding_time": 0.09974980354309082,
    "decoding_time": 0.17882966995239258
}