{
    "image_name": "2.png",
    "mse": 0.00011343695223331451,
    "psnr": 39.405426025390625,
    "ms-ssim": 0.9894492030143738,
    "bpp": 1.101806640625,
    "encoding_time": 0.08704686164855957,
    "decoding_time": 0.24594712257385254
}