{
    "image_name": "20.png",
    "mse": 8.675896242493764e-05,
    "psnr": 40.57390213012695,
    "ms-ssim": 0.9929370284080505,
    "bpp": 0.8661295572916666,
    "encoding_time": 0.09525799751281738,
    "decoding_time": 0.11699295043945312
}