{
    "image_name": "23.png",
    "mse": 7.749118231004104e-05,
    "psnr": 41.03782272338867,
    "ms-ssim": 0.9931818246841431,
    "bpp": 0.575927734375,
    "encoding_time": 0.2796456813812256,
    "decoding_time": 0.11481237411499023
}