{
    "mean_loss": 0.27605504012770127,
    "mean_bpp": 0.2737392849392361,
    "mean_psnr": 27.551740328470867,
    "mean_msssim": 0.9768424481153488,
    "mean_msssim_dB": 16.353073542357784,
    "mean_enc_time": 0.13638683160146078,
    "mean_dec_time": 0.1288847029209137
}