{
    "image_name": "5.png",
    "mse": 0.0028888836968690157,
    "psnr": 25.39055061340332,
    "ms-ssim": 0.9745548963546753,
    "bpp": 0.385009765625,
    "encoding_time": 0.08499026298522949,
    "decoding_time": 0.10015296936035156
}