{
    "image_name": "3.png",
    "mse": 0.0009124539792537689,
    "psnr": 30.391998291015625,
    "ms-ssim": 0.9837081432342529,
    "bpp": 0.18033854166666666,
    "encoding_time": 0.08640074729919434,
    "decoding_time": 0.13550591468811035
}