{
    "image_name": "6.png",
    "mse": 0.0020908929873257875,
    "psnr": 26.7938175201416,
    "ms-ssim": 0.9751391410827637,
    "bpp": 0.3211263020833333,
    "encoding_time": 0.08652639389038086,
    "decoding_time": 0.1114039421081543
}