{
    "image_name": "17.png",
    "mse": 0.0012476701522246003,
    "psnr": 29.03421401977539,
    "ms-ssim": 0.9806809425354004,
    "bpp": 0.22493489583333334,
    "encoding_time": 0.13527703285217285,
    "decoding_time": 0.12074089050292969
}