{
    "image_name": "2.png",
    "mse": 0.001416953862644732,
    "psnr": 28.48263931274414,
    "ms-ssim": 0.9707493185997009,
    "bpp": 0.283935546875,
    "encoding_time": 0.21077466011047363,
    "decoding_time": 0.10692811012268066
}