{
    "image_name": "1.png",
    "mse": 0.00299083162099123,
    "psnr": 25.24030303955078,
    "ms-ssim": 0.9727723002433777,
    "bpp": 0.3712565104166667,
    "encoding_time": 0.21304798126220703,
    "decoding_time": 0.1571028232574463
}