{
    "image_name": "9.png",
    "mse": 0.0013715819222852588,
    "psnr": 28.623924255371094,
    "ms-ssim": 0.9817807078361511,
    "bpp": 0.15633138020833334,
    "encoding_time": 0.21499133110046387,
    "decoding_time": 0.07644271850585938
}