{
    "image_name": "14.png",
    "mse": 0.001912279287353158,
    "psnr": 27.181669235229492,
    "ms-ssim": 0.9725624918937683,
    "bpp": 0.3662923177083333,
    "encoding_time": 0.14354848861694336,
    "decoding_time": 0.08850598335266113
}