{
    "image_name": "8.png",
    "mse": 0.0045848144218325615,
    "psnr": 23.3856258392334,
    "ms-ssim": 0.9756464958190918,
    "bpp": 0.326904296875,
    "encoding_time": 0.2198326587677002,
    "decoding_time": 0.08768486976623535
}