{
    "image_name": "10.png",
    "mse": 0.0015112104592844844,
    "psnr": 28.20287322998047,
    "ms-ssim": 0.9814836382865906,
    "bpp": 0.19384765625,
    "encoding_time": 0.14856815338134766,
    "decoding_time": 0.13627314567565918
}