{
    "image_name": "19.png",
    "mse": 0.0013759357389062643,
    "psnr": 28.60975456237793,
    "ms-ssim": 0.9767720699310303,
    "bpp": 0.2526041666666667,
    "encoding_time": 0.18549752235412598,
    "decoding_time": 0.15142059326171875
}