{
    "image_name": "18.png",
    "mse": 0.0022025981452316046,
    "psnr": 26.56844711303711,
    "ms-ssim": 0.9713548421859741,
    "bpp": 0.3614095052083333,
    "encoding_time": 0.11806726455688477,
    "decoding_time": 0.10966968536376953
}