{
    "image_name": "4.png",
    "mse": 0.0014022380346432328,
    "psnr": 28.528276443481445,
    "ms-ssim": 0.9764217734336853,
    "bpp": 0.268798828125,
    "encoding_time": 0.11740803718566895,
    "decoding_time": 0.0967416763305664
}