{
    "image_name": "12.png",
    "mse": 0.0015532281249761581,
    "psnr": 28.08426284790039,
    "ms-ssim": 0.97821044921875,
    "bpp": 0.220458984375,
    "encoding_time": 0.21492886543273926,
    "decoding_time": 0.06947803497314453
}