{
    "image_name": "21.png",
    "mse": 0.0019664333667606115,
    "psnr": 27.060388565063477,
    "ms-ssim": 0.9772626757621765,
    "bpp": 0.24267578125,
    "encoding_time": 0.08410263061523438,
    "decoding_time": 0.11074519157409668
}