{
    "image_name": "24.png",
    "mse": 0.0027265797834843397,
    "psnr": 25.641624450683594,
    "ms-ssim": 0.9757491946220398,
    "bpp": 0.3256022135416667,
    "encoding_time": 0.08199596405029297,
    "decoding_time": 0.24896454811096191
}