{
    "image_name": "22.png",
    "mse": 0.0013131563318893313,
    "psnr": 28.812580108642578,
    "ms-ssim": 0.9711172580718994,
    "bpp": 0.33935546875,
    "encoding_time": 0.08079028129577637,
    "decoding_time": 0.10964775085449219
}