{
    "image_name": "13.png",
    "mse": 0.005408186931163073,
    "psnr": 22.66852569580078,
    "ms-ssim": 0.9658591151237488,
    "bpp": 0.4529622395833333,
    "encoding_time": 0.06781625747680664,
    "decoding_time": 0.10605812072753906
}