{
    "image_name": "16.png",
    "mse": 0.001083954586647451,
    "psnr": 29.64447021484375,
    "ms-ssim": 0.9781057834625244,
    "bpp": 0.2503255208333333,
    "encoding_time": 0.13800382614135742,
    "decoding_time": 0.2034618854522705
}