{
    "image_name": "11.png",
    "mse": 0.001851402223110199,
    "psnr": 27.322288513183594,
    "ms-ssim": 0.9751352071762085,
    "bpp": 0.2979329427083333,
    "encoding_time": 0.08916449546813965,
    "decoding_time": 0.25917649269104004
}