{
    "image_name": "15.png",
    "mse": 0.001616911729797721,
    "psnr": 27.909645080566406,
    "ms-ssim": 0.9781498312950134,
    "bpp": 0.214111328125,
    "encoding_time": 0.08544278144836426,
    "decoding_time": 0.10086870193481445
}