{
    "image_name": "7.png",
    "mse": 0.0012975709978491068,
    "psnr": 28.864418029785156,
    "ms-ssim": 0.9845551252365112,
    "bpp": 0.196533203125,
    "encoding_time": 0.12328338623046875,
    "decoding_time": 0.07505679130554199
}