{
    "image_name": "20.png",
    "mse": 0.0016167006688192487,
    "psnr": 27.91057014465332,
    "ms-ssim": 0.9828314781188965,
    "bpp": 0.17203776041666666,
    "encoding_time": 0.1030585765838623,
    "decoding_time": 0.2570226192474365
}