{
    "image_name": "23.png",
    "mse": 0.0008135908283293247,
    "psnr": 30.888900756835938,
    "ms-ssim": 0.9836158752441406,
    "bpp": 0.16495768229166666,
    "encoding_time": 0.23976635932922363,
    "decoding_time": 0.07417941093444824
}