{
    "mean_loss": 0.15842424457271895,
    "mean_bpp": 0.15424601236979166,
    "mean_psnr": 25.90849820772807,
    "mean_msssim": 0.9582176779707273,
    "mean_msssim_dB": 13.790074280111062,
    "mean_enc_time": 0.1526107887427012,
    "mean_dec_time": 0.12400519847869873
}