{
    "image_name": "10.png",
    "mse": 0.0021381345577538013,
    "psnr": 26.697275161743164,
    "ms-ssim": 0.9687008857727051,
    "bpp": 0.111328125,
    "encoding_time": 0.1795029640197754,
    "decoding_time": 0.10602045059204102
}