{
    "image_name": "5.png",
    "mse": 0.004362127278000116,
    "psnr": 23.60176658630371,
    "ms-ssim": 0.9503928422927856,
    "bpp": 0.22501627604166666,
    "encoding_time": 0.15114378929138184,
    "decoding_time": 0.08144092559814453
}