{
    "image_name": "7.png",
    "mse": 0.0019063858781009912,
    "psnr": 27.19498062133789,
    "ms-ssim": 0.972325325012207,
    "bpp": 0.11783854166666667,
    "encoding_time": 0.13693022727966309,
    "decoding_time": 0.08855009078979492
}