{
    "image_name": "22.png",
    "mse": 0.0018330427119508386,
    "psnr": 27.365066528320312,
    "ms-ssim": 0.9470314979553223,
    "bpp": 0.18904622395833334,
    "encoding_time": 0.1601862907409668,
    "decoding_time": 0.13735485076904297
}