{
    "image_name": "14.png",
    "mse": 0.0029015850741416216,
    "psnr": 25.371707916259766,
    "ms-ssim": 0.9465875029563904,
    "bpp": 0.205322265625,
    "encoding_time": 0.0854792594909668,
    "decoding_time": 0.2626686096191406
}