{
    "image_name": "20.png",
    "mse": 0.0020324692595750093,
    "psnr": 26.917556762695312,
    "ms-ssim": 0.9721709489822388,
    "bpp": 0.099853515625,
    "encoding_time": 0.1602616310119629,
    "decoding_time": 0.07829141616821289
}