{
    "image_name": "9.png",
    "mse": 0.0018403412541374564,
    "psnr": 27.347883224487305,
    "ms-ssim": 0.9719142317771912,
    "bpp": 0.09114583333333333,
    "encoding_time": 0.17779874801635742,
    "decoding_time": 0.10593008995056152
}