{
    "image_name": "21.png",
    "mse": 0.0028631691820919514,
    "psnr": 25.429750442504883,
    "ms-ssim": 0.9610062837600708,
    "bpp": 0.1376953125,
    "encoding_time": 0.09350824356079102,
    "decoding_time": 0.11553812026977539
}