{
    "image_name": "2.png",
    "mse": 0.0018607154488563538,
    "psnr": 27.300312042236328,
    "ms-ssim": 0.94916170835495,
    "bpp": 0.14290364583333334,
    "encoding_time": 0.1667642593383789,
    "decoding_time": 0.1064445972442627
}