{
    "image_name": "19.png",
    "mse": 0.0020000056829303503,
    "psnr": 26.98714828491211,
    "ms-ssim": 0.9601469039916992,
    "bpp": 0.14803059895833334,
    "encoding_time": 0.15184354782104492,
    "decoding_time": 0.2209622859954834
}