{
    "image_name": "1.png",
    "mse": 0.004451562650501728,
    "psnr": 23.51367950439453,
    "ms-ssim": 0.9474546313285828,
    "bpp": 0.21028645833333334,
    "encoding_time": 0.08436131477355957,
    "decoding_time": 0.2029590606689453
}