{
    "image_name": "24.png",
    "mse": 0.003708542324602604,
    "psnr": 24.306795120239258,
    "ms-ssim": 0.9535927176475525,
    "bpp": 0.18733723958333334,
    "encoding_time": 0.08297467231750488,
    "decoding_time": 0.10724091529846191
}