{
    "image_name": "23.png",
    "mse": 0.001132734352722764,
    "psnr": 29.453657150268555,
    "ms-ssim": 0.9724389314651489,
    "bpp": 0.09749348958333333,
    "encoding_time": 0.2857630252838135,
    "decoding_time": 0.07051944732666016
}