{
    "image_name": "15.png",
    "mse": 0.0023562158457934856,
    "psnr": 26.275468826293945,
    "ms-ssim": 0.962398886680603,
    "bpp": 0.11149088541666667,
    "encoding_time": 0.22150826454162598,
    "decoding_time": 0.08102583885192871
}