{
    "image_name": "18.png",
    "mse": 0.00301391095854342,
    "psnr": 25.206844329833984,
    "ms-ssim": 0.9474040865898132,
    "bpp": 0.20654296875,
    "encoding_time": 0.23774290084838867,
    "decoding_time": 0.1179049015045166
}