{
    "image_name": "12.png",
    "mse": 0.0029924942646175623,
    "psnr": 25.23775291442871,
    "ms-ssim": 0.961297869682312,
    "bpp": 0.11214192708333333,
    "encoding_time": 0.0862886905670166,
    "decoding_time": 0.1065363883972168
}