{
    "image_name": "8.png",
    "mse": 0.006770861800760031,
    "psnr": 21.69270896911621,
    "ms-ssim": 0.955463171005249,
    "bpp": 0.185302734375,
    "encoding_time": 0.0809638500213623,
    "decoding_time": 0.10614347457885742
}