{
    "image_name": "11.png",
    "mse": 0.0025374379474669695,
    "psnr": 25.953601837158203,
    "ms-ssim": 0.9541706442832947,
    "bpp": 0.16357421875,
    "encoding_time": 0.24813389778137207,
    "decoding_time": 0.11715340614318848
}