{
    "image_name": "16.png",
    "mse": 0.0016509961569681764,
    "psnr": 27.81951332092285,
    "ms-ssim": 0.9604067802429199,
    "bpp": 0.13826497395833334,
    "encoding_time": 0.18168330192565918,
    "decoding_time": 0.164459228515625
}