{
    "image_name": "4.png",
    "mse": 0.002099021803587675,
    "psnr": 26.77704620361328,
    "ms-ssim": 0.9579240083694458,
    "bpp": 0.14656575520833334,
    "encoding_time": 0.08372640609741211,
    "decoding_time": 0.13366198539733887
}