{
    "image_name": "6.png",
    "mse": 0.003706177929416299,
    "psnr": 24.309276580810547,
    "ms-ssim": 0.9534923434257507,
    "bpp": 0.17838541666666666,
    "encoding_time": 0.1256113052368164,
    "decoding_time": 0.1089019775390625
}