{
    "mean_loss": 0.2646672940562793,
    "mean_bpp": 0.2645907931857639,
    "mean_psnr": 31.55971105893453,
    "mean_msssim": 0.9619246820608774,
    "mean_msssim_dB": 14.19356461501309,
    "mean_enc_time": 0.5365469455718994,
    "mean_dec_time": 0.4820457498232524
}