{
    "image_name": "6.png",
    "mse": 0.0009002979495562613,
    "psnr": 30.450326919555664,
    "ms-ssim": 0.9553477168083191,
    "bpp": 0.3241373697916667,
    "encoding_time": 0.3638174533843994,
    "decoding_time": 0.33989858627319336
}