{
    "image_name": "12.png",
    "mse": 0.0004633431672118604,
    "psnr": 33.32931137084961,
    "ms-ssim": 0.951793372631073,
    "bpp": 0.12027994791666667,
    "encoding_time": 0.6864795684814453,
    "decoding_time": 0.4328763484954834
}