{
    "image_name": "16.png",
    "mse": 0.0006131895934231579,
    "psnr": 32.11479949951172,
    "ms-ssim": 0.9546069502830505,
    "bpp": 0.18009440104166666,
    "encoding_time": 0.6342809200286865,
    "decoding_time": 0.3332998752593994
}