{
    "image_name": "20.png",
    "mse": 0.00048767184489406645,
    "psnr": 33.11079788208008,
    "ms-ssim": 0.9727134704589844,
    "bpp": 0.14274088541666666,
    "encoding_time": 0.4043312072753906,
    "decoding_time": 0.2761116027832031
}