{
    "image_name": "10.png",
    "mse": 0.0004267394542694092,
    "psnr": 33.68584060668945,
    "ms-ssim": 0.9707838296890259,
    "bpp": 0.15470377604166666,
    "encoding_time": 0.3125748634338379,
    "decoding_time": 0.3161792755126953
}