{
    "image_name": "13.png",
    "mse": 0.0017123498255386949,
    "psnr": 27.661155700683594,
    "ms-ssim": 0.9580246806144714,
    "bpp": 0.7001139322916666,
    "encoding_time": 0.2819836139678955,
    "decoding_time": 0.395906925201416
}