{
    "image_name": "4.png",
    "mse": 0.0005971705541014671,
    "psnr": 32.23054504394531,
    "ms-ssim": 0.9505985975265503,
    "bpp": 0.157470703125,
    "encoding_time": 0.6567106246948242,
    "decoding_time": 0.8102004528045654
}