{
    "image_name": "11.png",
    "mse": 0.0008104132721200585,
    "psnr": 30.905574798583984,
    "ms-ssim": 0.9515153765678406,
    "bpp": 0.251220703125,
    "encoding_time": 0.23725438117980957,
    "decoding_time": 0.6286332607269287
}