{
    "image_name": "5.png",
    "mse": 0.0010896368185058236,
    "psnr": 29.621944427490234,
    "ms-ssim": 0.9724620580673218,
    "bpp": 0.4918619791666667,
    "encoding_time": 0.5823676586151123,
    "decoding_time": 0.39057087898254395
}