{
    "image_name": "14.png",
    "mse": 0.0010194936767220497,
    "psnr": 29.91098403930664,
    "ms-ssim": 0.9570373296737671,
    "bpp": 0.34765625,
    "encoding_time": 0.525108814239502,
    "decoding_time": 0.6703577041625977
}