{
    "image_name": "18.png",
    "mse": 0.0010608796728774905,
    "psnr": 29.738235473632812,
    "ms-ssim": 0.9572285413742065,
    "bpp": 0.3875325520833333,
    "encoding_time": 0.7779924869537354,
    "decoding_time": 0.691664457321167
}