{
    "image_name": "7.png",
    "mse": 0.0004343678301665932,
    "psnr": 33.60832977294922,
    "ms-ssim": 0.9818705916404724,
    "bpp": 0.19205729166666666,
    "encoding_time": 0.6707441806793213,
    "decoding_time": 0.36588430404663086
}