{
    "image_name": "21.png",
    "mse": 0.0007857869495637715,
    "psnr": 31.040084838867188,
    "ms-ssim": 0.9707006216049194,
    "bpp": 0.304443359375,
    "encoding_time": 0.548126220703125,
    "decoding_time": 0.49280667304992676
}