{
    "image_name": "19.png",
    "mse": 0.0007278718403540552,
    "psnr": 31.371774673461914,
    "ms-ssim": 0.9563350081443787,
    "bpp": 0.20450846354166666,
    "encoding_time": 0.6794836521148682,
    "decoding_time": 0.3277552127838135
}