{
    "image_name": "24.png",
    "mse": 0.000991449342109263,
    "psnr": 30.03215789794922,
    "ms-ssim": 0.965551495552063,
    "bpp": 0.3964029947916667,
    "encoding_time": 0.6067013740539551,
    "decoding_time": 0.6410510540008545
}