{
    "image_name": "23.png",
    "mse": 0.00033897688263095915,
    "psnr": 34.682350158691406,
    "ms-ssim": 0.9714157581329346,
    "bpp": 0.11409505208333333,
    "encoding_time": 0.6124043464660645,
    "decoding_time": 0.6498250961303711
}