{
    "image_name": "17.png",
    "mse": 0.0005265173385851085,
    "psnr": 32.77519989013672,
    "ms-ssim": 0.965969443321228,
    "bpp": 0.17976888020833334,
    "encoding_time": 0.4456143379211426,
    "decoding_time": 0.3207850456237793
}