{
    "image_name": "2.png",
    "mse": 0.0006425810279324651,
    "psnr": 31.912683486938477,
    "ms-ssim": 0.9302684664726257,
    "bpp": 0.123046875,
    "encoding_time": 0.4460117816925049,
    "decoding_time": 0.6570611000061035
}