{
    "image_name": "22.png",
    "mse": 0.0008657565922476351,
    "psnr": 30.619731903076172,
    "ms-ssim": 0.9428362846374512,
    "bpp": 0.238525390625,
    "encoding_time": 0.9904899597167969,
    "decoding_time": 0.42455029487609863
}