{
    "mean_loss": 0.27469964070918823,
    "mean_bpp": 0.2733604444444444,
    "mean_psnr": 32.31429386138916,
    "mean_msssim": 0.986608037352562,
    "mean_msssim_dB": 18.731557706735583,
    "mean_enc_time": 0.7262415862083436,
    "mean_dec_time": 0.9126513385772705
}