{
    "image_name": "RGB_OR_1200x1200_052.png",
    "mse": 0.0005926875746808946,
    "psnr": 32.26224899291992,
    "ms-ssim": 0.989170253276825,
    "bpp": 0.28633333333333333,
    "encoding_time": 0.649390697479248,
    "decoding_time": 0.8634781837463379
}