{
    "image_name": "RGB_OR_1200x1200_028.png",
    "mse": 0.0001733197714202106,
    "psnr": 37.57969284057617,
    "ms-ssim": 0.9913884997367859,
    "bpp": 0.1646,
    "encoding_time": 0.8149206638336182,
    "decoding_time": 0.9114458560943604
}