{
    "image_name": "RGB_OR_1200x1200_057.png",
    "mse": 0.0002740497002378106,
    "psnr": 35.60201644897461,
    "ms-ssim": 0.986457109451294,
    "bpp": 0.24473333333333333,
    "encoding_time": 0.9424090385437012,
    "decoding_time": 1.2243809700012207
}