{
    "image_name": "RGB_OR_1200x1200_001.png",
    "mse": 0.0005168153438717127,
    "psnr": 32.855712890625,
    "ms-ssim": 0.9917348623275757,
    "bpp": 0.15495555555555557,
    "encoding_time": 0.5751063823699951,
    "decoding_time": 0.649355411529541
}