{
    "image_name": "RGB_OR_1200x1200_032.png",
    "mse": 0.0009458577842451632,
    "psnr": 30.236053466796875,
    "ms-ssim": 0.9822224378585815,
    "bpp": 0.4132222222222222,
    "encoding_time": 1.097823143005371,
    "decoding_time": 0.8766138553619385
}