{
    "image_name": "RGB_OR_1200x1200_065.png",
    "mse": 0.0016336773987859488,
    "psnr": 27.864906311035156,
    "ms-ssim": 0.9824845194816589,
    "bpp": 0.2939111111111111,
    "encoding_time": 0.4450371265411377,
    "decoding_time": 0.776435375213623
}