{
    "image_name": "RGB_OR_1200x1200_017.png",
    "mse": 0.0006318576633930206,
    "psnr": 31.985130310058594,
    "ms-ssim": 0.9880721569061279,
    "bpp": 0.30617777777777777,
    "encoding_time": 0.5093014240264893,
    "decoding_time": 0.6254439353942871
}