{
    "image_name": "RGB_OR_1200x1200_067.png",
    "mse": 0.000553739198949188,
    "psnr": 32.557212829589844,
    "ms-ssim": 0.9824973940849304,
    "bpp": 0.2504,
    "encoding_time": 0.8249928951263428,
    "decoding_time": 0.8651096820831299
}