{
    "image_name": "RGB_OR_1200x1200_081.png",
    "mse": 0.0007343677571043372,
    "psnr": 31.333126068115234,
    "ms-ssim": 0.989733874797821,
    "bpp": 0.21302222222222222,
    "encoding_time": 1.0430824756622314,
    "decoding_time": 0.7760300636291504
}