{
    "image_name": "RGB_OR_1200x1200_061.png",
    "mse": 0.0012264110846444964,
    "psnr": 29.10926055908203,
    "ms-ssim": 0.9837909936904907,
    "bpp": 0.4119555555555556,
    "encoding_time": 0.9114944934844971,
    "decoding_time": 0.7588543891906738
}