{
    "image_name": "RGB_OR_1200x1200_097.png",
    "mse": 0.000649595691356808,
    "psnr": 31.865097045898438,
    "ms-ssim": 0.992019534111023,
    "bpp": 0.1544,
    "encoding_time": 0.6807644367218018,
    "decoding_time": 0.6794445514678955
}