{
    "image_name": "RGB_OR_1200x1200_016.png",
    "mse": 0.0018257066840305924,
    "psnr": 27.38260269165039,
    "ms-ssim": 0.9824404716491699,
    "bpp": 0.4232222222222222,
    "encoding_time": 0.7056896686553955,
    "decoding_time": 1.1008288860321045
}