{
    "image_name": "RGB_OR_1200x1200_011.png",
    "mse": 0.0013975600013509393,
    "psnr": 28.5424861907959,
    "ms-ssim": 0.987000584602356,
    "bpp": 0.3070222222222222,
    "encoding_time": 0.9123072624206543,
    "decoding_time": 0.7994167804718018
}