{
    "image_name": "RGB_OR_1200x1200_078.png",
    "mse": 0.0003796147648245096,
    "psnr": 34.1926155090332,
    "ms-ssim": 0.9902278780937195,
    "bpp": 0.15895555555555554,
    "encoding_time": 0.7160532474517822,
    "decoding_time": 0.9177703857421875
}