{
    "image_name": "RGB_OR_1200x1200_029.png",
    "mse": 0.0004738960706163198,
    "psnr": 33.23176574707031,
    "ms-ssim": 0.988899827003479,
    "bpp": 0.24575555555555556,
    "encoding_time": 0.5721039772033691,
    "decoding_time": 0.690438985824585
}