{
    "image_name": "RGB_OR_1200x1200_010.png",
    "mse": 0.0004128822183702141,
    "psnr": 33.82865524291992,
    "ms-ssim": 0.9866918325424194,
    "bpp": 0.30791111111111114,
    "encoding_time": 0.5512831211090088,
    "decoding_time": 0.9010193347930908
}