{
    "image_name": "RGB_OR_1200x1200_013.png",
    "mse": 0.0005761003121733665,
    "psnr": 32.38542938232422,
    "ms-ssim": 0.9894730448722839,
    "bpp": 0.20642222222222223,
    "encoding_time": 0.6031911373138428,
    "decoding_time": 1.1022090911865234
}