{
    "image_name": "RGB_OR_1200x1200_100.png",
    "mse": 0.00015106475620996207,
    "psnr": 38.186092376708984,
    "ms-ssim": 0.9931795001029968,
    "bpp": 0.15455555555555556,
    "encoding_time": 0.891639232635498,
    "decoding_time": 1.3598577976226807
}