{
    "image_name": "RGB_OR_1200x1200_038.png",
    "mse": 0.000286710390355438,
    "psnr": 35.406898498535156,
    "ms-ssim": 0.9902016520500183,
    "bpp": 0.1832888888888889,
    "encoding_time": 0.6168191432952881,
    "decoding_time": 1.2193970680236816
}