{
    "image_name": "RGB_OR_1200x1200_094.png",
    "mse": 0.0014119631377980113,
    "psnr": 28.498178482055664,
    "ms-ssim": 0.9886234998703003,
    "bpp": 0.24833333333333332,
    "encoding_time": 0.721099853515625,
    "decoding_time": 0.880291223526001
}