{
    "image_name": "RGB_OR_1200x1200_075.png",
    "mse": 0.0005963685689494014,
    "psnr": 32.2362174987793,
    "ms-ssim": 0.9842691421508789,
    "bpp": 0.22984444444444443,
    "encoding_time": 0.6982896327972412,
    "decoding_time": 0.6878745555877686
}