{
    "image_name": "RGB_OR_1200x1200_053.png",
    "mse": 0.00026741079636849463,
    "psnr": 35.70795440673828,
    "ms-ssim": 0.9937354922294617,
    "bpp": 0.11324444444444444,
    "encoding_time": 0.6813051700592041,
    "decoding_time": 1.0311064720153809
}