{
    "image_name": "RGB_OR_1200x1200_031.png",
    "mse": 0.0006785879959352314,
    "psnr": 31.675621032714844,
    "ms-ssim": 0.9886229038238525,
    "bpp": 0.30948888888888887,
    "encoding_time": 1.0279903411865234,
    "decoding_time": 1.0288035869598389
}