{
    "image_name": "RGB_OR_1200x1200_019.png",
    "mse": 0.0006124985520727932,
    "psnr": 32.12015151977539,
    "ms-ssim": 0.9864553213119507,
    "bpp": 0.2820888888888889,
    "encoding_time": 0.6674716472625732,
    "decoding_time": 0.6019108295440674
}