{
    "image_name": "RGB_OR_1200x1200_007.png",
    "mse": 0.0007482105866074562,
    "psnr": 31.252315521240234,
    "ms-ssim": 0.9895367622375488,
    "bpp": 0.22675555555555554,
    "encoding_time": 0.5200576782226562,
    "decoding_time": 0.8090789318084717
}