{
    "image_name": "RGB_OR_1200x1200_087.png",
    "mse": 0.001836092327721417,
    "psnr": 27.357929229736328,
    "ms-ssim": 0.9797284603118896,
    "bpp": 0.5162222222222222,
    "encoding_time": 0.5067393779754639,
    "decoding_time": 0.763404369354248
}