{
    "image_name": "RGB_OR_1200x1200_027.png",
    "mse": 0.0008157313568517566,
    "psnr": 30.877702713012695,
    "ms-ssim": 0.9881250262260437,
    "bpp": 0.2865333333333333,
    "encoding_time": 0.9367914199829102,
    "decoding_time": 0.9993112087249756
}