{
    "image_name": "RGB_OR_1200x1200_066.png",
    "mse": 0.000416125898482278,
    "psnr": 33.794158935546875,
    "ms-ssim": 0.988274097442627,
    "bpp": 0.18331111111111112,
    "encoding_time": 0.8338940143585205,
    "decoding_time": 0.7533140182495117
}