{
    "image_name": "RGB_OR_1200x1200_024.png",
    "mse": 0.0023614412639290094,
    "psnr": 26.265798568725586,
    "ms-ssim": 0.9849319458007812,
    "bpp": 0.33457777777777775,
    "encoding_time": 0.6105358600616455,
    "decoding_time": 0.7108883857727051
}