{
    "image_name": "RGB_OR_1200x1200_002.png",
    "mse": 0.0002660639875102788,
    "psnr": 35.72916030883789,
    "ms-ssim": 0.9911993741989136,
    "bpp": 0.10517777777777777,
    "encoding_time": 0.5885162353515625,
    "decoding_time": 0.7515077590942383
}