{
    "image_name": "RGB_OR_1200x1200_018.png",
    "mse": 0.0021738384384661913,
    "psnr": 26.62530517578125,
    "ms-ssim": 0.9843360781669617,
    "bpp": 0.38911111111111113,
    "encoding_time": 0.7463526725769043,
    "decoding_time": 0.9763383865356445
}