{
    "image_name": "RGB_OR_1200x1200_005.png",
    "mse": 0.000526188116054982,
    "psnr": 32.778236389160156,
    "ms-ssim": 0.986240804195404,
    "bpp": 0.3028666666666667,
    "encoding_time": 0.80143141746521,
    "decoding_time": 1.2391583919525146
}