{
    "image_name": "RGB_OR_1200x1200_076.png",
    "mse": 0.000540994864422828,
    "psnr": 32.65816116333008,
    "ms-ssim": 0.988686740398407,
    "bpp": 0.1396888888888889,
    "encoding_time": 0.7603044509887695,
    "decoding_time": 0.8294613361358643
}