{
    "image_name": "RGB_OR_1200x1200_037.png",
    "mse": 0.00044498356874100864,
    "psnr": 33.504051208496094,
    "ms-ssim": 0.9875242710113525,
    "bpp": 0.2656,
    "encoding_time": 0.9474430084228516,
    "decoding_time": 0.8635096549987793
}