{
    "image_name": "RGB_OR_1200x1200_044.png",
    "mse": 0.00034971244167536497,
    "psnr": 34.54787826538086,
    "ms-ssim": 0.9847586154937744,
    "bpp": 0.32155555555555554,
    "encoding_time": 0.5234174728393555,
    "decoding_time": 1.4488379955291748
}