{
    "image_name": "RGB_OR_1200x1200_035.png",
    "mse": 0.0007590471650473773,
    "psnr": 31.19000244140625,
    "ms-ssim": 0.9870771169662476,
    "bpp": 0.2843333333333333,
    "encoding_time": 0.946601152420044,
    "decoding_time": 0.6202483177185059
}