{
    "image_name": "RGB_OR_1200x1200_083.png",
    "mse": 0.0006479475414380431,
    "psnr": 31.87613296508789,
    "ms-ssim": 0.9901539087295532,
    "bpp": 0.17324444444444445,
    "encoding_time": 0.47240543365478516,
    "decoding_time": 0.863816499710083
}