{
    "image_name": "RGB_OR_1200x1200_026.png",
    "mse": 0.0023686045315116644,
    "psnr": 26.252696990966797,
    "ms-ssim": 0.9856943488121033,
    "bpp": 0.35873333333333335,
    "encoding_time": 0.5378036499023438,
    "decoding_time": 1.0902230739593506
}