{
    "image_name": "RGB_OR_1200x1200_060.png",
    "mse": 0.00044561392860487103,
    "psnr": 33.49835205078125,
    "ms-ssim": 0.9888507723808289,
    "bpp": 0.21824444444444444,
    "encoding_time": 0.8883728981018066,
    "decoding_time": 0.8799765110015869
}