{
    "image_name": "RGB_OR_1200x1200_056.png",
    "mse": 0.00021877062681596726,
    "psnr": 36.575138092041016,
    "ms-ssim": 0.9883259534835815,
    "bpp": 0.18073333333333333,
    "encoding_time": 0.5114374160766602,
    "decoding_time": 1.028756856918335
}