{
    "image_name": "RGB_OR_1200x1200_080.png",
    "mse": 0.0002566463372204453,
    "psnr": 35.88600158691406,
    "ms-ssim": 0.9872978925704956,
    "bpp": 0.20173333333333332,
    "encoding_time": 0.5080671310424805,
    "decoding_time": 0.9405872821807861
}