{
    "image_name": "RGB_OR_1200x1200_090.png",
    "mse": 0.0014964449219405651,
    "psnr": 28.245769500732422,
    "ms-ssim": 0.9832732081413269,
    "bpp": 0.4192444444444444,
    "encoding_time": 0.6099245548248291,
    "decoding_time": 1.3416087627410889
}