{
    "image_name": "RGB_OR_1200x1200_042.png",
    "mse": 0.00045004498679190874,
    "psnr": 33.45576858520508,
    "ms-ssim": 0.9864907264709473,
    "bpp": 0.26151111111111114,
    "encoding_time": 1.2344481945037842,
    "decoding_time": 1.0551576614379883
}