{
    "image_name": "RGB_OR_1200x1200_084.png",
    "mse": 0.0001363936171401292,
    "psnr": 38.61238098144531,
    "ms-ssim": 0.9866559505462646,
    "bpp": 0.14915555555555557,
    "encoding_time": 0.7515387535095215,
    "decoding_time": 0.691169023513794
}