{
    "image_name": "RGB_OR_1200x1200_092.png",
    "mse": 0.00030134929693304,
    "psnr": 35.19073486328125,
    "ms-ssim": 0.9815232157707214,
    "bpp": 0.1688888888888889,
    "encoding_time": 0.6410834789276123,
    "decoding_time": 0.8601927757263184
}