{
    "image_name": "RGB_OR_1200x1200_046.png",
    "mse": 0.0007450201082974672,
    "psnr": 31.271554946899414,
    "ms-ssim": 0.9820897579193115,
    "bpp": 0.41586666666666666,
    "encoding_time": 0.4164891242980957,
    "decoding_time": 0.8689532279968262
}