{
    "image_name": "RGB_OR_1200x1200_082.png",
    "mse": 0.0013162411050871015,
    "psnr": 28.802461624145508,
    "ms-ssim": 0.977644681930542,
    "bpp": 0.5369111111111111,
    "encoding_time": 0.6061968803405762,
    "decoding_time": 0.8586251735687256
}