{
    "image_name": "RGB_OR_1200x1200_058.png",
    "mse": 0.0005412073223851621,
    "psnr": 32.65678405761719,
    "ms-ssim": 0.9876944422721863,
    "bpp": 0.2541555555555556,
    "encoding_time": 0.5796489715576172,
    "decoding_time": 1.022279977798462
}