{
    "image_name": "RGB_OR_1200x1200_098.png",
    "mse": 0.00162855617236346,
    "psnr": 27.878883361816406,
    "ms-ssim": 0.9841856956481934,
    "bpp": 0.49295555555555554,
    "encoding_time": 1.0645678043365479,
    "decoding_time": 1.0086731910705566
}