{
    "image_name": "RGB_OR_1200x1200_025.png",
    "mse": 0.00035803235368803144,
    "psnr": 34.445274353027344,
    "ms-ssim": 0.9900500774383545,
    "bpp": 0.1683111111111111,
    "encoding_time": 0.6735405921936035,
    "decoding_time": 0.8430287837982178
}