{
    "image_name": "RGB_OR_1200x1200_006.png",
    "mse": 0.00032574296346865594,
    "psnr": 34.85500717163086,
    "ms-ssim": 0.9829647541046143,
    "bpp": 0.37046666666666667,
    "encoding_time": 1.0708715915679932,
    "decoding_time": 1.4942553043365479
}