{
    "image_name": "RGB_OR_1200x1200_077.png",
    "mse": 0.0003866170300170779,
    "psnr": 34.11309051513672,
    "ms-ssim": 0.969326376914978,
    "bpp": 0.4066,
    "encoding_time": 0.7318422794342041,
    "decoding_time": 0.7918286323547363
}