{
    "image_name": "RGB_OR_1200x1200_049.png",
    "mse": 0.0005618074792437255,
    "psnr": 32.49494171142578,
    "ms-ssim": 0.990013062953949,
    "bpp": 0.22697777777777778,
    "encoding_time": 1.1035914421081543,
    "decoding_time": 0.7145123481750488
}