{
    "image_name": "RGB_OR_1200x1200_085.png",
    "mse": 0.00041498744394630194,
    "psnr": 33.806121826171875,
    "ms-ssim": 0.981898307800293,
    "bpp": 0.33775555555555553,
    "encoding_time": 0.9103419780731201,
    "decoding_time": 0.7883131504058838
}