{
    "image_name": "RGB_OR_1200x1200_040.png",
    "mse": 0.0006126779480837286,
    "psnr": 32.119056701660156,
    "ms-ssim": 0.9865893125534058,
    "bpp": 0.2939555555555556,
    "encoding_time": 1.1662993431091309,
    "decoding_time": 0.8480024337768555
}