{
    "image_name": "RGB_OR_1200x1200_079.png",
    "mse": 0.00105267483741045,
    "psnr": 29.771831512451172,
    "ms-ssim": 0.9928857684135437,
    "bpp": 0.15731111111111112,
    "encoding_time": 0.6772494316101074,
    "decoding_time": 1.0640299320220947
}