{
    "image_name": "RGB_OR_1200x1200_091.png",
    "mse": 0.00039464145083911717,
    "psnr": 34.02960205078125,
    "ms-ssim": 0.9927319884300232,
    "bpp": 0.18766666666666668,
    "encoding_time": 0.41092729568481445,
    "decoding_time": 1.316404104232788
}