{
    "image_name": "RGB_OR_1200x1200_063.png",
    "mse": 0.00030827769660390913,
    "psnr": 35.093406677246094,
    "ms-ssim": 0.988968551158905,
    "bpp": 0.16466666666666666,
    "encoding_time": 0.7337651252746582,
    "decoding_time": 1.0389361381530762
}