{
    "image_name": "RGB_OR_1200x1200_072.png",
    "mse": 0.0012899489374831319,
    "psnr": 28.889822006225586,
    "ms-ssim": 0.9881232976913452,
    "bpp": 0.2944222222222222,
    "encoding_time": 0.6333768367767334,
    "decoding_time": 0.8759236335754395
}