{
    "image_name": "RGB_OR_1200x1200_047.png",
    "mse": 0.0009386549354530871,
    "psnr": 30.26900291442871,
    "ms-ssim": 0.9847569465637207,
    "bpp": 0.27166666666666667,
    "encoding_time": 0.7637255191802979,
    "decoding_time": 0.9863028526306152
}