{
    "image_name": "RGB_OR_1200x1200_073.png",
    "mse": 0.00022085617820266634,
    "psnr": 36.536766052246094,
    "ms-ssim": 0.988254725933075,
    "bpp": 0.12326666666666666,
    "encoding_time": 0.679206132888794,
    "decoding_time": 1.2880134582519531
}