{
    "image_name": "RGB_OR_1200x1200_062.png",
    "mse": 0.002027582610026002,
    "psnr": 26.927528381347656,
    "ms-ssim": 0.9815447330474854,
    "bpp": 0.5213777777777778,
    "encoding_time": 0.9886870384216309,
    "decoding_time": 0.5714070796966553
}