{
    "image_name": "RGB_OR_1200x1200_099.png",
    "mse": 0.0005475151701830328,
    "psnr": 32.605812072753906,
    "ms-ssim": 0.9834133982658386,
    "bpp": 0.33511111111111114,
    "encoding_time": 0.43192267417907715,
    "decoding_time": 0.8189883232116699
}