{
    "image_name": "RGB_OR_1200x1200_022.png",
    "mse": 0.00036885292502120137,
    "psnr": 34.31641387939453,
    "ms-ssim": 0.9863871335983276,
    "bpp": 0.2692,
    "encoding_time": 0.46120357513427734,
    "decoding_time": 0.7149412631988525
}