{
    "image_name": "RGB_OR_1200x1200_036.png",
    "mse": 0.0001257456315215677,
    "psnr": 38.961448669433594,
    "ms-ssim": 0.9899444580078125,
    "bpp": 0.11671111111111111,
    "encoding_time": 0.39115095138549805,
    "decoding_time": 0.8004260063171387
}