{
    "image_name": "RGB_OR_1200x1200_048.png",
    "mse": 0.0012271784944459796,
    "psnr": 29.10647964477539,
    "ms-ssim": 0.9815372228622437,
    "bpp": 0.37884444444444443,
    "encoding_time": 0.9293820858001709,
    "decoding_time": 0.9632725715637207
}