{
    "image_name": "RGB_OR_1200x1200_050.png",
    "mse": 0.0004711014626082033,
    "psnr": 33.25751495361328,
    "ms-ssim": 0.9836024045944214,
    "bpp": 0.28833333333333333,
    "encoding_time": 0.9082913398742676,
    "decoding_time": 1.015873670578003
}