{
    "image_name": "RGB_OR_1200x1200_041.png",
    "mse": 0.0006646704860031605,
    "psnr": 31.76607894897461,
    "ms-ssim": 0.9871225357055664,
    "bpp": 0.2776222222222222,
    "encoding_time": 0.8844070434570312,
    "decoding_time": 0.9452519416809082
}