{
    "image_name": "RGB_OR_1200x1200_004.png",
    "mse": 0.00026431019068695605,
    "psnr": 35.75852584838867,
    "ms-ssim": 0.9874473810195923,
    "bpp": 0.15902222222222223,
    "encoding_time": 0.41930437088012695,
    "decoding_time": 0.760918378829956
}