{
    "image_name": "RGB_OR_1200x1200_043.png",
    "mse": 0.001249256543815136,
    "psnr": 29.02896499633789,
    "ms-ssim": 0.9813579320907593,
    "bpp": 0.4974222222222222,
    "encoding_time": 0.6049234867095947,
    "decoding_time": 1.1136059761047363
}