{
    "image_name": "RGB_OR_1200x1200_089.png",
    "mse": 0.0010242594871670008,
    "psnr": 29.890487670898438,
    "ms-ssim": 0.9835702776908875,
    "bpp": 0.346,
    "encoding_time": 0.6417450904846191,
    "decoding_time": 0.7899408340454102
}