{
    "image_name": "RGB_OR_1200x1200_088.png",
    "mse": 0.0005703825154341757,
    "psnr": 32.42898941040039,
    "ms-ssim": 0.9882833361625671,
    "bpp": 0.27946666666666664,
    "encoding_time": 1.2330658435821533,
    "decoding_time": 0.8335659503936768
}