{
    "image_name": "RGB_OR_1200x1200_095.png",
    "mse": 0.002221492351964116,
    "psnr": 26.531269073486328,
    "ms-ssim": 0.9798752665519714,
    "bpp": 0.489,
    "encoding_time": 0.47583627700805664,
    "decoding_time": 0.8262004852294922
}