{
    "image_name": "RGB_OR_1200x1200_033.png",
    "mse": 0.0008206225465983152,
    "psnr": 30.85171890258789,
    "ms-ssim": 0.9864052534103394,
    "bpp": 0.33597777777777776,
    "encoding_time": 0.5623912811279297,
    "decoding_time": 0.7351422309875488
}