{
    "image_name": "RGB_OR_1200x1200_093.png",
    "mse": 0.0003782511339522898,
    "psnr": 34.21040725708008,
    "ms-ssim": 0.9907152652740479,
    "bpp": 0.20702222222222222,
    "encoding_time": 0.6481738090515137,
    "decoding_time": 0.8354763984680176
}