{
    "image_name": "RGB_OR_1200x1200_045.png",
    "mse": 0.00042333739111199975,
    "psnr": 33.72103500366211,
    "ms-ssim": 0.9872516393661499,
    "bpp": 0.19544444444444445,
    "encoding_time": 0.7970480918884277,
    "decoding_time": 1.0685839653015137
}