{
    "image_name": "RGB_OR_1200x1200_023.png",
    "mse": 0.0013715783134102821,
    "psnr": 28.624055862426758,
    "ms-ssim": 0.986555814743042,
    "bpp": 0.24313333333333334,
    "encoding_time": 0.6602482795715332,
    "decoding_time": 0.8505096435546875
}