{
    "image_name": "RGB_OR_1200x1200_054.png",
    "mse": 0.0005516568780876696,
    "psnr": 32.573974609375,
    "ms-ssim": 0.9887228012084961,
    "bpp": 0.26842222222222223,
    "encoding_time": 0.5788331031799316,
    "decoding_time": 0.7258052825927734
}