{
    "image_name": "RGB_OR_1200x1200_008.png",
    "mse": 0.0006450841901823878,
    "psnr": 31.895580291748047,
    "ms-ssim": 0.9848809242248535,
    "bpp": 0.3685111111111111,
    "encoding_time": 0.9299190044403076,
    "decoding_time": 0.9167201519012451
}