{
    "image_name": "RGB_OR_1200x1200_068.png",
    "mse": 0.00034283564309589565,
    "psnr": 34.640052795410156,
    "ms-ssim": 0.9929929971694946,
    "bpp": 0.17242222222222223,
    "encoding_time": 0.665752649307251,
    "decoding_time": 0.8216400146484375
}