{
    "image_name": "RGB_OR_1200x1200_096.png",
    "mse": 0.00033643413917161524,
    "psnr": 34.714656829833984,
    "ms-ssim": 0.9787106513977051,
    "bpp": 0.2826,
    "encoding_time": 0.6397068500518799,
    "decoding_time": 0.9636499881744385
}