{
    "image_name": "RGB_OR_1200x1200_003.png",
    "mse": 0.0006521175382658839,
    "psnr": 31.84813117980957,
    "ms-ssim": 0.9892358779907227,
    "bpp": 0.2056888888888889,
    "encoding_time": 0.6823902130126953,
    "decoding_time": 0.9977779388427734
}