{
    "image_name": "RGB_OR_1200x1200_014.png",
    "mse": 0.0004314557882025838,
    "psnr": 33.638614654541016,
    "ms-ssim": 0.9911338090896606,
    "bpp": 0.1688888888888889,
    "encoding_time": 0.6846494674682617,
    "decoding_time": 0.9704086780548096
}