{
    "image_name": "RGB_OR_1200x1200_069.png",
    "mse": 0.0009544694912619889,
    "psnr": 30.196537017822266,
    "ms-ssim": 0.9887062907218933,
    "bpp": 0.2182888888888889,
    "encoding_time": 0.8074288368225098,
    "decoding_time": 1.1546192169189453
}