{
    "image_name": "RGB_OR_1200x1200_020.png",
    "mse": 0.0007296561961993575,
    "psnr": 31.361492156982422,
    "ms-ssim": 0.981749415397644,
    "bpp": 0.406,
    "encoding_time": 0.6996686458587646,
    "decoding_time": 0.6755952835083008
}