{
    "mean_loss": 0.1532602551000302,
    "mean_bpp": 0.15319362860038044,
    "mean_psnr": 32.64023776170684,
    "mean_msssim": 0.9635004837338518,
    "mean_msssim_dB": 14.377128912787215,
    "mean_enc_time": 0.9267968724413616,
    "mean_dec_time": 1.0462035435002024
}