{
    "image_name": "jared-erondu-21325.png",
    "mse": 0.00034270662581548095,
    "psnr": 34.63490676879883,
    "ms-ssim": 0.9557013511657715,
    "bpp": 0.06939102564102564,
    "encoding_time": 1.0484156608581543,
    "decoding_time": 0.9687066078186035
}