{
    "image_name": "kazuend-28556.png",
    "mse": 0.0001795501884771511,
    "psnr": 37.42768478393555,
    "ms-ssim": 0.9766494631767273,
    "bpp": 0.036527014652014654,
    "encoding_time": 1.2710907459259033,
    "decoding_time": 1.148024082183838
}