{
    "image_name": "lobostudio-hamburg-75377.png",
    "mse": 0.0004970704903826118,
    "psnr": 33.0240478515625,
    "ms-ssim": 0.9581522941589355,
    "bpp": 0.050274725274725277,
    "encoding_time": 1.094414472579956,
    "decoding_time": 1.338655710220337
}