{
    "image_name": "todd-quackenbush-27493.png",
    "mse": 0.000242672351305373,
    "psnr": 36.12748336791992,
    "ms-ssim": 0.9843813180923462,
    "bpp": 0.06979065827686351,
    "encoding_time": 0.6734528541564941,
    "decoding_time": 0.9143333435058594
}