{
    "image_name": "zugr-108.png",
    "mse": 0.0002258265158161521,
    "psnr": 36.43799591064453,
    "ms-ssim": 0.9831854104995728,
    "bpp": 0.06801739926739926,
    "encoding_time": 1.1382784843444824,
    "decoding_time": 1.5291757583618164
}