{
    "image_name": "schicka-307.png",
    "mse": 0.0003471033996902406,
    "psnr": 34.57923889160156,
    "ms-ssim": 0.9647620916366577,
    "bpp": 0.07584635416666667,
    "encoding_time": 0.38801097869873047,
    "decoding_time": 0.3001408576965332
}