{
    "image_name": "allef-vinicius-109434.png",
    "mse": 0.0004076186160091311,
    "psnr": 33.8839111328125,
    "ms-ssim": 0.951513409614563,
    "bpp": 0.04504349816849817,
    "encoding_time": 0.8526909351348877,
    "decoding_time": 1.0457849502563477
}