{
    "image_name": "davide-ragusa-716.png",
    "mse": 0.0003831857175100595,
    "psnr": 34.15137481689453,
    "ms-ssim": 0.9681350588798523,
    "bpp": 0.08619704409973974,
    "encoding_time": 1.240539789199829,
    "decoding_time": 1.3815417289733887
}