{
    "image_name": "ales-krivec-15949.png",
    "mse": 0.00025095869204960763,
    "psnr": 35.981475830078125,
    "ms-ssim": 0.9805817008018494,
    "bpp": 0.07824337121212122,
    "encoding_time": 0.7731812000274658,
    "decoding_time": 1.0661332607269287
}