{
    "image_name": "sergey-zolkin-21232.png",
    "mse": 0.00016902400238905102,
    "psnr": 37.68787384033203,
    "ms-ssim": 0.9778505563735962,
    "bpp": 0.044936335145119535,
    "encoding_time": 1.0564014911651611,
    "decoding_time": 1.1984219551086426
}