{
    "image_name": "paul-itkin-46101.png",
    "mse": 0.0013739241985604167,
    "psnr": 28.616477966308594,
    "ms-ssim": 0.9847519397735596,
    "bpp": 0.45618101545253864,
    "encoding_time": 0.2726566791534424,
    "decoding_time": 0.33606863021850586
}