{
    "image_name": "dogancan-ozturan-395.png",
    "mse": 0.0004097851342521608,
    "psnr": 33.86070251464844,
    "ms-ssim": 0.9782132506370544,
    "bpp": 0.13277970011534027,
    "encoding_time": 0.9649326801300049,
    "decoding_time": 1.269484281539917
}