{
    "image_name": "andrew-ruiz-376.png",
    "mse": 0.0005480048130266368,
    "psnr": 32.60211181640625,
    "ms-ssim": 0.9754402041435242,
    "bpp": 0.15433275165319618,
    "encoding_time": 0.9210798740386963,
    "decoding_time": 1.2203218936920166
}