{
    "image_name": "todd-quackenbush-222.png",
    "mse": 0.0012794086942449212,
    "psnr": 28.925487518310547,
    "ms-ssim": 0.946750283241272,
    "bpp": 0.23568716780561882,
    "encoding_time": 0.46893811225891113,
    "decoding_time": 0.6585743427276611
}