{
    "image_name": "jeremy-cai-1174.png",
    "mse": 0.00039350337465293705,
    "psnr": 34.03612518310547,
    "ms-ssim": 0.988170325756073,
    "bpp": 0.14114618615363772,
    "encoding_time": 1.3156805038452148,
    "decoding_time": 1.0936198234558105
}