{
    "image_name": "daniel-robert-405.png",
    "mse": 0.0009924528421834111,
    "psnr": 30.027347564697266,
    "ms-ssim": 0.9567832350730896,
    "bpp": 0.21937440758293839,
    "encoding_time": 0.654545783996582,
    "decoding_time": 0.6321039199829102
}