{
    "image_name": "clem-onojeghuo-33741.png",
    "mse": 0.0007080992218106985,
    "psnr": 31.491317749023438,
    "ms-ssim": 0.9570783972740173,
    "bpp": 0.16931089743589745,
    "encoding_time": 1.0237135887145996,
    "decoding_time": 1.1743805408477783
}