{
    "image_name": "benjamin-sloth-lindgreen-705.png",
    "mse": 0.0008588343043811619,
    "psnr": 30.65423011779785,
    "ms-ssim": 0.9528710842132568,
    "bpp": 0.16345009157509158,
    "encoding_time": 1.062023639678955,
    "decoding_time": 1.0235209465026855
}