{
    "image_name": "mullermarc-184.png",
    "mse": 0.0005802959785796702,
    "psnr": 32.35450744628906,
    "ms-ssim": 0.9690942764282227,
    "bpp": 0.15191459278548866,
    "encoding_time": 0.560462474822998,
    "decoding_time": 0.6462576389312744
}