{
    "image_name": "philipp-reiner-207.png",
    "mse": 0.00124383217189461,
    "psnr": 29.047761917114258,
    "ms-ssim": 0.952420711517334,
    "bpp": 0.2932592592592593,
    "encoding_time": 0.6863923072814941,
    "decoding_time": 0.912949800491333
}