{
    "image_name": "martyn-seddon-220.png",
    "mse": 0.0006142329657450318,
    "psnr": 32.107643127441406,
    "ms-ssim": 0.9347052574157715,
    "bpp": 0.11161858974358975,
    "encoding_time": 0.6866307258605957,
    "decoding_time": 1.1213698387145996
}