{
    "image_name": "jason-briscoe-149782.png",
    "mse": 0.00016319956921506673,
    "psnr": 37.83898162841797,
    "ms-ssim": 0.9873055815696716,
    "bpp": 0.0544757326007326,
    "encoding_time": 1.0483651161193848,
    "decoding_time": 1.05546236038208
}