{
    "image_name": "veeterzy-82537.png",
    "mse": 0.0008525676093995571,
    "psnr": 30.686067581176758,
    "ms-ssim": 0.9678559303283691,
    "bpp": 0.2098050878477306,
    "encoding_time": 0.798975944519043,
    "decoding_time": 1.356550693511963
}