{
    "image_name": "stefan-kunze-26931.png",
    "mse": 0.0007853055722080171,
    "psnr": 31.042530059814453,
    "ms-ssim": 0.9635955691337585,
    "bpp": 0.1699090160936357,
    "encoding_time": 1.1270062923431396,
    "decoding_time": 1.141228437423706
}