{
    "image_name": "casey-fyfe-999.png",
    "mse": 0.0004801268223673105,
    "psnr": 33.17482376098633,
    "ms-ssim": 0.9368700981140137,
    "bpp": 0.03974034926470588,
    "encoding_time": 1.317516803741455,
    "decoding_time": 1.1428141593933105
}