{
    "image_name": "alberto-montalesi-176097.png",
    "mse": 0.0003193615993950516,
    "psnr": 34.940242767333984,
    "ms-ssim": 0.9511716365814209,
    "bpp": 0.052423422597212034,
    "encoding_time": 1.1430509090423584,
    "decoding_time": 0.9670922756195068
}