{
    "image_name": "martin-wessely-211.png",
    "mse": 0.0019797550048679113,
    "psnr": 27.03112030029297,
    "ms-ssim": 0.9426246881484985,
    "bpp": 0.38666666666666666,
    "encoding_time": 0.5794711112976074,
    "decoding_time": 0.6439285278320312
}