{
    "image_name": "nomao-saeki-33553.png",
    "mse": 0.00027745412080548704,
    "psnr": 35.5482292175293,
    "ms-ssim": 0.9671207666397095,
    "bpp": 0.059342972181551976,
    "encoding_time": 0.8223159313201904,
    "decoding_time": 1.3175556659698486
}