{
    "image_name": "roberto-nickson-48063.png",
    "mse": 0.0002428831794532016,
    "psnr": 36.12362289428711,
    "ms-ssim": 0.9739654064178467,
    "bpp": 0.04835164835164835,
    "encoding_time": 1.2578682899475098,
    "decoding_time": 1.0287847518920898
}