{
    "image_name": "wojciech-szaturski-3611.png",
    "mse": 0.000794898543972522,
    "psnr": 30.989826202392578,
    "ms-ssim": 0.9640723466873169,
    "bpp": 0.20959568733153638,
    "encoding_time": 0.7021942138671875,
    "decoding_time": 1.0474259853363037
}