{
    "image_name": "thong-vo-428.png",
    "mse": 0.001037267385981977,
    "psnr": 29.83596420288086,
    "ms-ssim": 0.9560641050338745,
    "bpp": 0.25428617208780646,
    "encoding_time": 0.579824686050415,
    "decoding_time": 1.2457275390625
}