{
    "image_name": "philippe-wuyts-45997.png",
    "mse": 0.000947380147408694,
    "psnr": 30.228965759277344,
    "ms-ssim": 0.9475862979888916,
    "bpp": 0.21371180976100715,
    "encoding_time": 0.9083313941955566,
    "decoding_time": 1.0744335651397705
}