{
    "image_name": "michael-durana-82941.png",
    "mse": 0.0005813140305690467,
    "psnr": 32.34641647338867,
    "ms-ssim": 0.9697978496551514,
    "bpp": 0.14142628205128205,
    "encoding_time": 1.137608528137207,
    "decoding_time": 1.156475305557251
}