{
    "image_name": "vita-vilcina-3055.png",
    "mse": 0.0007110232836566865,
    "psnr": 31.47380256652832,
    "ms-ssim": 0.9892489314079285,
    "bpp": 0.22533457827575476,
    "encoding_time": 1.5411546230316162,
    "decoding_time": 1.0787408351898193
}