{
    "image_name": "alexander-shustov-73.png",
    "mse": 0.0016482702922075987,
    "psnr": 27.82615852355957,
    "ms-ssim": 0.9610487818717957,
    "bpp": 0.40323062086700956,
    "encoding_time": 1.5868961811065674,
    "decoding_time": 1.047365427017212
}