{
    "image_name": "sergey-zolkin-1045.png",
    "mse": 0.0004535095067694783,
    "psnr": 33.421958923339844,
    "ms-ssim": 0.9715588092803955,
    "bpp": 0.11517857142857142,
    "encoding_time": 1.268812656402588,
    "decoding_time": 1.308814287185669
}