{
    "mean_loss": 0.19342090681173899,
    "mean_bpp": 0.19119365699749613,
    "mean_psnr": 30.24808469632777,
    "mean_msssim": 0.9777275018575715,
    "mean_msssim_dB": 16.52231068613688,
    "mean_enc_time": 0.6383317389139315,
    "mean_dec_time": 0.6881435964165664
}