{
    "image_name": "martin-wessely-211.png",
    "mse": 0.002823140472173691,
    "psnr": 25.490896224975586,
    "ms-ssim": 0.9598907828330994,
    "bpp": 0.37994791666666666,
    "encoding_time": 0.18534493446350098,
    "decoding_time": 0.29454874992370605
}