{
    "image_name": "mullermarc-184.png",
    "mse": 0.0009032875532284379,
    "psnr": 30.436025619506836,
    "ms-ssim": 0.9816166162490845,
    "bpp": 0.20159825319695382,
    "encoding_time": 0.45403313636779785,
    "decoding_time": 0.3237133026123047
}