{
    "image_name": "schicka-307.png",
    "mse": 0.00041553121991455555,
    "psnr": 33.800506591796875,
    "ms-ssim": 0.9819661974906921,
    "bpp": 0.13883463541666666,
    "encoding_time": 0.13075470924377441,
    "decoding_time": 0.13976430892944336
}