{
    "image_name": "philipp-reiner-207.png",
    "mse": 0.0024499723222106695,
    "psnr": 26.106304168701172,
    "ms-ssim": 0.9692518711090088,
    "bpp": 0.2809135802469136,
    "encoding_time": 0.5588042736053467,
    "decoding_time": 0.45247793197631836
}