{
    "image_name": "todd-quackenbush-27493.png",
    "mse": 0.0004930358263663948,
    "psnr": 33.06043243408203,
    "ms-ssim": 0.9884905815124512,
    "bpp": 0.09381050338818973,
    "encoding_time": 0.5564732551574707,
    "decoding_time": 0.5185971260070801
}