{
    "image_name": "gian-reto-tarnutzer-45212.png",
    "mse": 0.001205254695378244,
    "psnr": 29.184648513793945,
    "ms-ssim": 0.9726871848106384,
    "bpp": 0.2819457116788321,
    "encoding_time": 0.8779139518737793,
    "decoding_time": 1.0621354579925537
}