{
    "image_name": "jeremy-cai-1174.png",
    "mse": 0.0008074901415966451,
    "psnr": 30.9221134185791,
    "ms-ssim": 0.9877771139144897,
    "bpp": 0.13290881994309714,
    "encoding_time": 0.6330804824829102,
    "decoding_time": 0.6999804973602295
}