{
    "image_name": "casey-fyfe-999.png",
    "mse": 0.0005471776821650565,
    "psnr": 32.60890197753906,
    "ms-ssim": 0.969292163848877,
    "bpp": 0.21599264705882354,
    "encoding_time": 0.7996494770050049,
    "decoding_time": 0.7274880409240723
}