{
    "image_name": "felix-russell-saw-140699.png",
    "mse": 0.0005190440570004284,
    "psnr": 32.837623596191406,
    "ms-ssim": 0.9761743545532227,
    "bpp": 0.14142416074491546,
    "encoding_time": 0.6801719665527344,
    "decoding_time": 0.7960426807403564
}