{
    "image_name": "wojciech-szaturski-3611.png",
    "mse": 0.001387957134284079,
    "psnr": 28.572471618652344,
    "ms-ssim": 0.9775668382644653,
    "bpp": 0.20491856801184466,
    "encoding_time": 0.7915418148040771,
    "decoding_time": 1.2127127647399902
}