{
    "image_name": "jared-erondu-21325.png",
    "mse": 0.00046827193000353873,
    "psnr": 33.28345489501953,
    "ms-ssim": 0.9794254302978516,
    "bpp": 0.1465315934065934,
    "encoding_time": 0.8629207611083984,
    "decoding_time": 0.9245376586914062
}