{
    "image_name": "davide-ragusa-716.png",
    "mse": 0.0006672506569884717,
    "psnr": 31.74907875061035,
    "ms-ssim": 0.9826065301895142,
    "bpp": 0.1471805932493414,
    "encoding_time": 0.4923863410949707,
    "decoding_time": 0.522099494934082
}