{
    "image_name": "nomao-saeki-33553.png",
    "mse": 0.0004102209641132504,
    "psnr": 33.85628890991211,
    "ms-ssim": 0.9790880084037781,
    "bpp": 0.11431643484626647,
    "encoding_time": 0.6594865322113037,
    "decoding_time": 0.6582169532775879
}