{
    "image_name": "alexander-shustov-73.png",
    "mse": 0.003213791409507394,
    "psnr": 24.928115844726562,
    "ms-ssim": 0.9656819701194763,
    "bpp": 0.34621831373989714,
    "encoding_time": 0.9175195693969727,
    "decoding_time": 0.6348962783813477
}