{
    "image_name": "dogancan-ozturan-395.png",
    "mse": 0.00099885871168226,
    "psnr": 29.99955940246582,
    "ms-ssim": 0.9842559695243835,
    "bpp": 0.14577854671280277,
    "encoding_time": 0.4992685317993164,
    "decoding_time": 0.5702347755432129
}