{
    "image_name": "martyn-seddon-220.png",
    "mse": 0.0007328629144467413,
    "psnr": 31.34227180480957,
    "ms-ssim": 0.9740885496139526,
    "bpp": 0.22463369963369964,
    "encoding_time": 0.5326316356658936,
    "decoding_time": 0.5873630046844482
}