{
    "image_name": "veeterzy-82537.png",
    "mse": 0.0013272177893668413,
    "psnr": 28.766347885131836,
    "ms-ssim": 0.9752376079559326,
    "bpp": 0.24074624816983894,
    "encoding_time": 0.5478041172027588,
    "decoding_time": 0.8187277317047119
}