{
    "image_name": "todd-quackenbush-222.png",
    "mse": 0.0022354803513735533,
    "psnr": 26.50394630432129,
    "ms-ssim": 0.9658970236778259,
    "bpp": 0.2882308276385725,
    "encoding_time": 0.14718890190124512,
    "decoding_time": 0.13027143478393555
}