{
    "image_name": "zugr-108.png",
    "mse": 0.0005179580766707659,
    "psnr": 32.84724426269531,
    "ms-ssim": 0.9871748685836792,
    "bpp": 0.0967948717948718,
    "encoding_time": 0.6093578338623047,
    "decoding_time": 0.7800095081329346
}