{
    "image_name": "thong-vo-428.png",
    "mse": 0.002021061023697257,
    "psnr": 26.941585540771484,
    "ms-ssim": 0.9727649688720703,
    "bpp": 0.27767985899695563,
    "encoding_time": 0.3154432773590088,
    "decoding_time": 0.3102688789367676
}