{
    "image_name": "philippe-wuyts-45997.png",
    "mse": 0.0011295776348561049,
    "psnr": 29.466106414794922,
    "ms-ssim": 0.9715875387191772,
    "bpp": 0.302937107699906,
    "encoding_time": 0.7408745288848877,
    "decoding_time": 0.9131042957305908
}