{
    "image_name": "kazuend-28556.png",
    "mse": 0.0003771654446609318,
    "psnr": 34.22013854980469,
    "ms-ssim": 0.9873411655426025,
    "bpp": 0.08616071428571428,
    "encoding_time": 0.7911660671234131,
    "decoding_time": 0.9192030429840088
}