{
    "image_name": "roberto-nickson-48063.png",
    "mse": 0.0004412485286593437,
    "psnr": 33.54136657714844,
    "ms-ssim": 0.9842347502708435,
    "bpp": 0.09970238095238096,
    "encoding_time": 0.6232306957244873,
    "decoding_time": 1.1425495147705078
}