{
    "image_name": "sergey-zolkin-21232.png",
    "mse": 0.0003904935729224235,
    "psnr": 34.06999588012695,
    "ms-ssim": 0.9861130714416504,
    "bpp": 0.08876238348296972,
    "encoding_time": 0.9571382999420166,
    "decoding_time": 0.9210283756256104
}