{
    "image_name": "vita-vilcina-3055.png",
    "mse": 0.002194636268541217,
    "psnr": 26.583858489990234,
    "ms-ssim": 0.9870963096618652,
    "bpp": 0.17269331975214328,
    "encoding_time": 0.5869436264038086,
    "decoding_time": 0.6409966945648193
}