{
    "image_name": "ales-krivec-15949.png",
    "mse": 0.0004288538475520909,
    "psnr": 33.663944244384766,
    "ms-ssim": 0.9863336086273193,
    "bpp": 0.11554345538720538,
    "encoding_time": 0.48656511306762695,
    "decoding_time": 0.618945837020874
}