{
    "image_name": "stefan-kunze-26931.png",
    "mse": 0.0010597476502880454,
    "psnr": 29.742889404296875,
    "ms-ssim": 0.9787636995315552,
    "bpp": 0.21600676664228238,
    "encoding_time": 0.6967658996582031,
    "decoding_time": 0.753936767578125
}