{
    "image_name": "clem-onojeghuo-33741.png",
    "mse": 0.0011558168334886432,
    "psnr": 29.366317749023438,
    "ms-ssim": 0.9758280515670776,
    "bpp": 0.22859432234432234,
    "encoding_time": 0.6120738983154297,
    "decoding_time": 1.1107468605041504
}