{
    "image_name": "daniel-robert-405.png",
    "mse": 0.0015679385978728533,
    "psnr": 28.043437957763672,
    "ms-ssim": 0.9731572866439819,
    "bpp": 0.26206635071090045,
    "encoding_time": 0.9014179706573486,
    "decoding_time": 0.38704371452331543
}