{
    "image_name": "allef-vinicius-109434.png",
    "mse": 0.0005188268842175603,
    "psnr": 32.83932876586914,
    "ms-ssim": 0.9693244695663452,
    "bpp": 0.13391712454212454,
    "encoding_time": 0.9345414638519287,
    "decoding_time": 0.8432238101959229
}