{
    "image_name": "benjamin-sloth-lindgreen-705.png",
    "mse": 0.0011529400944709778,
    "psnr": 29.377193450927734,
    "ms-ssim": 0.9751678705215454,
    "bpp": 0.2364697802197802,
    "encoding_time": 0.7372901439666748,
    "decoding_time": 0.7225396633148193
}