{
    "image_name": "sergey-zolkin-1045.png",
    "mse": 0.0008383808890357614,
    "psnr": 30.75885772705078,
    "ms-ssim": 0.9821581840515137,
    "bpp": 0.15030906593406593,
    "encoding_time": 0.5942704677581787,
    "decoding_time": 1.1925365924835205
}