{
    "image_name": "alberto-montalesi-176097.png",
    "mse": 0.0004495717876125127,
    "psnr": 33.459938049316406,
    "ms-ssim": 0.9694511890411377,
    "bpp": 0.13248578503301542,
    "encoding_time": 0.7061262130737305,
    "decoding_time": 0.8096203804016113
}