{
    "image_name": "michael-durana-82941.png",
    "mse": 0.0012330167228356004,
    "psnr": 29.086036682128906,
    "ms-ssim": 0.9809588193893433,
    "bpp": 0.1525526556776557,
    "encoding_time": 0.73097825050354,
    "decoding_time": 0.9045670032501221
}