{
    "mean_loss": 0.3002226588864327,
    "mean_bpp": 0.298802,
    "mean_psnr": 31.65923889160156,
    "mean_msssim": 0.9857934111356735,
    "mean_msssim_dB": 18.475101877473605,
    "mean_enc_time": 0.44428646326065063,
    "mean_dec_time": 0.49196304321289064
}