{
    "image_name": "RGB_OR_1200x1200_089.png",
    "mse": 0.0010484624654054642,
    "psnr": 29.789113998413086,
    "ms-ssim": 0.9828159213066101,
    "bpp": 0.37262222222222224,
    "encoding_time": 0.395488977432251,
    "decoding_time": 0.5474128723144531
}