{
    "image_name": "RGB_OR_1200x1200_001.png",
    "mse": 0.0005721282796002924,
    "psnr": 32.41551971435547,
    "ms-ssim": 0.9909285306930542,
    "bpp": 0.18115555555555554,
    "encoding_time": 0.462238073348999,
    "decoding_time": 0.4653151035308838
}