{
    "image_name": "RGB_OR_1200x1200_023.png",
    "mse": 0.0016102348454296589,
    "psnr": 27.927845001220703,
    "ms-ssim": 0.9855424761772156,
    "bpp": 0.2750888888888889,
    "encoding_time": 0.35045385360717773,
    "decoding_time": 0.46383070945739746
}