{
    "image_name": "RGB_OR_1200x1200_093.png",
    "mse": 0.0004120334342587739,
    "psnr": 33.83411407470703,
    "ms-ssim": 0.9902522563934326,
    "bpp": 0.22744444444444445,
    "encoding_time": 0.514225959777832,
    "decoding_time": 0.46424031257629395
}