{
    "image_name": "RGB_OR_1200x1200_067.png",
    "mse": 0.0006335147190839052,
    "psnr": 31.974092483520508,
    "ms-ssim": 0.9820663928985596,
    "bpp": 0.27655555555555555,
    "encoding_time": 0.32700300216674805,
    "decoding_time": 0.4049386978149414
}