{
    "image_name": "RGB_OR_1200x1200_083.png",
    "mse": 0.0007138231885619462,
    "psnr": 31.45644760131836,
    "ms-ssim": 0.9891397356987,
    "bpp": 0.19517777777777778,
    "encoding_time": 0.3378937244415283,
    "decoding_time": 0.3527791500091553
}