{
    "image_name": "RGB_OR_1200x1200_072.png",
    "mse": 0.0013439031317830086,
    "psnr": 28.7122745513916,
    "ms-ssim": 0.9871349334716797,
    "bpp": 0.32466666666666666,
    "encoding_time": 0.637204647064209,
    "decoding_time": 0.5157804489135742
}