{
    "image_name": "RGB_OR_1200x1200_012.png",
    "mse": 0.0007077462505549192,
    "psnr": 31.493541717529297,
    "ms-ssim": 0.9882184863090515,
    "bpp": 0.2142,
    "encoding_time": 0.518423318862915,
    "decoding_time": 0.4599611759185791
}