{
    "image_name": "RGB_OR_1200x1200_077.png",
    "mse": 0.0004335367411840707,
    "psnr": 33.61682891845703,
    "ms-ssim": 0.9703441858291626,
    "bpp": 0.4536222222222222,
    "encoding_time": 0.9157090187072754,
    "decoding_time": 0.49680376052856445
}