{
    "image_name": "RGB_OR_1200x1200_064.png",
    "mse": 0.0008498648530803621,
    "psnr": 30.700414657592773,
    "ms-ssim": 0.9870330095291138,
    "bpp": 0.3303333333333333,
    "encoding_time": 0.31147146224975586,
    "decoding_time": 0.39133715629577637
}