{
    "image_name": "RGB_OR_1200x1200_073.png",
    "mse": 0.00029421501676552,
    "psnr": 35.296470642089844,
    "ms-ssim": 0.9878126978874207,
    "bpp": 0.14666666666666667,
    "encoding_time": 0.38457560539245605,
    "decoding_time": 0.38513922691345215
}