{
    "image_name": "RGB_OR_1200x1200_041.png",
    "mse": 0.0007269635680131614,
    "psnr": 31.377826690673828,
    "ms-ssim": 0.9859175086021423,
    "bpp": 0.3011333333333333,
    "encoding_time": 0.5822620391845703,
    "decoding_time": 0.28632450103759766
}