{
    "image_name": "RGB_OR_1200x1200_099.png",
    "mse": 0.0006253100000321865,
    "psnr": 32.03004455566406,
    "ms-ssim": 0.9823766946792603,
    "bpp": 0.3589555555555556,
    "encoding_time": 0.2818913459777832,
    "decoding_time": 0.4111602306365967
}