{
    "image_name": "RGB_OR_1200x1200_002.png",
    "mse": 0.000360042235115543,
    "psnr": 34.421714782714844,
    "ms-ssim": 0.9905667304992676,
    "bpp": 0.12615555555555555,
    "encoding_time": 0.4253406524658203,
    "decoding_time": 0.4224982261657715
}