{
    "image_name": "RGB_OR_1200x1200_005.png",
    "mse": 0.0006345189758576453,
    "psnr": 31.96666145324707,
    "ms-ssim": 0.9852694869041443,
    "bpp": 0.32637777777777777,
    "encoding_time": 0.3288896083831787,
    "decoding_time": 0.5660169124603271
}