{
    "image_name": "RGB_OR_1200x1200_014.png",
    "mse": 0.0005716693121939898,
    "psnr": 32.418731689453125,
    "ms-ssim": 0.9903601408004761,
    "bpp": 0.1963777777777778,
    "encoding_time": 0.6610677242279053,
    "decoding_time": 0.5940415859222412
}