{
    "image_name": "RGB_OR_1200x1200_090.png",
    "mse": 0.001615550834685564,
    "psnr": 27.913616180419922,
    "ms-ssim": 0.9824519157409668,
    "bpp": 0.45782222222222224,
    "encoding_time": 0.35623693466186523,
    "decoding_time": 0.5581519603729248
}