{
    "image_name": "RGB_OR_1200x1200_076.png",
    "mse": 0.0006831076461821795,
    "psnr": 31.647449493408203,
    "ms-ssim": 0.9879438281059265,
    "bpp": 0.16184444444444446,
    "encoding_time": 0.40524864196777344,
    "decoding_time": 0.35430097579956055
}