{
    "image_name": "RGB_OR_1200x1200_052.png",
    "mse": 0.0006982125341892242,
    "psnr": 31.552654266357422,
    "ms-ssim": 0.9880308508872986,
    "bpp": 0.3045333333333333,
    "encoding_time": 0.3879885673522949,
    "decoding_time": 0.4679298400878906
}