{
    "image_name": "RGB_OR_1200x1200_054.png",
    "mse": 0.0006207213154993951,
    "psnr": 32.06291961669922,
    "ms-ssim": 0.9878818988800049,
    "bpp": 0.2904,
    "encoding_time": 0.29305338859558105,
    "decoding_time": 0.3102293014526367
}