{
    "image_name": "RGB_OR_1200x1200_059.png",
    "mse": 0.0027581332251429558,
    "psnr": 25.591907501220703,
    "ms-ssim": 0.9796740412712097,
    "bpp": 0.49166666666666664,
    "encoding_time": 0.36416053771972656,
    "decoding_time": 0.6369166374206543
}