{
    "image_name": "RGB_OR_1200x1200_036.png",
    "mse": 0.0001774659613147378,
    "psnr": 37.4782829284668,
    "ms-ssim": 0.9894404411315918,
    "bpp": 0.1410888888888889,
    "encoding_time": 0.3665351867675781,
    "decoding_time": 0.3485829830169678
}