{
    "image_name": "RGB_OR_1200x1200_021.png",
    "mse": 0.0008554248488508165,
    "psnr": 30.671337127685547,
    "ms-ssim": 0.9907404184341431,
    "bpp": 0.1962,
    "encoding_time": 0.3523986339569092,
    "decoding_time": 0.29031896591186523
}