{
    "image_name": "RGB_OR_1200x1200_038.png",
    "mse": 0.00036353495670482516,
    "psnr": 34.3797607421875,
    "ms-ssim": 0.9893674254417419,
    "bpp": 0.20466666666666666,
    "encoding_time": 0.41973352432250977,
    "decoding_time": 0.48028039932250977
}