{
    "image_name": "RGB_OR_1200x1200_007.png",
    "mse": 0.0008654590346850455,
    "psnr": 30.621334075927734,
    "ms-ssim": 0.9886056780815125,
    "bpp": 0.25295555555555554,
    "encoding_time": 0.35930514335632324,
    "decoding_time": 0.5336344242095947
}