{
    "image_name": "RGB_OR_1200x1200_080.png",
    "mse": 0.0003265458799432963,
    "psnr": 34.84425354003906,
    "ms-ssim": 0.986751914024353,
    "bpp": 0.2212888888888889,
    "encoding_time": 0.38835906982421875,
    "decoding_time": 0.35675048828125
}