{
    "image_name": "RGB_OR_1200x1200_019.png",
    "mse": 0.000690114451572299,
    "psnr": 31.602657318115234,
    "ms-ssim": 0.9852442145347595,
    "bpp": 0.3076,
    "encoding_time": 0.5705893039703369,
    "decoding_time": 0.34066128730773926
}