{
    "image_name": "RGB_OR_1200x1200_100.png",
    "mse": 0.00017732233391143382,
    "psnr": 37.4853515625,
    "ms-ssim": 0.9928209781646729,
    "bpp": 0.1734,
    "encoding_time": 0.38550519943237305,
    "decoding_time": 0.5126368999481201
}