{
    "image_name": "RGB_OR_1200x1200_094.png",
    "mse": 0.0014821887016296387,
    "psnr": 28.28738784790039,
    "ms-ssim": 0.9879152178764343,
    "bpp": 0.27628888888888886,
    "encoding_time": 0.37733936309814453,
    "decoding_time": 0.5432817935943604
}