{
    "image_name": "RGB_OR_1200x1200_051.png",
    "mse": 0.0003390061028767377,
    "psnr": 34.6820068359375,
    "ms-ssim": 0.986544132232666,
    "bpp": 0.23175555555555555,
    "encoding_time": 0.3004641532897949,
    "decoding_time": 0.6959977149963379
}