{
    "image_name": "RGB_OR_1200x1200_020.png",
    "mse": 0.0007926999824121594,
    "psnr": 31.002138137817383,
    "ms-ssim": 0.9810740947723389,
    "bpp": 0.43335555555555555,
    "encoding_time": 0.4487471580505371,
    "decoding_time": 0.5349409580230713
}