{
    "image_name": "RGB_OR_1200x1200_074.png",
    "mse": 0.0002678017772268504,
    "psnr": 35.701934814453125,
    "ms-ssim": 0.9820839762687683,
    "bpp": 0.27655555555555555,
    "encoding_time": 0.4527568817138672,
    "decoding_time": 0.6683554649353027
}