{
    "image_name": "RGB_OR_1200x1200_091.png",
    "mse": 0.00048553268425166607,
    "psnr": 33.130802154541016,
    "ms-ssim": 0.9917396903038025,
    "bpp": 0.21133333333333335,
    "encoding_time": 0.32230591773986816,
    "decoding_time": 0.365358829498291
}