{
    "image_name": "RGB_OR_1200x1200_060.png",
    "mse": 0.0005697222077287734,
    "psnr": 32.43392562866211,
    "ms-ssim": 0.9880528450012207,
    "bpp": 0.2414,
    "encoding_time": 0.34087562561035156,
    "decoding_time": 0.37347936630249023
}