{
    "image_name": "RGB_OR_1200x1200_049.png",
    "mse": 0.0006323145935311913,
    "psnr": 31.982074737548828,
    "ms-ssim": 0.9893484115600586,
    "bpp": 0.25808888888888887,
    "encoding_time": 0.5793004035949707,
    "decoding_time": 0.5032293796539307
}