{
    "image_name": "RGB_OR_1200x1200_066.png",
    "mse": 0.0005404496914707124,
    "psnr": 32.66230010986328,
    "ms-ssim": 0.9870817065238953,
    "bpp": 0.22502222222222223,
    "encoding_time": 0.5029709339141846,
    "decoding_time": 0.7839031219482422
}