{
    "image_name": "RGB_OR_1200x1200_006.png",
    "mse": 0.0003699858789332211,
    "psnr": 34.30369567871094,
    "ms-ssim": 0.9819374084472656,
    "bpp": 0.3934888888888889,
    "encoding_time": 0.40508604049682617,
    "decoding_time": 0.5658552646636963
}