{
    "image_name": "RGB_OR_1200x1200_009.png",
    "mse": 0.0004308063071221113,
    "psnr": 33.644134521484375,
    "ms-ssim": 0.9921964406967163,
    "bpp": 0.1574222222222222,
    "encoding_time": 0.42520761489868164,
    "decoding_time": 0.30032992362976074
}