{
    "image_name": "RGB_OR_1200x1200_058.png",
    "mse": 0.0006589441909454763,
    "psnr": 31.803016662597656,
    "ms-ssim": 0.9864526987075806,
    "bpp": 0.2725111111111111,
    "encoding_time": 0.35394930839538574,
    "decoding_time": 0.3578312397003174
}