{
    "image_name": "RGB_OR_1200x1200_071.png",
    "mse": 0.0005632691900245845,
    "psnr": 32.48316955566406,
    "ms-ssim": 0.9855252504348755,
    "bpp": 0.19557777777777777,
    "encoding_time": 0.3634049892425537,
    "decoding_time": 0.4433555603027344
}