{
    "image_name": "RGB_OR_1200x1200_063.png",
    "mse": 0.0003723698027897626,
    "psnr": 34.2757568359375,
    "ms-ssim": 0.9876100420951843,
    "bpp": 0.1852888888888889,
    "encoding_time": 0.316680908203125,
    "decoding_time": 0.37886738777160645
}