{
    "image_name": "RGB_OR_1200x1200_061.png",
    "mse": 0.0013045478845015168,
    "psnr": 28.84146499633789,
    "ms-ssim": 0.9827852249145508,
    "bpp": 0.4396,
    "encoding_time": 0.5366730690002441,
    "decoding_time": 0.44353508949279785
}