{
    "image_name": "RGB_OR_1200x1200_039.png",
    "mse": 0.0008534520748071373,
    "psnr": 30.68194007873535,
    "ms-ssim": 0.9851791262626648,
    "bpp": 0.3446222222222222,
    "encoding_time": 0.33461785316467285,
    "decoding_time": 0.5835356712341309
}