{
    "image_name": "RGB_OR_1200x1200_024.png",
    "mse": 0.0023218104615807533,
    "psnr": 26.339405059814453,
    "ms-ssim": 0.9842818975448608,
    "bpp": 0.36706666666666665,
    "encoding_time": 0.5486147403717041,
    "decoding_time": 0.5050873756408691
}