{
    "image_name": "RGB_OR_1200x1200_010.png",
    "mse": 0.00046681659296154976,
    "psnr": 33.29695129394531,
    "ms-ssim": 0.9855901598930359,
    "bpp": 0.33364444444444447,
    "encoding_time": 0.39752936363220215,
    "decoding_time": 0.5184421539306641
}