{
    "image_name": "RGB_OR_1200x1200_030.png",
    "mse": 0.0009514552657492459,
    "psnr": 30.21027374267578,
    "ms-ssim": 0.981968104839325,
    "bpp": 0.41446666666666665,
    "encoding_time": 0.27996277809143066,
    "decoding_time": 0.38724327087402344
}