{
    "image_name": "RGB_OR_1200x1200_027.png",
    "mse": 0.0008933685021474957,
    "psnr": 30.483671188354492,
    "ms-ssim": 0.9872238039970398,
    "bpp": 0.3031333333333333,
    "encoding_time": 0.41565704345703125,
    "decoding_time": 0.3535330295562744
}