{
    "image_name": "RGB_OR_1200x1200_069.png",
    "mse": 0.0011017211945727468,
    "psnr": 29.57441520690918,
    "ms-ssim": 0.9876918792724609,
    "bpp": 0.24646666666666667,
    "encoding_time": 0.2640547752380371,
    "decoding_time": 0.37000298500061035
}