{
    "image_name": "RGB_OR_1200x1200_075.png",
    "mse": 0.0006146564846858382,
    "psnr": 32.104949951171875,
    "ms-ssim": 0.9836301803588867,
    "bpp": 0.24915555555555555,
    "encoding_time": 0.543964147567749,
    "decoding_time": 0.44409728050231934
}