{
    "image_name": "RGB_OR_1200x1200_079.png",
    "mse": 0.001208901172503829,
    "psnr": 29.171310424804688,
    "ms-ssim": 0.9922560453414917,
    "bpp": 0.18257777777777778,
    "encoding_time": 0.32126355171203613,
    "decoding_time": 0.6947340965270996
}