{
    "image_name": "RGB_OR_1200x1200_092.png",
    "mse": 0.000433013221481815,
    "psnr": 33.6226806640625,
    "ms-ssim": 0.981041431427002,
    "bpp": 0.2010888888888889,
    "encoding_time": 0.5143532752990723,
    "decoding_time": 0.3774571418762207
}