{
    "image_name": "RGB_OR_1200x1200_081.png",
    "mse": 0.0008687954978086054,
    "psnr": 30.604597091674805,
    "ms-ssim": 0.9886590242385864,
    "bpp": 0.24293333333333333,
    "encoding_time": 0.6432814598083496,
    "decoding_time": 0.3900465965270996
}