{
    "image_name": "RGB_OR_1200x1200_016.png",
    "mse": 0.0018352881306782365,
    "psnr": 27.36000633239746,
    "ms-ssim": 0.9816750884056091,
    "bpp": 0.4498666666666667,
    "encoding_time": 0.5707218647003174,
    "decoding_time": 0.6579194068908691
}