{
    "image_name": "RGB_OR_1200x1200_026.png",
    "mse": 0.002400382421910763,
    "psnr": 26.194931030273438,
    "ms-ssim": 0.984987735748291,
    "bpp": 0.3933111111111111,
    "encoding_time": 0.27171874046325684,
    "decoding_time": 0.4409754276275635
}