{
    "image_name": "RGB_OR_1200x1200_087.png",
    "mse": 0.0018640419002622366,
    "psnr": 27.2925968170166,
    "ms-ssim": 0.9788012504577637,
    "bpp": 0.5446444444444445,
    "encoding_time": 0.6461472511291504,
    "decoding_time": 0.5584859848022461
}