{
    "image_name": "RGB_OR_1200x1200_034.png",
    "mse": 0.00046279560774564743,
    "psnr": 33.33473205566406,
    "ms-ssim": 0.9906558394432068,
    "bpp": 0.1998888888888889,
    "encoding_time": 0.6548388004302979,
    "decoding_time": 0.47282862663269043
}