{
    "image_name": "RGB_OR_1200x1200_042.png",
    "mse": 0.0005016024224460125,
    "psnr": 32.98583221435547,
    "ms-ssim": 0.9855350852012634,
    "bpp": 0.2846666666666667,
    "encoding_time": 0.305997371673584,
    "decoding_time": 0.5687160491943359
}