{
    "image_name": "RGB_OR_1200x1200_097.png",
    "mse": 0.0008235865971073508,
    "psnr": 30.83658790588379,
    "ms-ssim": 0.9910645484924316,
    "bpp": 0.17395555555555556,
    "encoding_time": 0.48657679557800293,
    "decoding_time": 0.35721468925476074
}