{
    "image_name": "RGB_OR_1200x1200_029.png",
    "mse": 0.0005556488176807761,
    "psnr": 32.542030334472656,
    "ms-ssim": 0.9881173968315125,
    "bpp": 0.2657555555555556,
    "encoding_time": 0.6470582485198975,
    "decoding_time": 0.517540454864502
}