{
    "image_name": "RGB_OR_1200x1200_015.png",
    "mse": 0.00030616065487265587,
    "psnr": 35.121795654296875,
    "ms-ssim": 0.9923666715621948,
    "bpp": 0.10697777777777778,
    "encoding_time": 0.3092930316925049,
    "decoding_time": 0.3510556221008301
}