{
    "image_name": "RGB_OR_1200x1200_046.png",
    "mse": 0.0007892911089584231,
    "psnr": 31.0207462310791,
    "ms-ssim": 0.9812440872192383,
    "bpp": 0.4428888888888889,
    "encoding_time": 0.376312255859375,
    "decoding_time": 0.42540645599365234
}