{
    "image_name": "RGB_OR_1200x1200_017.png",
    "mse": 0.0007268820190802217,
    "psnr": 31.37763786315918,
    "ms-ssim": 0.9869419932365417,
    "bpp": 0.32466666666666666,
    "encoding_time": 0.42977237701416016,
    "decoding_time": 0.35680127143859863
}