{
    "image_name": "RGB_OR_1200x1200_096.png",
    "mse": 0.0004027482063975185,
    "psnr": 33.936424255371094,
    "ms-ssim": 0.9783253073692322,
    "bpp": 0.3063777777777778,
    "encoding_time": 0.5726170539855957,
    "decoding_time": 0.48023223876953125
}