{
    "image_name": "RGB_OR_1200x1200_082.png",
    "mse": 0.0013602611143141985,
    "psnr": 28.659765243530273,
    "ms-ssim": 0.9767608642578125,
    "bpp": 0.5636666666666666,
    "encoding_time": 0.6104245185852051,
    "decoding_time": 0.46059107780456543
}