{
    "image_name": "RGB_OR_1200x1200_065.png",
    "mse": 0.0017011261079460382,
    "psnr": 27.68944549560547,
    "ms-ssim": 0.9816676378250122,
    "bpp": 0.32424444444444445,
    "encoding_time": 0.428999662399292,
    "decoding_time": 0.7754802703857422
}