{
    "image_name": "RGB_OR_1200x1200_031.png",
    "mse": 0.0007415814325213432,
    "psnr": 31.291351318359375,
    "ms-ssim": 0.9876696467399597,
    "bpp": 0.34328888888888887,
    "encoding_time": 0.35236144065856934,
    "decoding_time": 0.47665905952453613
}