{
    "image_name": "RGB_OR_1200x1200_011.png",
    "mse": 0.001386996591463685,
    "psnr": 28.575531005859375,
    "ms-ssim": 0.9864896535873413,
    "bpp": 0.3373111111111111,
    "encoding_time": 0.4039499759674072,
    "decoding_time": 0.5863997936248779
}