{
    "image_name": "RGB_OR_1200x1200_022.png",
    "mse": 0.000467572855995968,
    "psnr": 33.289573669433594,
    "ms-ssim": 0.9855246543884277,
    "bpp": 0.295,
    "encoding_time": 0.5205185413360596,
    "decoding_time": 0.6895089149475098
}