{
    "image_name": "RGB_OR_1200x1200_086.png",
    "mse": 0.0008630873635411263,
    "psnr": 30.633024215698242,
    "ms-ssim": 0.9766351580619812,
    "bpp": 0.6074888888888889,
    "encoding_time": 0.359281063079834,
    "decoding_time": 0.3958754539489746
}