{
    "image_name": "RGB_OR_1200x1200_053.png",
    "mse": 0.00043071669642813504,
    "psnr": 33.64630889892578,
    "ms-ssim": 0.9929254055023193,
    "bpp": 0.13837777777777777,
    "encoding_time": 0.36489129066467285,
    "decoding_time": 0.32445716857910156
}