{
    "image_name": "RGB_OR_1200x1200_045.png",
    "mse": 0.0005470207543112338,
    "psnr": 32.610355377197266,
    "ms-ssim": 0.9863133430480957,
    "bpp": 0.22706666666666667,
    "encoding_time": 0.26556944847106934,
    "decoding_time": 1.0780150890350342
}