{
    "image_name": "RGB_OR_1200x1200_088.png",
    "mse": 0.0006422867882065475,
    "psnr": 31.914522171020508,
    "ms-ssim": 0.9873093962669373,
    "bpp": 0.3085111111111111,
    "encoding_time": 0.3705463409423828,
    "decoding_time": 0.46079325675964355
}