{
    "image_name": "RGB_OR_1200x1200_035.png",
    "mse": 0.0008580999565310776,
    "psnr": 30.658517837524414,
    "ms-ssim": 0.9863976836204529,
    "bpp": 0.3084222222222222,
    "encoding_time": 0.328641414642334,
    "decoding_time": 0.4714162349700928
}