{
    "image_name": "RGB_OR_1200x1200_037.png",
    "mse": 0.0005148877389729023,
    "psnr": 32.87232208251953,
    "ms-ssim": 0.9867762327194214,
    "bpp": 0.29006666666666664,
    "encoding_time": 0.40784406661987305,
    "decoding_time": 0.5511560440063477
}