{
    "image_name": "RGB_OR_1200x1200_078.png",
    "mse": 0.0004922813386656344,
    "psnr": 33.066768646240234,
    "ms-ssim": 0.9891046285629272,
    "bpp": 0.17713333333333334,
    "encoding_time": 0.33263611793518066,
    "decoding_time": 0.6480638980865479
}