{
    "image_name": "RGB_OR_1200x1200_085.png",
    "mse": 0.00047913691378198564,
    "psnr": 33.183956146240234,
    "ms-ssim": 0.9807745814323425,
    "bpp": 0.3567111111111111,
    "encoding_time": 0.5245249271392822,
    "decoding_time": 0.5487463474273682
}