{
    "image_name": "RGB_OR_1200x1200_044.png",
    "mse": 0.00040795153472572565,
    "psnr": 33.880531311035156,
    "ms-ssim": 0.9840561747550964,
    "bpp": 0.3369111111111111,
    "encoding_time": 0.406261682510376,
    "decoding_time": 0.30223536491394043
}