{
    "image_name": "RGB_OR_1200x1200_040.png",
    "mse": 0.0007078615599311888,
    "psnr": 31.492902755737305,
    "ms-ssim": 0.9853438138961792,
    "bpp": 0.3184444444444444,
    "encoding_time": 0.5418663024902344,
    "decoding_time": 0.5327794551849365
}