{
    "image_name": "RGB_OR_1200x1200_008.png",
    "mse": 0.0007181010441854596,
    "psnr": 31.4305362701416,
    "ms-ssim": 0.9834792017936707,
    "bpp": 0.38884444444444444,
    "encoding_time": 0.31480932235717773,
    "decoding_time": 0.5107696056365967
}