{
    "image_name": "RGB_OR_1200x1200_095.png",
    "mse": 0.002280974527820945,
    "psnr": 26.416336059570312,
    "ms-ssim": 0.9792215824127197,
    "bpp": 0.5214666666666666,
    "encoding_time": 0.3680408000946045,
    "decoding_time": 0.469973087310791
}