{
    "image_name": "RGB_OR_1200x1200_050.png",
    "mse": 0.0005492764175869524,
    "psnr": 32.59226608276367,
    "ms-ssim": 0.9828135371208191,
    "bpp": 0.31075555555555556,
    "encoding_time": 0.7609894275665283,
    "decoding_time": 0.5726242065429688
}