{
    "image_name": "RGB_OR_1200x1200_028.png",
    "mse": 0.00023563324066344649,
    "psnr": 36.25440979003906,
    "ms-ssim": 0.9903964400291443,
    "bpp": 0.1837777777777778,
    "encoding_time": 0.48728132247924805,
    "decoding_time": 0.5187873840332031
}