{
    "image_name": "RGB_OR_1200x1200_043.png",
    "mse": 0.0012974105775356293,
    "psnr": 28.865144729614258,
    "ms-ssim": 0.9802570343017578,
    "bpp": 0.5179777777777778,
    "encoding_time": 0.41827940940856934,
    "decoding_time": 0.5217931270599365
}