{
    "image_name": "RGB_OR_1200x1200_055.png",
    "mse": 0.0006848176126368344,
    "psnr": 31.636428833007812,
    "ms-ssim": 0.990015983581543,
    "bpp": 0.26566666666666666,
    "encoding_time": 0.4923415184020996,
    "decoding_time": 0.7792520523071289
}