{
    "image_name": "RGB_OR_1200x1200_032.png",
    "mse": 0.0010021108901128173,
    "psnr": 29.985063552856445,
    "ms-ssim": 0.9812018871307373,
    "bpp": 0.4476222222222222,
    "encoding_time": 0.5495944023132324,
    "decoding_time": 0.3246617317199707
}