{
    "image_name": "RGB_OR_1200x1200_025.png",
    "mse": 0.0004447182291187346,
    "psnr": 33.50636291503906,
    "ms-ssim": 0.989165723323822,
    "bpp": 0.19335555555555556,
    "encoding_time": 0.4163193702697754,
    "decoding_time": 0.6525826454162598
}