{
    "image_name": "RGB_OR_1200x1200_057.png",
    "mse": 0.0003120957699138671,
    "psnr": 35.04057693481445,
    "ms-ssim": 0.9859418869018555,
    "bpp": 0.2658888888888889,
    "encoding_time": 0.3073720932006836,
    "decoding_time": 0.37122368812561035
}