{
    "image_name": "RGB_OR_1200x1200_047.png",
    "mse": 0.001000325195491314,
    "psnr": 29.9932804107666,
    "ms-ssim": 0.9840299487113953,
    "bpp": 0.3081111111111111,
    "encoding_time": 0.6831450462341309,
    "decoding_time": 0.48595476150512695
}