{
    "image_name": "RGB_OR_1200x1200_070.png",
    "mse": 0.0004262136935722083,
    "psnr": 33.69121170043945,
    "ms-ssim": 0.9837249517440796,
    "bpp": 0.3965111111111111,
    "encoding_time": 0.49064183235168457,
    "decoding_time": 0.40146899223327637
}