{
    "image_name": "RGB_OR_1200x1200_098.png",
    "mse": 0.0017023368272930384,
    "psnr": 27.68633460998535,
    "ms-ssim": 0.9829632639884949,
    "bpp": 0.5169333333333334,
    "encoding_time": 0.39925241470336914,
    "decoding_time": 0.3046536445617676
}