{
    "image_name": "RGB_OR_1200x1200_004.png",
    "mse": 0.00036936113610863686,
    "psnr": 34.311073303222656,
    "ms-ssim": 0.9870867133140564,
    "bpp": 0.17993333333333333,
    "encoding_time": 0.4331700801849365,
    "decoding_time": 0.5808563232421875
}