{
    "mean_loss": 0.24056807474957573,
    "mean_bpp": 0.23787095811631945,
    "mean_psnr": 27.113744258880615,
    "mean_msssim": 0.9730288336674372,
    "mean_msssim_dB": 15.691002726481923,
    "mean_enc_time": 0.14430585503578186,
    "mean_dec_time": 0.12355748812357585
}