{
    "image_name": "8.png",
    "mse": 0.005086357239633799,
    "psnr": 22.93486213684082,
    "ms-ssim": 0.9715399742126465,
    "bpp": 0.2845865885416667,
    "encoding_time": 0.221482515335083,
    "decoding_time": 0.18532013893127441
}