{
    "image_name": "5.png",
    "mse": 0.0032209856435656548,
    "psnr": 24.918500900268555,
    "ms-ssim": 0.9696861505508423,
    "bpp": 0.3387044270833333,
    "encoding_time": 0.09064316749572754,
    "decoding_time": 0.12935781478881836
}