{
    "image_name": "9.png",
    "mse": 0.0015204058727249503,
    "psnr": 28.17673110961914,
    "ms-ssim": 0.9796168208122253,
    "bpp": 0.135986328125,
    "encoding_time": 0.14177250862121582,
    "decoding_time": 0.10549068450927734
}