{
    "image_name": "16.png",
    "mse": 0.0012020727153867483,
    "psnr": 29.19655990600586,
    "ms-ssim": 0.9747292995452881,
    "bpp": 0.216796875,
    "encoding_time": 0.2150249481201172,
    "decoding_time": 0.07078337669372559
}