{
    "image_name": "18.png",
    "mse": 0.0023815478198230267,
    "psnr": 26.229459762573242,
    "ms-ssim": 0.9664382338523865,
    "bpp": 0.3151041666666667,
    "encoding_time": 0.12626409530639648,
    "decoding_time": 0.1110076904296875
}