{
    "image_name": "13.png",
    "mse": 0.005850855261087418,
    "psnr": 22.32685089111328,
    "ms-ssim": 0.9598875045776367,
    "bpp": 0.4009602864583333,
    "encoding_time": 0.08926200866699219,
    "decoding_time": 0.18587517738342285
}