{
    "image_name": "21.png",
    "mse": 0.002185509540140629,
    "psnr": 26.601699829101562,
    "ms-ssim": 0.9739019870758057,
    "bpp": 0.2109375,
    "encoding_time": 0.09052634239196777,
    "decoding_time": 0.11109542846679688
}