{
    "image_name": "7.png",
    "mse": 0.0014332745922729373,
    "psnr": 28.432785034179688,
    "ms-ssim": 0.9821987152099609,
    "bpp": 0.17277018229166666,
    "encoding_time": 0.08236098289489746,
    "decoding_time": 0.12421631813049316
}