{
    "image_name": "22.png",
    "mse": 0.0014261765172705054,
    "psnr": 28.454545974731445,
    "ms-ssim": 0.9661835432052612,
    "bpp": 0.295166015625,
    "encoding_time": 0.09619951248168945,
    "decoding_time": 0.10637140274047852
}