{
    "image_name": "15.png",
    "mse": 0.001729203388094902,
    "psnr": 27.618661880493164,
    "ms-ssim": 0.9747416377067566,
    "bpp": 0.18172200520833334,
    "encoding_time": 0.09053373336791992,
    "decoding_time": 0.10505914688110352
}