{
    "image_name": "19.png",
    "mse": 0.0015313082840293646,
    "psnr": 28.14603042602539,
    "ms-ssim": 0.9732879996299744,
    "bpp": 0.22135416666666666,
    "encoding_time": 0.13089799880981445,
    "decoding_time": 0.10962462425231934
}