{
    "image_name": "24.png",
    "mse": 0.002946494845673442,
    "psnr": 25.305171966552734,
    "ms-ssim": 0.9713713526725769,
    "bpp": 0.284423828125,
    "encoding_time": 0.09566974639892578,
    "decoding_time": 0.1067194938659668
}