{
    "image_name": "10.png",
    "mse": 0.0016763985622674227,
    "psnr": 27.752819061279297,
    "ms-ssim": 0.9788283109664917,
    "bpp": 0.168212890625,
    "encoding_time": 0.08991575241088867,
    "decoding_time": 0.1065833568572998
}