{
    "image_name": "3.png",
    "mse": 0.0010539103532209992,
    "psnr": 29.767126083374023,
    "ms-ssim": 0.9809377193450928,
    "bpp": 0.154296875,
    "encoding_time": 0.09658074378967285,
    "decoding_time": 0.1600666046142578
}