{
    "image_name": "12.png",
    "mse": 0.0018644047668203712,
    "psnr": 27.291948318481445,
    "ms-ssim": 0.9748073816299438,
    "bpp": 0.186767578125,
    "encoding_time": 0.11803221702575684,
    "decoding_time": 0.18004631996154785
}