{
    "image_name": "14.png",
    "mse": 0.00217052293010056,
    "psnr": 26.631629943847656,
    "ms-ssim": 0.967467188835144,
    "bpp": 0.3190104166666667,
    "encoding_time": 0.08284687995910645,
    "decoding_time": 0.17218852043151855
}