{
    "image_name": "6.png",
    "mse": 0.0023684927728027105,
    "psnr": 26.252750396728516,
    "ms-ssim": 0.9707760810852051,
    "bpp": 0.2792154947916667,
    "encoding_time": 0.18254518508911133,
    "decoding_time": 0.07557296752929688
}