{
    "image_name": "11.png",
    "mse": 0.0020064592827111483,
    "psnr": 26.97292709350586,
    "ms-ssim": 0.9706099033355713,
    "bpp": 0.2552083333333333,
    "encoding_time": 0.0983881950378418,
    "decoding_time": 0.13986992835998535
}