{
    "mean_loss": 0.26801963413038515,
    "mean_bpp": 0.2679710820314016,
    "mean_psnr": 33.84870864123833,
    "mean_msssim": 0.9733093976974487,
    "mean_msssim_dB": 15.736416257732625,
    "mean_enc_time": 0.565977881594402,
    "mean_dec_time": 0.7244400687334014
}