{
    "image_name": "nomao-saeki-33553.png",
    "mse": 0.00021600529726129025,
    "psnr": 36.629844665527344,
    "ms-ssim": 0.9734148383140564,
    "bpp": 0.1130010065885798,
    "encoding_time": 0.6206121444702148,
    "decoding_time": 0.8647451400756836
}