{
    "image_name": "daniel-robert-405.png",
    "mse": 0.0007275341777130961,
    "psnr": 31.37452507019043,
    "ms-ssim": 0.9705902934074402,
    "bpp": 0.38978830963665084,
    "encoding_time": 0.38128137588500977,
    "decoding_time": 0.34358859062194824
}