{
    "image_name": "wojciech-szaturski-3611.png",
    "mse": 0.0005774537567049265,
    "psnr": 32.37543487548828,
    "ms-ssim": 0.9718276858329773,
    "bpp": 0.3312858281766068,
    "encoding_time": 0.4947483539581299,
    "decoding_time": 0.669691801071167
}