{
    "image_name": "schicka-307.png",
    "mse": 0.000281194836134091,
    "psnr": 35.4901123046875,
    "ms-ssim": 0.9725586175918579,
    "bpp": 0.13736979166666666,
    "encoding_time": 0.07939362525939941,
    "decoding_time": 0.21062016487121582
}