{
    "image_name": "dogancan-ozturan-395.png",
    "mse": 0.00030472411890514195,
    "psnr": 35.14326477050781,
    "ms-ssim": 0.9833564758300781,
    "bpp": 0.21907727797001153,
    "encoding_time": 0.7482311725616455,
    "decoding_time": 0.8397541046142578
}