{
    "image_name": "jared-erondu-21325.png",
    "mse": 0.0002693762071430683,
    "psnr": 35.67634963989258,
    "ms-ssim": 0.9659838080406189,
    "bpp": 0.12422161172161172,
    "encoding_time": 1.1965057849884033,
    "decoding_time": 1.2919244766235352
}