{
    "image_name": "martin-wessely-211.png",
    "mse": 0.0013276967220008373,
    "psnr": 28.764955520629883,
    "ms-ssim": 0.9651631116867065,
    "bpp": 0.6843229166666667,
    "encoding_time": 0.3131389617919922,
    "decoding_time": 0.23361849784851074
}