{
    "image_name": "jason-briscoe-149782.png",
    "mse": 0.00013540798681788146,
    "psnr": 38.643943786621094,
    "ms-ssim": 0.989801287651062,
    "bpp": 0.1100503663003663,
    "encoding_time": 0.5396625995635986,
    "decoding_time": 0.6598482131958008
}