{
    "image_name": "veeterzy-82537.png",
    "mse": 0.0006383122527040541,
    "psnr": 31.941238403320312,
    "ms-ssim": 0.9764958620071411,
    "bpp": 0.3240643301610542,
    "encoding_time": 0.603102445602417,
    "decoding_time": 0.6925163269042969
}