{
    "image_name": "ales-krivec-15949.png",
    "mse": 0.00019982199592050165,
    "psnr": 36.96675109863281,
    "ms-ssim": 0.9851121306419373,
    "bpp": 0.12770938552188552,
    "encoding_time": 0.6636173725128174,
    "decoding_time": 0.6544229984283447
}