{
    "image_name": "gian-reto-tarnutzer-45212.png",
    "mse": 0.0006453798268921673,
    "psnr": 31.893693923950195,
    "ms-ssim": 0.9676216840744019,
    "bpp": 0.34262089416058394,
    "encoding_time": 0.653315544128418,
    "decoding_time": 1.1800601482391357
}