{
    "image_name": "andrew-ruiz-376.png",
    "mse": 0.0004259136039763689,
    "psnr": 33.69450759887695,
    "ms-ssim": 0.9819149971008301,
    "bpp": 0.2585300330639236,
    "encoding_time": 0.593034029006958,
    "decoding_time": 0.8890154361724854
}