{
    "image_name": "stefan-kunze-26931.png",
    "mse": 0.0005610365769825876,
    "psnr": 32.50053405761719,
    "ms-ssim": 0.9749853610992432,
    "bpp": 0.29585771762984636,
    "encoding_time": 0.9120643138885498,
    "decoding_time": 0.7042338848114014
}