{
    "image_name": "sergey-zolkin-1045.png",
    "mse": 0.00033283274387940764,
    "psnr": 34.761627197265625,
    "ms-ssim": 0.9790215492248535,
    "bpp": 0.19445970695970696,
    "encoding_time": 0.5230803489685059,
    "decoding_time": 0.7642049789428711
}