{
    "image_name": "mullermarc-184.png",
    "mse": 0.00042518574628047645,
    "psnr": 33.703006744384766,
    "ms-ssim": 0.9792160987854004,
    "bpp": 0.26359544327811935,
    "encoding_time": 0.2689058780670166,
    "decoding_time": 0.2617166042327881
}