{
    "image_name": "kazuend-28556.png",
    "mse": 0.00013937245239503682,
    "psnr": 38.51947784423828,
    "ms-ssim": 0.982696533203125,
    "bpp": 0.07929258241758241,
    "encoding_time": 0.48970699310302734,
    "decoding_time": 0.800593376159668
}