{
    "image_name": "todd-quackenbush-222.png",
    "mse": 0.0009104976779781282,
    "psnr": 30.40108871459961,
    "ms-ssim": 0.9649338722229004,
    "bpp": 0.4454568463680081,
    "encoding_time": 0.08883810043334961,
    "decoding_time": 0.11208724975585938
}