{
    "image_name": "davide-ragusa-716.png",
    "mse": 0.0002890711766667664,
    "psnr": 35.37162780761719,
    "ms-ssim": 0.9755797386169434,
    "bpp": 0.16834464810142702,
    "encoding_time": 0.5448198318481445,
    "decoding_time": 0.7689716815948486
}