{
    "image_name": "felix-russell-saw-140699.png",
    "mse": 0.0002616311248857528,
    "psnr": 35.80381393432617,
    "ms-ssim": 0.971102237701416,
    "bpp": 0.14576819407008088,
    "encoding_time": 0.5610616207122803,
    "decoding_time": 0.8714723587036133
}