{
    "image_name": "alexander-shustov-73.png",
    "mse": 0.0011251030955463648,
    "psnr": 29.483346939086914,
    "ms-ssim": 0.9755396842956543,
    "bpp": 0.6610373806024982,
    "encoding_time": 1.0445070266723633,
    "decoding_time": 0.8492488861083984
}