{
    "image_name": "michael-durana-82941.png",
    "mse": 0.0004367632791399956,
    "psnr": 33.58582305908203,
    "ms-ssim": 0.9765030145645142,
    "bpp": 0.2391025641025641,
    "encoding_time": 0.44179821014404297,
    "decoding_time": 1.292511224746704
}