{
    "image_name": "allef-vinicius-109434.png",
    "mse": 0.0003702993562910706,
    "psnr": 34.29986572265625,
    "ms-ssim": 0.9576084017753601,
    "bpp": 0.08411172161172162,
    "encoding_time": 0.7746772766113281,
    "decoding_time": 0.9986279010772705
}