{
    "image_name": "zugr-108.png",
    "mse": 0.0001868289109552279,
    "psnr": 37.256282806396484,
    "ms-ssim": 0.986283004283905,
    "bpp": 0.11679258241758242,
    "encoding_time": 1.0510766506195068,
    "decoding_time": 0.853107213973999
}