{
    "image_name": "vita-vilcina-3055.png",
    "mse": 0.0004858932225033641,
    "psnr": 33.12397766113281,
    "ms-ssim": 0.9924147129058838,
    "bpp": 0.4363098774863481,
    "encoding_time": 0.43657946586608887,
    "decoding_time": 0.9067468643188477
}