{
    "image_name": "alberto-montalesi-176097.png",
    "mse": 0.00028121771174483,
    "psnr": 35.49079132080078,
    "ms-ssim": 0.9587141871452332,
    "bpp": 0.09869084739545121,
    "encoding_time": 0.7337627410888672,
    "decoding_time": 0.6459531784057617
}