{
    "image_name": "todd-quackenbush-27493.png",
    "mse": 0.00018597478629089892,
    "psnr": 37.277286529541016,
    "ms-ssim": 0.9879162311553955,
    "bpp": 0.12605880929332042,
    "encoding_time": 0.6278655529022217,
    "decoding_time": 0.6370294094085693
}