{
    "image_name": "alejandro-escamilla-6.png",
    "mse": 0.00031569323618896306,
    "psnr": 34.99188995361328,
    "ms-ssim": 0.9738337397575378,
    "bpp": 0.16980955937266617,
    "encoding_time": 0.6508266925811768,
    "decoding_time": 0.6079251766204834
}