{
    "image_name": "sergey-zolkin-21232.png",
    "mse": 0.00013631241745315492,
    "psnr": 38.617645263671875,
    "ms-ssim": 0.9821082949638367,
    "bpp": 0.09508092476797529,
    "encoding_time": 0.5403804779052734,
    "decoding_time": 0.7138071060180664
}