{
    "image_name": "paul-itkin-46101.png",
    "mse": 0.0008598358836025,
    "psnr": 30.65006446838379,
    "ms-ssim": 0.9892933368682861,
    "bpp": 0.6976269315673289,
    "encoding_time": 0.11032438278198242,
    "decoding_time": 0.30228662490844727
}