{
    "image_name": "casey-fyfe-999.png",
    "mse": 0.0004334134282544255,
    "psnr": 33.61858367919922,
    "ms-ssim": 0.9430429339408875,
    "bpp": 0.09474954044117648,
    "encoding_time": 0.5695431232452393,
    "decoding_time": 0.9337599277496338
}