{
    "image_name": "benjamin-sloth-lindgreen-705.png",
    "mse": 0.0006087595829740167,
    "psnr": 32.14677429199219,
    "ms-ssim": 0.9686719179153442,
    "bpp": 0.30103021978021977,
    "encoding_time": 0.9060206413269043,
    "decoding_time": 1.0176806449890137
}