{
    "image_name": "lobostudio-hamburg-75377.png",
    "mse": 0.0004288816708140075,
    "psnr": 33.66329574584961,
    "ms-ssim": 0.965221107006073,
    "bpp": 0.1159684065934066,
    "encoding_time": 0.695284366607666,
    "decoding_time": 0.8055744171142578
}