{
    "image_name": "philipp-reiner-207.png",
    "mse": 0.000850762240588665,
    "psnr": 30.695573806762695,
    "ms-ssim": 0.9667391777038574,
    "bpp": 0.512,
    "encoding_time": 0.28665876388549805,
    "decoding_time": 0.3334372043609619
}