{
    "mean_loss": 0.6666107434928242,
    "mean_bpp": 0.6658736039101902,
    "mean_psnr": 32.44845736026764,
    "mean_msssim": 0.9926286041736603,
    "mean_msssim_dB": 21.32450267598303,
    "mean_enc_time": 1.1749801933765411,
    "mean_dec_time": 1.2279207557439804
}