{
    "image_name": "00015_TE_3680x2456.png",
    "mse": 0.0003772691125050187,
    "psnr": 34.219200134277344,
    "ms-ssim": 0.995111882686615,
    "bpp": 0.42717391304347824,
    "encoding_time": 2.339982271194458,
    "decoding_time": 2.837178945541382
}