{
    "image_name": "00007_TE_1472x976.png",
    "mse": 0.00039588153595104814,
    "psnr": 34.010921478271484,
    "ms-ssim": 0.9948326945304871,
    "bpp": 0.49541161796151106,
    "encoding_time": 0.8736245632171631,
    "decoding_time": 0.7491569519042969
}