{
    "image_name": "00012_TE_1512x2016.png",
    "mse": 0.0005950047052465379,
    "psnr": 32.2457160949707,
    "ms-ssim": 0.9898862838745117,
    "bpp": 0.9137902074410011,
    "encoding_time": 1.486818790435791,
    "decoding_time": 1.044571876525879
}