{
    "image_name": "00006_TE_1544x1120.png",
    "mse": 0.0007704515592195094,
    "psnr": 31.125638961791992,
    "ms-ssim": 0.9955196380615234,
    "bpp": 0.5221317542561066,
    "encoding_time": 0.7615396976470947,
    "decoding_time": 0.6586258411407471
}