{
    "image_name": "00014_TE_3680x2456.png",
    "mse": 0.0003375621745362878,
    "psnr": 34.700653076171875,
    "ms-ssim": 0.9945319890975952,
    "bpp": 0.514835009205495,
    "encoding_time": 2.6690115928649902,
    "decoding_time": 2.3932888507843018
}