{
    "image_name": "00005_TE_1336x872.png",
    "mse": 0.0004095056210644543,
    "psnr": 33.864078521728516,
    "ms-ssim": 0.9959422945976257,
    "bpp": 0.32041421743668624,
    "encoding_time": 0.9503898620605469,
    "decoding_time": 0.6427276134490967
}