{
    "image_name": "00013_TE_1920x1280.png",
    "mse": 0.0003439434804022312,
    "psnr": 34.61871337890625,
    "ms-ssim": 0.993864893913269,
    "bpp": 0.6930859375,
    "encoding_time": 0.5838561058044434,
    "decoding_time": 0.8839015960693359
}