{
    "image_name": "00016_TE_1744x2000.png",
    "mse": 0.0004476430476643145,
    "psnr": 33.478729248046875,
    "ms-ssim": 0.9807073473930359,
    "bpp": 1.0479174311926605,
    "encoding_time": 1.286616325378418,
    "decoding_time": 1.611523151397705
}