{
    "image_name": "00001_TE_2096x1400.png",
    "mse": 0.0010540866060182452,
    "psnr": 29.76606559753418,
    "ms-ssim": 0.9938082098960876,
    "bpp": 0.6604252998909488,
    "encoding_time": 0.9344649314880371,
    "decoding_time": 1.091477632522583
}