{
    "image_name": "00009_TE_1976x1312.png",
    "mse": 0.003554145572707057,
    "psnr": 24.491008758544922,
    "ms-ssim": 0.9898025393486023,
    "bpp": 0.8971314308284783,
    "encoding_time": 1.0961759090423584,
    "decoding_time": 0.9158601760864258
}