{
    "image_name": "00010_TE_2000x1128.png",
    "mse": 0.0002766270481515676,
    "psnr": 35.56239318847656,
    "ms-ssim": 0.9937744140625,
    "bpp": 0.5359716312056737,
    "encoding_time": 0.9512178897857666,
    "decoding_time": 1.228614091873169
}