{
    "image_name": "00002_TE_2144x1424.png",
    "mse": 0.0005266189691610634,
    "psnr": 32.7748908996582,
    "ms-ssim": 0.9900211691856384,
    "bpp": 0.893059282240483,
    "encoding_time": 1.065657377243042,
    "decoding_time": 0.9547340869903564
}