{
    "image_name": "00003_TE_1944x1296.png",
    "mse": 0.00034927090746350586,
    "psnr": 34.55427551269531,
    "ms-ssim": 0.9944958686828613,
    "bpp": 0.5275872580399329,
    "encoding_time": 0.9562771320343018,
    "decoding_time": 1.3299789428710938
}