{
    "image_name": "00011_TE_1744x1160.png",
    "mse": 0.0007391208782792091,
    "psnr": 31.305896759033203,
    "ms-ssim": 0.9929940700531006,
    "bpp": 0.8016766845934831,
    "encoding_time": 0.647193193435669,
    "decoding_time": 1.2066097259521484
}