{
    "mean_loss": 0.15583393990818328,
    "mean_bpp": 0.15575311111111112,
    "mean_psnr": 31.535235805511476,
    "mean_msssim": 0.9628364068269729,
    "mean_msssim_dB": 14.298823027575862,
    "mean_enc_time": 0.33787763118743896,
    "mean_dec_time": 0.39020232200622557
}