{
    "image_name": "RGB_OR_1200x1200_019.png",
    "mse": 0.000781714974436909,
    "psnr": 31.062480926513672,
    "ms-ssim": 0.9671181440353394,
    "bpp": 0.14951111111111112,
    "encoding_time": 0.3531508445739746,
    "decoding_time": 0.3824763298034668
}