{
    "image_name": "RGB_OR_1200x1200_010.png",
    "mse": 0.000674086157232523,
    "psnr": 31.70471954345703,
    "ms-ssim": 0.9492759704589844,
    "bpp": 0.11722222222222223,
    "encoding_time": 0.25732922554016113,
    "decoding_time": 0.47736692428588867
}