{
    "image_name": "RGB_OR_1200x1200_092.png",
    "mse": 0.0004656558157876134,
    "psnr": 33.30828094482422,
    "ms-ssim": 0.9682822227478027,
    "bpp": 0.06508888888888889,
    "encoding_time": 0.399799108505249,
    "decoding_time": 0.4787907600402832
}