{
    "image_name": "RGB_OR_1200x1200_044.png",
    "mse": 0.0006165921804495156,
    "psnr": 32.091705322265625,
    "ms-ssim": 0.945770263671875,
    "bpp": 0.12228888888888889,
    "encoding_time": 0.38706207275390625,
    "decoding_time": 0.2743830680847168
}