{
    "image_name": "RGB_OR_1200x1200_097.png",
    "mse": 0.0006158434553071856,
    "psnr": 32.096702575683594,
    "ms-ssim": 0.9884251356124878,
    "bpp": 0.1496888888888889,
    "encoding_time": 0.30491209030151367,
    "decoding_time": 0.31606483459472656
}