{
    "image_name": "RGB_OR_1200x1200_040.png",
    "mse": 0.0007709961500950158,
    "psnr": 31.12281036376953,
    "ms-ssim": 0.9590500593185425,
    "bpp": 0.14235555555555557,
    "encoding_time": 0.2690753936767578,
    "decoding_time": 0.48546600341796875
}