{
    "image_name": "RGB_OR_1200x1200_039.png",
    "mse": 0.0008615472470410168,
    "psnr": 30.640859603881836,
    "ms-ssim": 0.9467153549194336,
    "bpp": 0.1496888888888889,
    "encoding_time": 0.2920842170715332,
    "decoding_time": 0.36733150482177734
}