{
    "image_name": "RGB_OR_1200x1200_003.png",
    "mse": 0.0006415813113562763,
    "psnr": 31.919191360473633,
    "ms-ssim": 0.9730388522148132,
    "bpp": 0.12553333333333333,
    "encoding_time": 0.32226061820983887,
    "decoding_time": 0.33055758476257324
}