{
    "image_name": "RGB_OR_1200x1200_065.png",
    "mse": 0.0010976997436955571,
    "psnr": 29.590118408203125,
    "ms-ssim": 0.9653199911117554,
    "bpp": 0.22357777777777776,
    "encoding_time": 0.3012382984161377,
    "decoding_time": 0.2808501720428467
}