{
    "image_name": "RGB_OR_1200x1200_033.png",
    "mse": 0.0009524982888251543,
    "psnr": 30.20557403564453,
    "ms-ssim": 0.9486238360404968,
    "bpp": 0.17502222222222222,
    "encoding_time": 0.38498640060424805,
    "decoding_time": 0.4558432102203369
}