{
    "image_name": "RGB_OR_1200x1200_036.png",
    "mse": 0.00019373979012016207,
    "psnr": 37.10001754760742,
    "ms-ssim": 0.9771926403045654,
    "bpp": 0.04871111111111111,
    "encoding_time": 0.360889196395874,
    "decoding_time": 0.41167187690734863
}