{
    "image_name": "RGB_OR_1200x1200_089.png",
    "mse": 0.0009781409753486514,
    "psnr": 30.09043312072754,
    "ms-ssim": 0.9505278468132019,
    "bpp": 0.17906666666666668,
    "encoding_time": 0.32972097396850586,
    "decoding_time": 0.32430553436279297
}