{
    "image_name": "RGB_OR_1200x1200_038.png",
    "mse": 0.0004396704025566578,
    "psnr": 33.556785583496094,
    "ms-ssim": 0.9710592031478882,
    "bpp": 0.09633333333333334,
    "encoding_time": 0.28890490531921387,
    "decoding_time": 0.3596060276031494
}