{
    "image_name": "RGB_OR_1200x1200_080.png",
    "mse": 0.00041487778071314096,
    "psnr": 33.80884552001953,
    "ms-ssim": 0.9601016044616699,
    "bpp": 0.07255555555555555,
    "encoding_time": 0.5228242874145508,
    "decoding_time": 0.4303267002105713
}