{
    "image_name": "RGB_OR_1200x1200_079.png",
    "mse": 0.0007457123138010502,
    "psnr": 31.268033981323242,
    "ms-ssim": 0.9864010810852051,
    "bpp": 0.17093333333333333,
    "encoding_time": 0.470217227935791,
    "decoding_time": 0.36960339546203613
}