{
    "image_name": "RGB_OR_1200x1200_084.png",
    "mse": 0.00021410734916571528,
    "psnr": 36.668636322021484,
    "ms-ssim": 0.9719035029411316,
    "bpp": 0.04515555555555555,
    "encoding_time": 0.35584235191345215,
    "decoding_time": 0.523033857345581
}