{
    "image_name": "RGB_OR_1200x1200_098.png",
    "mse": 0.0017229898367077112,
    "psnr": 27.633991241455078,
    "ms-ssim": 0.9659545421600342,
    "bpp": 0.3786888888888889,
    "encoding_time": 0.47302770614624023,
    "decoding_time": 0.5027346611022949
}