{
    "image_name": "RGB_OR_1200x1200_053.png",
    "mse": 0.00037349623744376004,
    "psnr": 34.25914764404297,
    "ms-ssim": 0.985141932964325,
    "bpp": 0.0916,
    "encoding_time": 0.2958056926727295,
    "decoding_time": 0.3974318504333496
}