{
    "image_name": "RGB_OR_1200x1200_061.png",
    "mse": 0.0014264340279623866,
    "psnr": 28.453807830810547,
    "ms-ssim": 0.9612603187561035,
    "bpp": 0.2732222222222222,
    "encoding_time": 0.34121084213256836,
    "decoding_time": 0.35237622261047363
}