{
    "image_name": "RGB_OR_1200x1200_062.png",
    "mse": 0.0019370514201000333,
    "psnr": 27.125694274902344,
    "ms-ssim": 0.9471853971481323,
    "bpp": 0.3625555555555556,
    "encoding_time": 0.40175652503967285,
    "decoding_time": 0.30247020721435547
}