{
    "image_name": "RGB_OR_1200x1200_054.png",
    "mse": 0.0007113306783139706,
    "psnr": 31.47252082824707,
    "ms-ssim": 0.9685386419296265,
    "bpp": 0.1554888888888889,
    "encoding_time": 0.2911250591278076,
    "decoding_time": 0.6197021007537842
}