{
    "image_name": "RGB_OR_1200x1200_001.png",
    "mse": 0.00050635653315112,
    "psnr": 32.943946838378906,
    "ms-ssim": 0.9799202680587769,
    "bpp": 0.10975555555555555,
    "encoding_time": 0.44699954986572266,
    "decoding_time": 0.4304392337799072
}