{
    "image_name": "RGB_OR_1200x1200_085.png",
    "mse": 0.0007080418872646987,
    "psnr": 31.49175453186035,
    "ms-ssim": 0.9461970329284668,
    "bpp": 0.12704444444444443,
    "encoding_time": 0.38681530952453613,
    "decoding_time": 0.47553563117980957
}