{
    "image_name": "RGB_OR_1200x1200_034.png",
    "mse": 0.00046324185677804053,
    "psnr": 33.33000946044922,
    "ms-ssim": 0.9692912101745605,
    "bpp": 0.09308888888888889,
    "encoding_time": 0.249924898147583,
    "decoding_time": 0.27352237701416016
}