{
    "image_name": "RGB_OR_1200x1200_067.png",
    "mse": 0.0006873729871585965,
    "psnr": 31.61985206604004,
    "ms-ssim": 0.9606218338012695,
    "bpp": 0.1124,
    "encoding_time": 0.38307738304138184,
    "decoding_time": 0.2827112674713135
}