{
    "image_name": "RGB_OR_1200x1200_011.png",
    "mse": 0.0011604467872530222,
    "psnr": 29.349365234375,
    "ms-ssim": 0.9643670916557312,
    "bpp": 0.2308,
    "encoding_time": 0.2934246063232422,
    "decoding_time": 0.42603611946105957
}