{
    "image_name": "RGB_OR_1200x1200_048.png",
    "mse": 0.0013093522284179926,
    "psnr": 28.825321197509766,
    "ms-ssim": 0.9594640731811523,
    "bpp": 0.2489111111111111,
    "encoding_time": 0.43224596977233887,
    "decoding_time": 0.7016820907592773
}