{
    "image_name": "RGB_OR_1200x1200_064.png",
    "mse": 0.0009454393293708563,
    "psnr": 30.238191604614258,
    "ms-ssim": 0.9679527282714844,
    "bpp": 0.2028888888888889,
    "encoding_time": 0.42356419563293457,
    "decoding_time": 0.2913210391998291
}