{
    "image_name": "RGB_OR_1200x1200_008.png",
    "mse": 0.0009781462140381336,
    "psnr": 30.09035301208496,
    "ms-ssim": 0.9501693248748779,
    "bpp": 0.16342222222222222,
    "encoding_time": 0.30186033248901367,
    "decoding_time": 0.40604472160339355
}