{
    "image_name": "RGB_OR_1200x1200_096.png",
    "mse": 0.0005164686590433121,
    "psnr": 32.859405517578125,
    "ms-ssim": 0.9470138549804688,
    "bpp": 0.07626666666666666,
    "encoding_time": 0.28320956230163574,
    "decoding_time": 0.40557217597961426
}