{
    "image_name": "RGB_OR_1200x1200_028.png",
    "mse": 0.0002997287083417177,
    "psnr": 35.214599609375,
    "ms-ssim": 0.9711830019950867,
    "bpp": 0.06997777777777778,
    "encoding_time": 0.2799041271209717,
    "decoding_time": 0.33266353607177734
}