{
    "image_name": "RGB_OR_1200x1200_009.png",
    "mse": 0.0003065561468247324,
    "psnr": 35.11750411987305,
    "ms-ssim": 0.9805335402488708,
    "bpp": 0.08031111111111111,
    "encoding_time": 0.5370087623596191,
    "decoding_time": 0.5071306228637695
}