{
    "image_name": "RGB_OR_1200x1200_093.png",
    "mse": 0.00048514382797293365,
    "psnr": 33.132144927978516,
    "ms-ssim": 0.9667953252792358,
    "bpp": 0.08764444444444444,
    "encoding_time": 0.2858867645263672,
    "decoding_time": 0.32297372817993164
}