{
    "image_name": "RGB_OR_1200x1200_081.png",
    "mse": 0.000710876367520541,
    "psnr": 31.47463035583496,
    "ms-ssim": 0.9763282537460327,
    "bpp": 0.16146666666666668,
    "encoding_time": 0.2747013568878174,
    "decoding_time": 0.2976367473602295
}