{
    "image_name": "RGB_OR_1200x1200_021.png",
    "mse": 0.0005730396951548755,
    "psnr": 32.408477783203125,
    "ms-ssim": 0.9795985221862793,
    "bpp": 0.1364,
    "encoding_time": 0.474729061126709,
    "decoding_time": 0.45421481132507324
}