{
    "image_name": "RGB_OR_1200x1200_046.png",
    "mse": 0.0011334330774843693,
    "psnr": 29.451290130615234,
    "ms-ssim": 0.9466816782951355,
    "bpp": 0.20242222222222223,
    "encoding_time": 0.28286099433898926,
    "decoding_time": 0.3049015998840332
}