{
    "image_name": "RGB_OR_1200x1200_030.png",
    "mse": 0.0012025325559079647,
    "psnr": 29.194528579711914,
    "ms-ssim": 0.9590381979942322,
    "bpp": 0.2184,
    "encoding_time": 0.33025574684143066,
    "decoding_time": 0.32514381408691406
}