{
    "image_name": "RGB_OR_1200x1200_056.png",
    "mse": 0.00034883947228081524,
    "psnr": 34.557838439941406,
    "ms-ssim": 0.9656969904899597,
    "bpp": 0.07024444444444444,
    "encoding_time": 0.32335972785949707,
    "decoding_time": 0.3337881565093994
}