{
    "image_name": "RGB_OR_1200x1200_072.png",
    "mse": 0.001078219385817647,
    "psnr": 29.667831420898438,
    "ms-ssim": 0.971621036529541,
    "bpp": 0.2408,
    "encoding_time": 0.27433347702026367,
    "decoding_time": 0.3650543689727783
}