{
    "image_name": "RGB_OR_1200x1200_091.png",
    "mse": 0.0005528329638764262,
    "psnr": 32.564697265625,
    "ms-ssim": 0.9795083403587341,
    "bpp": 0.1255777777777778,
    "encoding_time": 0.2702829837799072,
    "decoding_time": 0.3263258934020996
}