{
    "image_name": "RGB_OR_1200x1200_070.png",
    "mse": 0.0006247831042855978,
    "psnr": 32.03391647338867,
    "ms-ssim": 0.9271854162216187,
    "bpp": 0.09624444444444444,
    "encoding_time": 0.41410183906555176,
    "decoding_time": 0.4863243103027344
}