{
    "image_name": "RGB_OR_1200x1200_066.png",
    "mse": 0.0005508725298568606,
    "psnr": 32.5797233581543,
    "ms-ssim": 0.9763739109039307,
    "bpp": 0.12986666666666666,
    "encoding_time": 0.2861795425415039,
    "decoding_time": 0.28493809700012207
}