{
    "image_name": "RGB_OR_1200x1200_059.png",
    "mse": 0.001996105071157217,
    "psnr": 26.995588302612305,
    "ms-ssim": 0.9606325030326843,
    "bpp": 0.40595555555555557,
    "encoding_time": 0.3512270450592041,
    "decoding_time": 0.6774539947509766
}