{
    "image_name": "RGB_OR_1200x1200_052.png",
    "mse": 0.0007696111570112407,
    "psnr": 31.129867553710938,
    "ms-ssim": 0.9712373614311218,
    "bpp": 0.1865777777777778,
    "encoding_time": 0.30042362213134766,
    "decoding_time": 0.40973424911499023
}