{
    "image_name": "RGB_OR_1200x1200_050.png",
    "mse": 0.000803475035354495,
    "psnr": 30.94357681274414,
    "ms-ssim": 0.9588080644607544,
    "bpp": 0.1315111111111111,
    "encoding_time": 0.5901949405670166,
    "decoding_time": 0.3394935131072998
}