{
    "image_name": "RGB_OR_1200x1200_026.png",
    "mse": 0.0015474969986826181,
    "psnr": 28.099939346313477,
    "ms-ssim": 0.9647645354270935,
    "bpp": 0.33355555555555555,
    "encoding_time": 0.27565550804138184,
    "decoding_time": 0.466724157333374
}