{
    "image_name": "RGB_OR_1200x1200_082.png",
    "mse": 0.0017234876286238432,
    "psnr": 27.63255500793457,
    "ms-ssim": 0.9264932870864868,
    "bpp": 0.26335555555555556,
    "encoding_time": 0.3516252040863037,
    "decoding_time": 0.38174915313720703
}