{
    "image_name": "RGB_OR_1200x1200_086.png",
    "mse": 0.0015766165452077985,
    "psnr": 28.019309997558594,
    "ms-ssim": 0.8996623754501343,
    "bpp": 0.182,
    "encoding_time": 0.2543349266052246,
    "decoding_time": 0.35690903663635254
}