{
    "image_name": "RGB_OR_1200x1200_068.png",
    "mse": 0.00041330346721224487,
    "psnr": 33.82990264892578,
    "ms-ssim": 0.9791495203971863,
    "bpp": 0.09984444444444444,
    "encoding_time": 0.4087653160095215,
    "decoding_time": 0.45841503143310547
}