{
    "image_name": "RGB_OR_1200x1200_002.png",
    "mse": 0.0002387299173278734,
    "psnr": 36.19746398925781,
    "ms-ssim": 0.9790874719619751,
    "bpp": 0.059533333333333334,
    "encoding_time": 0.26718878746032715,
    "decoding_time": 0.24639177322387695
}