{
    "image_name": "RGB_OR_1200x1200_071.png",
    "mse": 0.0004757296701427549,
    "psnr": 33.21483612060547,
    "ms-ssim": 0.9747604131698608,
    "bpp": 0.10077777777777777,
    "encoding_time": 0.2528719902038574,
    "decoding_time": 0.3223588466644287
}