{
    "image_name": "RGB_OR_1200x1200_035.png",
    "mse": 0.0009313492919318378,
    "psnr": 30.30293083190918,
    "ms-ssim": 0.9650899767875671,
    "bpp": 0.16975555555555555,
    "encoding_time": 0.5013678073883057,
    "decoding_time": 0.390002965927124
}