{
    "image_name": "RGB_OR_1200x1200_043.png",
    "mse": 0.0015297923237085342,
    "psnr": 28.150104522705078,
    "ms-ssim": 0.9376551508903503,
    "bpp": 0.2663111111111111,
    "encoding_time": 0.27426934242248535,
    "decoding_time": 0.46216654777526855
}