{
    "image_name": "RGB_OR_1200x1200_014.png",
    "mse": 0.000601531530264765,
    "psnr": 32.19839859008789,
    "ms-ssim": 0.9777247309684753,
    "bpp": 0.11242222222222223,
    "encoding_time": 0.28983187675476074,
    "decoding_time": 0.36635875701904297
}