{
    "image_name": "RGB_OR_1200x1200_024.png",
    "mse": 0.00156519771553576,
    "psnr": 28.050689697265625,
    "ms-ssim": 0.9663295745849609,
    "bpp": 0.32197777777777775,
    "encoding_time": 0.2559640407562256,
    "decoding_time": 0.34380316734313965
}