{
    "image_name": "RGB_OR_1200x1200_020.png",
    "mse": 0.0010979841463267803,
    "psnr": 29.589258193969727,
    "ms-ssim": 0.9372286796569824,
    "bpp": 0.16966666666666666,
    "encoding_time": 0.6458396911621094,
    "decoding_time": 0.36821770668029785
}