{
    "image_name": "RGB_OR_1200x1200_051.png",
    "mse": 0.00043648495920933783,
    "psnr": 33.588104248046875,
    "ms-ssim": 0.966601550579071,
    "bpp": 0.09584444444444444,
    "encoding_time": 0.27875804901123047,
    "decoding_time": 0.29577088356018066
}