{
    "image_name": "RGB_OR_1200x1200_047.png",
    "mse": 0.0010489592095836997,
    "psnr": 29.787372589111328,
    "ms-ssim": 0.9672368764877319,
    "bpp": 0.1754,
    "encoding_time": 0.26575613021850586,
    "decoding_time": 0.3542320728302002
}