{
    "image_name": "RGB_OR_1200x1200_055.png",
    "mse": 0.0006482881726697087,
    "psnr": 31.873987197875977,
    "ms-ssim": 0.9746469259262085,
    "bpp": 0.16822222222222222,
    "encoding_time": 0.2741379737854004,
    "decoding_time": 0.3149240016937256
}