{
    "image_name": "RGB_OR_1200x1200_015.png",
    "mse": 0.0002641697064973414,
    "psnr": 35.759544372558594,
    "ms-ssim": 0.9833052158355713,
    "bpp": 0.05673333333333333,
    "encoding_time": 0.2774374485015869,
    "decoding_time": 0.33674049377441406
}