{
    "image_name": "RGB_OR_1200x1200_004.png",
    "mse": 0.0002991868241224438,
    "psnr": 35.22272491455078,
    "ms-ssim": 0.9725042581558228,
    "bpp": 0.06797777777777778,
    "encoding_time": 0.29108405113220215,
    "decoding_time": 0.3540158271789551
}