{
    "image_name": "RGB_OR_1200x1200_016.png",
    "mse": 0.0017093742499127984,
    "psnr": 27.668346405029297,
    "ms-ssim": 0.9547109007835388,
    "bpp": 0.29444444444444445,
    "encoding_time": 0.24482488632202148,
    "decoding_time": 0.3448193073272705
}