{
    "image_name": "RGB_OR_1200x1200_005.png",
    "mse": 0.0007636595400981605,
    "psnr": 31.16387939453125,
    "ms-ssim": 0.9553591012954712,
    "bpp": 0.14631111111111111,
    "encoding_time": 0.2627999782562256,
    "decoding_time": 0.344862699508667
}