{
    "image_name": "RGB_OR_1200x1200_100.png",
    "mse": 0.00023509118182118982,
    "psnr": 36.272830963134766,
    "ms-ssim": 0.9671306014060974,
    "bpp": 0.04768888888888889,
    "encoding_time": 0.3737044334411621,
    "decoding_time": 0.2910330295562744
}