{
    "image_name": "RGB_OR_1200x1200_078.png",
    "mse": 0.0004632087657228112,
    "psnr": 33.330718994140625,
    "ms-ssim": 0.9814175367355347,
    "bpp": 0.11184444444444444,
    "encoding_time": 0.5610873699188232,
    "decoding_time": 0.5031065940856934
}