{
    "image_name": "RGB_OR_1200x1200_037.png",
    "mse": 0.0006179001647979021,
    "psnr": 32.082298278808594,
    "ms-ssim": 0.9579868316650391,
    "bpp": 0.1162,
    "encoding_time": 0.27872800827026367,
    "decoding_time": 0.33051395416259766
}