{
    "image_name": "RGB_OR_1200x1200_012.png",
    "mse": 0.0007026339881122112,
    "psnr": 31.524499893188477,
    "ms-ssim": 0.9759819507598877,
    "bpp": 0.1228888888888889,
    "encoding_time": 0.4535555839538574,
    "decoding_time": 0.42200398445129395
}