{
    "image_name": "RGB_OR_1200x1200_077.png",
    "mse": 0.0006038635619916022,
    "psnr": 32.18181228637695,
    "ms-ssim": 0.9105328321456909,
    "bpp": 0.06322222222222222,
    "encoding_time": 0.33161258697509766,
    "decoding_time": 0.37203454971313477
}