{
    "image_name": "RGB_OR_1200x1200_099.png",
    "mse": 0.0007682800060138106,
    "psnr": 31.137794494628906,
    "ms-ssim": 0.9339248538017273,
    "bpp": 0.11671111111111111,
    "encoding_time": 0.34612584114074707,
    "decoding_time": 0.4180605411529541
}