{
    "image_name": "RGB_OR_1200x1200_094.png",
    "mse": 0.0010383526096120477,
    "psnr": 29.831192016601562,
    "ms-ssim": 0.9725663065910339,
    "bpp": 0.2184888888888889,
    "encoding_time": 0.43587374687194824,
    "decoding_time": 0.48073792457580566
}