{
    "image_name": "RGB_OR_1200x1200_027.png",
    "mse": 0.0008411119342781603,
    "psnr": 30.74505043029785,
    "ms-ssim": 0.9624236822128296,
    "bpp": 0.1678,
    "encoding_time": 0.25769639015197754,
    "decoding_time": 0.3267972469329834
}