{
    "image_name": "RGB_OR_1200x1200_041.png",
    "mse": 0.0007795006386004388,
    "psnr": 31.075328826904297,
    "ms-ssim": 0.9643334150314331,
    "bpp": 0.15131111111111112,
    "encoding_time": 0.3587777614593506,
    "decoding_time": 0.48752307891845703
}