{
    "image_name": "RGB_OR_1200x1200_083.png",
    "mse": 0.0004986079875379801,
    "psnr": 33.01141357421875,
    "ms-ssim": 0.978005588054657,
    "bpp": 0.11466666666666667,
    "encoding_time": 0.2780635356903076,
    "decoding_time": 0.573871374130249
}