{
    "image_name": "RGB_OR_1200x1200_017.png",
    "mse": 0.0008803865639492869,
    "psnr": 30.547115325927734,
    "ms-ssim": 0.9645086526870728,
    "bpp": 0.17553333333333335,
    "encoding_time": 0.28728818893432617,
    "decoding_time": 0.3189871311187744
}