{
    "image_name": "RGB_OR_1200x1200_074.png",
    "mse": 0.0003577339230105281,
    "psnr": 34.44926452636719,
    "ms-ssim": 0.9466978311538696,
    "bpp": 0.05128888888888889,
    "encoding_time": 0.2904694080352783,
    "decoding_time": 0.40524721145629883
}