{
    "image_name": "RGB_OR_1200x1200_031.png",
    "mse": 0.0009288431610912085,
    "psnr": 30.31460952758789,
    "ms-ssim": 0.960052490234375,
    "bpp": 0.164,
    "encoding_time": 0.21982955932617188,
    "decoding_time": 0.23653697967529297
}