{
    "image_name": "RGB_OR_1200x1200_087.png",
    "mse": 0.002059029648080468,
    "psnr": 26.860567092895508,
    "ms-ssim": 0.9492819309234619,
    "bpp": 0.3429111111111111,
    "encoding_time": 0.454179048538208,
    "decoding_time": 0.41643691062927246
}