{
    "image_name": "RGB_OR_1200x1200_088.png",
    "mse": 0.0007261564023792744,
    "psnr": 31.382614135742188,
    "ms-ssim": 0.967197060585022,
    "bpp": 0.16026666666666667,
    "encoding_time": 0.3250560760498047,
    "decoding_time": 0.31173229217529297
}