{
    "image_name": "RGB_OR_1200x1200_060.png",
    "mse": 0.0005687602097168565,
    "psnr": 32.441734313964844,
    "ms-ssim": 0.9712508916854858,
    "bpp": 0.12051111111111111,
    "encoding_time": 0.3986797332763672,
    "decoding_time": 0.29460763931274414
}