{
    "image_name": "RGB_OR_1200x1200_006.png",
    "mse": 0.0005321417120285332,
    "psnr": 32.729759216308594,
    "ms-ssim": 0.9290614128112793,
    "bpp": 0.052533333333333335,
    "encoding_time": 0.32108044624328613,
    "decoding_time": 0.4132866859436035
}