{
    "image_name": "RGB_OR_1200x1200_029.png",
    "mse": 0.0006007211632095277,
    "psnr": 32.204166412353516,
    "ms-ssim": 0.9626438021659851,
    "bpp": 0.12295555555555555,
    "encoding_time": 0.34836578369140625,
    "decoding_time": 0.41526269912719727
}