{
    "image_name": "RGB_OR_1200x1200_025.png",
    "mse": 0.00040989596163854003,
    "psnr": 33.859832763671875,
    "ms-ssim": 0.9733850359916687,
    "bpp": 0.09435555555555555,
    "encoding_time": 0.28883790969848633,
    "decoding_time": 0.5099403858184814
}