{
    "image_name": "RGB_OR_1200x1200_045.png",
    "mse": 0.000546046590898186,
    "psnr": 32.61796569824219,
    "ms-ssim": 0.9702037572860718,
    "bpp": 0.11982222222222222,
    "encoding_time": 0.41203951835632324,
    "decoding_time": 0.3305532932281494
}