{
    "mean_loss": 0.30524240981038486,
    "mean_bpp": 0.3038300507122761,
    "mean_psnr": 31.84830860975312,
    "mean_msssim": 0.9858764090189119,
    "mean_msssim_dB": 18.500548680863243,
    "mean_enc_time": 0.6193250156030422,
    "mean_dec_time": 0.6888066326699606
}