{
    "image_name": "todd-quackenbush-222.png",
    "mse": 0.0016494812443852425,
    "psnr": 27.823148727416992,
    "ms-ssim": 0.9784497618675232,
    "bpp": 0.46884333080232854,
    "encoding_time": 0.11082696914672852,
    "decoding_time": 0.10393309593200684
}