{
    "image_name": "nomao-saeki-33553.png",
    "mse": 0.00028033266426064074,
    "psnr": 35.50360107421875,
    "ms-ssim": 0.9854749441146851,
    "bpp": 0.20856972913616398,
    "encoding_time": 0.6236741542816162,
    "decoding_time": 0.8389370441436768
}