{
    "image_name": "thong-vo-428.png",
    "mse": 0.001422561821527779,
    "psnr": 28.465469360351562,
    "ms-ssim": 0.9835671782493591,
    "bpp": 0.42489985579234096,
    "encoding_time": 0.34477686882019043,
    "decoding_time": 0.4730532169342041
}