{
    "image_name": "philipp-reiner-207.png",
    "mse": 0.00197272258810699,
    "psnr": 27.046714782714844,
    "ms-ssim": 0.9796093702316284,
    "bpp": 0.42804938271604936,
    "encoding_time": 0.39393186569213867,
    "decoding_time": 0.5078475475311279
}