{
    "image_name": "allef-vinicius-109434.png",
    "mse": 0.0003297897637821734,
    "psnr": 34.800811767578125,
    "ms-ssim": 0.9816174507141113,
    "bpp": 0.3317307692307692,
    "encoding_time": 0.8192718029022217,
    "decoding_time": 0.636798620223999
}