{
    "image_name": "andrew-ruiz-376.png",
    "mse": 0.0006346419686451554,
    "psnr": 31.96613311767578,
    "ms-ssim": 0.9885766506195068,
    "bpp": 0.2754982549595885,
    "encoding_time": 0.871253490447998,
    "decoding_time": 1.1638476848602295
}