{
    "image_name": "roberto-nickson-48063.png",
    "mse": 0.0002899111423175782,
    "psnr": 35.358612060546875,
    "ms-ssim": 0.9888492822647095,
    "bpp": 0.16899038461538463,
    "encoding_time": 0.7157666683197021,
    "decoding_time": 0.7689504623413086
}