{
    "image_name": "juskteez-vu-1041.png",
    "mse": 0.0017960136756300926,
    "psnr": 27.453786849975586,
    "ms-ssim": 0.9772062301635742,
    "bpp": 0.5449538636795139,
    "encoding_time": 0.7719743251800537,
    "decoding_time": 0.6731677055358887
}