{
    "image_name": "gian-reto-tarnutzer-45212.png",
    "mse": 0.0008172959787771106,
    "psnr": 30.869626998901367,
    "ms-ssim": 0.9841787219047546,
    "bpp": 0.4394388686131387,
    "encoding_time": 0.6877880096435547,
    "decoding_time": 0.8302955627441406
}