{
    "image_name": "dogancan-ozturan-395.png",
    "mse": 0.0006658824277110398,
    "psnr": 31.757991790771484,
    "ms-ssim": 0.9899868369102478,
    "bpp": 0.22271049596309112,
    "encoding_time": 0.7675557136535645,
    "decoding_time": 0.9198873043060303
}