{
    "image_name": "felix-russell-saw-140699.png",
    "mse": 0.0003528743691276759,
    "psnr": 34.50809860229492,
    "ms-ssim": 0.9847229719161987,
    "bpp": 0.25523156089193827,
    "encoding_time": 0.875908613204956,
    "decoding_time": 1.0542738437652588
}