{
    "image_name": "alberto-montalesi-176097.png",
    "mse": 0.0002893674827646464,
    "psnr": 35.366851806640625,
    "ms-ssim": 0.9775586128234863,
    "bpp": 0.257818231841526,
    "encoding_time": 0.6534204483032227,
    "decoding_time": 0.6870989799499512
}