{
    "image_name": "paul-itkin-46101.png",
    "mse": 0.003821222111582756,
    "psnr": 24.17646598815918,
    "ms-ssim": 0.9882280230522156,
    "bpp": 0.3049116997792494,
    "encoding_time": 0.1894385814666748,
    "decoding_time": 0.14827418327331543
}