{
    "image_name": "jeremy-cai-1174.png",
    "mse": 0.0005234414711594582,
    "psnr": 32.800941467285156,
    "ms-ssim": 0.9920576810836792,
    "bpp": 0.19571873729846903,
    "encoding_time": 0.48549938201904297,
    "decoding_time": 0.7652878761291504
}