{
    "image_name": "schicka-307.png",
    "mse": 0.0002755002642516047,
    "psnr": 35.57884979248047,
    "ms-ssim": 0.9884445071220398,
    "bpp": 0.22151692708333334,
    "encoding_time": 0.1651616096496582,
    "decoding_time": 0.07002878189086914
}