{
    "image_name": "mullermarc-184.png",
    "mse": 0.0005878321826457977,
    "psnr": 32.298667907714844,
    "ms-ssim": 0.9889926910400391,
    "bpp": 0.3119904784915926,
    "encoding_time": 0.40134334564208984,
    "decoding_time": 0.2807455062866211
}