{
    "image_name": "lobostudio-hamburg-75377.png",
    "mse": 0.0004565097624436021,
    "psnr": 33.39396667480469,
    "ms-ssim": 0.9831323027610779,
    "bpp": 0.2708333333333333,
    "encoding_time": 0.5388367176055908,
    "decoding_time": 0.6396217346191406
}