{
    "image_name": "jared-erondu-21325.png",
    "mse": 0.0003104538773186505,
    "psnr": 35.06265640258789,
    "ms-ssim": 0.986625611782074,
    "bpp": 0.254635989010989,
    "encoding_time": 0.5123460292816162,
    "decoding_time": 0.6130936145782471
}