{
    "image_name": "stefan-kunze-26931.png",
    "mse": 0.0007743612513877451,
    "psnr": 31.103561401367188,
    "ms-ssim": 0.9873307943344116,
    "bpp": 0.3323770117044623,
    "encoding_time": 0.7160012722015381,
    "decoding_time": 0.690359354019165
}