{
    "image_name": "benjamin-sloth-lindgreen-705.png",
    "mse": 0.0008915055077522993,
    "psnr": 30.492725372314453,
    "ms-ssim": 0.9844430685043335,
    "bpp": 0.363003663003663,
    "encoding_time": 0.7515554428100586,
    "decoding_time": 0.7637901306152344
}