{
    "image_name": "alejandro-escamilla-6.png",
    "mse": 0.0008527485188096762,
    "psnr": 30.68571662902832,
    "ms-ssim": 0.9887875914573669,
    "bpp": 0.23805078416728903,
    "encoding_time": 0.490602970123291,
    "decoding_time": 0.7490606307983398
}