{
    "image_name": "zugr-108.png",
    "mse": 0.0003294169146101922,
    "psnr": 34.80670928955078,
    "ms-ssim": 0.9913181066513062,
    "bpp": 0.14728708791208792,
    "encoding_time": 0.7140960693359375,
    "decoding_time": 0.7759277820587158
}