{
    "image_name": "casey-fyfe-999.png",
    "mse": 0.0003746275615412742,
    "psnr": 34.249610900878906,
    "ms-ssim": 0.9804991483688354,
    "bpp": 0.37250689338235293,
    "encoding_time": 0.6824352741241455,
    "decoding_time": 0.700751543045044
}