{
    "image_name": "todd-quackenbush-27493.png",
    "mse": 0.00032605312298983335,
    "psnr": 34.85053253173828,
    "ms-ssim": 0.9919001460075378,
    "bpp": 0.14059474830590513,
    "encoding_time": 0.7012288570404053,
    "decoding_time": 1.2497985363006592
}