{
    "image_name": "alexander-shustov-73.png",
    "mse": 0.0023912929464131594,
    "psnr": 26.211395263671875,
    "ms-ssim": 0.9798092842102051,
    "bpp": 0.5295279206465834,
    "encoding_time": 0.9395318031311035,
    "decoding_time": 1.0901925563812256
}