{
    "image_name": "clem-onojeghuo-33741.png",
    "mse": 0.0007952491287142038,
    "psnr": 30.98820686340332,
    "ms-ssim": 0.9848331809043884,
    "bpp": 0.3562385531135531,
    "encoding_time": 0.5553572177886963,
    "decoding_time": 0.9177451133728027
}