{
    "image_name": "ales-krivec-15949.png",
    "mse": 0.00025168436695821583,
    "psnr": 35.97003173828125,
    "ms-ssim": 0.9909554719924927,
    "bpp": 0.17232218013468015,
    "encoding_time": 0.7657222747802734,
    "decoding_time": 0.5931811332702637
}