{
    "image_name": "sergey-zolkin-1045.png",
    "mse": 0.0005764137604273856,
    "psnr": 32.38334655761719,
    "ms-ssim": 0.988661527633667,
    "bpp": 0.2347069597069597,
    "encoding_time": 0.9620339870452881,
    "decoding_time": 0.7176337242126465
}