{
    "image_name": "martin-wessely-211.png",
    "mse": 0.0022497670724987984,
    "psnr": 26.476320266723633,
    "ms-ssim": 0.9757830500602722,
    "bpp": 0.5719791666666667,
    "encoding_time": 0.1524641513824463,
    "decoding_time": 0.13730287551879883
}