{
    "image_name": "philippe-wuyts-45997.png",
    "mse": 0.0008364024688489735,
    "psnr": 30.76970100402832,
    "ms-ssim": 0.9831096529960632,
    "bpp": 0.4606832753742564,
    "encoding_time": 0.721350908279419,
    "decoding_time": 0.6543083190917969
}