{
    "image_name": "vita-vilcina-3055.png",
    "mse": 0.0015581040643155575,
    "psnr": 28.070533752441406,
    "ms-ssim": 0.99211585521698,
    "bpp": 0.25328919446566506,
    "encoding_time": 0.4723682403564453,
    "decoding_time": 0.8329401016235352
}