{
    "image_name": "martyn-seddon-220.png",
    "mse": 0.0005150684737600386,
    "psnr": 32.87083435058594,
    "ms-ssim": 0.9835976362228394,
    "bpp": 0.35502518315018317,
    "encoding_time": 0.5520827770233154,
    "decoding_time": 0.7169530391693115
}