{
    "image_name": "sergey-zolkin-21232.png",
    "mse": 0.0002108160115312785,
    "psnr": 36.73685836791992,
    "ms-ssim": 0.9903077483177185,
    "bpp": 0.15414818291470475,
    "encoding_time": 1.277106761932373,
    "decoding_time": 0.41078972816467285
}