{
    "image_name": "kazuend-28556.png",
    "mse": 0.00019127015548292547,
    "psnr": 37.15504837036133,
    "ms-ssim": 0.990973949432373,
    "bpp": 0.13637820512820512,
    "encoding_time": 0.6654722690582275,
    "decoding_time": 0.9104385375976562
}