{
    "mean_loss": 0.19936994851197137,
    "mean_bpp": 0.19756422222222222,
    "mean_psnr": 31.288312435150146,
    "mean_msssim": 0.9819427371025086,
    "mean_msssim_dB": 17.433480789728435,
    "mean_enc_time": 0.631060185432434,
    "mean_dec_time": 0.7925934934616089
}