{
    "image_name": "RGB_OR_1200x1200_011.png",
    "mse": 0.0015946648782119155,
    "psnr": 27.969900131225586,
    "ms-ssim": 0.9824413061141968,
    "bpp": 0.23313333333333333,
    "encoding_time": 0.39565348625183105,
    "decoding_time": 0.6763219833374023
}