{
    "image_name": "RGB_OR_1200x1200_074.png",
    "mse": 0.0002584699832368642,
    "psnr": 35.855072021484375,
    "ms-ssim": 0.9765522480010986,
    "bpp": 0.14475555555555555,
    "encoding_time": 0.5665028095245361,
    "decoding_time": 1.12408447265625
}