{
    "image_name": "RGB_OR_1200x1200_051.png",
    "mse": 0.0003397346881683916,
    "psnr": 34.672489166259766,
    "ms-ssim": 0.9838389158248901,
    "bpp": 0.15066666666666667,
    "encoding_time": 0.4696204662322998,
    "decoding_time": 0.760767936706543
}