{
    "image_name": "RGB_OR_1200x1200_043.png",
    "mse": 0.0015084423357620835,
    "psnr": 28.211008071899414,
    "ms-ssim": 0.973341166973114,
    "bpp": 0.37775555555555557,
    "encoding_time": 0.571326732635498,
    "decoding_time": 0.6467177867889404
}