{
    "image_name": "RGB_OR_1200x1200_079.png",
    "mse": 0.0013406301150098443,
    "psnr": 28.722627639770508,
    "ms-ssim": 0.9905559420585632,
    "bpp": 0.11893333333333334,
    "encoding_time": 0.540945291519165,
    "decoding_time": 0.6837425231933594
}