{
    "image_name": "RGB_OR_1200x1200_060.png",
    "mse": 0.0005813759635202587,
    "psnr": 32.34613037109375,
    "ms-ssim": 0.9851592779159546,
    "bpp": 0.15537777777777778,
    "encoding_time": 0.6068124771118164,
    "decoding_time": 0.6657357215881348
}