{
    "image_name": "RGB_OR_1200x1200_042.png",
    "mse": 0.0005898115923628211,
    "psnr": 32.2838020324707,
    "ms-ssim": 0.9817894697189331,
    "bpp": 0.18317777777777777,
    "encoding_time": 0.7474958896636963,
    "decoding_time": 0.8153691291809082
}