{
    "image_name": "RGB_OR_1200x1200_095.png",
    "mse": 0.0027466535102576017,
    "psnr": 25.609952926635742,
    "ms-ssim": 0.9719475507736206,
    "bpp": 0.3638888888888889,
    "encoding_time": 0.6132636070251465,
    "decoding_time": 0.6669390201568604
}