{
    "image_name": "RGB_OR_1200x1200_050.png",
    "mse": 0.0005854712799191475,
    "psnr": 32.31549072265625,
    "ms-ssim": 0.9786969423294067,
    "bpp": 0.20864444444444444,
    "encoding_time": 0.7729136943817139,
    "decoding_time": 0.7346374988555908
}