{
    "image_name": "RGB_OR_1200x1200_041.png",
    "mse": 0.0008520827977918088,
    "psnr": 30.68878936767578,
    "ms-ssim": 0.9822453260421753,
    "bpp": 0.19784444444444443,
    "encoding_time": 0.47058582305908203,
    "decoding_time": 0.45961761474609375
}