{
    "image_name": "RGB_OR_1200x1200_054.png",
    "mse": 0.0007334336987696588,
    "psnr": 31.339279174804688,
    "ms-ssim": 0.9843244552612305,
    "bpp": 0.196,
    "encoding_time": 0.39938831329345703,
    "decoding_time": 1.0047295093536377
}