{
    "image_name": "RGB_OR_1200x1200_070.png",
    "mse": 0.0004832223057746887,
    "psnr": 33.14704513549805,
    "ms-ssim": 0.9773333072662354,
    "bpp": 0.2616,
    "encoding_time": 0.5748291015625,
    "decoding_time": 0.5342545509338379
}