{
    "image_name": "RGB_OR_1200x1200_075.png",
    "mse": 0.0006866953335702419,
    "psnr": 31.62482452392578,
    "ms-ssim": 0.979900062084198,
    "bpp": 0.1552888888888889,
    "encoding_time": 0.5659022331237793,
    "decoding_time": 0.6588678359985352
}