{
    "image_name": "RGB_OR_1200x1200_001.png",
    "mse": 0.0006294987979345024,
    "psnr": 32.00144958496094,
    "ms-ssim": 0.9894784688949585,
    "bpp": 0.11284444444444444,
    "encoding_time": 0.6505208015441895,
    "decoding_time": 0.8911044597625732
}