{
    "image_name": "RGB_OR_1200x1200_089.png",
    "mse": 0.0012159746838733554,
    "psnr": 29.146249771118164,
    "ms-ssim": 0.9774413108825684,
    "bpp": 0.2446222222222222,
    "encoding_time": 0.8733181953430176,
    "decoding_time": 0.7894909381866455
}