{
    "image_name": "RGB_OR_1200x1200_019.png",
    "mse": 0.0007769285584799945,
    "psnr": 31.089387893676758,
    "ms-ssim": 0.9814240336418152,
    "bpp": 0.1960222222222222,
    "encoding_time": 1.310600996017456,
    "decoding_time": 0.9232347011566162
}