{
    "image_name": "RGB_OR_1200x1200_087.png",
    "mse": 0.0022258057724684477,
    "psnr": 26.522525787353516,
    "ms-ssim": 0.9713954925537109,
    "bpp": 0.3993777777777778,
    "encoding_time": 0.6257500648498535,
    "decoding_time": 0.8560366630554199
}