{
    "image_name": "RGB_OR_1200x1200_088.png",
    "mse": 0.0007403303170576692,
    "psnr": 31.298614501953125,
    "ms-ssim": 0.983535647392273,
    "bpp": 0.20104444444444444,
    "encoding_time": 0.6059494018554688,
    "decoding_time": 0.7669005393981934
}