{
    "image_name": "RGB_OR_1200x1200_045.png",
    "mse": 0.0005329832201823592,
    "psnr": 32.72284698486328,
    "ms-ssim": 0.9839218854904175,
    "bpp": 0.14006666666666667,
    "encoding_time": 0.4430563449859619,
    "decoding_time": 1.0384347438812256
}