{
    "image_name": "RGB_OR_1200x1200_007.png",
    "mse": 0.000995774520561099,
    "psnr": 30.01287078857422,
    "ms-ssim": 0.9858880043029785,
    "bpp": 0.1671777777777778,
    "encoding_time": 0.7082967758178711,
    "decoding_time": 0.9747107028961182
}