{
    "image_name": "RGB_OR_1200x1200_033.png",
    "mse": 0.0010127169080078602,
    "psnr": 29.93956184387207,
    "ms-ssim": 0.9808516502380371,
    "bpp": 0.24964444444444445,
    "encoding_time": 0.4479959011077881,
    "decoding_time": 0.8340907096862793
}