{
    "image_name": "RGB_OR_1200x1200_094.png",
    "mse": 0.0016715108649805188,
    "psnr": 27.765758514404297,
    "ms-ssim": 0.984786868095398,
    "bpp": 0.18553333333333333,
    "encoding_time": 0.645625114440918,
    "decoding_time": 0.8148155212402344
}