{
    "image_name": "RGB_OR_1200x1200_052.png",
    "mse": 0.0008222987526096404,
    "psnr": 30.84296417236328,
    "ms-ssim": 0.9848100543022156,
    "bpp": 0.21644444444444444,
    "encoding_time": 0.737879753112793,
    "decoding_time": 0.8014998435974121
}