{
    "image_name": "RGB_OR_1200x1200_096.png",
    "mse": 0.00042165067861787975,
    "psnr": 33.737709045410156,
    "ms-ssim": 0.9723734259605408,
    "bpp": 0.1814,
    "encoding_time": 0.6521875858306885,
    "decoding_time": 1.013474941253662
}