{
    "image_name": "RGB_OR_1200x1200_063.png",
    "mse": 0.00037904331111349165,
    "psnr": 34.199188232421875,
    "ms-ssim": 0.9861472845077515,
    "bpp": 0.1116888888888889,
    "encoding_time": 0.561143159866333,
    "decoding_time": 0.6647579669952393
}