{
    "image_name": "RGB_OR_1200x1200_012.png",
    "mse": 0.0007342324242927134,
    "psnr": 31.334001541137695,
    "ms-ssim": 0.9854053258895874,
    "bpp": 0.13444444444444445,
    "encoding_time": 0.5954234600067139,
    "decoding_time": 0.5671792030334473
}