{
    "image_name": "RGB_OR_1200x1200_090.png",
    "mse": 0.001932501676492393,
    "psnr": 27.135887145996094,
    "ms-ssim": 0.976642370223999,
    "bpp": 0.3126888888888889,
    "encoding_time": 0.805178165435791,
    "decoding_time": 0.8833057880401611
}