{
    "image_name": "RGB_OR_1200x1200_037.png",
    "mse": 0.0005671849357895553,
    "psnr": 32.45276641845703,
    "ms-ssim": 0.9827497005462646,
    "bpp": 0.18833333333333332,
    "encoding_time": 0.445446252822876,
    "decoding_time": 0.7368659973144531
}