{
    "image_name": "RGB_OR_1200x1200_069.png",
    "mse": 0.0011752356076613069,
    "psnr": 29.294158935546875,
    "ms-ssim": 0.985001802444458,
    "bpp": 0.15404444444444446,
    "encoding_time": 0.641808032989502,
    "decoding_time": 1.118581771850586
}