{
    "image_name": "RGB_OR_1200x1200_080.png",
    "mse": 0.000339151214575395,
    "psnr": 34.680233001708984,
    "ms-ssim": 0.9837908744812012,
    "bpp": 0.14204444444444445,
    "encoding_time": 0.4286384582519531,
    "decoding_time": 1.1137373447418213
}