{
    "image_name": "RGB_OR_1200x1200_057.png",
    "mse": 0.0003715394122991711,
    "psnr": 34.285526275634766,
    "ms-ssim": 0.981249988079071,
    "bpp": 0.15855555555555556,
    "encoding_time": 0.4489016532897949,
    "decoding_time": 0.6565611362457275
}