{
    "image_name": "RGB_OR_1200x1200_024.png",
    "mse": 0.0026716808788478374,
    "psnr": 25.729982376098633,
    "ms-ssim": 0.979736328125,
    "bpp": 0.25333333333333335,
    "encoding_time": 0.4851398468017578,
    "decoding_time": 0.9726128578186035
}