{
    "image_name": "RGB_OR_1200x1200_072.png",
    "mse": 0.0015664860839024186,
    "psnr": 28.047199249267578,
    "ms-ssim": 0.9837205410003662,
    "bpp": 0.2218,
    "encoding_time": 0.6155059337615967,
    "decoding_time": 0.6041715145111084
}