{
    "image_name": "RGB_OR_1200x1200_061.png",
    "mse": 0.0015649106353521347,
    "psnr": 28.051681518554688,
    "ms-ssim": 0.9773604273796082,
    "bpp": 0.3086888888888889,
    "encoding_time": 0.432056188583374,
    "decoding_time": 0.9782075881958008
}