{
    "image_name": "RGB_OR_1200x1200_048.png",
    "mse": 0.0015043083112686872,
    "psnr": 28.22296714782715,
    "ms-ssim": 0.9749859571456909,
    "bpp": 0.2786222222222222,
    "encoding_time": 0.5586898326873779,
    "decoding_time": 0.9343295097351074
}