{
    "image_name": "RGB_OR_1200x1200_035.png",
    "mse": 0.0009448310593143106,
    "psnr": 30.24090003967285,
    "ms-ssim": 0.9824087023735046,
    "bpp": 0.2094,
    "encoding_time": 0.4673161506652832,
    "decoding_time": 0.6335859298706055
}