{
    "image_name": "RGB_OR_1200x1200_067.png",
    "mse": 0.0006798600079491735,
    "psnr": 31.667634963989258,
    "ms-ssim": 0.9776293635368347,
    "bpp": 0.16824444444444445,
    "encoding_time": 0.5767409801483154,
    "decoding_time": 0.6214950084686279
}