{
    "image_name": "RGB_OR_1200x1200_039.png",
    "mse": 0.0009585638763383031,
    "psnr": 30.17786979675293,
    "ms-ssim": 0.9805117845535278,
    "bpp": 0.2321111111111111,
    "encoding_time": 0.576087236404419,
    "decoding_time": 0.9186279773712158
}