{
    "image_name": "RGB_OR_1200x1200_078.png",
    "mse": 0.0004983836552128196,
    "psnr": 33.01336669921875,
    "ms-ssim": 0.9876912832260132,
    "bpp": 0.11302222222222222,
    "encoding_time": 0.7151570320129395,
    "decoding_time": 0.8495545387268066
}