{
    "image_name": "RGB_OR_1200x1200_008.png",
    "mse": 0.0008313434082083404,
    "psnr": 30.79578971862793,
    "ms-ssim": 0.9780449271202087,
    "bpp": 0.26368888888888886,
    "encoding_time": 0.9804437160491943,
    "decoding_time": 0.9298102855682373
}