{
    "image_name": "RGB_OR_1200x1200_064.png",
    "mse": 0.001015402958728373,
    "psnr": 29.9280948638916,
    "ms-ssim": 0.9831970930099487,
    "bpp": 0.23562222222222223,
    "encoding_time": 0.6767432689666748,
    "decoding_time": 0.6399226188659668
}