{
    "image_name": "RGB_OR_1200x1200_032.png",
    "mse": 0.0011948099127039313,
    "psnr": 29.222429275512695,
    "ms-ssim": 0.9751684665679932,
    "bpp": 0.30344444444444446,
    "encoding_time": 0.3874237537384033,
    "decoding_time": 1.6863949298858643
}