{
    "image_name": "RGB_OR_1200x1200_081.png",
    "mse": 0.0009555462165735662,
    "psnr": 30.19185447692871,
    "ms-ssim": 0.986287534236908,
    "bpp": 0.15595555555555554,
    "encoding_time": 0.46242308616638184,
    "decoding_time": 0.8216133117675781
}