{
    "image_name": "RGB_OR_1200x1200_046.png",
    "mse": 0.0009663320961408317,
    "psnr": 30.143205642700195,
    "ms-ssim": 0.9750498533248901,
    "bpp": 0.3038444444444444,
    "encoding_time": 0.5527205467224121,
    "decoding_time": 0.5708160400390625
}