{
    "image_name": "RGB_OR_1200x1200_022.png",
    "mse": 0.0004670897906180471,
    "psnr": 33.29401397705078,
    "ms-ssim": 0.9817327260971069,
    "bpp": 0.193,
    "encoding_time": 0.5261955261230469,
    "decoding_time": 0.47525477409362793
}