{
    "image_name": "RGB_OR_1200x1200_056.png",
    "mse": 0.0002869637974072248,
    "psnr": 35.40290069580078,
    "ms-ssim": 0.9849671721458435,
    "bpp": 0.12477777777777778,
    "encoding_time": 0.6503925323486328,
    "decoding_time": 0.5159707069396973
}