{
    "image_name": "RGB_OR_1200x1200_029.png",
    "mse": 0.0006107126246206462,
    "psnr": 32.13269805908203,
    "ms-ssim": 0.9848202466964722,
    "bpp": 0.17882222222222222,
    "encoding_time": 0.6033155918121338,
    "decoding_time": 0.7343945503234863
}