{
    "image_name": "RGB_OR_1200x1200_058.png",
    "mse": 0.0007122805691324174,
    "psnr": 31.46590805053711,
    "ms-ssim": 0.9837109446525574,
    "bpp": 0.18624444444444443,
    "encoding_time": 0.5336778163909912,
    "decoding_time": 0.4967644214630127
}