{
    "image_name": "RGB_OR_1200x1200_015.png",
    "mse": 0.00020127123571000993,
    "psnr": 36.93492126464844,
    "ms-ssim": 0.9914226531982422,
    "bpp": 0.055044444444444444,
    "encoding_time": 0.9924473762512207,
    "decoding_time": 0.843209981918335
}