{
    "image_name": "RGB_OR_1200x1200_066.png",
    "mse": 0.000544197391718626,
    "psnr": 32.63219451904297,
    "ms-ssim": 0.9852134585380554,
    "bpp": 0.1345111111111111,
    "encoding_time": 0.6006371974945068,
    "decoding_time": 0.9382810592651367
}