{
    "image_name": "RGB_OR_1200x1200_086.png",
    "mse": 0.0010333064710721374,
    "psnr": 29.852306365966797,
    "ms-ssim": 0.9677915573120117,
    "bpp": 0.43744444444444447,
    "encoding_time": 0.8061068058013916,
    "decoding_time": 0.9444713592529297
}