{
    "image_name": "RGB_OR_1200x1200_068.png",
    "mse": 0.00045475977822206914,
    "psnr": 33.412933349609375,
    "ms-ssim": 0.9901071786880493,
    "bpp": 0.12837777777777779,
    "encoding_time": 0.7463972568511963,
    "decoding_time": 0.793198823928833
}