{
    "image_name": "RGB_OR_1200x1200_071.png",
    "mse": 0.0005540337297134101,
    "psnr": 32.55499267578125,
    "ms-ssim": 0.9826752543449402,
    "bpp": 0.10613333333333333,
    "encoding_time": 0.4545118808746338,
    "decoding_time": 0.8505685329437256
}