{
    "image_name": "RGB_OR_1200x1200_092.png",
    "mse": 0.00035858008777722716,
    "psnr": 34.43904495239258,
    "ms-ssim": 0.9776818156242371,
    "bpp": 0.09684444444444444,
    "encoding_time": 0.653728723526001,
    "decoding_time": 0.6974306106567383
}