{
    "image_name": "RGB_OR_1200x1200_085.png",
    "mse": 0.0005451143952086568,
    "psnr": 32.625118255615234,
    "ms-ssim": 0.9757139086723328,
    "bpp": 0.2396,
    "encoding_time": 0.3815877437591553,
    "decoding_time": 1.1441810131072998
}