{
    "image_name": "RGB_OR_1200x1200_034.png",
    "mse": 0.0005230405949987471,
    "psnr": 32.80402374267578,
    "ms-ssim": 0.98857182264328,
    "bpp": 0.13322222222222221,
    "encoding_time": 0.42754220962524414,
    "decoding_time": 0.6096601486206055
}