{
    "image_name": "RGB_OR_1200x1200_025.png",
    "mse": 0.0004546086420305073,
    "psnr": 33.41210174560547,
    "ms-ssim": 0.9871543645858765,
    "bpp": 0.11884444444444445,
    "encoding_time": 0.8910365104675293,
    "decoding_time": 0.7741382122039795
}