{
    "image_name": "RGB_OR_1200x1200_018.png",
    "mse": 0.002537328517064452,
    "psnr": 25.954118728637695,
    "ms-ssim": 0.978277325630188,
    "bpp": 0.29244444444444445,
    "encoding_time": 0.6584103107452393,
    "decoding_time": 0.6700572967529297
}