{
    "image_name": "RGB_OR_1200x1200_031.png",
    "mse": 0.0008855393389239907,
    "psnr": 30.52136993408203,
    "ms-ssim": 0.983718752861023,
    "bpp": 0.2311111111111111,
    "encoding_time": 0.6441998481750488,
    "decoding_time": 1.0544302463531494
}