{
    "image_name": "RGB_OR_1200x1200_020.png",
    "mse": 0.0009053497342392802,
    "psnr": 30.425601959228516,
    "ms-ssim": 0.9748227000236511,
    "bpp": 0.2997111111111111,
    "encoding_time": 0.4630155563354492,
    "decoding_time": 0.7608582973480225
}