{
    "image_name": "RGB_OR_1200x1200_083.png",
    "mse": 0.0007932059816084802,
    "psnr": 30.9990234375,
    "ms-ssim": 0.9873804450035095,
    "bpp": 0.12595555555555554,
    "encoding_time": 0.596149206161499,
    "decoding_time": 0.8157331943511963
}