{
    "image_name": "RGB_OR_1200x1200_021.png",
    "mse": 0.0009374177316203713,
    "psnr": 30.274829864501953,
    "ms-ssim": 0.9890865683555603,
    "bpp": 0.1242,
    "encoding_time": 0.8381900787353516,
    "decoding_time": 1.060579776763916
}