{
    "image_name": "RGB_OR_1200x1200_053.png",
    "mse": 0.00037055250140838325,
    "psnr": 34.2957763671875,
    "ms-ssim": 0.992119312286377,
    "bpp": 0.08644444444444445,
    "encoding_time": 0.7256560325622559,
    "decoding_time": 0.756629467010498
}