{
    "image_name": "RGB_OR_1200x1200_023.png",
    "mse": 0.0017375529278069735,
    "psnr": 27.597522735595703,
    "ms-ssim": 0.9822434782981873,
    "bpp": 0.17257777777777777,
    "encoding_time": 0.4748847484588623,
    "decoding_time": 0.6366536617279053
}