{
    "image_name": "RGB_OR_1200x1200_038.png",
    "mse": 0.0003764734719879925,
    "psnr": 34.228179931640625,
    "ms-ssim": 0.9870080351829529,
    "bpp": 0.12784444444444445,
    "encoding_time": 0.918602705001831,
    "decoding_time": 0.7579469680786133
}