{
    "image_name": "RGB_OR_1200x1200_030.png",
    "mse": 0.00111232022754848,
    "psnr": 29.532682418823242,
    "ms-ssim": 0.9766345024108887,
    "bpp": 0.28386666666666666,
    "encoding_time": 0.38779711723327637,
    "decoding_time": 0.5148673057556152
}