{
    "image_name": "RGB_OR_1200x1200_076.png",
    "mse": 0.0006779682589694858,
    "psnr": 31.6796875,
    "ms-ssim": 0.986278772354126,
    "bpp": 0.09253333333333333,
    "encoding_time": 0.5361003875732422,
    "decoding_time": 0.8371889591217041
}