{
    "image_name": "RGB_OR_1200x1200_002.png",
    "mse": 0.0003107846132479608,
    "psnr": 35.05705642700195,
    "ms-ssim": 0.9890986680984497,
    "bpp": 0.06637777777777777,
    "encoding_time": 0.6914894580841064,
    "decoding_time": 0.5581035614013672
}