{
    "image_name": "RGB_OR_1200x1200_097.png",
    "mse": 0.0008509171311743557,
    "psnr": 30.694961547851562,
    "ms-ssim": 0.9900250434875488,
    "bpp": 0.11293333333333333,
    "encoding_time": 0.5139122009277344,
    "decoding_time": 0.48072147369384766
}