{
    "image_name": "RGB_OR_1200x1200_062.png",
    "mse": 0.002544218208640814,
    "psnr": 25.942413330078125,
    "ms-ssim": 0.9732414484024048,
    "bpp": 0.3944,
    "encoding_time": 0.6894309520721436,
    "decoding_time": 0.6037311553955078
}