{
    "image_name": "RGB_OR_1200x1200_006.png",
    "mse": 0.00038569935713894665,
    "psnr": 34.12316131591797,
    "ms-ssim": 0.9757217168807983,
    "bpp": 0.2541555555555556,
    "encoding_time": 0.5993742942810059,
    "decoding_time": 0.8061196804046631
}