{
    "image_name": "RGB_OR_1200x1200_099.png",
    "mse": 0.0006845047464594245,
    "psnr": 31.637929916381836,
    "ms-ssim": 0.977313220500946,
    "bpp": 0.23622222222222222,
    "encoding_time": 0.4933483600616455,
    "decoding_time": 0.8460030555725098
}