{
    "image_name": "RGB_OR_1200x1200_016.png",
    "mse": 0.0021541588939726353,
    "psnr": 26.664491653442383,
    "ms-ssim": 0.9755954742431641,
    "bpp": 0.3181777777777778,
    "encoding_time": 0.5274214744567871,
    "decoding_time": 0.6320571899414062
}