{
    "image_name": "RGB_OR_1200x1200_100.png",
    "mse": 0.00025052952696569264,
    "psnr": 35.99077606201172,
    "ms-ssim": 0.9903907179832458,
    "bpp": 0.11291111111111111,
    "encoding_time": 0.7873208522796631,
    "decoding_time": 0.7304165363311768
}