{
    "image_name": "RGB_OR_1200x1200_059.png",
    "mse": 0.003285924205556512,
    "psnr": 24.831871032714844,
    "ms-ssim": 0.97258061170578,
    "bpp": 0.3426666666666667,
    "encoding_time": 0.49100828170776367,
    "decoding_time": 0.6307554244995117
}