{
    "image_name": "RGB_OR_1200x1200_009.png",
    "mse": 0.0003731067990884185,
    "psnr": 34.266868591308594,
    "ms-ssim": 0.9907379150390625,
    "bpp": 0.09782222222222223,
    "encoding_time": 0.9534413814544678,
    "decoding_time": 0.927332878112793
}