{
    "image_name": "RGB_OR_1200x1200_005.png",
    "mse": 0.0006591015844605863,
    "psnr": 31.80177879333496,
    "ms-ssim": 0.9811258316040039,
    "bpp": 0.22133333333333333,
    "encoding_time": 0.580613374710083,
    "decoding_time": 0.9191198348999023
}