{
    "image_name": "RGB_OR_1200x1200_003.png",
    "mse": 0.0008321742061525583,
    "psnr": 30.791105270385742,
    "ms-ssim": 0.9855062365531921,
    "bpp": 0.13984444444444444,
    "encoding_time": 1.1634259223937988,
    "decoding_time": 0.9092702865600586
}