{
    "image_name": "RGB_OR_1200x1200_049.png",
    "mse": 0.0007101759547367692,
    "psnr": 31.478958129882812,
    "ms-ssim": 0.9866036176681519,
    "bpp": 0.17037777777777777,
    "encoding_time": 0.5796308517456055,
    "decoding_time": 0.6822783946990967
}