{
    "image_name": "RGB_OR_1200x1200_017.png",
    "mse": 0.0008374599856324494,
    "psnr": 30.763717651367188,
    "ms-ssim": 0.9831686019897461,
    "bpp": 0.2285111111111111,
    "encoding_time": 0.6583530902862549,
    "decoding_time": 0.6115806102752686
}