{
    "image_name": "RGB_OR_1200x1200_073.png",
    "mse": 0.0002776718174573034,
    "psnr": 35.5470085144043,
    "ms-ssim": 0.9858589172363281,
    "bpp": 0.07742222222222223,
    "encoding_time": 0.7882745265960693,
    "decoding_time": 0.7577576637268066
}