{
    "image_name": "RGB_OR_1200x1200_004.png",
    "mse": 0.00033105455804616213,
    "psnr": 34.78449249267578,
    "ms-ssim": 0.9840841293334961,
    "bpp": 0.09695555555555556,
    "encoding_time": 0.6045503616333008,
    "decoding_time": 0.9061431884765625
}