{
    "image_name": "RGB_OR_1200x1200_091.png",
    "mse": 0.0005180553998798132,
    "psnr": 32.850154876708984,
    "ms-ssim": 0.9898881912231445,
    "bpp": 0.14037777777777777,
    "encoding_time": 0.8436987400054932,
    "decoding_time": 0.6484155654907227
}