{
    "image_name": "RGB_OR_1200x1200_077.png",
    "mse": 0.0004647420428227633,
    "psnr": 33.31616973876953,
    "ms-ssim": 0.9614300727844238,
    "bpp": 0.2750888888888889,
    "encoding_time": 0.5786342620849609,
    "decoding_time": 1.0129992961883545
}