{
    "image_name": "RGB_OR_1200x1200_082.png",
    "mse": 0.0016182936960831285,
    "psnr": 27.906044006347656,
    "ms-ssim": 0.9687279462814331,
    "bpp": 0.4064,
    "encoding_time": 0.8844254016876221,
    "decoding_time": 0.9159777164459229
}