{
    "image_name": "RGB_OR_1200x1200_013.png",
    "mse": 0.0007501482032239437,
    "psnr": 31.241397857666016,
    "ms-ssim": 0.985929012298584,
    "bpp": 0.1466888888888889,
    "encoding_time": 0.6085937023162842,
    "decoding_time": 0.6942672729492188
}