{
    "image_name": "RGB_OR_1200x1200_093.png",
    "mse": 0.0005095441010780632,
    "psnr": 32.91561508178711,
    "ms-ssim": 0.9871914386749268,
    "bpp": 0.1501111111111111,
    "encoding_time": 0.53375244140625,
    "decoding_time": 0.8593094348907471
}