{
    "image_name": "RGB_OR_1200x1200_044.png",
    "mse": 0.00046005815966054797,
    "psnr": 33.36024856567383,
    "ms-ssim": 0.9793033003807068,
    "bpp": 0.23326666666666668,
    "encoding_time": 0.7405502796173096,
    "decoding_time": 0.6302423477172852
}