{
    "image_name": "RGB_OR_1200x1200_055.png",
    "mse": 0.0007879099575802684,
    "psnr": 31.028091430664062,
    "ms-ssim": 0.9874333143234253,
    "bpp": 0.18813333333333335,
    "encoding_time": 0.545379638671875,
    "decoding_time": 0.8998508453369141
}