{
    "mean_loss": 0.2724041222363717,
    "mean_bpp": 0.2723562222222222,
    "mean_psnr": 33.77641405105591,
    "mean_msssim": 0.9754235035181046,
    "mean_msssim_dB": 16.094800281634903,
    "mean_enc_time": 0.3671196460723877,
    "mean_dec_time": 0.46641862392425537
}