{
    "image_name": "RGB_OR_1200x1200_075.png",
    "mse": 0.00034277039230801165,
    "psnr": 34.634788513183594,
    "ms-ssim": 0.9695450663566589,
    "bpp": 0.1958,
    "encoding_time": 0.44881629943847656,
    "decoding_time": 0.49324727058410645
}