{
    "image_name": "RGB_OR_1200x1200_100.png",
    "mse": 0.00013978772039990872,
    "psnr": 38.52145004272461,
    "ms-ssim": 0.9787894487380981,
    "bpp": 0.0848,
    "encoding_time": 0.2624993324279785,
    "decoding_time": 0.46149349212646484
}