{
    "image_name": "RGB_OR_1200x1200_020.png",
    "mse": 0.0007001094636507332,
    "psnr": 31.540557861328125,
    "ms-ssim": 0.9613713026046753,
    "bpp": 0.31493333333333334,
    "encoding_time": 0.4351327419281006,
    "decoding_time": 0.4228217601776123
}