{
    "image_name": "RGB_OR_1200x1200_024.png",
    "mse": 0.0008451254689134657,
    "psnr": 30.72451400756836,
    "ms-ssim": 0.9798096418380737,
    "bpp": 0.5706888888888889,
    "encoding_time": 0.377427339553833,
    "decoding_time": 0.5428285598754883
}