{
    "image_name": "RGB_OR_1200x1200_015.png",
    "mse": 0.0001271228102268651,
    "psnr": 38.91702651977539,
    "ms-ssim": 0.9876724481582642,
    "bpp": 0.09304444444444444,
    "encoding_time": 0.3022458553314209,
    "decoding_time": 0.4635806083679199
}