{
    "image_name": "RGB_OR_1200x1200_002.png",
    "mse": 0.00013156142085790634,
    "psnr": 38.76835632324219,
    "ms-ssim": 0.9833192229270935,
    "bpp": 0.10022222222222223,
    "encoding_time": 0.28281545639038086,
    "decoding_time": 0.40352296829223633
}