{
    "image_name": "RGB_OR_1200x1200_022.png",
    "mse": 0.0003619785711634904,
    "psnr": 34.398040771484375,
    "ms-ssim": 0.9698092341423035,
    "bpp": 0.21295555555555556,
    "encoding_time": 0.2639138698577881,
    "decoding_time": 0.3272132873535156
}