{
    "image_name": "RGB_OR_1200x1200_064.png",
    "mse": 0.0005576681578531861,
    "psnr": 32.52682113647461,
    "ms-ssim": 0.9805101156234741,
    "bpp": 0.3376222222222222,
    "encoding_time": 0.31520819664001465,
    "decoding_time": 0.3128490447998047
}