{
    "image_name": "RGB_OR_1200x1200_052.png",
    "mse": 0.0004472340224310756,
    "psnr": 33.482627868652344,
    "ms-ssim": 0.9822744727134705,
    "bpp": 0.3034,
    "encoding_time": 0.563784122467041,
    "decoding_time": 0.48602938652038574
}