{
    "image_name": "RGB_OR_1200x1200_065.png",
    "mse": 0.0006270051235333085,
    "psnr": 32.01865768432617,
    "ms-ssim": 0.9744576215744019,
    "bpp": 0.38651111111111114,
    "encoding_time": 0.2621307373046875,
    "decoding_time": 0.5269103050231934
}