{
    "image_name": "RGB_OR_1200x1200_018.png",
    "mse": 0.0008891970501281321,
    "psnr": 30.50420379638672,
    "ms-ssim": 0.9752202033996582,
    "bpp": 0.5821333333333333,
    "encoding_time": 0.3960530757904053,
    "decoding_time": 0.5659236907958984
}