{
    "image_name": "RGB_OR_1200x1200_091.png",
    "mse": 0.00032865258981473744,
    "psnr": 34.82249069213867,
    "ms-ssim": 0.9880330562591553,
    "bpp": 0.213,
    "encoding_time": 0.2587144374847412,
    "decoding_time": 0.35141921043395996
}