{
    "image_name": "RGB_OR_1200x1200_081.png",
    "mse": 0.00042081548599526286,
    "psnr": 33.74634552001953,
    "ms-ssim": 0.9845876693725586,
    "bpp": 0.2735111111111111,
    "encoding_time": 0.2543179988861084,
    "decoding_time": 0.4119384288787842
}