{
    "image_name": "RGB_OR_1200x1200_036.png",
    "mse": 0.000114806680358015,
    "psnr": 39.35429000854492,
    "ms-ssim": 0.9810270071029663,
    "bpp": 0.07797777777777777,
    "encoding_time": 0.37650251388549805,
    "decoding_time": 0.773231029510498
}