{
    "image_name": "RGB_OR_1200x1200_079.png",
    "mse": 0.0003753487253561616,
    "psnr": 34.240966796875,
    "ms-ssim": 0.9911298751831055,
    "bpp": 0.2866,
    "encoding_time": 0.37982892990112305,
    "decoding_time": 0.5586271286010742
}