{
    "image_name": "RGB_OR_1200x1200_032.png",
    "mse": 0.0008106688619591296,
    "psnr": 30.904926300048828,
    "ms-ssim": 0.9684745669364929,
    "bpp": 0.3888666666666667,
    "encoding_time": 0.41690993309020996,
    "decoding_time": 0.5050222873687744
}