{
    "image_name": "RGB_OR_1200x1200_070.png",
    "mse": 0.0004129873414058238,
    "psnr": 33.82728576660156,
    "ms-ssim": 0.9493650197982788,
    "bpp": 0.17395555555555556,
    "encoding_time": 0.37386488914489746,
    "decoding_time": 0.3490877151489258
}