{
    "image_name": "RGB_OR_1200x1200_071.png",
    "mse": 0.00029667088529095054,
    "psnr": 35.25951385498047,
    "ms-ssim": 0.9794421195983887,
    "bpp": 0.16828888888888888,
    "encoding_time": 0.19945359230041504,
    "decoding_time": 0.3922410011291504
}