{
    "image_name": "RGB_OR_1200x1200_096.png",
    "mse": 0.00038165587466210127,
    "psnr": 34.16933059692383,
    "ms-ssim": 0.9559781551361084,
    "bpp": 0.12846666666666667,
    "encoding_time": 0.3921539783477783,
    "decoding_time": 0.44394874572753906
}