{
    "image_name": "RGB_OR_1200x1200_038.png",
    "mse": 0.00024390297767240554,
    "psnr": 36.106143951416016,
    "ms-ssim": 0.9813010096549988,
    "bpp": 0.1618,
    "encoding_time": 0.6431002616882324,
    "decoding_time": 0.40977001190185547
}