{
    "image_name": "RGB_OR_1200x1200_019.png",
    "mse": 0.0005191953387111425,
    "psnr": 32.836669921875,
    "ms-ssim": 0.9762889742851257,
    "bpp": 0.25366666666666665,
    "encoding_time": 0.3538346290588379,
    "decoding_time": 0.5191452503204346
}