{
    "image_name": "RGB_OR_1200x1200_014.png",
    "mse": 0.00030316621996462345,
    "psnr": 35.16532516479492,
    "ms-ssim": 0.9854256510734558,
    "bpp": 0.1952,
    "encoding_time": 0.2657780647277832,
    "decoding_time": 0.5108156204223633
}