{
    "image_name": "RGB_OR_1200x1200_089.png",
    "mse": 0.0005877739749848843,
    "psnr": 32.298683166503906,
    "ms-ssim": 0.9658962488174438,
    "bpp": 0.32124444444444444,
    "encoding_time": 0.2980203628540039,
    "decoding_time": 0.36138343811035156
}