{
    "image_name": "RGB_OR_1200x1200_098.png",
    "mse": 0.0009547019726596773,
    "psnr": 30.195911407470703,
    "ms-ssim": 0.9819311499595642,
    "bpp": 0.6397111111111111,
    "encoding_time": 0.41757655143737793,
    "decoding_time": 0.5913205146789551
}