{
    "image_name": "RGB_OR_1200x1200_028.png",
    "mse": 0.00018461985746398568,
    "psnr": 37.30773162841797,
    "ms-ssim": 0.9801197052001953,
    "bpp": 0.11677777777777777,
    "encoding_time": 0.384019136428833,
    "decoding_time": 0.46998119354248047
}