{
    "image_name": "RGB_OR_1200x1200_055.png",
    "mse": 0.000383440317818895,
    "psnr": 34.14891815185547,
    "ms-ssim": 0.9842290878295898,
    "bpp": 0.2801111111111111,
    "encoding_time": 0.3100922107696533,
    "decoding_time": 0.4076700210571289
}