{
    "image_name": "RGB_OR_1200x1200_088.png",
    "mse": 0.0004307598574087024,
    "psnr": 33.64546585083008,
    "ms-ssim": 0.9786598086357117,
    "bpp": 0.2700222222222222,
    "encoding_time": 0.3866419792175293,
    "decoding_time": 0.8522872924804688
}