{
    "image_name": "RGB_OR_1200x1200_082.png",
    "mse": 0.0010497287148609757,
    "psnr": 29.78424072265625,
    "ms-ssim": 0.9595578908920288,
    "bpp": 0.49091111111111113,
    "encoding_time": 0.6389429569244385,
    "decoding_time": 0.4837055206298828
}