{
    "image_name": "RGB_OR_1200x1200_026.png",
    "mse": 0.0008479566313326359,
    "psnr": 30.709646224975586,
    "ms-ssim": 0.9801331758499146,
    "bpp": 0.5792444444444445,
    "encoding_time": 0.3623230457305908,
    "decoding_time": 0.3426237106323242
}