{
    "image_name": "RGB_OR_1200x1200_090.png",
    "mse": 0.0009165547089651227,
    "psnr": 30.37250518798828,
    "ms-ssim": 0.973350465297699,
    "bpp": 0.5036222222222222,
    "encoding_time": 0.3690485954284668,
    "decoding_time": 0.6210281848907471
}