{
    "image_name": "RGB_OR_1200x1200_059.png",
    "mse": 0.0011283010244369507,
    "psnr": 29.471155166625977,
    "ms-ssim": 0.9758747816085815,
    "bpp": 0.7060888888888889,
    "encoding_time": 0.4599802494049072,
    "decoding_time": 0.4965023994445801
}