{
    "image_name": "RGB_OR_1200x1200_054.png",
    "mse": 0.0004309210053179413,
    "psnr": 33.645225524902344,
    "ms-ssim": 0.9798984527587891,
    "bpp": 0.2633333333333333,
    "encoding_time": 0.38234400749206543,
    "decoding_time": 0.3992908000946045
}