{
    "image_name": "RGB_OR_1200x1200_069.png",
    "mse": 0.00044547434663400054,
    "psnr": 33.50043869018555,
    "ms-ssim": 0.983543336391449,
    "bpp": 0.2960888888888889,
    "encoding_time": 0.41964006423950195,
    "decoding_time": 0.5352375507354736
}