{
    "image_name": "RGB_OR_1200x1200_016.png",
    "mse": 0.0009572597336955369,
    "psnr": 30.18390464782715,
    "ms-ssim": 0.9748074412345886,
    "bpp": 0.5441777777777778,
    "encoding_time": 0.33163928985595703,
    "decoding_time": 0.3995654582977295
}