{
    "image_name": "RGB_OR_1200x1200_013.png",
    "mse": 0.0003740548563655466,
    "psnr": 34.25614929199219,
    "ms-ssim": 0.9854344129562378,
    "bpp": 0.2396888888888889,
    "encoding_time": 0.24707674980163574,
    "decoding_time": 0.6775267124176025
}