{
    "image_name": "RGB_OR_1200x1200_009.png",
    "mse": 0.00018593970162328333,
    "psnr": 37.27832794189453,
    "ms-ssim": 0.9863170385360718,
    "bpp": 0.13524444444444444,
    "encoding_time": 0.3813338279724121,
    "decoding_time": 0.4765040874481201
}