{
    "image_name": "RGB_OR_1200x1200_012.png",
    "mse": 0.00037774399970658123,
    "psnr": 34.213226318359375,
    "ms-ssim": 0.9833921790122986,
    "bpp": 0.22253333333333333,
    "encoding_time": 0.3663504123687744,
    "decoding_time": 0.3955719470977783
}