{
    "image_name": "RGB_OR_1200x1200_084.png",
    "mse": 0.00012875819811597466,
    "psnr": 38.8599853515625,
    "ms-ssim": 0.9761037826538086,
    "bpp": 0.07715555555555556,
    "encoding_time": 0.5064597129821777,
    "decoding_time": 0.4378817081451416
}