{
    "image_name": "RGB_OR_1200x1200_003.png",
    "mse": 0.0003933022089768201,
    "psnr": 34.038753509521484,
    "ms-ssim": 0.9812054634094238,
    "bpp": 0.22411111111111112,
    "encoding_time": 0.29511427879333496,
    "decoding_time": 0.5406243801116943
}