{
    "image_name": "RGB_OR_1200x1200_074.png",
    "mse": 0.0002546494943089783,
    "psnr": 35.919883728027344,
    "ms-ssim": 0.9575098752975464,
    "bpp": 0.09515555555555555,
    "encoding_time": 0.29895853996276855,
    "decoding_time": 0.5875496864318848
}