{
    "image_name": "RGB_OR_1200x1200_035.png",
    "mse": 0.0005282857455313206,
    "psnr": 32.761043548583984,
    "ms-ssim": 0.9792561531066895,
    "bpp": 0.3066,
    "encoding_time": 0.41211748123168945,
    "decoding_time": 0.567955732345581
}