{
    "image_name": "RGB_OR_1200x1200_033.png",
    "mse": 0.0005452701007016003,
    "psnr": 32.62371826171875,
    "ms-ssim": 0.9703311324119568,
    "bpp": 0.3101777777777778,
    "encoding_time": 0.472733736038208,
    "decoding_time": 0.39960718154907227
}