{
    "image_name": "RGB_OR_1200x1200_030.png",
    "mse": 0.0007460014894604683,
    "psnr": 31.265363693237305,
    "ms-ssim": 0.9736458659172058,
    "bpp": 0.37851111111111113,
    "encoding_time": 0.3630979061126709,
    "decoding_time": 0.39253759384155273
}