{
    "image_name": "RGB_OR_1200x1200_007.png",
    "mse": 0.00046504297642968595,
    "psnr": 33.31378173828125,
    "ms-ssim": 0.9834920763969421,
    "bpp": 0.2826444444444444,
    "encoding_time": 0.26390886306762695,
    "decoding_time": 0.44809436798095703
}