{
    "image_name": "RGB_OR_1200x1200_048.png",
    "mse": 0.0007658090908080339,
    "psnr": 31.151601791381836,
    "ms-ssim": 0.9742626547813416,
    "bpp": 0.4412,
    "encoding_time": 0.4246678352355957,
    "decoding_time": 0.4205656051635742
}