{
    "image_name": "RGB_OR_1200x1200_005.png",
    "mse": 0.00044255348620936275,
    "psnr": 33.52791213989258,
    "ms-ssim": 0.9735350012779236,
    "bpp": 0.2601333333333333,
    "encoding_time": 0.4038119316101074,
    "decoding_time": 0.5167193412780762
}