{
    "image_name": "RGB_OR_1200x1200_095.png",
    "mse": 0.0011019696248695254,
    "psnr": 29.57354164123535,
    "ms-ssim": 0.9684511423110962,
    "bpp": 0.6348,
    "encoding_time": 0.25681614875793457,
    "decoding_time": 0.52390456199646
}