{
    "image_name": "RGB_OR_1200x1200_049.png",
    "mse": 0.000372336246073246,
    "psnr": 34.27637481689453,
    "ms-ssim": 0.9849497675895691,
    "bpp": 0.2612,
    "encoding_time": 0.5694608688354492,
    "decoding_time": 0.3468801975250244
}