{
    "image_name": "RGB_OR_1200x1200_053.png",
    "mse": 0.0001882752258097753,
    "psnr": 37.221221923828125,
    "ms-ssim": 0.9897872805595398,
    "bpp": 0.14986666666666668,
    "encoding_time": 0.3550078868865967,
    "decoding_time": 0.3007993698120117
}