{
    "image_name": "RGB_OR_1200x1200_017.png",
    "mse": 0.0005055697401985526,
    "psnr": 32.95112609863281,
    "ms-ssim": 0.9798058271408081,
    "bpp": 0.3015777777777778,
    "encoding_time": 0.25092625617980957,
    "decoding_time": 0.40734100341796875
}