{
    "image_name": "RGB_OR_1200x1200_045.png",
    "mse": 0.0003331758198328316,
    "psnr": 34.75773239135742,
    "ms-ssim": 0.97951740026474,
    "bpp": 0.19817777777777779,
    "encoding_time": 0.2604482173919678,
    "decoding_time": 0.6010732650756836
}