{
    "image_name": "RGB_OR_1200x1200_046.png",
    "mse": 0.0007054395973682404,
    "psnr": 31.507722854614258,
    "ms-ssim": 0.9674670696258545,
    "bpp": 0.35686666666666667,
    "encoding_time": 0.3949601650238037,
    "decoding_time": 0.28433680534362793
}