{
    "image_name": "RGB_OR_1200x1200_092.png",
    "mse": 0.00019940412312280387,
    "psnr": 36.97565460205078,
    "ms-ssim": 0.9713847637176514,
    "bpp": 0.10817777777777778,
    "encoding_time": 0.4569251537322998,
    "decoding_time": 0.4001946449279785
}