{
    "image_name": "RGB_OR_1200x1200_010.png",
    "mse": 0.0004359002923592925,
    "psnr": 33.59390640258789,
    "ms-ssim": 0.966763436794281,
    "bpp": 0.20882222222222221,
    "encoding_time": 0.4290351867675781,
    "decoding_time": 0.315995454788208
}