{
    "image_name": "RGB_OR_1200x1200_034.png",
    "mse": 0.00028216707869432867,
    "psnr": 35.47578430175781,
    "ms-ssim": 0.9808458089828491,
    "bpp": 0.1618,
    "encoding_time": 0.44007205963134766,
    "decoding_time": 0.3522200584411621
}