{
    "image_name": "RGB_OR_1200x1200_027.png",
    "mse": 0.0004919744096696377,
    "psnr": 33.069480895996094,
    "ms-ssim": 0.9755682945251465,
    "bpp": 0.29075555555555554,
    "encoding_time": 0.45684003829956055,
    "decoding_time": 0.38679957389831543
}