{
    "image_name": "RGB_OR_1200x1200_047.png",
    "mse": 0.0006693588802590966,
    "psnr": 31.73529815673828,
    "ms-ssim": 0.9790897369384766,
    "bpp": 0.30575555555555556,
    "encoding_time": 0.2695152759552002,
    "decoding_time": 0.47789573669433594
}