{
    "image_name": "RGB_OR_1200x1200_051.png",
    "mse": 0.00027260385104455054,
    "psnr": 35.624717712402344,
    "ms-ssim": 0.9758452773094177,
    "bpp": 0.15777777777777777,
    "encoding_time": 0.3020467758178711,
    "decoding_time": 0.4157891273498535
}