{
    "image_name": "RGB_OR_1200x1200_097.png",
    "mse": 0.0003569654072634876,
    "psnr": 34.45861053466797,
    "ms-ssim": 0.9911741018295288,
    "bpp": 0.2522888888888889,
    "encoding_time": 0.3009614944458008,
    "decoding_time": 0.5961370468139648
}