{
    "image_name": "RGB_OR_1200x1200_008.png",
    "mse": 0.0006092313560657203,
    "psnr": 32.14332580566406,
    "ms-ssim": 0.9699660539627075,
    "bpp": 0.29375555555555555,
    "encoding_time": 0.36202263832092285,
    "decoding_time": 0.5993082523345947
}