{
    "image_name": "RGB_OR_1200x1200_056.png",
    "mse": 0.00021061705774627626,
    "psnr": 36.7393798828125,
    "ms-ssim": 0.9766429662704468,
    "bpp": 0.11788888888888889,
    "encoding_time": 0.4381561279296875,
    "decoding_time": 0.5461690425872803
}