{
    "image_name": "RGB_OR_1200x1200_099.png",
    "mse": 0.00047877780161798,
    "psnr": 33.187461853027344,
    "ms-ssim": 0.9584296941757202,
    "bpp": 0.21686666666666668,
    "encoding_time": 0.2824687957763672,
    "decoding_time": 0.3165242671966553
}