{
    "image_name": "RGB_OR_1200x1200_093.png",
    "mse": 0.0002912290801759809,
    "psnr": 35.34173583984375,
    "ms-ssim": 0.9795612096786499,
    "bpp": 0.1575777777777778,
    "encoding_time": 0.39858365058898926,
    "decoding_time": 0.48833799362182617
}