{
    "image_name": "RGB_OR_1200x1200_044.png",
    "mse": 0.00039605979691259563,
    "psnr": 34.00895309448242,
    "ms-ssim": 0.9645947217941284,
    "bpp": 0.20684444444444444,
    "encoding_time": 0.4091322422027588,
    "decoding_time": 0.45644068717956543
}