{
    "image_name": "RGB_OR_1200x1200_004.png",
    "mse": 0.00018537572759669274,
    "psnr": 37.28996276855469,
    "ms-ssim": 0.9769632816314697,
    "bpp": 0.11377777777777778,
    "encoding_time": 0.322232723236084,
    "decoding_time": 0.42870211601257324
}