{
    "image_name": "RGB_OR_1200x1200_063.png",
    "mse": 0.00027722615050151944,
    "psnr": 35.553409576416016,
    "ms-ssim": 0.9822964668273926,
    "bpp": 0.1438222222222222,
    "encoding_time": 0.30375194549560547,
    "decoding_time": 0.6939964294433594
}