{
    "image_name": "RGB_OR_1200x1200_061.png",
    "mse": 0.000873286509886384,
    "psnr": 30.582462310791016,
    "ms-ssim": 0.9763731956481934,
    "bpp": 0.4696,
    "encoding_time": 0.4207744598388672,
    "decoding_time": 0.36575746536254883
}