{
    "image_name": "RGB_OR_1200x1200_078.png",
    "mse": 0.00026123004499822855,
    "psnr": 35.80902099609375,
    "ms-ssim": 0.9864836931228638,
    "bpp": 0.18457777777777779,
    "encoding_time": 0.3953409194946289,
    "decoding_time": 0.36801719665527344
}