{
    "image_name": "RGB_OR_1200x1200_006.png",
    "mse": 0.000445023353677243,
    "psnr": 33.50424575805664,
    "ms-ssim": 0.937721848487854,
    "bpp": 0.0934,
    "encoding_time": 0.3205265998840332,
    "decoding_time": 0.36064743995666504
}