{
    "image_name": "RGB_OR_1200x1200_083.png",
    "mse": 0.0002965334278997034,
    "psnr": 35.26124572753906,
    "ms-ssim": 0.9850029945373535,
    "bpp": 0.19015555555555555,
    "encoding_time": 0.29226136207580566,
    "decoding_time": 0.3785371780395508
}