{
    "image_name": "RGB_OR_1200x1200_077.png",
    "mse": 0.0005178223946131766,
    "psnr": 32.847877502441406,
    "ms-ssim": 0.9150211215019226,
    "bpp": 0.1053111111111111,
    "encoding_time": 0.2739448547363281,
    "decoding_time": 0.389009952545166
}