{
    "image_name": "RGB_OR_1200x1200_087.png",
    "mse": 0.0011598544660955667,
    "psnr": 29.35121726989746,
    "ms-ssim": 0.9735872745513916,
    "bpp": 0.6418222222222222,
    "encoding_time": 0.2626981735229492,
    "decoding_time": 0.49559807777404785
}