{
    "image_name": "RGB_OR_1200x1200_068.png",
    "mse": 0.0002530771307647228,
    "psnr": 35.95479202270508,
    "ms-ssim": 0.98704993724823,
    "bpp": 0.1666,
    "encoding_time": 0.39321279525756836,
    "decoding_time": 0.4390404224395752
}