{
    "image_name": "RGB_OR_1200x1200_011.png",
    "mse": 0.0006140356417745352,
    "psnr": 32.10970687866211,
    "ms-ssim": 0.9794052839279175,
    "bpp": 0.4169777777777778,
    "encoding_time": 0.3853902816772461,
    "decoding_time": 0.335737943649292
}