{
    "image_name": "RGB_OR_1200x1200_023.png",
    "mse": 0.0005524492007680237,
    "psnr": 32.567657470703125,
    "ms-ssim": 0.982932448387146,
    "bpp": 0.3674,
    "encoding_time": 0.39191651344299316,
    "decoding_time": 0.35848236083984375
}