{
    "image_name": "RGB_OR_1200x1200_067.png",
    "mse": 0.00044851965503767133,
    "psnr": 33.469970703125,
    "ms-ssim": 0.9701758623123169,
    "bpp": 0.20137777777777777,
    "encoding_time": 0.39679908752441406,
    "decoding_time": 0.6968162059783936
}