{
    "image_name": "RGB_OR_1200x1200_060.png",
    "mse": 0.00035276805283501744,
    "psnr": 34.5103759765625,
    "ms-ssim": 0.9801947474479675,
    "bpp": 0.20522222222222222,
    "encoding_time": 0.28112030029296875,
    "decoding_time": 0.3388354778289795
}