{
    "image_name": "RGB_OR_1200x1200_080.png",
    "mse": 0.00026630022330209613,
    "psnr": 35.7269401550293,
    "ms-ssim": 0.9733350276947021,
    "bpp": 0.12826666666666667,
    "encoding_time": 0.27484631538391113,
    "decoding_time": 0.3452785015106201
}