{
    "image_name": "RGB_OR_1200x1200_094.png",
    "mse": 0.0005649052909575403,
    "psnr": 32.47084045410156,
    "ms-ssim": 0.9836492538452148,
    "bpp": 0.3790222222222222,
    "encoding_time": 0.26462554931640625,
    "decoding_time": 0.4325978755950928
}