{
    "image_name": "RGB_OR_1200x1200_040.png",
    "mse": 0.00047259879647754133,
    "psnr": 33.24404525756836,
    "ms-ssim": 0.973212480545044,
    "bpp": 0.25484444444444443,
    "encoding_time": 0.4952878952026367,
    "decoding_time": 0.623694658279419
}