{
    "image_name": "RGB_OR_1200x1200_029.png",
    "mse": 0.0003626349207479507,
    "psnr": 34.390777587890625,
    "ms-ssim": 0.9752642512321472,
    "bpp": 0.21488888888888888,
    "encoding_time": 0.4577648639678955,
    "decoding_time": 0.35166049003601074
}