{
    "image_name": "RGB_OR_1200x1200_037.png",
    "mse": 0.0003685914271045476,
    "psnr": 34.32008361816406,
    "ms-ssim": 0.9714478254318237,
    "bpp": 0.2091111111111111,
    "encoding_time": 0.27919435501098633,
    "decoding_time": 0.35636448860168457
}