{
    "image_name": "RGB_OR_1200x1200_085.png",
    "mse": 0.00047039787750691175,
    "psnr": 33.26414489746094,
    "ms-ssim": 0.9620845317840576,
    "bpp": 0.21624444444444443,
    "encoding_time": 0.3258655071258545,
    "decoding_time": 0.4632086753845215
}