{
    "image_name": "RGB_OR_1200x1200_039.png",
    "mse": 0.000499820860568434,
    "psnr": 33.001522064208984,
    "ms-ssim": 0.9692568182945251,
    "bpp": 0.28126666666666666,
    "encoding_time": 0.3882484436035156,
    "decoding_time": 0.9190776348114014
}