{
    "image_name": "RGB_OR_1200x1200_062.png",
    "mse": 0.001148949726484716,
    "psnr": 29.392345428466797,
    "ms-ssim": 0.9702771902084351,
    "bpp": 0.6278666666666667,
    "encoding_time": 0.2531118392944336,
    "decoding_time": 0.35924863815307617
}