{
    "image_name": "RGB_OR_1200x1200_025.png",
    "mse": 0.0002517509274184704,
    "psnr": 35.96836853027344,
    "ms-ssim": 0.9813317060470581,
    "bpp": 0.1580888888888889,
    "encoding_time": 0.24753451347351074,
    "decoding_time": 0.7708587646484375
}