{
    "image_name": "12.png",
    "mse": 0.001129083102568984,
    "psnr": 29.467988967895508,
    "ms-ssim": 0.9850388765335083,
    "bpp": 0.2888997395833333,
    "encoding_time": 0.3402683734893799,
    "decoding_time": 0.35185980796813965
}