{
    "image_name": "21.png",
    "mse": 0.0016370146768167615,
    "psnr": 27.856204986572266,
    "ms-ssim": 0.9836302995681763,
    "bpp": 0.3087565104166667,
    "encoding_time": 0.8216447830200195,
    "decoding_time": 0.47864842414855957
}