{
    "image_name": "3.png",
    "mse": 0.0006590437842532992,
    "psnr": 31.802297592163086,
    "ms-ssim": 0.9890573024749756,
    "bpp": 0.22322591145833334,
    "encoding_time": 0.48501086235046387,
    "decoding_time": 0.25251054763793945
}