{
    "image_name": "4.png",
    "mse": 0.0010330240475013852,
    "psnr": 29.85375213623047,
    "ms-ssim": 0.9837349653244019,
    "bpp": 0.3377278645833333,
    "encoding_time": 0.28391194343566895,
    "decoding_time": 0.46294474601745605
}