{
    "image_name": "5.png",
    "mse": 0.002228390658274293,
    "psnr": 26.517423629760742,
    "ms-ssim": 0.9836398959159851,
    "bpp": 0.4744466145833333,
    "encoding_time": 0.7367441654205322,
    "decoding_time": 0.4427204132080078
}