{
    "image_name": "19.png",
    "mse": 0.001013779896311462,
    "psnr": 29.935585021972656,
    "ms-ssim": 0.9837214350700378,
    "bpp": 0.3196614583333333,
    "encoding_time": 0.8060126304626465,
    "decoding_time": 0.6207275390625
}