{
    "image_name": "18.png",
    "mse": 0.001885664532892406,
    "psnr": 27.241931915283203,
    "ms-ssim": 0.9798218011856079,
    "bpp": 0.4474283854166667,
    "encoding_time": 0.3996450901031494,
    "decoding_time": 0.7414023876190186
}