{
    "image_name": "2.png",
    "mse": 0.0011015200288966298,
    "psnr": 29.574806213378906,
    "ms-ssim": 0.9797739386558533,
    "bpp": 0.3675944010416667,
    "encoding_time": 0.33254361152648926,
    "decoding_time": 0.2943553924560547
}