{
    "image_name": "16.png",
    "mse": 0.0008741832571104169,
    "psnr": 30.578109741210938,
    "ms-ssim": 0.9848443865776062,
    "bpp": 0.3212076822916667,
    "encoding_time": 0.4938533306121826,
    "decoding_time": 0.5907042026519775
}