{
    "image_name": "13.png",
    "mse": 0.004877049941569567,
    "psnr": 23.117382049560547,
    "ms-ssim": 0.9758366942405701,
    "bpp": 0.5574544270833334,
    "encoding_time": 0.4931631088256836,
    "decoding_time": 0.4534003734588623
}