{
    "image_name": "20.png",
    "mse": 0.0012728492729365826,
    "psnr": 28.949201583862305,
    "ms-ssim": 0.9870852828025818,
    "bpp": 0.20499674479166666,
    "encoding_time": 0.859283447265625,
    "decoding_time": 0.8041830062866211
}