{
    "image_name": "23.png",
    "mse": 0.0006014245445840061,
    "psnr": 32.19782257080078,
    "ms-ssim": 0.9888060092926025,
    "bpp": 0.20719401041666666,
    "encoding_time": 0.8711328506469727,
    "decoding_time": 0.9108579158782959
}