{
    "image_name": "24.png",
    "mse": 0.002317442325875163,
    "psnr": 26.347816467285156,
    "ms-ssim": 0.983959436416626,
    "bpp": 0.4010416666666667,
    "encoding_time": 0.6389615535736084,
    "decoding_time": 0.6714675426483154
}