{
    "image_name": "6.png",
    "mse": 0.001805779174901545,
    "psnr": 27.43021011352539,
    "ms-ssim": 0.9824285507202148,
    "bpp": 0.3929036458333333,
    "encoding_time": 0.2743995189666748,
    "decoding_time": 0.5588512420654297
}