{
    "image_name": "22.png",
    "mse": 0.00109357840847224,
    "psnr": 29.606449127197266,
    "ms-ssim": 0.979514479637146,
    "bpp": 0.4244791666666667,
    "encoding_time": 0.38519716262817383,
    "decoding_time": 0.5053966045379639
}