{
    "image_name": "14.png",
    "mse": 0.0015183460200205445,
    "psnr": 28.182628631591797,
    "ms-ssim": 0.9818439483642578,
    "bpp": 0.4615885416666667,
    "encoding_time": 0.6949722766876221,
    "decoding_time": 0.7801356315612793
}