{
    "image_name": "9.png",
    "mse": 0.0009220420615747571,
    "psnr": 30.345962524414062,
    "ms-ssim": 0.9865848422050476,
    "bpp": 0.19645182291666666,
    "encoding_time": 0.5749077796936035,
    "decoding_time": 0.58103346824646
}