{
    "image_name": "1.png",
    "mse": 0.0024081056471914053,
    "psnr": 26.181283950805664,
    "ms-ssim": 0.980860710144043,
    "bpp": 0.44384765625,
    "encoding_time": 0.5781245231628418,
    "decoding_time": 0.5883293151855469
}