{
    "mean_loss": 0.20455930512299783,
    "mean_bpp": 0.2027673898981782,
    "mean_psnr": 31.63012751137338,
    "mean_msssim": 0.9820808477518035,
    "mean_msssim_dB": 17.466825405801025,
    "mean_enc_time": 0.8087172275636254,
    "mean_dec_time": 0.8643445270817455
}