{
    "image_name": "martin-wessely-211.png",
    "mse": 0.0026182953733950853,
    "psnr": 25.81787872314453,
    "ms-ssim": 0.9670199751853943,
    "bpp": 0.4136458333333333,
    "encoding_time": 0.5237739086151123,
    "decoding_time": 0.25977206230163574
}