{
    "image_name": "casey-fyfe-999.png",
    "mse": 0.0003696136409416795,
    "psnr": 34.30738830566406,
    "ms-ssim": 0.9746676683425903,
    "bpp": 0.2438189338235294,
    "encoding_time": 1.1755635738372803,
    "decoding_time": 1.0695645809173584
}