{
    "image_name": "vita-vilcina-3055.png",
    "mse": 0.0017048707231879234,
    "psnr": 27.67989730834961,
    "ms-ssim": 0.9904791712760925,
    "bpp": 0.16334210451857512,
    "encoding_time": 0.9266312122344971,
    "decoding_time": 0.8808798789978027
}