{
    "image_name": "sergey-zolkin-21232.png",
    "mse": 0.00018283726240042597,
    "psnr": 37.34989929199219,
    "ms-ssim": 0.9886662364006042,
    "bpp": 0.09019566281599015,
    "encoding_time": 0.7011635303497314,
    "decoding_time": 0.5325467586517334
}