{
    "image_name": "davide-ragusa-716.png",
    "mse": 0.00044398484169505537,
    "psnr": 33.513938903808594,
    "ms-ssim": 0.985853374004364,
    "bpp": 0.15241430356474886,
    "encoding_time": 0.604860782623291,
    "decoding_time": 0.7744877338409424
}