{
    "image_name": "felix-russell-saw-140699.png",
    "mse": 0.00038251461228355765,
    "psnr": 34.16006851196289,
    "ms-ssim": 0.9810280799865723,
    "bpp": 0.1408752756677285,
    "encoding_time": 0.8817293643951416,
    "decoding_time": 0.8610708713531494
}