{
    "image_name": "juskteez-vu-1041.png",
    "mse": 0.0020079626701772213,
    "psnr": 26.969741821289062,
    "ms-ssim": 0.9698141813278198,
    "bpp": 0.39891348648819697,
    "encoding_time": 0.6324977874755859,
    "decoding_time": 0.8018441200256348
}