{
    "image_name": "roberto-nickson-48063.png",
    "mse": 0.00025596641353331506,
    "psnr": 35.896915435791016,
    "ms-ssim": 0.9867254495620728,
    "bpp": 0.0988095238095238,
    "encoding_time": 0.7915465831756592,
    "decoding_time": 0.9716744422912598
}