{
    "image_name": "alejandro-escamilla-6.png",
    "mse": 0.0008370200521312654,
    "psnr": 30.766557693481445,
    "ms-ssim": 0.9859684705734253,
    "bpp": 0.1508588498879761,
    "encoding_time": 1.1347367763519287,
    "decoding_time": 1.0922915935516357
}