{
    "image_name": "andrew-ruiz-376.png",
    "mse": 0.0007111193845048547,
    "psnr": 31.472915649414062,
    "ms-ssim": 0.9860620498657227,
    "bpp": 0.18665044085231447,
    "encoding_time": 0.6886615753173828,
    "decoding_time": 1.2934327125549316
}