{
    "image_name": "gian-reto-tarnutzer-45212.png",
    "mse": 0.0009330622851848602,
    "psnr": 30.295072555541992,
    "ms-ssim": 0.9786040782928467,
    "bpp": 0.3130360401459854,
    "encoding_time": 0.6776411533355713,
    "decoding_time": 1.0684361457824707
}