{
    "image_name": "nomao-saeki-33553.png",
    "mse": 0.00026617047842592,
    "psnr": 35.72752380371094,
    "ms-ssim": 0.9822728633880615,
    "bpp": 0.12620104319180087,
    "encoding_time": 0.9558696746826172,
    "decoding_time": 1.102834939956665
}