{
    "image_name": "dogancan-ozturan-395.png",
    "mse": 0.0007766002090647817,
    "psnr": 31.091203689575195,
    "ms-ssim": 0.9883421659469604,
    "bpp": 0.14705882352941177,
    "encoding_time": 1.0857086181640625,
    "decoding_time": 1.2891132831573486
}