{
    "image_name": "zugr-108.png",
    "mse": 0.00026834310847334564,
    "psnr": 35.6926383972168,
    "ms-ssim": 0.9905893206596375,
    "bpp": 0.10019459706959707,
    "encoding_time": 0.9625053405761719,
    "decoding_time": 0.9635164737701416
}