{
    "image_name": "clem-onojeghuo-33741.png",
    "mse": 0.0008910284959711134,
    "psnr": 30.49467658996582,
    "ms-ssim": 0.9810003042221069,
    "bpp": 0.24077380952380953,
    "encoding_time": 1.1651484966278076,
    "decoding_time": 0.932011604309082
}