{
    "image_name": "jeremy-cai-1174.png",
    "mse": 0.0005469560855999589,
    "psnr": 32.61051940917969,
    "ms-ssim": 0.9911529421806335,
    "bpp": 0.14110554125457256,
    "encoding_time": 1.06943678855896,
    "decoding_time": 0.7463147640228271
}