{
    "image_name": "philipp-reiner-207.png",
    "mse": 0.002122369594871998,
    "psnr": 26.729381561279297,
    "ms-ssim": 0.9742166996002197,
    "bpp": 0.29733333333333334,
    "encoding_time": 0.4025709629058838,
    "decoding_time": 0.640418291091919
}