{
    "image_name": "todd-quackenbush-222.png",
    "mse": 0.0019345635082572699,
    "psnr": 27.131540298461914,
    "ms-ssim": 0.9711610674858093,
    "bpp": 0.30483421918501646,
    "encoding_time": 0.2734956741333008,
    "decoding_time": 0.3497898578643799
}