{
    "image_name": "kazuend-28556.png",
    "mse": 0.00014610239304602146,
    "psnr": 38.31596755981445,
    "ms-ssim": 0.9899370670318604,
    "bpp": 0.08515338827838828,
    "encoding_time": 0.6630690097808838,
    "decoding_time": 0.8881540298461914
}