{
    "image_name": "sergey-zolkin-1045.png",
    "mse": 0.0006171033601276577,
    "psnr": 32.08738708496094,
    "ms-ssim": 0.9863839149475098,
    "bpp": 0.1603250915750916,
    "encoding_time": 1.074446439743042,
    "decoding_time": 1.0272085666656494
}