{
    "image_name": "veeterzy-82537.png",
    "mse": 0.0009384945151396096,
    "psnr": 30.2697811126709,
    "ms-ssim": 0.9814874529838562,
    "bpp": 0.2587733345534407,
    "encoding_time": 0.9863719940185547,
    "decoding_time": 0.8487863540649414
}