{
    "image_name": "alberto-montalesi-176097.png",
    "mse": 0.00027166595100425184,
    "psnr": 35.63920593261719,
    "ms-ssim": 0.9730402231216431,
    "bpp": 0.14576073000733675,
    "encoding_time": 0.8857417106628418,
    "decoding_time": 0.8769984245300293
}