{
    "image_name": "mullermarc-184.png",
    "mse": 0.0006975698634050786,
    "psnr": 31.556537628173828,
    "ms-ssim": 0.9856815338134766,
    "bpp": 0.21058283443850842,
    "encoding_time": 0.5322084426879883,
    "decoding_time": 0.9644768238067627
}