{
    "image_name": "amy-zhang-15940.png",
    "mse": 0.00104851636569947,
    "psnr": 29.7889404296875,
    "ms-ssim": 0.9803179502487183,
    "bpp": 0.24935176256294866,
    "encoding_time": 0.4882934093475342,
    "decoding_time": 0.888317346572876
}