{
    "image_name": "jared-erondu-21325.png",
    "mse": 0.00032711803214624524,
    "psnr": 34.83583450317383,
    "ms-ssim": 0.9828530550003052,
    "bpp": 0.16134386446886448,
    "encoding_time": 0.6932291984558105,
    "decoding_time": 0.6818499565124512
}