{
    "image_name": "benjamin-sloth-lindgreen-705.png",
    "mse": 0.0010048708645626903,
    "psnr": 29.97344207763672,
    "ms-ssim": 0.9799920916557312,
    "bpp": 0.2540521978021978,
    "encoding_time": 1.0279865264892578,
    "decoding_time": 1.1875441074371338
}