{
    "image_name": "daniel-robert-405.png",
    "mse": 0.0013082624645903707,
    "psnr": 28.828840255737305,
    "ms-ssim": 0.9782859683036804,
    "bpp": 0.27250552922590837,
    "encoding_time": 0.6255960464477539,
    "decoding_time": 0.4996452331542969
}