{
    "image_name": "philippe-wuyts-45997.png",
    "mse": 0.0009488584473729134,
    "psnr": 30.222333908081055,
    "ms-ssim": 0.9779624938964844,
    "bpp": 0.32998413537810684,
    "encoding_time": 1.0679349899291992,
    "decoding_time": 0.9850130081176758
}