{
    "image_name": "paul-itkin-46101.png",
    "mse": 0.00445978157222271,
    "psnr": 23.505632400512695,
    "ms-ssim": 0.9847964644432068,
    "bpp": 0.2172737306843267,
    "encoding_time": 0.1758899688720703,
    "decoding_time": 0.25528383255004883
}