{
    "image_name": "stefan-kunze-26931.png",
    "mse": 0.0008788305567577481,
    "psnr": 30.554702758789062,
    "ms-ssim": 0.9832786321640015,
    "bpp": 0.23354059985369421,
    "encoding_time": 0.9497056007385254,
    "decoding_time": 1.1206166744232178
}