{
    "image_name": "wojciech-szaturski-3611.png",
    "mse": 0.0012081246823072433,
    "psnr": 29.174402236938477,
    "ms-ssim": 0.981691837310791,
    "bpp": 0.2221327967806841,
    "encoding_time": 0.9060072898864746,
    "decoding_time": 0.8314564228057861
}