{
    "image_name": "michael-durana-82941.png",
    "mse": 0.0010308751370757818,
    "psnr": 29.862621307373047,
    "ms-ssim": 0.9841290712356567,
    "bpp": 0.16030219780219782,
    "encoding_time": 0.9367423057556152,
    "decoding_time": 0.8544800281524658
}