{
    "image_name": "allef-vinicius-109434.png",
    "mse": 0.0003378780384082347,
    "psnr": 34.69587707519531,
    "ms-ssim": 0.9739900827407837,
    "bpp": 0.16033653846153847,
    "encoding_time": 0.7769665718078613,
    "decoding_time": 1.1827645301818848
}