{
    "image_name": "martyn-seddon-220.png",
    "mse": 0.0005606220220215619,
    "psnr": 32.50346374511719,
    "ms-ssim": 0.9786875247955322,
    "bpp": 0.251510989010989,
    "encoding_time": 0.9678754806518555,
    "decoding_time": 1.2342207431793213
}