{
    "image_name": "stefan-kunze-26931.png",
    "mse": 0.0004288531490601599,
    "psnr": 33.66433334350586,
    "ms-ssim": 0.9944021105766296,
    "bpp": 0.571781272860278,
    "encoding_time": 0.6112833023071289,
    "decoding_time": 1.1717839241027832
}