{
    "image_name": "daniel-robert-405.png",
    "mse": 0.0006061832536943257,
    "psnr": 32.165283203125,
    "ms-ssim": 0.9925562143325806,
    "bpp": 0.7320568720379147,
    "encoding_time": 0.3931870460510254,
    "decoding_time": 0.4873020648956299
}