{
    "image_name": "thong-vo-428.png",
    "mse": 0.0007562700193375349,
    "psnr": 31.20601463317871,
    "ms-ssim": 0.9929114580154419,
    "bpp": 0.7388239064252523,
    "encoding_time": 0.5681431293487549,
    "decoding_time": 0.6103165149688721
}