{
    "image_name": "allef-vinicius-109434.png",
    "mse": 0.00020498340018093586,
    "psnr": 36.85631561279297,
    "ms-ssim": 0.9908604025840759,
    "bpp": 0.6639537545787546,
    "encoding_time": 0.7935304641723633,
    "decoding_time": 0.9423820972442627
}