{
    "image_name": "kazuend-28556.png",
    "mse": 7.405274664051831e-05,
    "psnr": 41.232139587402344,
    "ms-ssim": 0.9953722953796387,
    "bpp": 0.2998282967032967,
    "encoding_time": 1.062725305557251,
    "decoding_time": 1.422210454940796
}