{
    "image_name": "martin-wessely-211.png",
    "mse": 0.0012955570127815008,
    "psnr": 28.871036529541016,
    "ms-ssim": 0.9894887804985046,
    "bpp": 1.0034375,
    "encoding_time": 0.2729511260986328,
    "decoding_time": 0.1802375316619873
}