{
    "image_name": "benjamin-sloth-lindgreen-705.png",
    "mse": 0.000484010495711118,
    "psnr": 33.14056396484375,
    "ms-ssim": 0.9926505088806152,
    "bpp": 0.6570856227106228,
    "encoding_time": 0.554950475692749,
    "decoding_time": 0.8224525451660156
}