{
    "image_name": "zugr-108.png",
    "mse": 0.00012100612366339192,
    "psnr": 39.127464294433594,
    "ms-ssim": 0.9956351518630981,
    "bpp": 0.2935782967032967,
    "encoding_time": 0.6711628437042236,
    "decoding_time": 1.0527055263519287
}