{
    "image_name": "veeterzy-82537.png",
    "mse": 0.0004494850873015821,
    "psnr": 33.46128463745117,
    "ms-ssim": 0.9934174418449402,
    "bpp": 0.6240849194729137,
    "encoding_time": 0.7039141654968262,
    "decoding_time": 1.2145943641662598
}