{
    "image_name": "schicka-307.png",
    "mse": 0.00014338076289277524,
    "psnr": 38.397422790527344,
    "ms-ssim": 0.9943704605102539,
    "bpp": 0.4280598958333333,
    "encoding_time": 0.26080846786499023,
    "decoding_time": 0.39876794815063477
}