{
    "image_name": "felix-russell-saw-140699.png",
    "mse": 0.0001772380346665159,
    "psnr": 37.48225402832031,
    "ms-ssim": 0.9930232763290405,
    "bpp": 0.5539191374663073,
    "encoding_time": 0.7624742984771729,
    "decoding_time": 1.0877370834350586
}