{
    "image_name": "juskteez-vu-1041.png",
    "mse": 0.0007859489414840937,
    "psnr": 31.039169311523438,
    "ms-ssim": 0.99068683385849,
    "bpp": 0.945050060122777,
    "encoding_time": 0.5395216941833496,
    "decoding_time": 0.9274582862854004
}