{
    "image_name": "lobostudio-hamburg-75377.png",
    "mse": 0.000302140018902719,
    "psnr": 35.1820068359375,
    "ms-ssim": 0.9918946027755737,
    "bpp": 0.5506639194139195,
    "encoding_time": 0.7965574264526367,
    "decoding_time": 0.7963898181915283
}