{
    "image_name": "alejandro-escamilla-6.png",
    "mse": 0.00027551609673537314,
    "psnr": 35.58045196533203,
    "ms-ssim": 0.9949111938476562,
    "bpp": 0.4413158140403286,
    "encoding_time": 0.6008205413818359,
    "decoding_time": 0.49361467361450195
}