{
    "image_name": "nomao-saeki-33553.png",
    "mse": 0.00012019827408948913,
    "psnr": 39.15597152709961,
    "ms-ssim": 0.9934446215629578,
    "bpp": 0.5144125183016105,
    "encoding_time": 0.5077002048492432,
    "decoding_time": 0.8343446254730225
}