{
    "image_name": "amy-zhang-15940.png",
    "mse": 0.0004988595028407872,
    "psnr": 33.0093879699707,
    "ms-ssim": 0.9930986166000366,
    "bpp": 0.6556305582342227,
    "encoding_time": 0.4088146686553955,
    "decoding_time": 0.48027682304382324
}