{
    "image_name": "clem-onojeghuo-33741.png",
    "mse": 0.00038797876914031804,
    "psnr": 34.09796905517578,
    "ms-ssim": 0.9932262301445007,
    "bpp": 0.6518772893772894,
    "encoding_time": 0.8962743282318115,
    "decoding_time": 0.9973020553588867
}