{
    "image_name": "jeremy-cai-1174.png",
    "mse": 0.00021280116925481707,
    "psnr": 36.69575881958008,
    "ms-ssim": 0.9965319633483887,
    "bpp": 0.3464029264327327,
    "encoding_time": 0.7291715145111084,
    "decoding_time": 1.1324245929718018
}