{
    "image_name": "gian-reto-tarnutzer-45212.png",
    "mse": 0.0004269209166523069,
    "psnr": 33.68347930908203,
    "ms-ssim": 0.9934611320495605,
    "bpp": 0.7554516423357664,
    "encoding_time": 0.6586089134216309,
    "decoding_time": 1.3102211952209473
}