{
    "image_name": "paul-itkin-46101.png",
    "mse": 0.002269596792757511,
    "psnr": 26.43838119506836,
    "ms-ssim": 0.9946593046188354,
    "bpp": 0.5336644591611479,
    "encoding_time": 0.1629478931427002,
    "decoding_time": 0.24092578887939453
}