{
    "image_name": "sergey-zolkin-1045.png",
    "mse": 0.00027077653794549406,
    "psnr": 35.65388107299805,
    "ms-ssim": 0.9948319792747498,
    "bpp": 0.44116300366300365,
    "encoding_time": 0.7806415557861328,
    "decoding_time": 0.9160618782043457
}