{
    "image_name": "vita-vilcina-3055.png",
    "mse": 0.0007379077142104506,
    "psnr": 31.313751220703125,
    "ms-ssim": 0.9967645406723022,
    "bpp": 0.4212290976996859,
    "encoding_time": 0.5535550117492676,
    "decoding_time": 0.7414484024047852
}