{
    "image_name": "davide-ragusa-716.png",
    "mse": 0.0001873643195722252,
    "psnr": 37.24506378173828,
    "ms-ssim": 0.9948786497116089,
    "bpp": 0.45861819223698136,
    "encoding_time": 0.4726908206939697,
    "decoding_time": 0.5380275249481201
}