{
    "image_name": "michael-durana-82941.png",
    "mse": 0.00048180841258727014,
    "psnr": 33.160667419433594,
    "ms-ssim": 0.9941427111625671,
    "bpp": 0.4850503663003663,
    "encoding_time": 0.8552823066711426,
    "decoding_time": 0.8048603534698486
}