{
    "image_name": "jason-briscoe-149782.png",
    "mse": 0.00014756097516510636,
    "psnr": 38.274017333984375,
    "ms-ssim": 0.9968318939208984,
    "bpp": 0.2105540293040293,
    "encoding_time": 1.0339405536651611,
    "decoding_time": 1.297590732574463
}