{
    "image_name": "wojciech-szaturski-3611.png",
    "mse": 0.0005810573929920793,
    "psnr": 32.348533630371094,
    "ms-ssim": 0.9937397837638855,
    "bpp": 0.6231623704491097,
    "encoding_time": 0.6273071765899658,
    "decoding_time": 0.9115066528320312
}