{
    "image_name": "jared-erondu-21325.png",
    "mse": 0.0001571095926919952,
    "psnr": 38.00360870361328,
    "ms-ssim": 0.9937417507171631,
    "bpp": 0.5318910256410256,
    "encoding_time": 0.5782210826873779,
    "decoding_time": 1.1805832386016846
}