{
    "image_name": "martyn-seddon-220.png",
    "mse": 0.0002730676787905395,
    "psnr": 35.617462158203125,
    "ms-ssim": 0.9925271272659302,
    "bpp": 0.6820627289377289,
    "encoding_time": 0.5574331283569336,
    "decoding_time": 0.7247843742370605
}