{
    "image_name": "todd-quackenbush-27493.png",
    "mse": 0.0001538130600238219,
    "psnr": 38.09635543823242,
    "ms-ssim": 0.9959367513656616,
    "bpp": 0.27625847047434654,
    "encoding_time": 0.9402065277099609,
    "decoding_time": 0.9989652633666992
}