{
    "image_name": "ales-krivec-15949.png",
    "mse": 9.323405538452789e-05,
    "psnr": 40.24559020996094,
    "ms-ssim": 0.9956476092338562,
    "bpp": 0.33000578703703703,
    "encoding_time": 0.8336877822875977,
    "decoding_time": 0.9256806373596191
}