{
    "image_name": "philippe-wuyts-45997.png",
    "mse": 0.00046087210648693144,
    "psnr": 33.35321807861328,
    "ms-ssim": 0.9925537109375,
    "bpp": 0.7867552746009272,
    "encoding_time": 0.5588524341583252,
    "decoding_time": 0.5763654708862305
}