{
    "image_name": "dogancan-ozturan-395.png",
    "mse": 0.00027934531681239605,
    "psnr": 35.51961898803711,
    "ms-ssim": 0.9956449270248413,
    "bpp": 0.4089273356401384,
    "encoding_time": 0.6834526062011719,
    "decoding_time": 1.1518218517303467
}