{
    "image_name": "andrew-ruiz-376.png",
    "mse": 0.0002868041046895087,
    "psnr": 35.405635833740234,
    "ms-ssim": 0.9952377080917358,
    "bpp": 0.49363978692138133,
    "encoding_time": 0.9433915615081787,
    "decoding_time": 0.9502623081207275
}