{
    "image_name": "todd-quackenbush-222.png",
    "mse": 0.000805787043645978,
    "psnr": 30.931621551513672,
    "ms-ssim": 0.9899064898490906,
    "bpp": 0.857605669450772,
    "encoding_time": 0.20725584030151367,
    "decoding_time": 0.13457345962524414
}