{
    "image_name": "alexander-shustov-73.png",
    "mse": 0.0012096668360754848,
    "psnr": 29.16885757446289,
    "ms-ssim": 0.9922536611557007,
    "bpp": 0.9014052167523879,
    "encoding_time": 0.7641947269439697,
    "decoding_time": 1.154071569442749
}