{
    "mean_loss": 0.27954116449217575,
    "mean_bpp": 0.278209707941438,
    "mean_psnr": 32.40735728566239,
    "mean_msssim": 0.9866854344926229,
    "mean_msssim_dB": 18.756730012736618,
    "mean_enc_time": 0.8316235600448236,
    "mean_dec_time": 0.9277882517837897
}