{
    "image_name": "schicka-307.png",
    "mse": 0.00024468012270517647,
    "psnr": 36.09123229980469,
    "ms-ssim": 0.9887637495994568,
    "bpp": 0.19921875,
    "encoding_time": 0.17891168594360352,
    "decoding_time": 0.3103044033050537
}