{
    "image_name": "philippe-wuyts-45997.png",
    "mse": 0.0008056621300056577,
    "psnr": 30.932086944580078,
    "ms-ssim": 0.984288215637207,
    "bpp": 0.4346500238416105,
    "encoding_time": 0.675786018371582,
    "decoding_time": 1.0029757022857666
}