{
    "image_name": "todd-quackenbush-27493.png",
    "mse": 0.0002803255047183484,
    "psnr": 35.50428771972656,
    "ms-ssim": 0.9929497241973877,
    "bpp": 0.12226222168441432,
    "encoding_time": 0.644458532333374,
    "decoding_time": 0.8564207553863525
}