{
    "image_name": "thong-vo-428.png",
    "mse": 0.0013858488528057933,
    "psnr": 28.579126358032227,
    "ms-ssim": 0.9843071699142456,
    "bpp": 0.3868290338086845,
    "encoding_time": 0.5461316108703613,
    "decoding_time": 0.8956201076507568
}