{
    "image_name": "alejandro-escamilla-6.png",
    "mse": 0.0007131051388569176,
    "psnr": 31.461788177490234,
    "ms-ssim": 0.9896119832992554,
    "bpp": 0.21003314040328602,
    "encoding_time": 0.796433687210083,
    "decoding_time": 0.7990109920501709
}