{
    "image_name": "roberto-nickson-48063.png",
    "mse": 0.00021350359020289034,
    "psnr": 36.67999267578125,
    "ms-ssim": 0.9894339442253113,
    "bpp": 0.14678342490842491,
    "encoding_time": 1.1564521789550781,
    "decoding_time": 1.1695585250854492
}