{
    "image_name": "jason-briscoe-149782.png",
    "mse": 0.00029042252572253346,
    "psnr": 35.351070404052734,
    "ms-ssim": 0.9946322441101074,
    "bpp": 0.08887362637362638,
    "encoding_time": 1.5821938514709473,
    "decoding_time": 1.2837083339691162
}