{
    "image_name": "clem-onojeghuo-33741.png",
    "mse": 0.0007106656557880342,
    "psnr": 31.4757022857666,
    "ms-ssim": 0.9860925674438477,
    "bpp": 0.3260302197802198,
    "encoding_time": 1.369971513748169,
    "decoding_time": 1.6911602020263672
}