{
    "image_name": "benjamin-sloth-lindgreen-705.png",
    "mse": 0.0008769176783971488,
    "psnr": 30.564016342163086,
    "ms-ssim": 0.9851934313774109,
    "bpp": 0.3369391025641026,
    "encoding_time": 0.7853386402130127,
    "decoding_time": 1.3178520202636719
}