{
    "image_name": "daniel-robert-405.png",
    "mse": 0.0010973713360726833,
    "psnr": 29.591934204101562,
    "ms-ssim": 0.9841782450675964,
    "bpp": 0.3704518167456556,
    "encoding_time": 0.6086041927337646,
    "decoding_time": 0.4592447280883789
}