{
    "image_name": "todd-quackenbush-222.png",
    "mse": 0.0015949219232425094,
    "psnr": 27.96946144104004,
    "ms-ssim": 0.9786515235900879,
    "bpp": 0.4249050873196659,
    "encoding_time": 0.1905970573425293,
    "decoding_time": 0.2231907844543457
}