{
    "image_name": "allef-vinicius-109434.png",
    "mse": 0.0002822276728693396,
    "psnr": 35.47480010986328,
    "ms-ssim": 0.9822837114334106,
    "bpp": 0.31168727106227107,
    "encoding_time": 1.1978943347930908,
    "decoding_time": 0.8782596588134766
}