{
    "image_name": "amy-zhang-15940.png",
    "mse": 0.0009079788578674197,
    "psnr": 30.413196563720703,
    "ms-ssim": 0.9854938983917236,
    "bpp": 0.33309761062895105,
    "encoding_time": 0.4605252742767334,
    "decoding_time": 0.6224348545074463
}