{
    "image_name": "mullermarc-184.png",
    "mse": 0.0005489526083692908,
    "psnr": 32.5955696105957,
    "ms-ssim": 0.9900509715080261,
    "bpp": 0.2846429881786536,
    "encoding_time": 1.0373427867889404,
    "decoding_time": 0.5116169452667236
}