{
    "image_name": "sergey-zolkin-1045.png",
    "mse": 0.000525012263096869,
    "psnr": 32.788028717041016,
    "ms-ssim": 0.9898810386657715,
    "bpp": 0.21742216117216118,
    "encoding_time": 1.2075977325439453,
    "decoding_time": 1.3659782409667969
}