{
    "image_name": "nomao-saeki-33553.png",
    "mse": 0.0002199616574216634,
    "psnr": 36.55143737792969,
    "ms-ssim": 0.9860862493515015,
    "bpp": 0.1934480234260615,
    "encoding_time": 1.0168569087982178,
    "decoding_time": 0.938976526260376
}