{
    "image_name": "vita-vilcina-3055.png",
    "mse": 0.0013665301958099008,
    "psnr": 28.639646530151367,
    "ms-ssim": 0.9931515455245972,
    "bpp": 0.21239000650765358,
    "encoding_time": 0.6314506530761719,
    "decoding_time": 0.9523251056671143
}