{
    "image_name": "davide-ragusa-716.png",
    "mse": 0.00036630299291573465,
    "psnr": 34.346954345703125,
    "ms-ssim": 0.9895843267440796,
    "bpp": 0.2177019745795761,
    "encoding_time": 0.6903562545776367,
    "decoding_time": 0.9418926239013672
}