{
    "image_name": "martyn-seddon-220.png",
    "mse": 0.0004710776556748897,
    "psnr": 33.25743865966797,
    "ms-ssim": 0.9841468334197998,
    "bpp": 0.3369391025641026,
    "encoding_time": 0.759498119354248,
    "decoding_time": 0.9373626708984375
}