{
    "image_name": "wojciech-szaturski-3611.png",
    "mse": 0.0010426021181046963,
    "psnr": 29.813488006591797,
    "ms-ssim": 0.9865565299987793,
    "bpp": 0.3009756653126305,
    "encoding_time": 0.6456460952758789,
    "decoding_time": 0.8107931613922119
}