{
    "image_name": "alexander-shustov-73.png",
    "mse": 0.002394189592450857,
    "psnr": 26.206161499023438,
    "ms-ssim": 0.9804016351699829,
    "bpp": 0.48781915870683323,
    "encoding_time": 0.8685402870178223,
    "decoding_time": 1.0876507759094238
}