{
    "image_name": "martin-wessely-211.png",
    "mse": 0.0023323739878833294,
    "psnr": 26.319660186767578,
    "ms-ssim": 0.976028323173523,
    "bpp": 0.53796875,
    "encoding_time": 0.2511875629425049,
    "decoding_time": 0.3015115261077881
}