{
    "image_name": "andrew-ruiz-376.png",
    "mse": 0.0005491534247994423,
    "psnr": 32.593223571777344,
    "ms-ssim": 0.9899020195007324,
    "bpp": 0.2496441036002939,
    "encoding_time": 1.350281000137329,
    "decoding_time": 1.1796634197235107
}