{
    "image_name": "gian-reto-tarnutzer-45212.png",
    "mse": 0.0007773839752189815,
    "psnr": 31.08678436279297,
    "ms-ssim": 0.9853019118309021,
    "bpp": 0.4209968065693431,
    "encoding_time": 0.985405445098877,
    "decoding_time": 1.2722690105438232
}