{
    "image_name": "felix-russell-saw-140699.png",
    "mse": 0.00033175444696098566,
    "psnr": 34.77896499633789,
    "ms-ssim": 0.9847989082336426,
    "bpp": 0.20907816711590296,
    "encoding_time": 0.9585137367248535,
    "decoding_time": 0.9100944995880127
}