{
    "image_name": "paul-itkin-46101.png",
    "mse": 0.00380583293735981,
    "psnr": 24.194244384765625,
    "ms-ssim": 0.9889601469039917,
    "bpp": 0.2849889624724062,
    "encoding_time": 0.17195963859558105,
    "decoding_time": 0.46428442001342773
}