{
    "image_name": "veeterzy-82537.png",
    "mse": 0.0007624828722327948,
    "psnr": 31.170610427856445,
    "ms-ssim": 0.9864352941513062,
    "bpp": 0.33719573572474376,
    "encoding_time": 1.0931780338287354,
    "decoding_time": 1.1666746139526367
}