{
    "image_name": "alberto-montalesi-176097.png",
    "mse": 0.0002336986653972417,
    "psnr": 36.29029846191406,
    "ms-ssim": 0.9780162572860718,
    "bpp": 0.2389490095377843,
    "encoding_time": 0.6599087715148926,
    "decoding_time": 0.9207460880279541
}