{
    "image_name": "philipp-reiner-207.png",
    "mse": 0.0019301003776490688,
    "psnr": 27.14141082763672,
    "ms-ssim": 0.9800148010253906,
    "bpp": 0.3893333333333333,
    "encoding_time": 0.7441439628601074,
    "decoding_time": 0.6337151527404785
}