{
    "image_name": "zugr-108.png",
    "mse": 0.000220434638322331,
    "psnr": 36.5422248840332,
    "ms-ssim": 0.992548406124115,
    "bpp": 0.13405448717948718,
    "encoding_time": 0.6318957805633545,
    "decoding_time": 1.1794259548187256
}