{
    "image_name": "ales-krivec-15949.png",
    "mse": 0.00017339654732495546,
    "psnr": 37.5777587890625,
    "ms-ssim": 0.9922208786010742,
    "bpp": 0.15764414983164984,
    "encoding_time": 0.838547945022583,
    "decoding_time": 1.0164899826049805
}