{
    "image_name": "jared-erondu-21325.png",
    "mse": 0.00026759400498121977,
    "psnr": 35.704856872558594,
    "ms-ssim": 0.9872554540634155,
    "bpp": 0.23697344322344321,
    "encoding_time": 0.92795729637146,
    "decoding_time": 0.9692139625549316
}