{
    "image_name": "lobostudio-hamburg-75377.png",
    "mse": 0.0004255385138094425,
    "psnr": 33.70085906982422,
    "ms-ssim": 0.9845453500747681,
    "bpp": 0.24502060439560439,
    "encoding_time": 0.8603382110595703,
    "decoding_time": 0.923851728439331
}