{
    "image_name": "jeremy-cai-1174.png",
    "mse": 0.0004101550148334354,
    "psnr": 33.858116149902344,
    "ms-ssim": 0.993395209312439,
    "bpp": 0.18364720227611434,
    "encoding_time": 1.2527172565460205,
    "decoding_time": 0.6187014579772949
}