{
    "image_name": "stefan-kunze-26931.png",
    "mse": 0.0007352688699029386,
    "psnr": 31.328107833862305,
    "ms-ssim": 0.9880900382995605,
    "bpp": 0.3093910021945867,
    "encoding_time": 0.6421463489532471,
    "decoding_time": 0.9244661331176758
}