{
    "mean_loss": 0.18876449752611585,
    "mean_bpp": 0.18653711111111107,
    "mean_psnr": 29.875721397399904,
    "mean_msssim": 0.9777261358499527,
    "mean_msssim_dB": 16.522044334614222,
    "mean_enc_time": 0.3965592646598816,
    "mean_dec_time": 0.4839079022407532
}