{
    "image_name": "RGB_OR_1200x1200_056.png",
    "mse": 0.00044417299795895815,
    "psnr": 33.51203155517578,
    "ms-ssim": 0.98124098777771,
    "bpp": 0.11477777777777778,
    "encoding_time": 0.4400491714477539,
    "decoding_time": 0.7355117797851562
}