{
    "image_name": "RGB_OR_1200x1200_034.png",
    "mse": 0.0006419784622266889,
    "psnr": 31.91645622253418,
    "ms-ssim": 0.9850546717643738,
    "bpp": 0.12806666666666666,
    "encoding_time": 0.2942054271697998,
    "decoding_time": 0.33986735343933105
}