{
    "image_name": "RGB_OR_1200x1200_058.png",
    "mse": 0.0010432853596284986,
    "psnr": 29.81104850769043,
    "ms-ssim": 0.9793083071708679,
    "bpp": 0.1739111111111111,
    "encoding_time": 0.2543504238128662,
    "decoding_time": 0.4900777339935303
}