{
    "image_name": "RGB_OR_1200x1200_028.png",
    "mse": 0.000387886306270957,
    "psnr": 34.09883117675781,
    "ms-ssim": 0.985217809677124,
    "bpp": 0.11637777777777777,
    "encoding_time": 0.5197274684906006,
    "decoding_time": 0.44988107681274414
}