{
    "image_name": "RGB_OR_1200x1200_009.png",
    "mse": 0.0006156371673569083,
    "psnr": 32.098384857177734,
    "ms-ssim": 0.9880203008651733,
    "bpp": 0.09908888888888889,
    "encoding_time": 0.2752847671508789,
    "decoding_time": 0.7605404853820801
}