{
    "image_name": "RGB_OR_1200x1200_016.png",
    "mse": 0.0024884066078811884,
    "psnr": 26.03852653503418,
    "ms-ssim": 0.9700579047203064,
    "bpp": 0.2923777777777778,
    "encoding_time": 0.3105583190917969,
    "decoding_time": 0.5986728668212891
}