{
    "image_name": "RGB_OR_1200x1200_084.png",
    "mse": 0.00041539952508173883,
    "psnr": 33.80194091796875,
    "ms-ssim": 0.9798270463943481,
    "bpp": 0.07295555555555555,
    "encoding_time": 0.3912520408630371,
    "decoding_time": 0.4450533390045166
}