{
    "image_name": "RGB_OR_1200x1200_003.png",
    "mse": 0.0010531648295000196,
    "psnr": 29.76996612548828,
    "ms-ssim": 0.9822027683258057,
    "bpp": 0.1366888888888889,
    "encoding_time": 0.2629387378692627,
    "decoding_time": 0.2822449207305908
}