{
    "image_name": "RGB_OR_1200x1200_035.png",
    "mse": 0.0011994856176897883,
    "psnr": 29.205610275268555,
    "ms-ssim": 0.9785942435264587,
    "bpp": 0.1971111111111111,
    "encoding_time": 0.38103818893432617,
    "decoding_time": 0.5140030384063721
}