{
    "image_name": "RGB_OR_1200x1200_072.png",
    "mse": 0.0018395152874290943,
    "psnr": 27.349956512451172,
    "ms-ssim": 0.9795021414756775,
    "bpp": 0.2164,
    "encoding_time": 0.49378132820129395,
    "decoding_time": 0.34548377990722656
}