{
    "image_name": "RGB_OR_1200x1200_013.png",
    "mse": 0.0010718264384195209,
    "psnr": 29.693986892700195,
    "ms-ssim": 0.9827522039413452,
    "bpp": 0.14255555555555555,
    "encoding_time": 0.29709362983703613,
    "decoding_time": 0.4062485694885254
}