{
    "image_name": "RGB_OR_1200x1200_004.png",
    "mse": 0.0006192964501678944,
    "psnr": 32.071678161621094,
    "ms-ssim": 0.981480598449707,
    "bpp": 0.08962222222222223,
    "encoding_time": 0.2562277317047119,
    "decoding_time": 0.442110538482666
}