{
    "image_name": "RGB_OR_1200x1200_031.png",
    "mse": 0.0010556065244600177,
    "psnr": 29.75971031188965,
    "ms-ssim": 0.9795745611190796,
    "bpp": 0.22404444444444443,
    "encoding_time": 0.3350553512573242,
    "decoding_time": 0.597853422164917
}