{
    "image_name": "RGB_OR_1200x1200_012.png",
    "mse": 0.000996047630906105,
    "psnr": 30.011518478393555,
    "ms-ssim": 0.9825130701065063,
    "bpp": 0.1295111111111111,
    "encoding_time": 0.3946566581726074,
    "decoding_time": 0.47942543029785156
}