{
    "image_name": "RGB_OR_1200x1200_014.png",
    "mse": 0.0009916747221723199,
    "psnr": 30.030189514160156,
    "ms-ssim": 0.9852485656738281,
    "bpp": 0.1276,
    "encoding_time": 0.4261329174041748,
    "decoding_time": 0.6377413272857666
}