{
    "image_name": "RGB_OR_1200x1200_094.png",
    "mse": 0.0020227765198796988,
    "psnr": 26.937744140625,
    "ms-ssim": 0.9811944365501404,
    "bpp": 0.18231111111111112,
    "encoding_time": 0.36932969093322754,
    "decoding_time": 0.4888441562652588
}