{
    "image_name": "RGB_OR_1200x1200_025.png",
    "mse": 0.0006714921910315752,
    "psnr": 31.721603393554688,
    "ms-ssim": 0.9841885566711426,
    "bpp": 0.12044444444444445,
    "encoding_time": 0.5528843402862549,
    "decoding_time": 0.434964656829834
}