{
    "image_name": "RGB_OR_1200x1200_050.png",
    "mse": 0.000930983864236623,
    "psnr": 30.304643630981445,
    "ms-ssim": 0.9740599393844604,
    "bpp": 0.18817777777777778,
    "encoding_time": 0.5997264385223389,
    "decoding_time": 0.5267419815063477
}