{
    "image_name": "RGB_OR_1200x1200_045.png",
    "mse": 0.0008963012951426208,
    "psnr": 30.46940040588379,
    "ms-ssim": 0.9803754687309265,
    "bpp": 0.14817777777777777,
    "encoding_time": 0.3427619934082031,
    "decoding_time": 0.6072006225585938
}