{
    "image_name": "RGB_OR_1200x1200_020.png",
    "mse": 0.0011523821158334613,
    "psnr": 29.37936782836914,
    "ms-ssim": 0.9689509272575378,
    "bpp": 0.27415555555555554,
    "encoding_time": 0.40594959259033203,
    "decoding_time": 0.3086090087890625
}