{
    "image_name": "RGB_OR_1200x1200_092.png",
    "mse": 0.0006178750772960484,
    "psnr": 32.082550048828125,
    "ms-ssim": 0.9739632606506348,
    "bpp": 0.08004444444444445,
    "encoding_time": 0.4239966869354248,
    "decoding_time": 0.5568692684173584
}