{
    "image_name": "RGB_OR_1200x1200_026.png",
    "mse": 0.0032153166830539703,
    "psnr": 24.92605209350586,
    "ms-ssim": 0.9755860567092896,
    "bpp": 0.26308888888888887,
    "encoding_time": 0.44899678230285645,
    "decoding_time": 0.33034300804138184
}