{
    "image_name": "RGB_OR_1200x1200_008.png",
    "mse": 0.0010655628284439445,
    "psnr": 29.718910217285156,
    "ms-ssim": 0.9721975326538086,
    "bpp": 0.24017777777777777,
    "encoding_time": 0.5402462482452393,
    "decoding_time": 0.4694972038269043
}