{
    "image_name": "RGB_OR_1200x1200_081.png",
    "mse": 0.0013540260260924697,
    "psnr": 28.67976188659668,
    "ms-ssim": 0.982370138168335,
    "bpp": 0.15697777777777777,
    "encoding_time": 0.25165319442749023,
    "decoding_time": 0.34902381896972656
}