{
    "image_name": "RGB_OR_1200x1200_063.png",
    "mse": 0.0006101253093220294,
    "psnr": 32.1370735168457,
    "ms-ssim": 0.981284499168396,
    "bpp": 0.11095555555555556,
    "encoding_time": 0.541132926940918,
    "decoding_time": 0.476024866104126
}