{
    "image_name": "RGB_OR_1200x1200_027.png",
    "mse": 0.0012959445593878627,
    "psnr": 28.869815826416016,
    "ms-ssim": 0.978980541229248,
    "bpp": 0.1906,
    "encoding_time": 0.398390531539917,
    "decoding_time": 0.5050880908966064
}