{
    "image_name": "RGB_OR_1200x1200_065.png",
    "mse": 0.0023119107354432344,
    "psnr": 26.357967376708984,
    "ms-ssim": 0.9725190997123718,
    "bpp": 0.18646666666666667,
    "encoding_time": 0.41987156867980957,
    "decoding_time": 0.5839393138885498
}