{
    "image_name": "RGB_OR_1200x1200_047.png",
    "mse": 0.0014470465248450637,
    "psnr": 28.39142608642578,
    "ms-ssim": 0.9759005308151245,
    "bpp": 0.19406666666666667,
    "encoding_time": 0.48589491844177246,
    "decoding_time": 0.3635571002960205
}