{
    "image_name": "RGB_OR_1200x1200_001.png",
    "mse": 0.0008387955604121089,
    "psnr": 30.757184982299805,
    "ms-ssim": 0.9860074520111084,
    "bpp": 0.11728888888888889,
    "encoding_time": 0.37234997749328613,
    "decoding_time": 0.5285155773162842
}