{
    "image_name": "RGB_OR_1200x1200_046.png",
    "mse": 0.001201889244839549,
    "psnr": 29.19685935974121,
    "ms-ssim": 0.9693081378936768,
    "bpp": 0.27957777777777776,
    "encoding_time": 0.30429697036743164,
    "decoding_time": 0.49018430709838867
}