{
    "image_name": "RGB_OR_1200x1200_067.png",
    "mse": 0.0009562545455992222,
    "psnr": 30.18857192993164,
    "ms-ssim": 0.973842978477478,
    "bpp": 0.1562,
    "encoding_time": 0.5354709625244141,
    "decoding_time": 0.421144962310791
}