{
    "image_name": "RGB_OR_1200x1200_037.png",
    "mse": 0.0007850138354115188,
    "psnr": 31.044267654418945,
    "ms-ssim": 0.9787742495536804,
    "bpp": 0.17864444444444444,
    "encoding_time": 0.31740832328796387,
    "decoding_time": 0.5874922275543213
}