{
    "image_name": "RGB_OR_1200x1200_071.png",
    "mse": 0.0008340337662957609,
    "psnr": 30.78168487548828,
    "ms-ssim": 0.9800495505332947,
    "bpp": 0.10366666666666667,
    "encoding_time": 0.2821187973022461,
    "decoding_time": 0.43253636360168457
}