{
    "image_name": "RGB_OR_1200x1200_032.png",
    "mse": 0.001489126356318593,
    "psnr": 28.266845703125,
    "ms-ssim": 0.9691126346588135,
    "bpp": 0.28342222222222224,
    "encoding_time": 0.44963502883911133,
    "decoding_time": 0.32163381576538086
}