{
    "image_name": "RGB_OR_1200x1200_078.png",
    "mse": 0.0007803511107340455,
    "psnr": 31.070188522338867,
    "ms-ssim": 0.9846034049987793,
    "bpp": 0.11217777777777778,
    "encoding_time": 0.24318313598632812,
    "decoding_time": 0.6412317752838135
}