{
    "image_name": "RGB_OR_1200x1200_074.png",
    "mse": 0.00044715209514833987,
    "psnr": 33.48349380493164,
    "ms-ssim": 0.9731776118278503,
    "bpp": 0.13444444444444445,
    "encoding_time": 0.3423759937286377,
    "decoding_time": 0.36298418045043945
}