{
    "image_name": "RGB_OR_1200x1200_021.png",
    "mse": 0.0011573736555874348,
    "psnr": 29.360488891601562,
    "ms-ssim": 0.9863550066947937,
    "bpp": 0.1302,
    "encoding_time": 0.24780821800231934,
    "decoding_time": 0.43950414657592773
}