{
    "image_name": "RGB_OR_1200x1200_061.png",
    "mse": 0.0019644368439912796,
    "psnr": 27.064674377441406,
    "ms-ssim": 0.971314549446106,
    "bpp": 0.28542222222222224,
    "encoding_time": 0.3238542079925537,
    "decoding_time": 0.8579959869384766
}