{
    "image_name": "RGB_OR_1200x1200_064.png",
    "mse": 0.0013227282324805856,
    "psnr": 28.78128433227539,
    "ms-ssim": 0.9779612421989441,
    "bpp": 0.21713333333333334,
    "encoding_time": 0.5950343608856201,
    "decoding_time": 0.48227596282958984
}