{
    "image_name": "RGB_OR_1200x1200_011.png",
    "mse": 0.001840623444877565,
    "psnr": 27.347442626953125,
    "ms-ssim": 0.9785909652709961,
    "bpp": 0.22611111111111112,
    "encoding_time": 0.5379178524017334,
    "decoding_time": 0.4947397708892822
}