{
    "image_name": "RGB_OR_1200x1200_002.png",
    "mse": 0.0005041625117883086,
    "psnr": 32.963661193847656,
    "ms-ssim": 0.9866384863853455,
    "bpp": 0.07015555555555555,
    "encoding_time": 0.37172794342041016,
    "decoding_time": 0.8523867130279541
}