{
    "image_name": "RGB_OR_1200x1200_052.png",
    "mse": 0.0011487286537885666,
    "psnr": 29.39287757873535,
    "ms-ssim": 0.9799799919128418,
    "bpp": 0.20304444444444444,
    "encoding_time": 0.46102261543273926,
    "decoding_time": 0.4052467346191406
}