{
    "image_name": "RGB_OR_1200x1200_010.png",
    "mse": 0.0007162995752878487,
    "psnr": 31.441242218017578,
    "ms-ssim": 0.9760815501213074,
    "bpp": 0.205,
    "encoding_time": 0.30058908462524414,
    "decoding_time": 0.4941139221191406
}