{
    "image_name": "RGB_OR_1200x1200_023.png",
    "mse": 0.002221836242824793,
    "psnr": 26.53013801574707,
    "ms-ssim": 0.9784120321273804,
    "bpp": 0.1690222222222222,
    "encoding_time": 0.38467907905578613,
    "decoding_time": 0.3718864917755127
}