{
    "image_name": "RGB_OR_1200x1200_033.png",
    "mse": 0.0012896136613562703,
    "psnr": 28.890979766845703,
    "ms-ssim": 0.9762002825737,
    "bpp": 0.23177777777777778,
    "encoding_time": 0.5566647052764893,
    "decoding_time": 0.41325879096984863
}