{
    "image_name": "RGB_OR_1200x1200_017.png",
    "mse": 0.0011750233825296164,
    "psnr": 29.294815063476562,
    "ms-ssim": 0.9786134958267212,
    "bpp": 0.213,
    "encoding_time": 0.29076409339904785,
    "decoding_time": 0.8500454425811768
}