{
    "image_name": "RGB_OR_1200x1200_088.png",
    "mse": 0.0009995389264076948,
    "psnr": 29.99635124206543,
    "ms-ssim": 0.9792425036430359,
    "bpp": 0.19346666666666668,
    "encoding_time": 0.37378907203674316,
    "decoding_time": 0.42361950874328613
}