{
    "image_name": "RGB_OR_1200x1200_068.png",
    "mse": 0.0006032895180396736,
    "psnr": 32.1887321472168,
    "ms-ssim": 0.987582802772522,
    "bpp": 0.12586666666666665,
    "encoding_time": 0.3360474109649658,
    "decoding_time": 0.5559518337249756
}