{
    "image_name": "RGB_OR_1200x1200_029.png",
    "mse": 0.0008424742263741791,
    "psnr": 30.738073348999023,
    "ms-ssim": 0.9809473752975464,
    "bpp": 0.16746666666666668,
    "encoding_time": 0.5853915214538574,
    "decoding_time": 0.6178708076477051
}