{
    "image_name": "RGB_OR_1200x1200_091.png",
    "mse": 0.0008549572085030377,
    "psnr": 30.675853729248047,
    "ms-ssim": 0.9857177734375,
    "bpp": 0.1391111111111111,
    "encoding_time": 0.41789984703063965,
    "decoding_time": 0.4129188060760498
}