{
    "image_name": "RGB_OR_1200x1200_018.png",
    "mse": 0.002839274937286973,
    "psnr": 25.46602439880371,
    "ms-ssim": 0.9730286002159119,
    "bpp": 0.27928888888888886,
    "encoding_time": 0.3015272617340088,
    "decoding_time": 0.28780555725097656
}