{
    "image_name": "RGB_OR_1200x1200_059.png",
    "mse": 0.0037347550969570875,
    "psnr": 24.275859832763672,
    "ms-ssim": 0.9672006964683533,
    "bpp": 0.3219111111111111,
    "encoding_time": 0.3153231143951416,
    "decoding_time": 0.417217493057251
}