{
    "image_name": "RGB_OR_1200x1200_038.png",
    "mse": 0.0006137216696515679,
    "psnr": 32.11103820800781,
    "ms-ssim": 0.9839566946029663,
    "bpp": 0.12837777777777779,
    "encoding_time": 0.35726189613342285,
    "decoding_time": 0.29030275344848633
}