{
    "image_name": "RGB_OR_1200x1200_098.png",
    "mse": 0.0025385571643710136,
    "psnr": 25.951862335205078,
    "ms-ssim": 0.9704002141952515,
    "bpp": 0.34975555555555554,
    "encoding_time": 0.4247608184814453,
    "decoding_time": 0.5835063457489014
}