{
    "image_name": "RGB_OR_1200x1200_066.png",
    "mse": 0.0008415832417085767,
    "psnr": 30.742691040039062,
    "ms-ssim": 0.9816779494285583,
    "bpp": 0.14715555555555557,
    "encoding_time": 0.3570263385772705,
    "decoding_time": 0.334456205368042
}