{
    "image_name": "RGB_OR_1200x1200_080.png",
    "mse": 0.00046047684736549854,
    "psnr": 33.355995178222656,
    "ms-ssim": 0.9809212684631348,
    "bpp": 0.13497777777777778,
    "encoding_time": 0.35591888427734375,
    "decoding_time": 0.5729236602783203
}