{
    "image_name": "RGB_OR_1200x1200_042.png",
    "mse": 0.000838553358335048,
    "psnr": 30.75830078125,
    "ms-ssim": 0.9775625467300415,
    "bpp": 0.17257777777777777,
    "encoding_time": 0.44651246070861816,
    "decoding_time": 0.4657566547393799
}