{
    "image_name": "RGB_OR_1200x1200_054.png",
    "mse": 0.0010132943280041218,
    "psnr": 29.937788009643555,
    "ms-ssim": 0.9801396727561951,
    "bpp": 0.18435555555555555,
    "encoding_time": 0.35054755210876465,
    "decoding_time": 0.6145002841949463
}