{
    "image_name": "RGB_OR_1200x1200_005.png",
    "mse": 0.000934609561227262,
    "psnr": 30.288002014160156,
    "ms-ssim": 0.9766585230827332,
    "bpp": 0.2064888888888889,
    "encoding_time": 0.4732677936553955,
    "decoding_time": 0.5019075870513916
}