{
    "image_name": "RGB_OR_1200x1200_085.png",
    "mse": 0.0007517263293266296,
    "psnr": 31.232257843017578,
    "ms-ssim": 0.9701027870178223,
    "bpp": 0.2162,
    "encoding_time": 0.6256544589996338,
    "decoding_time": 0.8669853210449219
}