{
    "image_name": "RGB_OR_1200x1200_053.png",
    "mse": 0.0006721760728396475,
    "psnr": 31.716552734375,
    "ms-ssim": 0.9896668195724487,
    "bpp": 0.09497777777777777,
    "encoding_time": 0.3109300136566162,
    "decoding_time": 0.34366393089294434
}