{
    "image_name": "RGB_OR_1200x1200_097.png",
    "mse": 0.0013129896251484752,
    "psnr": 28.812362670898438,
    "ms-ssim": 0.9875070452690125,
    "bpp": 0.11446666666666666,
    "encoding_time": 0.4609103202819824,
    "decoding_time": 0.5239779949188232
}