{
    "image_name": "RGB_OR_1200x1200_019.png",
    "mse": 0.0010195599170401692,
    "psnr": 29.910493850708008,
    "ms-ssim": 0.9771482348442078,
    "bpp": 0.18462222222222222,
    "encoding_time": 0.4214787483215332,
    "decoding_time": 0.4139373302459717
}