{
    "image_name": "RGB_OR_1200x1200_077.png",
    "mse": 0.0006482224562205374,
    "psnr": 31.874425888061523,
    "ms-ssim": 0.9568655490875244,
    "bpp": 0.25093333333333334,
    "encoding_time": 0.4753437042236328,
    "decoding_time": 0.422748327255249
}