{
    "image_name": "RGB_OR_1200x1200_057.png",
    "mse": 0.0004988345317542553,
    "psnr": 33.010398864746094,
    "ms-ssim": 0.977486789226532,
    "bpp": 0.1426888888888889,
    "encoding_time": 0.41998815536499023,
    "decoding_time": 0.5190541744232178
}