{
    "image_name": "RGB_OR_1200x1200_040.png",
    "mse": 0.0010629286989569664,
    "psnr": 29.72970962524414,
    "ms-ssim": 0.9766267538070679,
    "bpp": 0.19615555555555556,
    "encoding_time": 0.34188365936279297,
    "decoding_time": 0.39347219467163086
}