{
    "image_name": "RGB_OR_1200x1200_076.png",
    "mse": 0.0009497847640886903,
    "psnr": 30.218276977539062,
    "ms-ssim": 0.9839153289794922,
    "bpp": 0.09606666666666666,
    "encoding_time": 0.39429211616516113,
    "decoding_time": 0.39345264434814453
}