{
    "image_name": "RGB_OR_1200x1200_096.png",
    "mse": 0.0006071277894079685,
    "psnr": 32.15825271606445,
    "ms-ssim": 0.9674041271209717,
    "bpp": 0.15926666666666667,
    "encoding_time": 0.3697962760925293,
    "decoding_time": 0.5468871593475342
}