{
    "image_name": "RGB_OR_1200x1200_062.png",
    "mse": 0.0029617876280099154,
    "psnr": 25.28268814086914,
    "ms-ssim": 0.9663556814193726,
    "bpp": 0.3585111111111111,
    "encoding_time": 0.5260295867919922,
    "decoding_time": 0.45326972007751465
}