{
    "image_name": "RGB_OR_1200x1200_090.png",
    "mse": 0.002444120589643717,
    "psnr": 26.11655044555664,
    "ms-ssim": 0.9706344604492188,
    "bpp": 0.2951111111111111,
    "encoding_time": 0.38656020164489746,
    "decoding_time": 0.48876142501831055
}