{
    "image_name": "RGB_OR_1200x1200_089.png",
    "mse": 0.0014083180576562881,
    "psnr": 28.5090389251709,
    "ms-ssim": 0.9722065925598145,
    "bpp": 0.22366666666666668,
    "encoding_time": 0.23620343208312988,
    "decoding_time": 0.3694489002227783
}