{
    "image_name": "RGB_OR_1200x1200_086.png",
    "mse": 0.0012072155950590968,
    "psnr": 29.177555084228516,
    "ms-ssim": 0.9595839977264404,
    "bpp": 0.3973555555555556,
    "encoding_time": 0.41972827911376953,
    "decoding_time": 0.5092213153839111
}