{
    "image_name": "RGB_OR_1200x1200_048.png",
    "mse": 0.0017935089999809861,
    "psnr": 27.460063934326172,
    "ms-ssim": 0.9694542288780212,
    "bpp": 0.26211111111111113,
    "encoding_time": 0.372725248336792,
    "decoding_time": 0.45826220512390137
}