{
    "image_name": "RGB_OR_1200x1200_095.png",
    "mse": 0.003189468290656805,
    "psnr": 24.961198806762695,
    "ms-ssim": 0.9656359553337097,
    "bpp": 0.33413333333333334,
    "encoding_time": 0.451901912689209,
    "decoding_time": 0.5854401588439941
}