{
    "image_name": "RGB_OR_1200x1200_055.png",
    "mse": 0.0011235648998990655,
    "psnr": 29.489295959472656,
    "ms-ssim": 0.9835479259490967,
    "bpp": 0.17653333333333332,
    "encoding_time": 0.25878286361694336,
    "decoding_time": 0.28700757026672363
}