{
    "image_name": "RGB_OR_1200x1200_060.png",
    "mse": 0.0008577332482673228,
    "psnr": 30.66002082824707,
    "ms-ssim": 0.9817341566085815,
    "bpp": 0.15175555555555556,
    "encoding_time": 0.41811203956604004,
    "decoding_time": 0.5312697887420654
}