{
    "image_name": "RGB_OR_1200x1200_051.png",
    "mse": 0.0005627211066894233,
    "psnr": 32.48713302612305,
    "ms-ssim": 0.9797061681747437,
    "bpp": 0.14046666666666666,
    "encoding_time": 0.43810606002807617,
    "decoding_time": 0.4761819839477539
}