{
    "image_name": "RGB_OR_1200x1200_082.png",
    "mse": 0.0018728801514953375,
    "psnr": 27.27195167541504,
    "ms-ssim": 0.9613706469535828,
    "bpp": 0.3666888888888889,
    "encoding_time": 0.37317657470703125,
    "decoding_time": 0.6296966075897217
}