{
    "image_name": "RGB_OR_1200x1200_069.png",
    "mse": 0.0015366588486358523,
    "psnr": 28.130781173706055,
    "ms-ssim": 0.9813246726989746,
    "bpp": 0.15293333333333334,
    "encoding_time": 0.53385329246521,
    "decoding_time": 0.48992347717285156
}