{
    "image_name": "RGB_OR_1200x1200_073.png",
    "mse": 0.00046658015344291925,
    "psnr": 33.29946517944336,
    "ms-ssim": 0.9835631847381592,
    "bpp": 0.07824444444444445,
    "encoding_time": 0.30066704750061035,
    "decoding_time": 0.726647138595581
}