{
    "image_name": "RGB_OR_1200x1200_070.png",
    "mse": 0.0006746352883055806,
    "psnr": 31.70077896118164,
    "ms-ssim": 0.9717103838920593,
    "bpp": 0.2301777777777778,
    "encoding_time": 0.4900498390197754,
    "decoding_time": 0.3496673107147217
}