{
    "image_name": "RGB_OR_1200x1200_030.png",
    "mse": 0.0014529118780046701,
    "psnr": 28.373882293701172,
    "ms-ssim": 0.9704992771148682,
    "bpp": 0.2603111111111111,
    "encoding_time": 0.5520632266998291,
    "decoding_time": 0.4341897964477539
}