{
    "image_name": "RGB_OR_1200x1200_022.png",
    "mse": 0.000687459425535053,
    "psnr": 31.619779586791992,
    "ms-ssim": 0.9774720072746277,
    "bpp": 0.18297777777777777,
    "encoding_time": 0.3744781017303467,
    "decoding_time": 0.6423847675323486
}