{
    "image_name": "RGB_OR_1200x1200_044.png",
    "mse": 0.0006849099881947041,
    "psnr": 31.635812759399414,
    "ms-ssim": 0.9748268127441406,
    "bpp": 0.20977777777777779,
    "encoding_time": 0.3871016502380371,
    "decoding_time": 0.3830232620239258
}