{
    "image_name": "RGB_OR_1200x1200_039.png",
    "mse": 0.0012477538548409939,
    "psnr": 29.034265518188477,
    "ms-ssim": 0.9761652946472168,
    "bpp": 0.22202222222222223,
    "encoding_time": 0.3856637477874756,
    "decoding_time": 0.47586679458618164
}