{
    "image_name": "RGB_OR_1200x1200_079.png",
    "mse": 0.001705947215668857,
    "psnr": 27.677141189575195,
    "ms-ssim": 0.9882108569145203,
    "bpp": 0.12331111111111111,
    "encoding_time": 0.4722304344177246,
    "decoding_time": 0.5231554508209229
}