{
    "mean_loss": 0.217166924587327,
    "mean_bpp": 0.2171110350798014,
    "mean_psnr": 33.2684410374339,
    "mean_msssim": 0.970128860415482,
    "mean_msssim_dB": 15.247482087374449,
    "mean_enc_time": 0.5373655877462248,
    "mean_dec_time": 0.5540114786566758
}