{
    "image_name": "wojciech-szaturski-3611.png",
    "mse": 0.0006579559412784874,
    "psnr": 31.809965133666992,
    "ms-ssim": 0.9689152240753174,
    "bpp": 0.2773835465623932,
    "encoding_time": 0.5556890964508057,
    "decoding_time": 0.8391666412353516
}