{
    "image_name": "zugr-108.png",
    "mse": 0.00020740440231747925,
    "psnr": 36.80540466308594,
    "ms-ssim": 0.9854114055633545,
    "bpp": 0.09666895604395605,
    "encoding_time": 0.6063785552978516,
    "decoding_time": 0.5981450080871582
}