{
    "image_name": "philipp-reiner-207.png",
    "mse": 0.000999383395537734,
    "psnr": 29.997779846191406,
    "ms-ssim": 0.9617103338241577,
    "bpp": 0.41817283950617284,
    "encoding_time": 0.4423191547393799,
    "decoding_time": 0.31369805335998535
}