{
    "image_name": "nomao-saeki-33553.png",
    "mse": 0.00024729635333642364,
    "psnr": 36.04566192626953,
    "ms-ssim": 0.971472442150116,
    "bpp": 0.0914851756954612,
    "encoding_time": 0.9235794544219971,
    "decoding_time": 0.5273194313049316
}