{
    "image_name": "philippe-wuyts-45997.png",
    "mse": 0.0007753935060463846,
    "psnr": 31.097999572753906,
    "ms-ssim": 0.9593193531036377,
    "bpp": 0.29981779648281415,
    "encoding_time": 0.4812886714935303,
    "decoding_time": 0.6394166946411133
}