{
    "image_name": "gian-reto-tarnutzer-45212.png",
    "mse": 0.0007435119478031993,
    "psnr": 31.279699325561523,
    "ms-ssim": 0.9621133804321289,
    "bpp": 0.28128421532846715,
    "encoding_time": 0.6361737251281738,
    "decoding_time": 0.7052500247955322
}