{
    "image_name": "roberto-nickson-48063.png",
    "mse": 0.00022075645392760634,
    "psnr": 36.53611373901367,
    "ms-ssim": 0.9773783087730408,
    "bpp": 0.08309294871794871,
    "encoding_time": 0.7013630867004395,
    "decoding_time": 0.806358814239502
}