{
    "image_name": "paul-itkin-46101.png",
    "mse": 0.0010638462845236063,
    "psnr": 29.72640037536621,
    "ms-ssim": 0.9878036975860596,
    "bpp": 0.588907284768212,
    "encoding_time": 0.13172125816345215,
    "decoding_time": 0.16542434692382812
}