{
    "image_name": "alejandro-escamilla-6.png",
    "mse": 0.00036442719283513725,
    "psnr": 34.37053298950195,
    "ms-ssim": 0.9702050685882568,
    "bpp": 0.13306338685586258,
    "encoding_time": 0.6345920562744141,
    "decoding_time": 0.4100937843322754
}