{
    "image_name": "felix-russell-saw-140699.png",
    "mse": 0.0002852893085218966,
    "psnr": 35.4277229309082,
    "ms-ssim": 0.9680963754653931,
    "bpp": 0.12020583190394511,
    "encoding_time": 0.48502063751220703,
    "decoding_time": 0.5992629528045654
}