{
    "image_name": "juskteez-vu-1041.png",
    "mse": 0.0011594761162996292,
    "psnr": 29.35272979736328,
    "ms-ssim": 0.947041392326355,
    "bpp": 0.4524432630846149,
    "encoding_time": 0.4639418125152588,
    "decoding_time": 0.5810866355895996
}