{
    "image_name": "davide-ragusa-716.png",
    "mse": 0.0003308183513581753,
    "psnr": 34.78818893432617,
    "ms-ssim": 0.9734398126602173,
    "bpp": 0.13503227295518397,
    "encoding_time": 0.5522866249084473,
    "decoding_time": 0.5295159816741943
}