{
    "image_name": "ales-krivec-15949.png",
    "mse": 0.00022835703566670418,
    "psnr": 36.38956069946289,
    "ms-ssim": 0.9835140705108643,
    "bpp": 0.10602114898989899,
    "encoding_time": 0.5109243392944336,
    "decoding_time": 0.5634799003601074
}