{
    "image_name": "kazuend-28556.png",
    "mse": 0.00016791389498393983,
    "psnr": 37.71687316894531,
    "ms-ssim": 0.9804946780204773,
    "bpp": 0.06252289377289377,
    "encoding_time": 0.8239212036132812,
    "decoding_time": 0.8390963077545166
}