{
    "image_name": "sergey-zolkin-1045.png",
    "mse": 0.0003835743118543178,
    "psnr": 34.147335052490234,
    "ms-ssim": 0.9764384031295776,
    "bpp": 0.15930631868131867,
    "encoding_time": 0.6269271373748779,
    "decoding_time": 0.5485455989837646
}