{
    "image_name": "martyn-seddon-220.png",
    "mse": 0.0005129199125804007,
    "psnr": 32.88874816894531,
    "ms-ssim": 0.9494020938873291,
    "bpp": 0.16413690476190476,
    "encoding_time": 0.5921053886413574,
    "decoding_time": 0.5299384593963623
}