{
    "image_name": "vita-vilcina-3055.png",
    "mse": 0.0005944403819739819,
    "psnr": 32.250160217285156,
    "ms-ssim": 0.9913883209228516,
    "bpp": 0.3256373256373256,
    "encoding_time": 0.4536263942718506,
    "decoding_time": 0.3960902690887451
}