{
    "image_name": "sergey-zolkin-21232.png",
    "mse": 0.00016293210501316935,
    "psnr": 37.848323822021484,
    "ms-ssim": 0.9804136157035828,
    "bpp": 0.07455071234992203,
    "encoding_time": 0.8217167854309082,
    "decoding_time": 0.5624294281005859
}