{
    "image_name": "daniel-robert-405.png",
    "mse": 0.0008380840299651027,
    "psnr": 30.76082992553711,
    "ms-ssim": 0.9658842086791992,
    "bpp": 0.3126192733017378,
    "encoding_time": 0.2980635166168213,
    "decoding_time": 0.33908748626708984
}