{
    "image_name": "benjamin-sloth-lindgreen-705.png",
    "mse": 0.0007037871982902288,
    "psnr": 31.518083572387695,
    "ms-ssim": 0.963446319103241,
    "bpp": 0.24126602564102564,
    "encoding_time": 0.49985504150390625,
    "decoding_time": 0.4707670211791992
}