{
    "image_name": "schicka-307.png",
    "mse": 0.0003061437455471605,
    "psnr": 35.12353515625,
    "ms-ssim": 0.9699478149414062,
    "bpp": 0.10953776041666667,
    "encoding_time": 0.09423685073852539,
    "decoding_time": 0.0998373031616211
}