{
    "image_name": "jason-briscoe-149782.png",
    "mse": 0.00015734457701910287,
    "psnr": 37.99779510498047,
    "ms-ssim": 0.9888734817504883,
    "bpp": 0.0880952380952381,
    "encoding_time": 0.7630317211151123,
    "decoding_time": 0.6681265830993652
}