{
    "image_name": "stefan-kunze-26931.png",
    "mse": 0.0006454276153817773,
    "psnr": 31.892871856689453,
    "ms-ssim": 0.971498966217041,
    "bpp": 0.24172457937088515,
    "encoding_time": 0.575042724609375,
    "decoding_time": 0.6483869552612305
}