{
    "image_name": "clem-onojeghuo-33741.png",
    "mse": 0.0006056980928406119,
    "psnr": 32.16851806640625,
    "ms-ssim": 0.9648654460906982,
    "bpp": 0.23166208791208792,
    "encoding_time": 0.8349850177764893,
    "decoding_time": 0.8314988613128662
}