{
    "image_name": "todd-quackenbush-27493.png",
    "mse": 0.00022065163648221642,
    "psnr": 36.539127349853516,
    "ms-ssim": 0.9865797758102417,
    "bpp": 0.10255324298160697,
    "encoding_time": 0.5048468112945557,
    "decoding_time": 0.5512509346008301
}