{
    "image_name": "mullermarc-184.png",
    "mse": 0.0005014599882997572,
    "psnr": 32.98817443847656,
    "ms-ssim": 0.9755174517631531,
    "bpp": 0.2121578207916096,
    "encoding_time": 0.20174551010131836,
    "decoding_time": 0.2293713092803955
}