{
    "image_name": "thong-vo-428.png",
    "mse": 0.0008678978192619979,
    "psnr": 30.609378814697266,
    "ms-ssim": 0.9647147059440613,
    "bpp": 0.3525076109597821,
    "encoding_time": 0.44068074226379395,
    "decoding_time": 0.3741927146911621
}