{
    "image_name": "andrew-ruiz-376.png",
    "mse": 0.0004767909413203597,
    "psnr": 33.20553207397461,
    "ms-ssim": 0.9798630475997925,
    "bpp": 0.21110396767083028,
    "encoding_time": 0.5840377807617188,
    "decoding_time": 0.6588525772094727
}