{
    "image_name": "todd-quackenbush-222.png",
    "mse": 0.0010564831318333745,
    "psnr": 29.756338119506836,
    "ms-ssim": 0.9581544399261475,
    "bpp": 0.34826626170589725,
    "encoding_time": 0.1096193790435791,
    "decoding_time": 0.07244181632995605
}