{
    "image_name": "martin-wessely-211.png",
    "mse": 0.0015638320473954082,
    "psnr": 28.054611206054688,
    "ms-ssim": 0.9584180116653442,
    "bpp": 0.5580208333333333,
    "encoding_time": 0.19780540466308594,
    "decoding_time": 0.11466026306152344
}