{
    "image_name": "lobostudio-hamburg-75377.png",
    "mse": 0.0004648258909583092,
    "psnr": 33.31574249267578,
    "ms-ssim": 0.9627648591995239,
    "bpp": 0.08573717948717949,
    "encoding_time": 0.5722639560699463,
    "decoding_time": 0.46285247802734375
}