{
    "image_name": "amy-zhang-15940.png",
    "mse": 0.0007069466519169509,
    "psnr": 31.498836517333984,
    "ms-ssim": 0.9631861448287964,
    "bpp": 0.24264438015643416,
    "encoding_time": 0.3961927890777588,
    "decoding_time": 0.28051137924194336
}