{
    "image_name": "michael-durana-82941.png",
    "mse": 0.0004946619155816734,
    "psnr": 33.04510498046875,
    "ms-ssim": 0.9746185541152954,
    "bpp": 0.19626831501831501,
    "encoding_time": 0.5133099555969238,
    "decoding_time": 0.8901736736297607
}