{
    "image_name": "jeremy-cai-1174.png",
    "mse": 0.00034917445736937225,
    "psnr": 34.554344177246094,
    "ms-ssim": 0.9898496866226196,
    "bpp": 0.1789594905839317,
    "encoding_time": 0.4673595428466797,
    "decoding_time": 0.5602867603302002
}