{
    "image_name": "allef-vinicius-109434.png",
    "mse": 0.0003969415556639433,
    "psnr": 33.99897003173828,
    "ms-ssim": 0.9550280570983887,
    "bpp": 0.06626602564102564,
    "encoding_time": 0.6433181762695312,
    "decoding_time": 0.7869603633880615
}