{
    "image_name": "casey-fyfe-999.png",
    "mse": 0.00046187793486751616,
    "psnr": 33.34288024902344,
    "ms-ssim": 0.9417316317558289,
    "bpp": 0.07267922794117647,
    "encoding_time": 0.5242817401885986,
    "decoding_time": 0.640178918838501
}