{
    "image_name": "alexander-shustov-73.png",
    "mse": 0.0013227632734924555,
    "psnr": 28.781173706054688,
    "ms-ssim": 0.9708766937255859,
    "bpp": 0.5444066862601029,
    "encoding_time": 0.7401025295257568,
    "decoding_time": 1.0289645195007324
}