{
    "image_name": "jared-erondu-21325.png",
    "mse": 0.00030134772532619536,
    "psnr": 35.191165924072266,
    "ms-ssim": 0.9624220132827759,
    "bpp": 0.10012591575091576,
    "encoding_time": 0.4783620834350586,
    "decoding_time": 0.717628002166748
}