{
    "image_name": "alberto-montalesi-176097.png",
    "mse": 0.0002999813877977431,
    "psnr": 35.21121597290039,
    "ms-ssim": 0.9566249847412109,
    "bpp": 0.0796496698459281,
    "encoding_time": 0.5454306602478027,
    "decoding_time": 0.5719044208526611
}