{
    "mean_loss": 0.2557597907880942,
    "mean_bpp": 0.2535400390625,
    "mean_psnr": 27.953464190165203,
    "mean_msssim": 0.977802482744058,
    "mean_msssim_dB": 16.536955977269127,
    "mean_enc_time": 0.4053744375705719,
    "mean_dec_time": 0.4942478934923808
}