{
    "image_name": "18.png",
    "mse": 0.002143449615687132,
    "psnr": 26.686416625976562,
    "ms-ssim": 0.9719395637512207,
    "bpp": 0.3380533854166667,
    "encoding_time": 0.4324781894683838,
    "decoding_time": 0.29948949813842773
}