{
    "image_name": "5.png",
    "mse": 0.0027419535908848047,
    "psnr": 25.61735725402832,
    "ms-ssim": 0.9759088754653931,
    "bpp": 0.3633626302083333,
    "encoding_time": 0.3742852210998535,
    "decoding_time": 0.4585697650909424
}