{
    "image_name": "20.png",
    "mse": 0.0014235450653359294,
    "psnr": 28.461763381958008,
    "ms-ssim": 0.9835160970687866,
    "bpp": 0.15242513020833334,
    "encoding_time": 0.4200618267059326,
    "decoding_time": 0.7142930030822754
}