{
    "image_name": "16.png",
    "mse": 0.001003530342131853,
    "psnr": 29.97884750366211,
    "ms-ssim": 0.9789960384368896,
    "bpp": 0.23697916666666666,
    "encoding_time": 0.5460045337677002,
    "decoding_time": 0.40197324752807617
}