{
    "image_name": "3.png",
    "mse": 0.0007810802781023085,
    "psnr": 31.066484451293945,
    "ms-ssim": 0.984930694103241,
    "bpp": 0.15974934895833334,
    "encoding_time": 0.5248961448669434,
    "decoding_time": 0.7012026309967041
}