{
    "image_name": "4.png",
    "mse": 0.0012397654354572296,
    "psnr": 29.062070846557617,
    "ms-ssim": 0.9774081110954285,
    "bpp": 0.24674479166666666,
    "encoding_time": 0.18815374374389648,
    "decoding_time": 0.4491567611694336
}