{
    "image_name": "11.png",
    "mse": 0.0017448150319978595,
    "psnr": 27.579280853271484,
    "ms-ssim": 0.9760157465934753,
    "bpp": 0.2766927083333333,
    "encoding_time": 0.2870900630950928,
    "decoding_time": 0.42611217498779297
}