{
    "image_name": "19.png",
    "mse": 0.001202726154588163,
    "psnr": 29.193689346313477,
    "ms-ssim": 0.9782149195671082,
    "bpp": 0.240478515625,
    "encoding_time": 0.34439849853515625,
    "decoding_time": 0.8585207462310791
}