{
    "image_name": "13.png",
    "mse": 0.005424207542091608,
    "psnr": 22.65560531616211,
    "ms-ssim": 0.9667273759841919,
    "bpp": 0.4371744791666667,
    "encoding_time": 0.17650604248046875,
    "decoding_time": 0.2445225715637207
}