{
    "image_name": "6.png",
    "mse": 0.002093340503051877,
    "psnr": 26.78911590576172,
    "ms-ssim": 0.9755585193634033,
    "bpp": 0.296630859375,
    "encoding_time": 0.2504708766937256,
    "decoding_time": 0.5158252716064453
}