{
    "image_name": "1.png",
    "mse": 0.0028117047622799873,
    "psnr": 25.508399963378906,
    "ms-ssim": 0.9728025197982788,
    "bpp": 0.3377278645833333,
    "encoding_time": 0.42608141899108887,
    "decoding_time": 0.4125845432281494
}