{
    "image_name": "7.png",
    "mse": 0.0011478906963020563,
    "psnr": 29.396514892578125,
    "ms-ssim": 0.9859575033187866,
    "bpp": 0.17919921875,
    "encoding_time": 0.4163980484008789,
    "decoding_time": 0.37720799446105957
}