{
    "image_name": "23.png",
    "mse": 0.0006878401036374271,
    "psnr": 31.616992950439453,
    "ms-ssim": 0.984925389289856,
    "bpp": 0.15128580729166666,
    "encoding_time": 0.47121620178222656,
    "decoding_time": 0.24369311332702637
}