{
    "image_name": "24.png",
    "mse": 0.002651147311553359,
    "psnr": 25.763582229614258,
    "ms-ssim": 0.9768742322921753,
    "bpp": 0.3021647135416667,
    "encoding_time": 0.3707587718963623,
    "decoding_time": 0.30507397651672363
}