{
    "image_name": "22.png",
    "mse": 0.0012452127411961555,
    "psnr": 29.043384552001953,
    "ms-ssim": 0.9716631174087524,
    "bpp": 0.3177083333333333,
    "encoding_time": 0.6305539608001709,
    "decoding_time": 0.6158874034881592
}