{
    "image_name": "15.png",
    "mse": 0.0014745625667273998,
    "psnr": 28.30913543701172,
    "ms-ssim": 0.9792317152023315,
    "bpp": 0.19197591145833334,
    "encoding_time": 0.14614462852478027,
    "decoding_time": 0.542320966720581
}