{
    "image_name": "14.png",
    "mse": 0.0018441264983266592,
    "psnr": 27.338642120361328,
    "ms-ssim": 0.9735649824142456,
    "bpp": 0.3467610677083333,
    "encoding_time": 0.5630278587341309,
    "decoding_time": 0.45706629753112793
}