{
    "image_name": "10.png",
    "mse": 0.0012310846941545606,
    "psnr": 29.092750549316406,
    "ms-ssim": 0.9826230406761169,
    "bpp": 0.17374674479166666,
    "encoding_time": 0.4021017551422119,
    "decoding_time": 0.4125511646270752
}