{
    "image_name": "9.png",
    "mse": 0.0010778133291751146,
    "psnr": 29.66913414001465,
    "ms-ssim": 0.9829992651939392,
    "bpp": 0.14274088541666666,
    "encoding_time": 0.41595959663391113,
    "decoding_time": 0.44872617721557617
}