{
    "image_name": "17.png",
    "mse": 0.001069261459633708,
    "psnr": 29.70406723022461,
    "ms-ssim": 0.9818131327629089,
    "bpp": 0.21354166666666666,
    "encoding_time": 0.5808122158050537,
    "decoding_time": 0.7385892868041992
}