{
    "image_name": "8.png",
    "mse": 0.004390360321849585,
    "psnr": 23.573862075805664,
    "ms-ssim": 0.9765924215316772,
    "bpp": 0.2953287760416667,
    "encoding_time": 0.44885993003845215,
    "decoding_time": 0.818413257598877
}