{
    "image_name": "2.png",
    "mse": 0.0012652315199375153,
    "psnr": 28.973888397216797,
    "ms-ssim": 0.9716662168502808,
    "bpp": 0.2547200520833333,
    "encoding_time": 0.20426702499389648,
    "decoding_time": 0.3196096420288086
}