{
    "image_name": "21.png",
    "mse": 0.001905988552607596,
    "psnr": 27.195674896240234,
    "ms-ssim": 0.9781217575073242,
    "bpp": 0.22688802083333334,
    "encoding_time": 0.543224573135376,
    "decoding_time": 0.3815648555755615
}