{
    "mean_loss": 0.23593261218036485,
    "mean_bpp": 0.23406136579013842,
    "mean_psnr": 31.064513741469966,
    "mean_msssim": 0.9812875360977359,
    "mean_msssim_dB": 17.27869024434469,
    "mean_enc_time": 0.4140423216470858,
    "mean_dec_time": 0.4819984436035156
}