{
    "image_name": "clem-onojeghuo-33741.png",
    "mse": 0.0009708815487101674,
    "psnr": 30.122697830200195,
    "ms-ssim": 0.9791867136955261,
    "bpp": 0.2887248168498168,
    "encoding_time": 0.4898254871368408,
    "decoding_time": 0.6418285369873047
}