{
    "image_name": "sergey-zolkin-1045.png",
    "mse": 0.0006774314097128808,
    "psnr": 31.68331527709961,
    "ms-ssim": 0.9854227304458618,
    "bpp": 0.18215430402930402,
    "encoding_time": 0.45682621002197266,
    "decoding_time": 0.4458804130554199
}