{
    "image_name": "sergey-zolkin-21232.png",
    "mse": 0.0002479571558069438,
    "psnr": 36.035491943359375,
    "ms-ssim": 0.9879677295684814,
    "bpp": 0.11912368090357159,
    "encoding_time": 0.6497659683227539,
    "decoding_time": 0.3693239688873291
}