{
    "image_name": "allef-vinicius-109434.png",
    "mse": 0.0003686566196847707,
    "psnr": 34.319244384765625,
    "ms-ssim": 0.9738108515739441,
    "bpp": 0.1830128205128205,
    "encoding_time": 0.5833549499511719,
    "decoding_time": 0.45095300674438477
}