{
    "image_name": "martin-wessely-211.png",
    "mse": 0.002720138756558299,
    "psnr": 25.652116775512695,
    "ms-ssim": 0.9659728407859802,
    "bpp": 0.4373958333333333,
    "encoding_time": 0.161698579788208,
    "decoding_time": 0.10663175582885742
}