{
    "image_name": "michael-durana-82941.png",
    "mse": 0.0011101787677034736,
    "psnr": 29.541259765625,
    "ms-ssim": 0.983339250087738,
    "bpp": 0.18785485347985348,
    "encoding_time": 0.6204595565795898,
    "decoding_time": 0.6759264469146729
}