{
    "image_name": "paul-itkin-46101.png",
    "mse": 0.004470397252589464,
    "psnr": 23.495311737060547,
    "ms-ssim": 0.9847396612167358,
    "bpp": 0.24922737306843268,
    "encoding_time": 0.1722276210784912,
    "decoding_time": 0.16589808464050293
}