{
    "image_name": "casey-fyfe-999.png",
    "mse": 0.0004311334923841059,
    "psnr": 33.641387939453125,
    "ms-ssim": 0.9722050428390503,
    "bpp": 0.2692325367647059,
    "encoding_time": 0.5126442909240723,
    "decoding_time": 0.5004799365997314
}