{
    "image_name": "alexander-shustov-73.png",
    "mse": 0.003018055111169815,
    "psnr": 25.20103645324707,
    "ms-ssim": 0.9721349477767944,
    "bpp": 0.4136664217487142,
    "encoding_time": 0.566279411315918,
    "decoding_time": 0.5775444507598877
}