{
    "image_name": "alberto-montalesi-176097.png",
    "mse": 0.0003008036583196372,
    "psnr": 35.1994743347168,
    "ms-ssim": 0.9730678796768188,
    "bpp": 0.17801953411592075,
    "encoding_time": 0.4703340530395508,
    "decoding_time": 0.6530094146728516
}