{
    "image_name": "jason-briscoe-149782.png",
    "mse": 0.000527804484590888,
    "psnr": 32.764739990234375,
    "ms-ssim": 0.992634654045105,
    "bpp": 0.09515796703296703,
    "encoding_time": 0.5773067474365234,
    "decoding_time": 0.5378208160400391
}