{
    "image_name": "martyn-seddon-220.png",
    "mse": 0.0006078439182601869,
    "psnr": 32.15316390991211,
    "ms-ssim": 0.9766020178794861,
    "bpp": 0.259981684981685,
    "encoding_time": 0.42200398445129395,
    "decoding_time": 0.7643032073974609
}