{
    "image_name": "mullermarc-184.png",
    "mse": 0.0007529068388976157,
    "psnr": 31.226173400878906,
    "ms-ssim": 0.9852213859558105,
    "bpp": 0.24437345074140693,
    "encoding_time": 0.20742440223693848,
    "decoding_time": 0.26227593421936035
}