{
    "image_name": "zugr-108.png",
    "mse": 0.000350654503563419,
    "psnr": 34.53525924682617,
    "ms-ssim": 0.9901138544082642,
    "bpp": 0.1246680402930403,
    "encoding_time": 0.4224112033843994,
    "decoding_time": 0.6244385242462158
}