{
    "image_name": "gian-reto-tarnutzer-45212.png",
    "mse": 0.0009916622657328844,
    "psnr": 30.03094482421875,
    "ms-ssim": 0.9774450063705444,
    "bpp": 0.33396441605839416,
    "encoding_time": 0.5132248401641846,
    "decoding_time": 0.6895327568054199
}