{
    "image_name": "jared-erondu-21325.png",
    "mse": 0.0004385278152767569,
    "psnr": 33.56757736206055,
    "ms-ssim": 0.9816297888755798,
    "bpp": 0.17876602564102564,
    "encoding_time": 0.474442720413208,
    "decoding_time": 0.6410682201385498
}