{
    "image_name": "roberto-nickson-48063.png",
    "mse": 0.0003334705252200365,
    "psnr": 34.75300979614258,
    "ms-ssim": 0.9859249591827393,
    "bpp": 0.13317307692307692,
    "encoding_time": 0.6300415992736816,
    "decoding_time": 0.5040562152862549
}