{
    "image_name": "todd-quackenbush-222.png",
    "mse": 0.0022531645372509956,
    "psnr": 26.46943473815918,
    "ms-ssim": 0.9704549312591553,
    "bpp": 0.3509997468995191,
    "encoding_time": 0.08930277824401855,
    "decoding_time": 0.10216665267944336
}