{
    "image_name": "benjamin-sloth-lindgreen-705.png",
    "mse": 0.0010539315408095717,
    "psnr": 29.76698875427246,
    "ms-ssim": 0.9794421195983887,
    "bpp": 0.28181089743589743,
    "encoding_time": 0.40122127532958984,
    "decoding_time": 0.47399258613586426
}