{
    "image_name": "veeterzy-82537.png",
    "mse": 0.0009676787303760648,
    "psnr": 30.137218475341797,
    "ms-ssim": 0.9802419543266296,
    "bpp": 0.29068676793557835,
    "encoding_time": 0.5446240901947021,
    "decoding_time": 0.5386545658111572
}