{
    "image_name": "amy-zhang-15940.png",
    "mse": 0.0011029849993065,
    "psnr": 29.569656372070312,
    "ms-ssim": 0.9795109033584595,
    "bpp": 0.27862423657987784,
    "encoding_time": 0.32573866844177246,
    "decoding_time": 0.32956743240356445
}