{
    "image_name": "davide-ragusa-716.png",
    "mse": 0.0005454123602248728,
    "psnr": 32.62339782714844,
    "ms-ssim": 0.9848029017448425,
    "bpp": 0.19022181190159734,
    "encoding_time": 0.4806630611419678,
    "decoding_time": 0.5424306392669678
}