{
    "image_name": "felix-russell-saw-140699.png",
    "mse": 0.000396389834349975,
    "psnr": 34.003814697265625,
    "ms-ssim": 0.9814111590385437,
    "bpp": 0.1849429061504533,
    "encoding_time": 0.3285486698150635,
    "decoding_time": 0.4472677707672119
}