{
    "image_name": "stefan-kunze-26931.png",
    "mse": 0.0009063286706805229,
    "psnr": 30.421316146850586,
    "ms-ssim": 0.9821812510490417,
    "bpp": 0.2590641002194587,
    "encoding_time": 0.5019533634185791,
    "decoding_time": 0.6034936904907227
}