{
    "image_name": "daniel-robert-405.png",
    "mse": 0.0014070598408579826,
    "psnr": 28.513179779052734,
    "ms-ssim": 0.977460503578186,
    "bpp": 0.31898894154818325,
    "encoding_time": 0.21950912475585938,
    "decoding_time": 0.2933659553527832
}