{
    "image_name": "vita-vilcina-3055.png",
    "mse": 0.002347024856135249,
    "psnr": 26.292490005493164,
    "ms-ssim": 0.9895428419113159,
    "bpp": 0.22901281724811137,
    "encoding_time": 0.3869807720184326,
    "decoding_time": 0.6391615867614746
}