{
    "image_name": "philippe-wuyts-45997.png",
    "mse": 0.0009889614302664995,
    "psnr": 30.042930603027344,
    "ms-ssim": 0.9767446517944336,
    "bpp": 0.35582242995968455,
    "encoding_time": 0.4271242618560791,
    "decoding_time": 0.6115436553955078
}