{
    "image_name": "philipp-reiner-207.png",
    "mse": 0.0021818382665514946,
    "psnr": 26.609466552734375,
    "ms-ssim": 0.9733078479766846,
    "bpp": 0.3362222222222222,
    "encoding_time": 0.27660655975341797,
    "decoding_time": 0.2659332752227783
}