{
    "image_name": "lobostudio-hamburg-75377.png",
    "mse": 0.0005392375169321895,
    "psnr": 32.671722412109375,
    "ms-ssim": 0.9789337515830994,
    "bpp": 0.18206272893772893,
    "encoding_time": 0.4425699710845947,
    "decoding_time": 0.6265466213226318
}