{
    "image_name": "jeremy-cai-1174.png",
    "mse": 0.0005984902963973582,
    "psnr": 32.22066879272461,
    "ms-ssim": 0.9907743334770203,
    "bpp": 0.16489635550738382,
    "encoding_time": 0.37718963623046875,
    "decoding_time": 0.3911628723144531
}