{
    "image_name": "schicka-307.png",
    "mse": 0.0003604608937166631,
    "psnr": 34.415340423583984,
    "ms-ssim": 0.9837158918380737,
    "bpp": 0.17057291666666666,
    "encoding_time": 0.08606624603271484,
    "decoding_time": 0.06613969802856445
}