{
    "image_name": "juskteez-vu-1041.png",
    "mse": 0.0021142379846423864,
    "psnr": 26.74582862854004,
    "ms-ssim": 0.9691645503044128,
    "bpp": 0.44061616353395355,
    "encoding_time": 0.33556079864501953,
    "decoding_time": 0.37601709365844727
}