{
    "image_name": "wojciech-szaturski-3611.png",
    "mse": 0.0012348855379968882,
    "psnr": 29.079248428344727,
    "ms-ssim": 0.9809734225273132,
    "bpp": 0.24183743973273603,
    "encoding_time": 0.3700122833251953,
    "decoding_time": 0.5421764850616455
}