{
    "image_name": "alejandro-escamilla-6.png",
    "mse": 0.0010401216568425298,
    "psnr": 29.824586868286133,
    "ms-ssim": 0.9849090576171875,
    "bpp": 0.18257561613144138,
    "encoding_time": 0.5080447196960449,
    "decoding_time": 0.5448305606842041
}