{
    "mean_loss": 1.2552615274411048,
    "mean_bpp": 1.2552463124755897,
    "mean_psnr": 38.75673770904541,
    "mean_msssim": 0.9928844012320042,
    "mean_msssim_dB": 21.477885487497392,
    "mean_enc_time": 0.9828271418809891,
    "mean_dec_time": 1.1202093213796616
}