{
    "image_name": "00015_TE_3680x2456.png",
    "mse": 7.535256736446172e-05,
    "psnr": 41.15731430053711,
    "ms-ssim": 0.995370090007782,
    "bpp": 0.7508957654723127,
    "encoding_time": 2.575885534286499,
    "decoding_time": 2.517749786376953
}