{
    "image_name": "00001_TE_2096x1400.png",
    "mse": 0.00017189585196319968,
    "psnr": 37.61526870727539,
    "ms-ssim": 0.9957301616668701,
    "bpp": 1.5389749182115595,
    "encoding_time": 0.8705317974090576,
    "decoding_time": 1.0645456314086914
}