{
    "image_name": "00007_TE_1472x976.png",
    "mse": 0.00010696503159124404,
    "psnr": 39.657955169677734,
    "ms-ssim": 0.9954136610031128,
    "bpp": 0.9801318602993585,
    "encoding_time": 0.8109910488128662,
    "decoding_time": 0.7224886417388916
}