{
    "image_name": "00009_TE_1976x1312.png",
    "mse": 0.0004607772279996425,
    "psnr": 33.353275299072266,
    "ms-ssim": 0.994553804397583,
    "bpp": 2.4782018366742373,
    "encoding_time": 0.5395457744598389,
    "decoding_time": 0.7886343002319336
}