{
    "image_name": "00002_TE_2144x1424.png",
    "mse": 0.00014188680506777018,
    "psnr": 38.443302154541016,
    "ms-ssim": 0.9867892265319824,
    "bpp": 1.3545404997484487,
    "encoding_time": 0.9223847389221191,
    "decoding_time": 1.2640535831451416
}