{
    "image_name": "00011_TE_1744x1160.png",
    "mse": 0.00016763192252255976,
    "psnr": 37.72572708129883,
    "ms-ssim": 0.9961804151535034,
    "bpp": 1.7509174311926605,
    "encoding_time": 0.575639009475708,
    "decoding_time": 0.636599063873291
}