{
    "image_name": "00008_TE_1912x1272.png",
    "mse": 9.092358959605917e-05,
    "psnr": 40.35248565673828,
    "ms-ssim": 0.9949929118156433,
    "bpp": 1.311083918844241,
    "encoding_time": 0.8714156150817871,
    "decoding_time": 0.9978680610656738
}