{
    "image_name": "00013_TE_1920x1280.png",
    "mse": 0.00011487053416203707,
    "psnr": 39.34928512573242,
    "ms-ssim": 0.9950013160705566,
    "bpp": 1.0716666666666668,
    "encoding_time": 0.7405300140380859,
    "decoding_time": 0.9130473136901855
}