{
    "image_name": "00012_TE_1512x2016.png",
    "mse": 0.0001524781109765172,
    "psnr": 38.13199234008789,
    "ms-ssim": 0.9900311231613159,
    "bpp": 1.6479486856470984,
    "encoding_time": 0.7821063995361328,
    "decoding_time": 0.970463752746582
}