{
    "image_name": "00003_TE_1944x1296.png",
    "mse": 0.00010551277955528349,
    "psnr": 39.72079849243164,
    "ms-ssim": 0.9948713183403015,
    "bpp": 0.8821952954326068,
    "encoding_time": 0.7522923946380615,
    "decoding_time": 0.9940128326416016
}