{
    "image_name": "00004_TE_1808x1352.png",
    "mse": 0.0001391052210237831,
    "psnr": 38.52937316894531,
    "ms-ssim": 0.9959074854850769,
    "bpp": 1.7167487039849192,
    "encoding_time": 0.8894681930541992,
    "decoding_time": 1.2357957363128662
}