{
    "image_name": "00006_TE_1544x1120.png",
    "mse": 0.00010371940879849717,
    "psnr": 39.7938117980957,
    "ms-ssim": 0.9975645542144775,
    "bpp": 1.2365470022205773,
    "encoding_time": 0.7293057441711426,
    "decoding_time": 0.6497282981872559
}