{
    "mean_loss": 0.1773922150878712,
    "mean_bpp": 0.1773241595270404,
    "mean_psnr": 32.45529719096859,
    "mean_msssim": 0.9645395308006101,
    "mean_msssim_dB": 14.502555222783089,
    "mean_enc_time": 0.5048761600401344,
    "mean_dec_time": 0.5749066166761445
}