{
    "image_name": "jared-erondu-21325.png",
    "mse": 0.0003553233982529491,
    "psnr": 34.478599548339844,
    "ms-ssim": 0.9570602774620056,
    "bpp": 0.08286401098901099,
    "encoding_time": 0.44385409355163574,
    "decoding_time": 0.6407368183135986
}