{
    "image_name": "sergey-zolkin-21232.png",
    "mse": 0.0001947645505424589,
    "psnr": 37.077938079833984,
    "ms-ssim": 0.9779688715934753,
    "bpp": 0.06387177196727682,
    "encoding_time": 1.323819637298584,
    "decoding_time": 0.5499124526977539
}