{
    "image_name": "philippe-wuyts-45997.png",
    "mse": 0.0009537498117424548,
    "psnr": 30.200340270996094,
    "ms-ssim": 0.9494208693504333,
    "bpp": 0.23715863240948107,
    "encoding_time": 0.5674970149993896,
    "decoding_time": 0.605574369430542
}