{
    "image_name": "jeremy-cai-1174.png",
    "mse": 0.00042517544352449477,
    "psnr": 33.70191955566406,
    "ms-ssim": 0.9880332946777344,
    "bpp": 0.15477577564015715,
    "encoding_time": 0.43839335441589355,
    "decoding_time": 0.5391795635223389
}