{
    "image_name": "amy-zhang-15940.png",
    "mse": 0.0008576918044127524,
    "psnr": 30.660341262817383,
    "ms-ssim": 0.9546718001365662,
    "bpp": 0.1910211078967106,
    "encoding_time": 0.28383874893188477,
    "decoding_time": 0.45896458625793457
}