{
    "image_name": "zugr-108.png",
    "mse": 0.00024769853916950524,
    "psnr": 36.03851318359375,
    "ms-ssim": 0.9832292795181274,
    "bpp": 0.0838598901098901,
    "encoding_time": 0.5422124862670898,
    "decoding_time": 0.5112991333007812
}