{
    "image_name": "alberto-montalesi-176097.png",
    "mse": 0.00033289470593445003,
    "psnr": 34.76099395751953,
    "ms-ssim": 0.9529900550842285,
    "bpp": 0.06926357300073367,
    "encoding_time": 0.4836416244506836,
    "decoding_time": 0.5064122676849365
}