{
    "image_name": "felix-russell-saw-140699.png",
    "mse": 0.00033148055081255734,
    "psnr": 34.778541564941406,
    "ms-ssim": 0.9643932580947876,
    "bpp": 0.10306493506493507,
    "encoding_time": 0.41842007637023926,
    "decoding_time": 0.7451040744781494
}