{
    "image_name": "benjamin-sloth-lindgreen-705.png",
    "mse": 0.0008552543586120009,
    "psnr": 30.6728572845459,
    "ms-ssim": 0.9551498889923096,
    "bpp": 0.18930860805860805,
    "encoding_time": 0.5645499229431152,
    "decoding_time": 0.6044564247131348
}