{
    "image_name": "todd-quackenbush-222.png",
    "mse": 0.0012722295941784978,
    "psnr": 28.95029640197754,
    "ms-ssim": 0.948769211769104,
    "bpp": 0.2733485193621868,
    "encoding_time": 0.10858440399169922,
    "decoding_time": 0.13158321380615234
}