{
    "image_name": "wojciech-szaturski-3611.png",
    "mse": 0.0008116542594507337,
    "psnr": 30.899703979492188,
    "ms-ssim": 0.9644333124160767,
    "bpp": 0.22715007023271705,
    "encoding_time": 0.5105490684509277,
    "decoding_time": 0.9267873764038086
}