{
    "image_name": "veeterzy-82537.png",
    "mse": 0.0008607301278971136,
    "psnr": 30.644989013671875,
    "ms-ssim": 0.9687992334365845,
    "bpp": 0.23070323938506587,
    "encoding_time": 0.5839822292327881,
    "decoding_time": 0.7687134742736816
}