{
    "image_name": "michael-durana-82941.png",
    "mse": 0.0006124633364379406,
    "psnr": 32.119415283203125,
    "ms-ssim": 0.970457911491394,
    "bpp": 0.1619047619047619,
    "encoding_time": 0.6012518405914307,
    "decoding_time": 0.7664387226104736
}