{
    "image_name": "roberto-nickson-48063.png",
    "mse": 0.00025714386720210314,
    "psnr": 35.87702941894531,
    "ms-ssim": 0.974676787853241,
    "bpp": 0.07139423076923077,
    "encoding_time": 0.7280178070068359,
    "decoding_time": 0.5971245765686035
}