{
    "image_name": "martin-wessely-211.png",
    "mse": 0.0019627264700829983,
    "psnr": 27.06866455078125,
    "ms-ssim": 0.9455458521842957,
    "bpp": 0.4214583333333333,
    "encoding_time": 0.14992403984069824,
    "decoding_time": 0.13483047485351562
}