{
    "image_name": "dogancan-ozturan-395.png",
    "mse": 0.00043176673352718353,
    "psnr": 33.63530731201172,
    "ms-ssim": 0.9784860610961914,
    "bpp": 0.15489042675893888,
    "encoding_time": 0.6482775211334229,
    "decoding_time": 0.9431257247924805
}