{
    "image_name": "davide-ragusa-716.png",
    "mse": 0.0004010022967122495,
    "psnr": 33.95556640625,
    "ms-ssim": 0.9691171050071716,
    "bpp": 0.11395735672160895,
    "encoding_time": 0.4367837905883789,
    "decoding_time": 0.7162439823150635
}