{
    "image_name": "thong-vo-428.png",
    "mse": 0.001054237363860011,
    "psnr": 29.765525817871094,
    "ms-ssim": 0.9580333232879639,
    "bpp": 0.29037013299150777,
    "encoding_time": 0.3291788101196289,
    "decoding_time": 0.31620025634765625
}