{
    "image_name": "alejandro-escamilla-6.png",
    "mse": 0.0004336074343882501,
    "psnr": 33.616973876953125,
    "ms-ssim": 0.9639109373092651,
    "bpp": 0.11198889096340553,
    "encoding_time": 0.4807415008544922,
    "decoding_time": 0.5773706436157227
}