{
    "image_name": "andrew-ruiz-376.png",
    "mse": 0.0005782956723123789,
    "psnr": 32.369422912597656,
    "ms-ssim": 0.9756693840026855,
    "bpp": 0.17900440852314475,
    "encoding_time": 0.668071985244751,
    "decoding_time": 0.7047810554504395
}