{
    "image_name": "kazuend-28556.png",
    "mse": 0.00020206827321089804,
    "psnr": 36.91810607910156,
    "ms-ssim": 0.9769721031188965,
    "bpp": 0.0524496336996337,
    "encoding_time": 0.5942201614379883,
    "decoding_time": 0.7311129570007324
}