{
    "image_name": "allef-vinicius-109434.png",
    "mse": 0.00043022018508054316,
    "psnr": 33.650421142578125,
    "ms-ssim": 0.9517776966094971,
    "bpp": 0.056398809523809525,
    "encoding_time": 0.5741350650787354,
    "decoding_time": 0.7916824817657471
}