{
    "image_name": "alexander-shustov-73.png",
    "mse": 0.0016440245090052485,
    "psnr": 27.837562561035156,
    "ms-ssim": 0.9629616737365723,
    "bpp": 0.44270067964731813,
    "encoding_time": 0.5150201320648193,
    "decoding_time": 0.7574443817138672
}