{
    "image_name": "vita-vilcina-3055.png",
    "mse": 0.0007377254078164697,
    "psnr": 31.3137264251709,
    "ms-ssim": 0.9891777038574219,
    "bpp": 0.27510398098633393,
    "encoding_time": 0.39322996139526367,
    "decoding_time": 0.4698355197906494
}