{
    "image_name": "martyn-seddon-220.png",
    "mse": 0.0006162168574519455,
    "psnr": 32.093658447265625,
    "ms-ssim": 0.9384492635726929,
    "bpp": 0.12876602564102563,
    "encoding_time": 0.5301976203918457,
    "decoding_time": 0.5160565376281738
}