{
    "image_name": "nomao-saeki-33553.png",
    "mse": 0.00030525567126460373,
    "psnr": 35.135440826416016,
    "ms-ssim": 0.9676253795623779,
    "bpp": 0.07648929355783309,
    "encoding_time": 0.783776044845581,
    "decoding_time": 0.492234468460083
}