{
    "image_name": "jason-briscoe-149782.png",
    "mse": 0.0002013594057643786,
    "psnr": 36.933189392089844,
    "ms-ssim": 0.9873618483543396,
    "bpp": 0.077621336996337,
    "encoding_time": 0.6662158966064453,
    "decoding_time": 0.7909858226776123
}