{
    "image_name": "sergey-zolkin-1045.png",
    "mse": 0.00047149494639597833,
    "psnr": 33.25341033935547,
    "ms-ssim": 0.9721624851226807,
    "bpp": 0.1316849816849817,
    "encoding_time": 0.6328339576721191,
    "decoding_time": 0.7646002769470215
}