{
    "image_name": "paul-itkin-46101.png",
    "mse": 0.0013816611608490348,
    "psnr": 28.59173583984375,
    "ms-ssim": 0.9850720167160034,
    "bpp": 0.49370860927152316,
    "encoding_time": 0.12400698661804199,
    "decoding_time": 0.12897491455078125
}