{
    "image_name": "lobostudio-hamburg-75377.png",
    "mse": 0.0005114420782774687,
    "psnr": 32.900936126708984,
    "ms-ssim": 0.959199070930481,
    "bpp": 0.07022664835164835,
    "encoding_time": 0.5805320739746094,
    "decoding_time": 0.6414003372192383
}