{
    "image_name": "juskteez-vu-1041.png",
    "mse": 0.0014632612001150846,
    "psnr": 28.343034744262695,
    "ms-ssim": 0.9296051859855652,
    "bpp": 0.35073020694892726,
    "encoding_time": 0.44815754890441895,
    "decoding_time": 0.44187068939208984
}