{
    "image_name": "todd-quackenbush-27493.png",
    "mse": 0.000277679821010679,
    "psnr": 35.545494079589844,
    "ms-ssim": 0.9840965270996094,
    "bpp": 0.08760890609874153,
    "encoding_time": 0.503669261932373,
    "decoding_time": 0.38635849952697754
}