{
    "image_name": "casey-fyfe-999.png",
    "mse": 0.0004886090755462646,
    "psnr": 33.09931182861328,
    "ms-ssim": 0.9382462501525879,
    "bpp": 0.06065027573529412,
    "encoding_time": 0.5122666358947754,
    "decoding_time": 0.6932127475738525
}