{
    "image_name": "ales-krivec-15949.png",
    "mse": 0.00027807895094156265,
    "psnr": 35.53861999511719,
    "ms-ssim": 0.9806152582168579,
    "bpp": 0.09217171717171717,
    "encoding_time": 0.3781006336212158,
    "decoding_time": 0.42124271392822266
}