{
    "image_name": "gian-reto-tarnutzer-45212.png",
    "mse": 0.0009104154887609184,
    "psnr": 30.4016056060791,
    "ms-ssim": 0.9524874091148376,
    "bpp": 0.22615191605839416,
    "encoding_time": 0.9086868762969971,
    "decoding_time": 0.5154216289520264
}