{
    "image_name": "clem-onojeghuo-33741.png",
    "mse": 0.0007246787426993251,
    "psnr": 31.390750885009766,
    "ms-ssim": 0.9582528471946716,
    "bpp": 0.1945054945054945,
    "encoding_time": 0.6503689289093018,
    "decoding_time": 1.0582280158996582
}