{
    "image_name": "stefan-kunze-26931.png",
    "mse": 0.0007971774903126061,
    "psnr": 30.977746963500977,
    "ms-ssim": 0.9645189046859741,
    "bpp": 0.19122622531089978,
    "encoding_time": 0.4624152183532715,
    "decoding_time": 0.8794660568237305
}