{
    "mean_loss": 0.4496147940494887,
    "mean_bpp": 0.4486740383856402,
    "mean_psnr": 33.63253472491009,
    "mean_msssim": 0.990592443361515,
    "mean_msssim_dB": 20.26523158316898,
    "mean_enc_time": 0.38874408675403127,
    "mean_dec_time": 0.4481319567052329
}