{
    "image_name": "casey-fyfe-999.png",
    "mse": 0.00029513906338252127,
    "psnr": 35.281436920166016,
    "ms-ssim": 0.9850336909294128,
    "bpp": 0.5352251838235295,
    "encoding_time": 0.4569060802459717,
    "decoding_time": 0.5082507133483887
}