{
    "image_name": "jared-erondu-21325.png",
    "mse": 0.00021486933110281825,
    "psnr": 36.65327453613281,
    "ms-ssim": 0.9906824827194214,
    "bpp": 0.3847527472527473,
    "encoding_time": 0.568314790725708,
    "decoding_time": 0.480726957321167
}