{
    "image_name": "vita-vilcina-3055.png",
    "mse": 0.0012085539055988193,
    "psnr": 29.172914505004883,
    "ms-ssim": 0.9950147867202759,
    "bpp": 0.39819766290354525,
    "encoding_time": 0.2980015277862549,
    "decoding_time": 0.33521294593811035
}