{
    "image_name": "martyn-seddon-220.png",
    "mse": 0.00035547709558159113,
    "psnr": 34.476280212402344,
    "ms-ssim": 0.9885092973709106,
    "bpp": 0.4977907509157509,
    "encoding_time": 0.41000938415527344,
    "decoding_time": 0.5149857997894287
}