{
    "image_name": "ales-krivec-15949.png",
    "mse": 0.00012810018961317837,
    "psnr": 38.88241958618164,
    "ms-ssim": 0.994158148765564,
    "bpp": 0.2655592382154882,
    "encoding_time": 0.36458778381347656,
    "decoding_time": 0.4350731372833252
}