{
    "image_name": "dogancan-ozturan-395.png",
    "mse": 0.0004076072364114225,
    "psnr": 33.88446044921875,
    "ms-ssim": 0.9938291311264038,
    "bpp": 0.3375893886966551,
    "encoding_time": 0.5656864643096924,
    "decoding_time": 0.4935176372528076
}