{
    "image_name": "sergey-zolkin-21232.png",
    "mse": 0.00011695108696585521,
    "psnr": 39.27638244628906,
    "ms-ssim": 0.9930648803710938,
    "bpp": 0.25377119007605464,
    "encoding_time": 0.4540274143218994,
    "decoding_time": 0.390122652053833
}