{
    "image_name": "nomao-saeki-33553.png",
    "mse": 0.00017121733981184661,
    "psnr": 37.63325881958008,
    "ms-ssim": 0.9896588325500488,
    "bpp": 0.33693265007320644,
    "encoding_time": 0.4541769027709961,
    "decoding_time": 0.44420433044433594
}