{
    "image_name": "amy-zhang-15940.png",
    "mse": 0.0006630648858845234,
    "psnr": 31.776294708251953,
    "ms-ssim": 0.9898291826248169,
    "bpp": 0.5152041144326583,
    "encoding_time": 0.27263832092285156,
    "decoding_time": 0.3018796443939209
}