{
    "image_name": "benjamin-sloth-lindgreen-705.png",
    "mse": 0.0006328375311568379,
    "psnr": 31.978506088256836,
    "ms-ssim": 0.9894248843193054,
    "bpp": 0.515315934065934,
    "encoding_time": 0.44350123405456543,
    "decoding_time": 0.5091376304626465
}