{
    "image_name": "todd-quackenbush-222.png",
    "mse": 0.001100360881537199,
    "psnr": 29.58021354675293,
    "ms-ssim": 0.9859151840209961,
    "bpp": 0.6895469501392053,
    "encoding_time": 0.08739686012268066,
    "decoding_time": 0.09904885292053223
}