{
    "image_name": "paul-itkin-46101.png",
    "mse": 0.002916158176958561,
    "psnr": 25.350086212158203,
    "ms-ssim": 0.9924694895744324,
    "bpp": 0.440121412803532,
    "encoding_time": 0.12260937690734863,
    "decoding_time": 0.135481595993042
}