{
    "image_name": "michael-durana-82941.png",
    "mse": 0.0006364893633872271,
    "psnr": 31.95313262939453,
    "ms-ssim": 0.991462230682373,
    "bpp": 0.37984203296703295,
    "encoding_time": 0.4995574951171875,
    "decoding_time": 0.6660635471343994
}