{
    "image_name": "jeremy-cai-1174.png",
    "mse": 0.0003017992712557316,
    "psnr": 35.18543243408203,
    "ms-ssim": 0.995161235332489,
    "bpp": 0.28641105541254575,
    "encoding_time": 0.44597578048706055,
    "decoding_time": 0.5524981021881104
}