{
    "image_name": "davide-ragusa-716.png",
    "mse": 0.00026634352980181575,
    "psnr": 35.725791931152344,
    "ms-ssim": 0.9923183917999268,
    "bpp": 0.3614188957953632,
    "encoding_time": 0.4034707546234131,
    "decoding_time": 0.5625476837158203
}