{
    "image_name": "andrew-ruiz-376.png",
    "mse": 0.00040620684740133584,
    "psnr": 33.899391174316406,
    "ms-ssim": 0.9929838180541992,
    "bpp": 0.4123920830271859,
    "encoding_time": 0.4438810348510742,
    "decoding_time": 0.6295685768127441
}