{
    "image_name": "martin-wessely-211.png",
    "mse": 0.0017051403410732746,
    "psnr": 27.679189682006836,
    "ms-ssim": 0.9843980073928833,
    "bpp": 0.8022916666666666,
    "encoding_time": 0.13585686683654785,
    "decoding_time": 0.11751961708068848
}