{
    "image_name": "allef-vinicius-109434.png",
    "mse": 0.00024595530703663826,
    "psnr": 36.06960678100586,
    "ms-ssim": 0.9872430562973022,
    "bpp": 0.4840315934065934,
    "encoding_time": 0.40218210220336914,
    "decoding_time": 0.4678313732147217
}