{
    "image_name": "roberto-nickson-48063.png",
    "mse": 0.00015954201808199286,
    "psnr": 37.93789291381836,
    "ms-ssim": 0.9919098615646362,
    "bpp": 0.28482142857142856,
    "encoding_time": 0.48163628578186035,
    "decoding_time": 0.586200475692749
}