{
    "image_name": "alberto-montalesi-176097.png",
    "mse": 0.00019092760339844972,
    "psnr": 37.163307189941406,
    "ms-ssim": 0.9837814569473267,
    "bpp": 0.44482529347028615,
    "encoding_time": 0.42039918899536133,
    "decoding_time": 0.45412230491638184
}