{
    "image_name": "wojciech-szaturski-3611.png",
    "mse": 0.000781538023147732,
    "psnr": 31.06366729736328,
    "ms-ssim": 0.9904648065567017,
    "bpp": 0.46077521734178656,
    "encoding_time": 0.4405179023742676,
    "decoding_time": 0.4359896183013916
}