{
    "image_name": "lobostudio-hamburg-75377.png",
    "mse": 0.00037045771023258567,
    "psnr": 34.29865264892578,
    "ms-ssim": 0.9887617826461792,
    "bpp": 0.40890567765567765,
    "encoding_time": 0.4101064205169678,
    "decoding_time": 0.630251407623291
}