{
    "image_name": "todd-quackenbush-27493.png",
    "mse": 0.0002079410187434405,
    "psnr": 36.79552459716797,
    "ms-ssim": 0.9945857524871826,
    "bpp": 0.2187953775411423,
    "encoding_time": 0.38700413703918457,
    "decoding_time": 0.5252974033355713
}