{
    "image_name": "stefan-kunze-26931.png",
    "mse": 0.0005657562287524343,
    "psnr": 32.46395492553711,
    "ms-ssim": 0.9915351867675781,
    "bpp": 0.4650352048280907,
    "encoding_time": 0.5121591091156006,
    "decoding_time": 0.47147345542907715
}