{
    "image_name": "alejandro-escamilla-6.png",
    "mse": 0.0005597294657491148,
    "psnr": 32.51124572753906,
    "ms-ssim": 0.9924017786979675,
    "bpp": 0.35099654592979834,
    "encoding_time": 0.4819321632385254,
    "decoding_time": 0.47697973251342773
}