{
    "image_name": "mullermarc-184.png",
    "mse": 0.00040529604302719235,
    "psnr": 33.91061019897461,
    "ms-ssim": 0.9931915998458862,
    "bpp": 0.44511262047303285,
    "encoding_time": 0.1914825439453125,
    "decoding_time": 0.22594714164733887
}