{
    "image_name": "thong-vo-428.png",
    "mse": 0.0010439918842166662,
    "psnr": 29.807903289794922,
    "ms-ssim": 0.9895884394645691,
    "bpp": 0.6169524114725204,
    "encoding_time": 0.31758546829223633,
    "decoding_time": 0.34165120124816895
}