{
    "image_name": "gian-reto-tarnutzer-45212.png",
    "mse": 0.0005691830301657319,
    "psnr": 32.437808990478516,
    "ms-ssim": 0.989986777305603,
    "bpp": 0.6003763686131387,
    "encoding_time": 0.414658784866333,
    "decoding_time": 0.5770084857940674
}