{
    "image_name": "juskteez-vu-1041.png",
    "mse": 0.001095498795621097,
    "psnr": 29.59874725341797,
    "ms-ssim": 0.9859906435012817,
    "bpp": 0.790293272577685,
    "encoding_time": 0.3391127586364746,
    "decoding_time": 0.4650547504425049
}