{
    "image_name": "philipp-reiner-207.png",
    "mse": 0.0013793261023238301,
    "psnr": 28.5994930267334,
    "ms-ssim": 0.9864169955253601,
    "bpp": 0.6329876543209877,
    "encoding_time": 0.30970120429992676,
    "decoding_time": 0.29196596145629883
}