{
    "image_name": "philippe-wuyts-45997.png",
    "mse": 0.000610106682870537,
    "psnr": 32.137550354003906,
    "ms-ssim": 0.9888366460800171,
    "bpp": 0.6327262861269446,
    "encoding_time": 0.39176058769226074,
    "decoding_time": 0.4507465362548828
}