{
    "mean_loss": 0.14700796413752767,
    "mean_bpp": 0.14300876193576387,
    "mean_psnr": 26.453240633010864,
    "mean_msssim": 0.9600079779823621,
    "mean_msssim_dB": 13.980266371542463,
    "mean_enc_time": 0.3506776988506317,
    "mean_dec_time": 0.4607485234737396
}