{
    "image_name": "22.png",
    "mse": 0.001695061568170786,
    "psnr": 27.70529556274414,
    "ms-ssim": 0.9482499361038208,
    "bpp": 0.17561848958333334,
    "encoding_time": 0.23798537254333496,
    "decoding_time": 0.5985000133514404
}