{
    "image_name": "24.png",
    "mse": 0.003567139385268092,
    "psnr": 24.47550392150879,
    "ms-ssim": 0.9557335376739502,
    "bpp": 0.17350260416666666,
    "encoding_time": 0.38635754585266113,
    "decoding_time": 0.632901668548584
}