{
    "image_name": "19.png",
    "mse": 0.0017438394716009498,
    "psnr": 27.582130432128906,
    "ms-ssim": 0.9622317552566528,
    "bpp": 0.13997395833333334,
    "encoding_time": 0.33046436309814453,
    "decoding_time": 0.484525203704834
}