{
    "image_name": "1.png",
    "mse": 0.003896775422617793,
    "psnr": 24.091283798217773,
    "ms-ssim": 0.9487004280090332,
    "bpp": 0.18888346354166666,
    "encoding_time": 0.13313794136047363,
    "decoding_time": 0.3200688362121582
}