{
    "image_name": "17.png",
    "mse": 0.0016147233545780182,
    "psnr": 27.91525650024414,
    "ms-ssim": 0.967586874961853,
    "bpp": 0.123291015625,
    "encoding_time": 0.4040088653564453,
    "decoding_time": 0.5805883407592773
}