{
    "image_name": "23.png",
    "mse": 0.0009410383645445108,
    "psnr": 30.25829315185547,
    "ms-ssim": 0.9749853014945984,
    "bpp": 0.08829752604166667,
    "encoding_time": 0.3641238212585449,
    "decoding_time": 0.2394397258758545
}