{
    "image_name": "6.png",
    "mse": 0.0031066336669027805,
    "psnr": 25.075637817382812,
    "ms-ssim": 0.9547346830368042,
    "bpp": 0.16788736979166666,
    "encoding_time": 0.1597306728363037,
    "decoding_time": 0.2714719772338867
}