{
    "image_name": "8.png",
    "mse": 0.00644699577242136,
    "psnr": 21.90561866760254,
    "ms-ssim": 0.956803560256958,
    "bpp": 0.16642252604166666,
    "encoding_time": 0.18537592887878418,
    "decoding_time": 0.31565427780151367
}