{
    "image_name": "9.png",
    "mse": 0.001554208225570619,
    "psnr": 28.081573486328125,
    "ms-ssim": 0.9737120866775513,
    "bpp": 0.08382161458333333,
    "encoding_time": 0.4015326499938965,
    "decoding_time": 0.46581387519836426
}