{
    "image_name": "4.png",
    "mse": 0.0018226326210424304,
    "psnr": 27.390335083007812,
    "ms-ssim": 0.9596575498580933,
    "bpp": 0.13460286458333334,
    "encoding_time": 0.13852691650390625,
    "decoding_time": 0.19645047187805176
}