{
    "image_name": "14.png",
    "mse": 0.0026954347267746925,
    "psnr": 25.691944122314453,
    "ms-ssim": 0.9488319158554077,
    "bpp": 0.19490559895833334,
    "encoding_time": 0.5239083766937256,
    "decoding_time": 0.431610107421875
}