{
    "image_name": "16.png",
    "mse": 0.0014096829108893871,
    "psnr": 28.504779815673828,
    "ms-ssim": 0.9624191522598267,
    "bpp": 0.13370768229166666,
    "encoding_time": 0.29113316535949707,
    "decoding_time": 0.38083481788635254
}