{
    "image_name": "21.png",
    "mse": 0.002610226394608617,
    "psnr": 25.830942153930664,
    "ms-ssim": 0.9626134634017944,
    "bpp": 0.12996419270833334,
    "encoding_time": 0.4796788692474365,
    "decoding_time": 0.6839523315429688
}