{
    "image_name": "5.png",
    "mse": 0.004220902454108,
    "psnr": 23.744606018066406,
    "ms-ssim": 0.9517078399658203,
    "bpp": 0.21354166666666666,
    "encoding_time": 0.39481329917907715,
    "decoding_time": 0.39887285232543945
}