{
    "image_name": "11.png",
    "mse": 0.002365683438256383,
    "psnr": 26.258220672607422,
    "ms-ssim": 0.956234335899353,
    "bpp": 0.15120442708333334,
    "encoding_time": 0.5131127834320068,
    "decoding_time": 0.3371264934539795
}