{
    "image_name": "7.png",
    "mse": 0.0016483406070619822,
    "psnr": 27.82568359375,
    "ms-ssim": 0.9747648239135742,
    "bpp": 0.10986328125,
    "encoding_time": 0.28381872177124023,
    "decoding_time": 0.6321554183959961
}