{
    "image_name": "20.png",
    "mse": 0.0018627987010404468,
    "psnr": 27.295761108398438,
    "ms-ssim": 0.9731537699699402,
    "bpp": 0.08601888020833333,
    "encoding_time": 0.5112197399139404,
    "decoding_time": 0.6249358654022217
}