{
    "image_name": "12.png",
    "mse": 0.0020997212268412113,
    "psnr": 26.775449752807617,
    "ms-ssim": 0.9635472297668457,
    "bpp": 0.1044921875,
    "encoding_time": 0.23279833793640137,
    "decoding_time": 0.5821568965911865
}