{
    "image_name": "3.png",
    "mse": 0.0011489643948152661,
    "psnr": 29.391510009765625,
    "ms-ssim": 0.9731056690216064,
    "bpp": 0.08699544270833333,
    "encoding_time": 0.356248140335083,
    "decoding_time": 0.25948262214660645
}