{
    "image_name": "15.png",
    "mse": 0.001993381418287754,
    "psnr": 27.001361846923828,
    "ms-ssim": 0.9644800424575806,
    "bpp": 0.0986328125,
    "encoding_time": 0.1894819736480713,
    "decoding_time": 0.7111372947692871
}