{
    "image_name": "10.png",
    "mse": 0.001844923128373921,
    "psnr": 27.337099075317383,
    "ms-ssim": 0.970996081829071,
    "bpp": 0.10091145833333333,
    "encoding_time": 0.6717207431793213,
    "decoding_time": 0.8020107746124268
}