{
    "mean_loss": 0.2730935114561034,
    "mean_bpp": 0.27083207770571244,
    "mean_psnr": 28.50186336040497,
    "mean_msssim": 0.9773856624960899,
    "mean_msssim_dB": 16.4561613056279,
    "mean_enc_time": 0.7701725661754608,
    "mean_dec_time": 0.835849791765213
}