{
    "image_name": "00015_TE_3680x2456.png",
    "mse": 0.0011273286072537303,
    "psnr": 29.47441864013672,
    "ms-ssim": 0.9859771728515625,
    "bpp": 0.18084548930746353,
    "encoding_time": 1.7264270782470703,
    "decoding_time": 2.1573283672332764
}