{
    "image_name": "00008_TE_1912x1272.png",
    "mse": 0.0014531469205394387,
    "psnr": 28.37298583984375,
    "ms-ssim": 0.9794213175773621,
    "bpp": 0.29253177547959264,
    "encoding_time": 0.4565000534057617,
    "decoding_time": 0.7137713432312012
}