{
    "image_name": "00012_TE_1512x2016.png",
    "mse": 0.0014357260661199689,
    "psnr": 28.425466537475586,
    "ms-ssim": 0.9691959619522095,
    "bpp": 0.38047996976568405,
    "encoding_time": 0.6722362041473389,
    "decoding_time": 0.5599896907806396
}