{
    "image_name": "00011_TE_1744x1160.png",
    "mse": 0.0017726238584145904,
    "psnr": 27.510826110839844,
    "ms-ssim": 0.9750780463218689,
    "bpp": 0.3464568174628282,
    "encoding_time": 0.4879753589630127,
    "decoding_time": 0.7200808525085449
}