{
    "image_name": "00004_TE_1808x1352.png",
    "mse": 0.0021205544471740723,
    "psnr": 26.732975006103516,
    "ms-ssim": 0.9762469530105591,
    "bpp": 0.3172618735927109,
    "encoding_time": 0.8835856914520264,
    "decoding_time": 0.42778849601745605
}