{
    "image_name": "00016_TE_1744x2000.png",
    "mse": 0.0007600614917464554,
    "psnr": 31.18436050415039,
    "ms-ssim": 0.9506403803825378,
    "bpp": 0.29577981651376145,
    "encoding_time": 0.8733227252960205,
    "decoding_time": 1.3142344951629639
}