{
    "image_name": "00013_TE_1920x1280.png",
    "mse": 0.0009878067066892982,
    "psnr": 30.047718048095703,
    "ms-ssim": 0.9774179458618164,
    "bpp": 0.3081640625,
    "encoding_time": 0.4163541793823242,
    "decoding_time": 0.43375635147094727
}