{
    "image_name": "00014_TE_3680x2456.png",
    "mse": 0.0009093264816328883,
    "psnr": 30.40708351135254,
    "ms-ssim": 0.9830285906791687,
    "bpp": 0.20985342019543973,
    "encoding_time": 1.8599603176116943,
    "decoding_time": 1.636214256286621
}