{
    "image_name": "00002_TE_2144x1424.png",
    "mse": 0.0012728421716019511,
    "psnr": 28.948015213012695,
    "ms-ssim": 0.9696911573410034,
    "bpp": 0.32168161998993794,
    "encoding_time": 0.934051513671875,
    "decoding_time": 0.7303998470306396
}