{
    "image_name": "00007_TE_1472x976.png",
    "mse": 0.0011796074686571956,
    "psnr": 29.277944564819336,
    "ms-ssim": 0.9834502935409546,
    "bpp": 0.2066331076265146,
    "encoding_time": 0.4508213996887207,
    "decoding_time": 0.3504676818847656
}