{
    "image_name": "00010_TE_2000x1128.png",
    "mse": 0.0007450634730048478,
    "psnr": 31.27083969116211,
    "ms-ssim": 0.9814847707748413,
    "bpp": 0.2099290780141844,
    "encoding_time": 0.5600969791412354,
    "decoding_time": 1.0319137573242188
}