{
    "image_name": "00001_TE_2096x1400.png",
    "mse": 0.002454928820952773,
    "psnr": 26.09731101989746,
    "ms-ssim": 0.980449378490448,
    "bpp": 0.2975136314067612,
    "encoding_time": 0.7206802368164062,
    "decoding_time": 0.7356963157653809
}