{
    "image_name": "00003_TE_1944x1296.png",
    "mse": 0.0009433623636141419,
    "psnr": 30.247591018676758,
    "ms-ssim": 0.9824591875076294,
    "bpp": 0.209343087943911,
    "encoding_time": 0.5966701507568359,
    "decoding_time": 0.7066545486450195
}