{
    "image_name": "00009_TE_1976x1312.png",
    "mse": 0.007083117961883545,
    "psnr": 21.49700164794922,
    "ms-ssim": 0.9697474241256714,
    "bpp": 0.3839118198874296,
    "encoding_time": 0.4648587703704834,
    "decoding_time": 0.6440386772155762
}