{
    "mean_loss": 0.32075856427802324,
    "mean_bpp": 0.31939367533665386,
    "mean_psnr": 31.998192391744475,
    "mean_msssim": 0.986351110586306,
    "mean_msssim_dB": 18.64902684969501,
    "mean_enc_time": 0.3775444088912592,
    "mean_dec_time": 0.4408544098458639
}