{
    "image_name": "alberto-montalesi-176097.png",
    "mse": 0.00024144267081283033,
    "psnr": 36.149330139160156,
    "ms-ssim": 0.978346049785614,
    "bpp": 0.2786935986793837,
    "encoding_time": 0.42740845680236816,
    "decoding_time": 0.46931910514831543
}