{
    "image_name": "todd-quackenbush-222.png",
    "mse": 0.0018093344988301396,
    "psnr": 27.42223358154297,
    "ms-ssim": 0.9782545566558838,
    "bpp": 0.4818020754239433,
    "encoding_time": 0.08720684051513672,
    "decoding_time": 0.09958624839782715
}