{
    "image_name": "felix-russell-saw-140699.png",
    "mse": 0.0003369062615092844,
    "psnr": 34.70708465576172,
    "ms-ssim": 0.9860248565673828,
    "bpp": 0.2822680715510904,
    "encoding_time": 0.40958118438720703,
    "decoding_time": 0.39409923553466797
}