{
    "image_name": "jared-erondu-21325.png",
    "mse": 0.00033605314092710614,
    "psnr": 34.719482421875,
    "ms-ssim": 0.9867305755615234,
    "bpp": 0.26382783882783883,
    "encoding_time": 0.4465358257293701,
    "decoding_time": 0.46297311782836914
}