{
    "image_name": "todd-quackenbush-27493.png",
    "mse": 0.00033263140358030796,
    "psnr": 34.764400482177734,
    "ms-ssim": 0.9927451610565186,
    "bpp": 0.1537693610842207,
    "encoding_time": 0.3446235656738281,
    "decoding_time": 0.5098123550415039
}