{
    "image_name": "zugr-108.png",
    "mse": 0.00027425645384937525,
    "psnr": 35.59961700439453,
    "ms-ssim": 0.9924401044845581,
    "bpp": 0.1678113553113553,
    "encoding_time": 0.4864211082458496,
    "decoding_time": 0.4755086898803711
}