{
    "image_name": "andrew-ruiz-376.png",
    "mse": 0.0006004360038787127,
    "psnr": 32.20665740966797,
    "ms-ssim": 0.9896364212036133,
    "bpp": 0.30269562821454815,
    "encoding_time": 0.4580705165863037,
    "decoding_time": 0.5317084789276123
}