{
    "image_name": "alejandro-escamilla-6.png",
    "mse": 0.000856145634315908,
    "psnr": 30.668861389160156,
    "ms-ssim": 0.9891772270202637,
    "bpp": 0.2520304331590739,
    "encoding_time": 0.39654111862182617,
    "decoding_time": 0.5427422523498535
}