{
    "image_name": "martin-wessely-211.png",
    "mse": 0.002365309512242675,
    "psnr": 26.25908660888672,
    "ms-ssim": 0.9757308959960938,
    "bpp": 0.5723958333333333,
    "encoding_time": 0.13111424446105957,
    "decoding_time": 0.11764764785766602
}