{
    "image_name": "mullermarc-184.png",
    "mse": 0.000578341307118535,
    "psnr": 32.369834899902344,
    "ms-ssim": 0.9899103045463562,
    "bpp": 0.33067554386247505,
    "encoding_time": 0.18463993072509766,
    "decoding_time": 0.21743130683898926
}