{
    "image_name": "ales-krivec-15949.png",
    "mse": 0.00017890011076815426,
    "psnr": 37.44349670410156,
    "ms-ssim": 0.9920880198478699,
    "bpp": 0.19282670454545456,
    "encoding_time": 0.360013484954834,
    "decoding_time": 0.48242950439453125
}