{
    "image_name": "roberto-nickson-48063.png",
    "mse": 0.0002624874177854508,
    "psnr": 35.788047790527344,
    "ms-ssim": 0.9889321327209473,
    "bpp": 0.18840430402930403,
    "encoding_time": 0.4368433952331543,
    "decoding_time": 0.5591111183166504
}