{
    "image_name": "wojciech-szaturski-3611.png",
    "mse": 0.0010517501505091786,
    "psnr": 29.77571678161621,
    "ms-ssim": 0.9862937331199646,
    "bpp": 0.3273133138453362,
    "encoding_time": 0.3983309268951416,
    "decoding_time": 0.5229570865631104
}