{
    "image_name": "amy-zhang-15940.png",
    "mse": 0.0009219830972142518,
    "psnr": 30.346933364868164,
    "ms-ssim": 0.9852136373519897,
    "bpp": 0.3732776170577521,
    "encoding_time": 0.3594522476196289,
    "decoding_time": 0.37870216369628906
}