{
    "image_name": "sergey-zolkin-21232.png",
    "mse": 0.00018191285198554397,
    "psnr": 37.373165130615234,
    "ms-ssim": 0.9906673431396484,
    "bpp": 0.17068136282658833,
    "encoding_time": 0.5568161010742188,
    "decoding_time": 0.46346163749694824
}