{
    "image_name": "davide-ragusa-716.png",
    "mse": 0.00043183891102671623,
    "psnr": 33.63445281982422,
    "ms-ssim": 0.9889147281646729,
    "bpp": 0.25976266842821555,
    "encoding_time": 0.36827754974365234,
    "decoding_time": 0.436962366104126
}