{
    "image_name": "dogancan-ozturan-395.png",
    "mse": 0.0006301539251580834,
    "psnr": 31.997034072875977,
    "ms-ssim": 0.9913225173950195,
    "bpp": 0.24562860438292963,
    "encoding_time": 0.4761674404144287,
    "decoding_time": 0.6643784046173096
}