{
    "image_name": "daniel-robert-405.png",
    "mse": 0.0011882794788107276,
    "psnr": 29.246356964111328,
    "ms-ssim": 0.9837889671325684,
    "bpp": 0.429345971563981,
    "encoding_time": 0.17436623573303223,
    "decoding_time": 0.20917463302612305
}