{
    "image_name": "alexander-shustov-73.png",
    "mse": 0.0025589116849005222,
    "psnr": 25.917461395263672,
    "ms-ssim": 0.9805207252502441,
    "bpp": 0.5477015980896399,
    "encoding_time": 0.7094748020172119,
    "decoding_time": 0.6127128601074219
}