{
    "image_name": "gian-reto-tarnutzer-45212.png",
    "mse": 0.0008099493570625782,
    "psnr": 30.908700942993164,
    "ms-ssim": 0.9847707152366638,
    "bpp": 0.44934990875912406,
    "encoding_time": 0.4671025276184082,
    "decoding_time": 0.5841057300567627
}