{
    "image_name": "casey-fyfe-999.png",
    "mse": 0.0003495722485240549,
    "psnr": 34.549224853515625,
    "ms-ssim": 0.9800564646720886,
    "bpp": 0.38779871323529413,
    "encoding_time": 0.5404303073883057,
    "decoding_time": 0.6311783790588379
}