{
    "image_name": "benjamin-sloth-lindgreen-705.png",
    "mse": 0.0009104160708375275,
    "psnr": 30.40164566040039,
    "ms-ssim": 0.9848760366439819,
    "bpp": 0.3722985347985348,
    "encoding_time": 0.4067411422729492,
    "decoding_time": 0.5220751762390137
}