{
    "image_name": "thong-vo-428.png",
    "mse": 0.0015065869083628058,
    "psnr": 28.2166748046875,
    "ms-ssim": 0.9842116832733154,
    "bpp": 0.4481333119692357,
    "encoding_time": 0.20767521858215332,
    "decoding_time": 0.3152027130126953
}