{
    "image_name": "philippe-wuyts-45997.png",
    "mse": 0.0008300557965412736,
    "psnr": 30.80265998840332,
    "ms-ssim": 0.9836215376853943,
    "bpp": 0.4694433410422561,
    "encoding_time": 0.3987407684326172,
    "decoding_time": 0.44679880142211914
}