{
    "image_name": "schicka-307.png",
    "mse": 0.0002761956420727074,
    "psnr": 35.568695068359375,
    "ms-ssim": 0.9880511164665222,
    "bpp": 0.2353515625,
    "encoding_time": 0.07916522026062012,
    "decoding_time": 0.0678863525390625
}