{
    "image_name": "jason-briscoe-149782.png",
    "mse": 0.00037749760667793453,
    "psnr": 34.21636962890625,
    "ms-ssim": 0.9942947626113892,
    "bpp": 0.12664835164835164,
    "encoding_time": 0.5188579559326172,
    "decoding_time": 0.4856116771697998
}