{
    "image_name": "jeremy-cai-1174.png",
    "mse": 0.00042567207128740847,
    "psnr": 33.69685363769531,
    "ms-ssim": 0.9933558702468872,
    "bpp": 0.21637989432326243,
    "encoding_time": 0.3641362190246582,
    "decoding_time": 0.4261140823364258
}