{
    "image_name": "nomao-saeki-33553.png",
    "mse": 0.00027664401568472385,
    "psnr": 35.560760498046875,
    "ms-ssim": 0.9855270385742188,
    "bpp": 0.21775484992679356,
    "encoding_time": 0.44051289558410645,
    "decoding_time": 0.46979737281799316
}