{
    "image_name": "lobostudio-hamburg-75377.png",
    "mse": 0.00046251539606601,
    "psnr": 33.33737564086914,
    "ms-ssim": 0.9845283031463623,
    "bpp": 0.27944139194139195,
    "encoding_time": 0.4339916706085205,
    "decoding_time": 0.543494462966919
}