{
    "image_name": "sergey-zolkin-1045.png",
    "mse": 0.000570074247661978,
    "psnr": 32.430931091308594,
    "ms-ssim": 0.9894201159477234,
    "bpp": 0.2478021978021978,
    "encoding_time": 0.3496248722076416,
    "decoding_time": 0.5473873615264893
}