{
    "image_name": "paul-itkin-46101.png",
    "mse": 0.003821386257186532,
    "psnr": 24.176563262939453,
    "ms-ssim": 0.9890789985656738,
    "bpp": 0.326158940397351,
    "encoding_time": 0.08515810966491699,
    "decoding_time": 0.09824943542480469
}