{
    "image_name": "michael-durana-82941.png",
    "mse": 0.0009630582644604146,
    "psnr": 30.15801429748535,
    "ms-ssim": 0.9876383543014526,
    "bpp": 0.2625801282051282,
    "encoding_time": 0.4912102222442627,
    "decoding_time": 0.4728841781616211
}