{
    "image_name": "clem-onojeghuo-33741.png",
    "mse": 0.0007642261916771531,
    "psnr": 31.160634994506836,
    "ms-ssim": 0.9849873781204224,
    "bpp": 0.39176968864468864,
    "encoding_time": 0.5240063667297363,
    "decoding_time": 0.5182969570159912
}