{
    "mean_loss": 0.20924864492133693,
    "mean_bpp": 0.2061483130486353,
    "mean_psnr": 27.556085467338562,
    "mean_msssim": 0.9689966812729836,
    "mean_msssim_dB": 15.085918149500584,
    "mean_enc_time": 0.7736801952123642,
    "mean_dec_time": 0.8801005631685257
}