{
    "image_name": "00011_TE_1744x1160.png",
    "mse": 0.00217316672205925,
    "psnr": 26.626724243164062,
    "ms-ssim": 0.9672492742538452,
    "bpp": 0.2713856374565011,
    "encoding_time": 0.570227861404419,
    "decoding_time": 0.5937471389770508
}