{
    "image_name": "00004_TE_1808x1352.png",
    "mse": 0.0026259140577167273,
    "psnr": 25.80521011352539,
    "ms-ssim": 0.9679915308952332,
    "bpp": 0.24389956537676075,
    "encoding_time": 1.0558717250823975,
    "decoding_time": 0.9919745922088623
}