{
    "image_name": "00006_TE_1544x1120.png",
    "mse": 0.0022190571762621403,
    "psnr": 26.535715103149414,
    "ms-ssim": 0.9788501262664795,
    "bpp": 0.19901924500370097,
    "encoding_time": 0.33569979667663574,
    "decoding_time": 0.539517879486084
}