{
    "image_name": "00015_TE_3680x2456.png",
    "mse": 0.0013943634694442153,
    "psnr": 28.552274703979492,
    "ms-ssim": 0.9809119701385498,
    "bpp": 0.14554241608837276,
    "encoding_time": 1.8545384407043457,
    "decoding_time": 2.1316425800323486
}