{
    "image_name": "00007_TE_1472x976.png",
    "mse": 0.0015274808974936604,
    "psnr": 28.156572341918945,
    "ms-ssim": 0.97867751121521,
    "bpp": 0.16899055595153242,
    "encoding_time": 0.41034650802612305,
    "decoding_time": 0.40346288681030273
}