{
    "image_name": "00003_TE_1944x1296.png",
    "mse": 0.0011901172110810876,
    "psnr": 29.239761352539062,
    "ms-ssim": 0.976848304271698,
    "bpp": 0.1657902758725804,
    "encoding_time": 0.5451045036315918,
    "decoding_time": 0.700592041015625
}