{
    "image_name": "00010_TE_2000x1128.png",
    "mse": 0.0008223621407523751,
    "psnr": 30.842906951904297,
    "ms-ssim": 0.9747099876403809,
    "bpp": 0.15994326241134751,
    "encoding_time": 0.42337727546691895,
    "decoding_time": 0.4737224578857422
}