{
    "image_name": "00001_TE_2096x1400.png",
    "mse": 0.0030388336163014174,
    "psnr": 25.171077728271484,
    "ms-ssim": 0.9728937149047852,
    "bpp": 0.24119956379498364,
    "encoding_time": 0.6603512763977051,
    "decoding_time": 0.7025890350341797
}