{
    "image_name": "00008_TE_1912x1272.png",
    "mse": 0.00239174859598279,
    "psnr": 26.210464477539062,
    "ms-ssim": 0.968716025352478,
    "bpp": 0.2175732217573222,
    "encoding_time": 0.5122334957122803,
    "decoding_time": 0.6094412803649902
}