{
    "image_name": "00005_TE_1336x872.png",
    "mse": 0.0017431399319320917,
    "psnr": 27.583707809448242,
    "ms-ssim": 0.9859099388122559,
    "bpp": 0.11709608306323134,
    "encoding_time": 0.33367085456848145,
    "decoding_time": 0.4819629192352295
}