{
    "image_name": "00012_TE_1512x2016.png",
    "mse": 0.001555902766995132,
    "psnr": 28.07672119140625,
    "ms-ssim": 0.9539219737052917,
    "bpp": 0.2678466448307718,
    "encoding_time": 0.6519272327423096,
    "decoding_time": 0.8268632888793945
}