{
    "image_name": "00016_TE_1744x2000.png",
    "mse": 0.0008353331941179931,
    "psnr": 30.774951934814453,
    "ms-ssim": 0.9359323978424072,
    "bpp": 0.17255045871559632,
    "encoding_time": 0.6165904998779297,
    "decoding_time": 0.8633265495300293
}