{
    "image_name": "00009_TE_1976x1312.png",
    "mse": 0.008580811321735382,
    "psnr": 20.664077758789062,
    "ms-ssim": 0.9588662385940552,
    "bpp": 0.30224893848128764,
    "encoding_time": 0.6486005783081055,
    "decoding_time": 0.9102132320404053
}