{
    "image_name": "00002_TE_2144x1424.png",
    "mse": 0.0016169024165719748,
    "psnr": 27.909929275512695,
    "ms-ssim": 0.958146333694458,
    "bpp": 0.2294252054335066,
    "encoding_time": 0.8962981700897217,
    "decoding_time": 0.8171391487121582
}