{
    "image_name": "00013_TE_1920x1280.png",
    "mse": 0.0011977272806689143,
    "psnr": 29.211891174316406,
    "ms-ssim": 0.9680185317993164,
    "bpp": 0.23997395833333332,
    "encoding_time": 0.585777759552002,
    "decoding_time": 0.6852519512176514
}