{
    "mean_loss": 0.3644640067384139,
    "mean_bpp": 0.3644312037559508,
    "mean_psnr": 35.420922116535465,
    "mean_msssim": 0.9811031745701302,
    "mean_msssim_dB": 17.23611148953243,
    "mean_enc_time": 0.4519609939761278,
    "mean_dec_time": 0.4739529795762969
}