{
    "image_name": "andrew-ruiz-376.png",
    "mse": 0.00028303690487518907,
    "psnr": 35.46274948120117,
    "ms-ssim": 0.9879569411277771,
    "bpp": 0.3294911829537105,
    "encoding_time": 0.6044366359710693,
    "decoding_time": 0.5169947147369385
}