{
    "image_name": "casey-fyfe-999.png",
    "mse": 0.00037940117181278765,
    "psnr": 34.194862365722656,
    "ms-ssim": 0.9504901766777039,
    "bpp": 0.12380514705882353,
    "encoding_time": 0.5071144104003906,
    "decoding_time": 0.5159037113189697
}