{
    "image_name": "todd-quackenbush-222.png",
    "mse": 0.0006214237073436379,
    "psnr": 32.05741500854492,
    "ms-ssim": 0.976996898651123,
    "bpp": 0.658972412047583,
    "encoding_time": 0.0993814468383789,
    "decoding_time": 0.1044771671295166
}