{
    "image_name": "paul-itkin-46101.png",
    "mse": 0.0005218901787884533,
    "psnr": 32.81400680541992,
    "ms-ssim": 0.9928392171859741,
    "bpp": 0.8933222958057395,
    "encoding_time": 0.10380172729492188,
    "decoding_time": 0.14414477348327637
}