{
    "image_name": "stefan-kunze-26931.png",
    "mse": 0.0003546142252162099,
    "psnr": 34.487220764160156,
    "ms-ssim": 0.9843348860740662,
    "bpp": 0.43074478785662035,
    "encoding_time": 0.45012593269348145,
    "decoding_time": 0.6167206764221191
}