{
    "image_name": "kazuend-28556.png",
    "mse": 0.00010064202797366306,
    "psnr": 39.91816711425781,
    "ms-ssim": 0.9873172640800476,
    "bpp": 0.10396062271062272,
    "encoding_time": 0.4322519302368164,
    "decoding_time": 0.588226318359375
}