{
    "image_name": "sergey-zolkin-1045.png",
    "mse": 0.00022280096891336143,
    "psnr": 36.497074127197266,
    "ms-ssim": 0.9851495027542114,
    "bpp": 0.2594093406593407,
    "encoding_time": 0.5960640907287598,
    "decoding_time": 0.7188799381256104
}