{
    "image_name": "alberto-montalesi-176097.png",
    "mse": 0.00023944552231114358,
    "psnr": 36.1859016418457,
    "ms-ssim": 0.9649028778076172,
    "bpp": 0.11853448275862069,
    "encoding_time": 0.49935483932495117,
    "decoding_time": 0.4592599868774414
}