{
    "image_name": "philippe-wuyts-45997.png",
    "mse": 0.0004326743073761463,
    "psnr": 33.62644577026367,
    "ms-ssim": 0.9775192141532898,
    "bpp": 0.5297370274426279,
    "encoding_time": 0.4170413017272949,
    "decoding_time": 0.45717835426330566
}