{
    "image_name": "jared-erondu-21325.png",
    "mse": 0.00019570875156205148,
    "psnr": 37.056495666503906,
    "ms-ssim": 0.9747435450553894,
    "bpp": 0.1658768315018315,
    "encoding_time": 0.4520847797393799,
    "decoding_time": 0.602165699005127
}