{
    "image_name": "todd-quackenbush-27493.png",
    "mse": 0.00012815343507099897,
    "psnr": 38.881492614746094,
    "ms-ssim": 0.9909037351608276,
    "bpp": 0.1571726766698935,
    "encoding_time": 0.5928363800048828,
    "decoding_time": 0.5244965553283691
}