{
    "image_name": "alexander-shustov-73.png",
    "mse": 0.0007118562352843583,
    "psnr": 31.468664169311523,
    "ms-ssim": 0.9853414297103882,
    "bpp": 0.9139993570903747,
    "encoding_time": 0.637704610824585,
    "decoding_time": 0.6617977619171143
}