{
    "image_name": "lobostudio-hamburg-75377.png",
    "mse": 0.0003432270314078778,
    "psnr": 34.6280403137207,
    "ms-ssim": 0.9724781513214111,
    "bpp": 0.1820054945054945,
    "encoding_time": 0.4800450801849365,
    "decoding_time": 0.4870731830596924
}