{
    "image_name": "benjamin-sloth-lindgreen-705.png",
    "mse": 0.0003961081092711538,
    "psnr": 34.00840759277344,
    "ms-ssim": 0.9796953201293945,
    "bpp": 0.4410599816849817,
    "encoding_time": 0.5922198295593262,
    "decoding_time": 0.4985651969909668
}