{
    "image_name": "sergey-zolkin-21232.png",
    "mse": 0.00010268982441630214,
    "psnr": 39.833717346191406,
    "ms-ssim": 0.9855233430862427,
    "bpp": 0.1121793415999233,
    "encoding_time": 0.5565340518951416,
    "decoding_time": 0.42467617988586426
}