{
    "image_name": "vita-vilcina-3055.png",
    "mse": 0.0003323884739074856,
    "psnr": 34.76732635498047,
    "ms-ssim": 0.9952433109283447,
    "bpp": 0.5102141866847749,
    "encoding_time": 0.48777008056640625,
    "decoding_time": 0.6103155612945557
}