{
    "image_name": "martin-wessely-211.png",
    "mse": 0.0007868435350246727,
    "psnr": 31.03396224975586,
    "ms-ssim": 0.9805483818054199,
    "bpp": 1.0372395833333334,
    "encoding_time": 0.13934922218322754,
    "decoding_time": 0.13707613945007324
}