{
    "image_name": "clem-onojeghuo-33741.png",
    "mse": 0.00036669065593741834,
    "psnr": 34.342350006103516,
    "ms-ssim": 0.9790284037590027,
    "bpp": 0.37360347985347986,
    "encoding_time": 0.6896061897277832,
    "decoding_time": 0.6225392818450928
}