{
    "image_name": "gian-reto-tarnutzer-45212.png",
    "mse": 0.00042165949707850814,
    "psnr": 33.73765563964844,
    "ms-ssim": 0.9797611236572266,
    "bpp": 0.4857322080291971,
    "encoding_time": 0.6165175437927246,
    "decoding_time": 0.4854578971862793
}