{
    "image_name": "roberto-nickson-48063.png",
    "mse": 0.00015292273019440472,
    "psnr": 38.11956787109375,
    "ms-ssim": 0.982811689376831,
    "bpp": 0.12741529304029303,
    "encoding_time": 0.4212992191314697,
    "decoding_time": 0.5931868553161621
}