{
    "image_name": "juskteez-vu-1041.png",
    "mse": 0.0006007868214510381,
    "psnr": 32.20368957519531,
    "ms-ssim": 0.9748435020446777,
    "bpp": 0.8122301120182267,
    "encoding_time": 0.38570427894592285,
    "decoding_time": 0.42945027351379395
}