{
    "image_name": "zugr-108.png",
    "mse": 0.00013610665337182581,
    "psnr": 38.620704650878906,
    "ms-ssim": 0.9897710680961609,
    "bpp": 0.1403617216117216,
    "encoding_time": 0.4526524543762207,
    "decoding_time": 0.5257246494293213
}