{
    "image_name": "veeterzy-82537.png",
    "mse": 0.0004400104808155447,
    "psnr": 33.55372619628906,
    "ms-ssim": 0.984557032585144,
    "bpp": 0.43052251098096633,
    "encoding_time": 0.5636720657348633,
    "decoding_time": 0.6225912570953369
}