{
    "image_name": "thong-vo-428.png",
    "mse": 0.000494572741445154,
    "psnr": 33.047569274902344,
    "ms-ssim": 0.9805908203125,
    "bpp": 0.59855792340971,
    "encoding_time": 0.4118332862854004,
    "decoding_time": 0.4405665397644043
}