{
    "image_name": "mullermarc-184.png",
    "mse": 0.0002954854862764478,
    "psnr": 35.277713775634766,
    "ms-ssim": 0.9862174987792969,
    "bpp": 0.34996912668796476,
    "encoding_time": 0.42688536643981934,
    "decoding_time": 0.25443291664123535
}