{
    "image_name": "michael-durana-82941.png",
    "mse": 0.0002923830470535904,
    "psnr": 35.32166290283203,
    "ms-ssim": 0.9830490946769714,
    "bpp": 0.32296245421245423,
    "encoding_time": 0.5793282985687256,
    "decoding_time": 0.6248683929443359
}