{
    "image_name": "davide-ragusa-716.png",
    "mse": 0.00021074997493997216,
    "psnr": 36.73775863647461,
    "ms-ssim": 0.9822162985801697,
    "bpp": 0.21725628148702317,
    "encoding_time": 0.37851977348327637,
    "decoding_time": 0.37476110458374023
}