{
    "image_name": "jeremy-cai-1174.png",
    "mse": 0.000208314013434574,
    "psnr": 36.78775405883789,
    "ms-ssim": 0.9934801459312439,
    "bpp": 0.2663189269746647,
    "encoding_time": 0.4171454906463623,
    "decoding_time": 0.47028565406799316
}