{
    "image_name": "jason-briscoe-149782.png",
    "mse": 9.443188173463568e-05,
    "psnr": 40.19156265258789,
    "ms-ssim": 0.9921512603759766,
    "bpp": 0.1254120879120879,
    "encoding_time": 0.5900077819824219,
    "decoding_time": 0.5435481071472168
}