{
    "image_name": "martyn-seddon-220.png",
    "mse": 0.00030794498161412776,
    "psnr": 35.09768295288086,
    "ms-ssim": 0.9701482653617859,
    "bpp": 0.29615384615384616,
    "encoding_time": 0.4898560047149658,
    "decoding_time": 0.5393762588500977
}