{
    "image_name": "felix-russell-saw-140699.png",
    "mse": 0.00020086536824237555,
    "psnr": 36.944366455078125,
    "ms-ssim": 0.9766712188720703,
    "bpp": 0.17990884587111003,
    "encoding_time": 0.29398226737976074,
    "decoding_time": 0.42156243324279785
}