{
    "image_name": "philipp-reiner-207.png",
    "mse": 0.0005487255402840674,
    "psnr": 32.597190856933594,
    "ms-ssim": 0.9772189855575562,
    "bpp": 0.7172345679012345,
    "encoding_time": 0.3132762908935547,
    "decoding_time": 0.3150014877319336
}