{
    "image_name": "dogancan-ozturan-395.png",
    "mse": 0.0002037225931417197,
    "psnr": 36.8839111328125,
    "ms-ssim": 0.9880310893058777,
    "bpp": 0.27129181084198384,
    "encoding_time": 0.6118855476379395,
    "decoding_time": 0.5764937400817871
}