{
    "image_name": "ales-krivec-15949.png",
    "mse": 0.00014469835150521249,
    "psnr": 38.358272552490234,
    "ms-ssim": 0.9889938831329346,
    "bpp": 0.15461910774410775,
    "encoding_time": 0.39147400856018066,
    "decoding_time": 0.5084402561187744
}