{
    "image_name": "nomao-saeki-33553.png",
    "mse": 0.0001585671561770141,
    "psnr": 37.963844299316406,
    "ms-ssim": 0.978851318359375,
    "bpp": 0.14530334919472915,
    "encoding_time": 0.4877326488494873,
    "decoding_time": 0.562739372253418
}