{
    "image_name": "daniel-robert-405.png",
    "mse": 0.0004913461161777377,
    "psnr": 33.075557708740234,
    "ms-ssim": 0.980712890625,
    "bpp": 0.5477156398104266,
    "encoding_time": 0.2593417167663574,
    "decoding_time": 0.45279598236083984
}