{
    "mean_loss": 0.12849463703419886,
    "mean_bpp": 0.12521908718629365,
    "mean_psnr": 28.73529704024152,
    "mean_msssim": 0.9672445015209478,
    "mean_msssim_dB": 14.847157870104123,
    "mean_enc_time": 0.7084442289864145,
    "mean_dec_time": 0.809488610523503
}