{
    "image_name": "sergey-zolkin-1045.png",
    "mse": 0.0011268558446317911,
    "psnr": 29.47628402709961,
    "ms-ssim": 0.9738403558731079,
    "bpp": 0.10024038461538462,
    "encoding_time": 0.7324469089508057,
    "decoding_time": 1.0953624248504639
}