{
    "image_name": "paul-itkin-46101.png",
    "mse": 0.006361525040119886,
    "psnr": 21.963659286499023,
    "ms-ssim": 0.9704672694206238,
    "bpp": 0.1368101545253863,
    "encoding_time": 0.30122804641723633,
    "decoding_time": 0.20138120651245117
}