{
    "image_name": "zugr-108.png",
    "mse": 0.0007210689946077764,
    "psnr": 31.411895751953125,
    "ms-ssim": 0.982228696346283,
    "bpp": 0.06834935897435897,
    "encoding_time": 0.8958091735839844,
    "decoding_time": 1.029050350189209
}