{
    "image_name": "todd-quackenbush-222.png",
    "mse": 0.003136850195005536,
    "psnr": 25.033409118652344,
    "ms-ssim": 0.9488611221313477,
    "bpp": 0.1815236648949633,
    "encoding_time": 0.24568772315979004,
    "decoding_time": 0.18041062355041504
}