{
    "image_name": "andrew-ruiz-376.png",
    "mse": 0.001370989135466516,
    "psnr": 28.625591278076172,
    "ms-ssim": 0.9723789095878601,
    "bpp": 0.1255051432770022,
    "encoding_time": 1.2152073383331299,
    "decoding_time": 1.0934875011444092
}