{
    "image_name": "kazuend-28556.png",
    "mse": 0.0006181266508065164,
    "psnr": 32.08033752441406,
    "ms-ssim": 0.9827216863632202,
    "bpp": 0.05872252747252747,
    "encoding_time": 1.038902759552002,
    "decoding_time": 0.7714619636535645
}