{
    "image_name": "todd-quackenbush-27493.png",
    "mse": 0.0008792271837592125,
    "psnr": 30.553102493286133,
    "ms-ssim": 0.9835242033004761,
    "bpp": 0.06596381897386254,
    "encoding_time": 0.4703242778778076,
    "decoding_time": 0.7710955142974854
}