{
    "image_name": "mullermarc-184.png",
    "mse": 0.0013091062428429723,
    "psnr": 28.826372146606445,
    "ms-ssim": 0.9712774157524109,
    "bpp": 0.13408861087993415,
    "encoding_time": 0.44045376777648926,
    "decoding_time": 0.38773608207702637
}