{
    "image_name": "michael-durana-82941.png",
    "mse": 0.001687085721641779,
    "psnr": 27.72553825378418,
    "ms-ssim": 0.9726206064224243,
    "bpp": 0.09861492673992674,
    "encoding_time": 0.9038362503051758,
    "decoding_time": 0.7006204128265381
}