{
    "image_name": "alejandro-escamilla-6.png",
    "mse": 0.0015092286048457026,
    "psnr": 28.208972930908203,
    "ms-ssim": 0.9730255007743835,
    "bpp": 0.09887275952203137,
    "encoding_time": 0.6832759380340576,
    "decoding_time": 1.0310983657836914
}