{
    "image_name": "martin-wessely-211.png",
    "mse": 0.0035127438604831696,
    "psnr": 24.541881561279297,
    "ms-ssim": 0.9359245300292969,
    "bpp": 0.24239583333333334,
    "encoding_time": 0.346254825592041,
    "decoding_time": 0.2478194236755371
}