{
    "image_name": "schicka-307.png",
    "mse": 0.0006106547079980373,
    "psnr": 32.13294982910156,
    "ms-ssim": 0.9733034372329712,
    "bpp": 0.08968098958333333,
    "encoding_time": 0.36925649642944336,
    "decoding_time": 0.0967862606048584
}