{
    "image_name": "thong-vo-428.png",
    "mse": 0.0026863934472203255,
    "psnr": 25.70628547668457,
    "ms-ssim": 0.958453357219696,
    "bpp": 0.18397692677455535,
    "encoding_time": 0.46480607986450195,
    "decoding_time": 0.28726887702941895
}