{
    "image_name": "benjamin-sloth-lindgreen-705.png",
    "mse": 0.0015762203838676214,
    "psnr": 28.020280838012695,
    "ms-ssim": 0.9625369906425476,
    "bpp": 0.15303342490842492,
    "encoding_time": 0.754866361618042,
    "decoding_time": 0.7761571407318115
}