{
    "image_name": "allef-vinicius-109434.png",
    "mse": 0.0006974059506319463,
    "psnr": 31.557214736938477,
    "ms-ssim": 0.9598340392112732,
    "bpp": 0.07106227106227106,
    "encoding_time": 0.9778914451599121,
    "decoding_time": 1.140242338180542
}