{
    "image_name": "martyn-seddon-220.png",
    "mse": 0.0009996098233386874,
    "psnr": 29.996126174926758,
    "ms-ssim": 0.9613651037216187,
    "bpp": 0.14748168498168499,
    "encoding_time": 0.8090128898620605,
    "decoding_time": 0.9767403602600098
}