{
    "image_name": "alberto-montalesi-176097.png",
    "mse": 0.0006394943338818848,
    "psnr": 31.93309783935547,
    "ms-ssim": 0.9620218276977539,
    "bpp": 0.08174752384446075,
    "encoding_time": 0.6465914249420166,
    "decoding_time": 1.0974414348602295
}