{
    "image_name": "ales-krivec-15949.png",
    "mse": 0.0006558003951795399,
    "psnr": 31.824115753173828,
    "ms-ssim": 0.9801571369171143,
    "bpp": 0.08170244107744108,
    "encoding_time": 0.6322522163391113,
    "decoding_time": 0.7170734405517578
}