{
    "image_name": "davide-ragusa-716.png",
    "mse": 0.0009555764263495803,
    "psnr": 30.191465377807617,
    "ms-ssim": 0.9749523401260376,
    "bpp": 0.09716109417654221,
    "encoding_time": 0.690784215927124,
    "decoding_time": 1.1996448040008545
}