{
    "image_name": "felix-russell-saw-140699.png",
    "mse": 0.0007096461486071348,
    "psnr": 31.481979370117188,
    "ms-ssim": 0.9692870378494263,
    "bpp": 0.09447096299926488,
    "encoding_time": 0.8098297119140625,
    "decoding_time": 0.6164774894714355
}