{
    "image_name": "sergey-zolkin-21232.png",
    "mse": 0.0006311328615993261,
    "psnr": 31.990495681762695,
    "ms-ssim": 0.9813010692596436,
    "bpp": 0.058885574850994465,
    "encoding_time": 0.7703714370727539,
    "decoding_time": 0.37375330924987793
}