{
    "image_name": "jared-erondu-21325.png",
    "mse": 0.0006967085646465421,
    "psnr": 31.56145668029785,
    "ms-ssim": 0.9707056283950806,
    "bpp": 0.0919871794871795,
    "encoding_time": 0.9635744094848633,
    "decoding_time": 1.2087323665618896
}