{
    "image_name": "dogancan-ozturan-395.png",
    "mse": 0.0015251057920977473,
    "psnr": 28.163429260253906,
    "ms-ssim": 0.9768342971801758,
    "bpp": 0.10155709342560554,
    "encoding_time": 0.5025122165679932,
    "decoding_time": 0.9602828025817871
}