{
    "image_name": "stefan-kunze-26931.png",
    "mse": 0.001538484706543386,
    "psnr": 28.125545501708984,
    "ms-ssim": 0.9668588638305664,
    "bpp": 0.1396877286027798,
    "encoding_time": 0.5522480010986328,
    "decoding_time": 1.229931116104126
}