{
    "image_name": "clem-onojeghuo-33741.png",
    "mse": 0.001625935430638492,
    "psnr": 27.885501861572266,
    "ms-ssim": 0.9638538360595703,
    "bpp": 0.15306776556776558,
    "encoding_time": 0.5798661708831787,
    "decoding_time": 0.7956690788269043
}