{
    "image_name": "juskteez-vu-1041.png",
    "mse": 0.0027638450264930725,
    "psnr": 25.582782745361328,
    "ms-ssim": 0.9444231390953064,
    "bpp": 0.2685075628124802,
    "encoding_time": 0.4522593021392822,
    "decoding_time": 0.5649631023406982
}