{
    "image_name": "gian-reto-tarnutzer-45212.png",
    "mse": 0.001652038306929171,
    "psnr": 27.816543579101562,
    "ms-ssim": 0.9569376707077026,
    "bpp": 0.18447764598540145,
    "encoding_time": 0.6210589408874512,
    "decoding_time": 0.9314889907836914
}