{
    "image_name": "vita-vilcina-3055.png",
    "mse": 0.0032259400468319654,
    "psnr": 24.911697387695312,
    "ms-ssim": 0.9797186851501465,
    "bpp": 0.12206094559035735,
    "encoding_time": 0.8598544597625732,
    "decoding_time": 0.7929184436798096
}