{
    "image_name": "philipp-reiner-207.png",
    "mse": 0.002950517227873206,
    "psnr": 25.299219131469727,
    "ms-ssim": 0.9549880027770996,
    "bpp": 0.18449382716049384,
    "encoding_time": 0.5836772918701172,
    "decoding_time": 0.4002110958099365
}