{
    "image_name": "nomao-saeki-33553.png",
    "mse": 0.0007462023058906198,
    "psnr": 31.263967514038086,
    "ms-ssim": 0.9723765254020691,
    "bpp": 0.07280609443631039,
    "encoding_time": 1.1252517700195312,
    "decoding_time": 1.308624029159546
}