{
    "image_name": "jeremy-cai-1174.png",
    "mse": 0.0012267124839127064,
    "psnr": 29.108192443847656,
    "ms-ssim": 0.9818507432937622,
    "bpp": 0.09597615499254844,
    "encoding_time": 0.896780252456665,
    "decoding_time": 0.9388089179992676
}