{
    "image_name": "wojciech-szaturski-3611.png",
    "mse": 0.0018519849982112646,
    "psnr": 27.320552825927734,
    "ms-ssim": 0.9664310216903687,
    "bpp": 0.132708705060552,
    "encoding_time": 0.8275563716888428,
    "decoding_time": 0.8718781471252441
}