{
    "image_name": "veeterzy-82537.png",
    "mse": 0.0018341699615120888,
    "psnr": 27.362548828125,
    "ms-ssim": 0.9623534679412842,
    "bpp": 0.16852351756954612,
    "encoding_time": 0.5383949279785156,
    "decoding_time": 0.7291514873504639
}