{
    "image_name": "jason-briscoe-149782.png",
    "mse": 0.0010345426853746176,
    "psnr": 29.847137451171875,
    "ms-ssim": 0.9883354902267456,
    "bpp": 0.05080128205128205,
    "encoding_time": 0.8299047946929932,
    "decoding_time": 1.345870018005371
}