{
    "image_name": "roberto-nickson-48063.png",
    "mse": 0.0006512157269753516,
    "psnr": 31.85405921936035,
    "ms-ssim": 0.9790727496147156,
    "bpp": 0.06617445054945055,
    "encoding_time": 0.8393173217773438,
    "decoding_time": 1.1832928657531738
}