{
    "image_name": "daniel-robert-405.png",
    "mse": 0.00205120793543756,
    "psnr": 26.877155303955078,
    "ms-ssim": 0.9597916603088379,
    "bpp": 0.17337124802527645,
    "encoding_time": 0.5770843029022217,
    "decoding_time": 0.43073296546936035
}