{
    "mean_loss": 1.3830585089535317,
    "mean_bpp": 1.3830435783176154,
    "mean_psnr": 38.810195207595825,
    "mean_msssim": 0.9930848814547062,
    "mean_msssim_dB": 21.60200370417192,
    "mean_enc_time": 0.7624835073947906,
    "mean_dec_time": 0.9745378643274307
}