{
    "image_name": "00004_TE_1808x1352.png",
    "mse": 0.00013584841508418322,
    "psnr": 38.63116455078125,
    "ms-ssim": 0.9959842562675476,
    "bpp": 1.9236529297795466,
    "encoding_time": 0.707862138748169,
    "decoding_time": 0.9363744258880615
}