{
    "image_name": "00001_TE_2096x1400.png",
    "mse": 0.00016013061394914985,
    "psnr": 37.92134475708008,
    "ms-ssim": 0.9959556460380554,
    "bpp": 1.6875899672846237,
    "encoding_time": 0.5627970695495605,
    "decoding_time": 0.8683676719665527
}