{
    "image_name": "00007_TE_1472x976.png",
    "mse": 0.00010376981663284823,
    "psnr": 39.788307189941406,
    "ms-ssim": 0.9955229163169861,
    "bpp": 1.147162330719886,
    "encoding_time": 0.26225829124450684,
    "decoding_time": 0.33586740493774414
}