{
    "image_name": "00013_TE_1920x1280.png",
    "mse": 0.00011222866305615753,
    "psnr": 39.44977569580078,
    "ms-ssim": 0.9951561689376831,
    "bpp": 1.1552864583333333,
    "encoding_time": 0.5124435424804688,
    "decoding_time": 0.6559019088745117
}