{
    "image_name": "00012_TE_1512x2016.png",
    "mse": 0.00015385850565508008,
    "psnr": 38.09366989135742,
    "ms-ssim": 0.9902703166007996,
    "bpp": 1.7563198118753673,
    "encoding_time": 0.6899313926696777,
    "decoding_time": 1.0997557640075684
}