{
    "image_name": "00010_TE_2000x1128.png",
    "mse": 8.760269702179357e-05,
    "psnr": 40.51469421386719,
    "ms-ssim": 0.9931115508079529,
    "bpp": 0.9322695035460993,
    "encoding_time": 0.4999697208404541,
    "decoding_time": 0.6072139739990234
}