{
    "image_name": "00005_TE_1336x872.png",
    "mse": 8.887588046491146e-05,
    "psnr": 40.454647064208984,
    "ms-ssim": 0.9955606460571289,
    "bpp": 0.7755589737955282,
    "encoding_time": 0.30734729766845703,
    "decoding_time": 0.2860844135284424
}