{
    "image_name": "00003_TE_1944x1296.png",
    "mse": 0.0001035291061270982,
    "psnr": 39.80250549316406,
    "ms-ssim": 0.9949957728385925,
    "bpp": 0.9933572118071432,
    "encoding_time": 0.8956401348114014,
    "decoding_time": 0.7051582336425781
}