{
    "image_name": "00015_TE_3680x2456.png",
    "mse": 7.558600191259757e-05,
    "psnr": 41.14447021484375,
    "ms-ssim": 0.9954330921173096,
    "bpp": 0.8498725393003824,
    "encoding_time": 1.9557490348815918,
    "decoding_time": 2.5573627948760986
}