{
    "image_name": "00014_TE_3680x2456.png",
    "mse": 8.750204142415896e-05,
    "psnr": 40.51890182495117,
    "ms-ssim": 0.9939006567001343,
    "bpp": 0.87437331822688,
    "encoding_time": 2.1284337043762207,
    "decoding_time": 2.100707530975342
}