{
    "image_name": "00008_TE_1912x1272.png",
    "mse": 9.124259668169543e-05,
    "psnr": 40.33810806274414,
    "ms-ssim": 0.9951870441436768,
    "bpp": 1.3887924001999947,
    "encoding_time": 0.4609653949737549,
    "decoding_time": 0.564702033996582
}