{
    "image_name": "00011_TE_1744x1160.png",
    "mse": 0.0001671891805017367,
    "psnr": 37.73768615722656,
    "ms-ssim": 0.9962962865829468,
    "bpp": 1.9186491616577033,
    "encoding_time": 0.7089817523956299,
    "decoding_time": 0.6472940444946289
}