{
    "image_name": "00002_TE_2144x1424.png",
    "mse": 0.0001431088021490723,
    "psnr": 38.40623474121094,
    "ms-ssim": 0.9868924617767334,
    "bpp": 1.456838001006205,
    "encoding_time": 0.8516497611999512,
    "decoding_time": 1.0239367485046387
}