{
    "image_name": "00006_TE_1544x1120.png",
    "mse": 0.00010071916767628863,
    "psnr": 39.918678283691406,
    "ms-ssim": 0.9976328611373901,
    "bpp": 1.3717061435973352,
    "encoding_time": 0.554192304611206,
    "decoding_time": 0.8066411018371582
}