{
    "image_name": "00009_TE_1976x1312.png",
    "mse": 0.00043679322698153555,
    "psnr": 33.584877014160156,
    "ms-ssim": 0.9950196146965027,
    "bpp": 2.686580428557322,
    "encoding_time": 0.42363929748535156,
    "decoding_time": 1.2704005241394043
}