{
    "mean_loss": 0.18494657418794103,
    "mean_bpp": 0.18178982204861108,
    "mean_psnr": 27.081520318984985,
    "mean_msssim": 0.9684324786067009,
    "mean_msssim_dB": 15.007595165389471,
    "mean_enc_time": 0.43723419308662415,
    "mean_dec_time": 0.4509809911251068
}