{
    "image_name": "17.png",
    "mse": 0.0013402876211330295,
    "psnr": 28.72393798828125,
    "ms-ssim": 0.9740146398544312,
    "bpp": 0.15388997395833334,
    "encoding_time": 0.3437380790710449,
    "decoding_time": 0.23648357391357422
}