{
    "image_name": "6.png",
    "mse": 0.002590913325548172,
    "psnr": 25.86353874206543,
    "ms-ssim": 0.9646643400192261,
    "bpp": 0.212158203125,
    "encoding_time": 0.19553661346435547,
    "decoding_time": 0.27465128898620605
}