{
    "image_name": "11.png",
    "mse": 0.002044389257207513,
    "psnr": 26.891414642333984,
    "ms-ssim": 0.9653726816177368,
    "bpp": 0.1943359375,
    "encoding_time": 0.3416421413421631,
    "decoding_time": 0.2287287712097168
}