{
    "image_name": "7.png",
    "mse": 0.0014200772857293487,
    "psnr": 28.472558975219727,
    "ms-ssim": 0.9801695346832275,
    "bpp": 0.1337890625,
    "encoding_time": 0.3821268081665039,
    "decoding_time": 0.32781195640563965
}