{
    "image_name": "22.png",
    "mse": 0.001506200642324984,
    "psnr": 28.217531204223633,
    "ms-ssim": 0.9592098593711853,
    "bpp": 0.22639973958333334,
    "encoding_time": 0.36676931381225586,
    "decoding_time": 0.49144577980041504
}