{
    "image_name": "1.png",
    "mse": 0.0034551990684121847,
    "psnr": 24.61366081237793,
    "ms-ssim": 0.9602879285812378,
    "bpp": 0.24267578125,
    "encoding_time": 0.6167776584625244,
    "decoding_time": 0.5116612911224365
}