{
    "image_name": "19.png",
    "mse": 0.001486461260356009,
    "psnr": 28.27467155456543,
    "ms-ssim": 0.9700295329093933,
    "bpp": 0.17692057291666666,
    "encoding_time": 0.4638702869415283,
    "decoding_time": 0.38887500762939453
}