{
    "image_name": "24.png",
    "mse": 0.003095347434282303,
    "psnr": 25.091217041015625,
    "ms-ssim": 0.9661661982536316,
    "bpp": 0.22037760416666666,
    "encoding_time": 0.2707183361053467,
    "decoding_time": 0.749915599822998
}