{
    "image_name": "2.png",
    "mse": 0.0014871715102344751,
    "psnr": 28.272859573364258,
    "ms-ssim": 0.9602595567703247,
    "bpp": 0.168212890625,
    "encoding_time": 0.39282774925231934,
    "decoding_time": 0.7021682262420654
}