{
    "image_name": "8.png",
    "mse": 0.005462608765810728,
    "psnr": 22.625173568725586,
    "ms-ssim": 0.9661330580711365,
    "bpp": 0.21134440104166666,
    "encoding_time": 0.5855183601379395,
    "decoding_time": 0.7432436943054199
}