{
    "image_name": "5.png",
    "mse": 0.0035869686398655176,
    "psnr": 24.4512939453125,
    "ms-ssim": 0.9632163047790527,
    "bpp": 0.266845703125,
    "encoding_time": 0.4179098606109619,
    "decoding_time": 0.3282051086425781
}