{
    "image_name": "4.png",
    "mse": 0.0015470400685444474,
    "psnr": 28.101192474365234,
    "ms-ssim": 0.9679459929466248,
    "bpp": 0.174072265625,
    "encoding_time": 0.619265079498291,
    "decoding_time": 0.5515315532684326
}