{
    "image_name": "15.png",
    "mse": 0.001761855324730277,
    "psnr": 27.537525177001953,
    "ms-ssim": 0.9716309309005737,
    "bpp": 0.130126953125,
    "encoding_time": 0.39591097831726074,
    "decoding_time": 0.40071702003479004
}