{
    "image_name": "21.png",
    "mse": 0.0022713227663189173,
    "psnr": 26.434715270996094,
    "ms-ssim": 0.9699119329452515,
    "bpp": 0.1630859375,
    "encoding_time": 0.46292901039123535,
    "decoding_time": 0.6313772201538086
}