{
    "image_name": "20.png",
    "mse": 0.0016673506470397115,
    "psnr": 27.777164459228516,
    "ms-ssim": 0.9781146049499512,
    "bpp": 0.10978190104166667,
    "encoding_time": 0.6330680847167969,
    "decoding_time": 0.39330053329467773
}