{
    "image_name": "16.png",
    "mse": 0.0012472675880417228,
    "psnr": 29.035398483276367,
    "ms-ssim": 0.9700931310653687,
    "bpp": 0.16837565104166666,
    "encoding_time": 0.6937816143035889,
    "decoding_time": 0.2732207775115967
}