{
    "image_name": "3.png",
    "mse": 0.0009861623402684927,
    "psnr": 30.054956436157227,
    "ms-ssim": 0.9787424802780151,
    "bpp": 0.112548828125,
    "encoding_time": 0.24266290664672852,
    "decoding_time": 0.42971038818359375
}