{
    "image_name": "18.png",
    "mse": 0.0025392782408744097,
    "psnr": 25.950862884521484,
    "ms-ssim": 0.9595987796783447,
    "bpp": 0.24658203125,
    "encoding_time": 0.3201172351837158,
    "decoding_time": 0.23335862159729004
}