{
    "image_name": "12.png",
    "mse": 0.0017178443958982825,
    "psnr": 27.64696502685547,
    "ms-ssim": 0.9707507491111755,
    "bpp": 0.13712565104166666,
    "encoding_time": 0.23387956619262695,
    "decoding_time": 0.6127448081970215
}