{
    "mean_loss": 0.2955346099419128,
    "mean_bpp": 0.2954576280381944,
    "mean_psnr": 31.49502468109131,
    "mean_msssim": 0.962896446386973,
    "mean_msssim_dB": 14.30584493602739,
    "mean_enc_time": 0.13075295090675354,
    "mean_dec_time": 0.1328581472237905
}