{
    "image_name": "7.png",
    "mse": 0.00046773182111792266,
    "psnr": 33.28791809082031,
    "ms-ssim": 0.9816340804100037,
    "bpp": 0.2158203125,
    "encoding_time": 0.0932931900024414,
    "decoding_time": 0.12617278099060059
}