{
    "image_name": "19.png",
    "mse": 0.0007378472364507616,
    "psnr": 31.312698364257812,
    "ms-ssim": 0.9572638869285583,
    "bpp": 0.22989908854166666,
    "encoding_time": 0.16185784339904785,
    "decoding_time": 0.10774612426757812
}