{
    "image_name": "17.png",
    "mse": 0.0005390925798565149,
    "psnr": 32.67290496826172,
    "ms-ssim": 0.9672228693962097,
    "bpp": 0.19856770833333334,
    "encoding_time": 0.10276126861572266,
    "decoding_time": 0.10887598991394043
}