{
    "image_name": "5.png",
    "mse": 0.0011000559898093343,
    "psnr": 29.58106231689453,
    "ms-ssim": 0.9738364219665527,
    "bpp": 0.5341796875,
    "encoding_time": 0.1548023223876953,
    "decoding_time": 0.1414334774017334
}