{
    "image_name": "3.png",
    "mse": 0.00038841707282699645,
    "psnr": 34.09294509887695,
    "ms-ssim": 0.970824658870697,
    "bpp": 0.14493815104166666,
    "encoding_time": 0.12552618980407715,
    "decoding_time": 0.09426641464233398
}