{
    "image_name": "9.png",
    "mse": 0.00042028145981021225,
    "psnr": 33.75168228149414,
    "ms-ssim": 0.9772996306419373,
    "bpp": 0.166748046875,
    "encoding_time": 0.09378314018249512,
    "decoding_time": 0.11346626281738281
}