{
    "image_name": "21.png",
    "mse": 0.0007901182398200035,
    "psnr": 31.016225814819336,
    "ms-ssim": 0.9716503024101257,
    "bpp": 0.3306477864583333,
    "encoding_time": 0.09930920600891113,
    "decoding_time": 0.12428069114685059
}