{
    "image_name": "22.png",
    "mse": 0.0008647497743368149,
    "psnr": 30.62406349182129,
    "ms-ssim": 0.9445483088493347,
    "bpp": 0.2667643229166667,
    "encoding_time": 0.11822891235351562,
    "decoding_time": 0.16216015815734863
}