{
    "image_name": "16.png",
    "mse": 0.0006230890867300332,
    "psnr": 32.04553985595703,
    "ms-ssim": 0.9552391767501831,
    "bpp": 0.19807942708333334,
    "encoding_time": 0.12800383567810059,
    "decoding_time": 0.16143035888671875
}