{
    "image_name": "10.png",
    "mse": 0.00045228764065541327,
    "psnr": 33.432865142822266,
    "ms-ssim": 0.969449520111084,
    "bpp": 0.1767578125,
    "encoding_time": 0.09210872650146484,
    "decoding_time": 0.10734987258911133
}