{
    "image_name": "24.png",
    "mse": 0.0009792727651074529,
    "psnr": 30.085771560668945,
    "ms-ssim": 0.966152548789978,
    "bpp": 0.4278157552083333,
    "encoding_time": 0.2517561912536621,
    "decoding_time": 0.12566542625427246
}