{
    "image_name": "8.png",
    "mse": 0.0012272837338969111,
    "psnr": 29.106664657592773,
    "ms-ssim": 0.9747728109359741,
    "bpp": 0.5543619791666666,
    "encoding_time": 0.08632063865661621,
    "decoding_time": 0.2618427276611328
}