{
    "image_name": "18.png",
    "mse": 0.001037829671986401,
    "psnr": 29.833560943603516,
    "ms-ssim": 0.9583859443664551,
    "bpp": 0.419921875,
    "encoding_time": 0.13759827613830566,
    "decoding_time": 0.14156770706176758
}