{
    "image_name": "15.png",
    "mse": 0.000580049876589328,
    "psnr": 32.35563659667969,
    "ms-ssim": 0.9627372622489929,
    "bpp": 0.17862955729166666,
    "encoding_time": 0.09515953063964844,
    "decoding_time": 0.18331575393676758
}