{
    "image_name": "23.png",
    "mse": 0.0003542326739989221,
    "psnr": 34.49189758300781,
    "ms-ssim": 0.9720041155815125,
    "bpp": 0.13387044270833334,
    "encoding_time": 0.40351319313049316,
    "decoding_time": 0.07364201545715332
}