{
    "image_name": "4.png",
    "mse": 0.0006043685716576874,
    "psnr": 32.17756652832031,
    "ms-ssim": 0.9515835046768188,
    "bpp": 0.18400065104166666,
    "encoding_time": 0.09613323211669922,
    "decoding_time": 0.13185930252075195
}