{
    "image_name": "20.png",
    "mse": 0.0004920745268464088,
    "psnr": 33.071533203125,
    "ms-ssim": 0.9737389087677002,
    "bpp": 0.175048828125,
    "encoding_time": 0.09002470970153809,
    "decoding_time": 0.12035679817199707
}