{
    "image_name": "2.png",
    "mse": 0.0006566436495631933,
    "psnr": 31.817522048950195,
    "ms-ssim": 0.9320374727249146,
    "bpp": 0.15852864583333334,
    "encoding_time": 0.09663844108581543,
    "decoding_time": 0.12731313705444336
}