{
    "image_name": "13.png",
    "mse": 0.0016527114203199744,
    "psnr": 27.814651489257812,
    "ms-ssim": 0.9598843455314636,
    "bpp": 0.7464192708333334,
    "encoding_time": 0.10435843467712402,
    "decoding_time": 0.1021568775177002
}