{
    "mean_loss": 0.2489649409320534,
    "mean_bpp": 0.2463737355437458,
    "mean_psnr": 28.156412482261658,
    "mean_msssim": 0.9740879461169243,
    "mean_msssim_dB": 15.864981618990017,
    "mean_enc_time": 0.7773547619581223,
    "mean_dec_time": 0.8658731430768967
}