{
    "image_name": "00008_TE_1912x1272.png",
    "mse": 0.001920834998600185,
    "psnr": 27.162328720092773,
    "ms-ssim": 0.9744614362716675,
    "bpp": 0.2583353069656062,
    "encoding_time": 0.47437214851379395,
    "decoding_time": 0.6023502349853516
}