{
    "image_name": "00013_TE_1920x1280.png",
    "mse": 0.001009507104754448,
    "psnr": 29.953367233276367,
    "ms-ssim": 0.9740373492240906,
    "bpp": 0.28252604166666667,
    "encoding_time": 0.5762836933135986,
    "decoding_time": 0.627537727355957
}