{
    "image_name": "00004_TE_1808x1352.png",
    "mse": 0.0023226668126881123,
    "psnr": 26.33786392211914,
    "ms-ssim": 0.9737719297409058,
    "bpp": 0.2914724825888883,
    "encoding_time": 0.9666628837585449,
    "decoding_time": 0.6793625354766846
}