{
    "image_name": "00003_TE_1944x1296.png",
    "mse": 0.0010111972223967314,
    "psnr": 29.946565628051758,
    "ms-ssim": 0.9806002378463745,
    "bpp": 0.19755626682924352,
    "encoding_time": 0.45218801498413086,
    "decoding_time": 0.5045332908630371
}