{
    "image_name": "00001_TE_2096x1400.png",
    "mse": 0.0026482106186449528,
    "psnr": 25.768310546875,
    "ms-ssim": 0.9778978228569031,
    "bpp": 0.281515812431843,
    "encoding_time": 0.6456794738769531,
    "decoding_time": 0.9193482398986816
}