{
    "image_name": "00006_TE_1544x1120.png",
    "mse": 0.0019535927567631006,
    "psnr": 27.088796615600586,
    "ms-ssim": 0.9828886389732361,
    "bpp": 0.2325499629903775,
    "encoding_time": 0.3638730049133301,
    "decoding_time": 0.5269265174865723
}