{
    "image_name": "00012_TE_1512x2016.png",
    "mse": 0.0013837488368153572,
    "psnr": 28.58551788330078,
    "ms-ssim": 0.962281346321106,
    "bpp": 0.3268560510624003,
    "encoding_time": 0.8411624431610107,
    "decoding_time": 0.7103369235992432
}