{
    "image_name": "00005_TE_1336x872.png",
    "mse": 0.001602545497007668,
    "psnr": 27.94850730895996,
    "ms-ssim": 0.9877909421920776,
    "bpp": 0.1362138109102895,
    "encoding_time": 0.24859881401062012,
    "decoding_time": 0.4528982639312744
}