{
    "image_name": "00015_TE_3680x2456.png",
    "mse": 0.0012139376485720277,
    "psnr": 29.153635025024414,
    "ms-ssim": 0.9840664267539978,
    "bpp": 0.17043265826370202,
    "encoding_time": 2.030442714691162,
    "decoding_time": 2.1993300914764404
}