{
    "image_name": "00014_TE_3680x2456.png",
    "mse": 0.0009653407032601535,
    "psnr": 30.14743423461914,
    "ms-ssim": 0.9803469181060791,
    "bpp": 0.18740617476278149,
    "encoding_time": 2.141449213027954,
    "decoding_time": 2.9312613010406494
}