{
    "image_name": "00011_TE_1744x1160.png",
    "mse": 0.0018633466679602861,
    "psnr": 27.294322967529297,
    "ms-ssim": 0.9731491804122925,
    "bpp": 0.32231888642834544,
    "encoding_time": 0.630988597869873,
    "decoding_time": 0.510993242263794
}