{
    "image_name": "00010_TE_2000x1128.png",
    "mse": 0.0007112720049917698,
    "psnr": 31.472177505493164,
    "ms-ssim": 0.9789566993713379,
    "bpp": 0.1946241134751773,
    "encoding_time": 0.5066559314727783,
    "decoding_time": 0.5300452709197998
}