{
    "image_name": "00009_TE_1976x1312.png",
    "mse": 0.007835222408175468,
    "psnr": 21.058828353881836,
    "ms-ssim": 0.965610682964325,
    "bpp": 0.35396711760639876,
    "encoding_time": 0.4879586696624756,
    "decoding_time": 0.7845044136047363
}