{
    "mean_loss": 0.23721837719501793,
    "mean_bpp": 0.23461853583874046,
    "mean_psnr": 28.062894582748413,
    "mean_msssim": 0.9740015864372253,
    "mean_msssim_dB": 15.850531521043134,
    "mean_enc_time": 0.7367648929357529,
    "mean_dec_time": 0.7982359230518341
}