{
    "image_name": "00001_TE_2096x1400.png",
    "mse": 0.002732360502704978,
    "psnr": 25.632631301879883,
    "ms-ssim": 0.9771170616149902,
    "bpp": 0.2635986913849509,
    "encoding_time": 0.6131408214569092,
    "decoding_time": 0.730804443359375
}