{
    "image_name": "00008_TE_1912x1272.png",
    "mse": 0.0016070312121883035,
    "psnr": 27.936275482177734,
    "ms-ssim": 0.9758493304252625,
    "bpp": 0.25696692192310727,
    "encoding_time": 0.7428405284881592,
    "decoding_time": 0.5493876934051514
}