{
    "image_name": "00006_TE_1544x1120.png",
    "mse": 0.0020908901933580637,
    "psnr": 26.794492721557617,
    "ms-ssim": 0.9823899269104004,
    "bpp": 0.21807920059215397,
    "encoding_time": 0.5254843235015869,
    "decoding_time": 0.46103930473327637
}