{
    "image_name": "00011_TE_1744x1160.png",
    "mse": 0.001953123603016138,
    "psnr": 27.090167999267578,
    "ms-ssim": 0.9712316393852234,
    "bpp": 0.3020088579563429,
    "encoding_time": 0.3853719234466553,
    "decoding_time": 0.4317646026611328
}