{
    "image_name": "00014_TE_3680x2456.png",
    "mse": 0.0010520239593461156,
    "psnr": 29.77471160888672,
    "ms-ssim": 0.9802958965301514,
    "bpp": 0.18017278005948165,
    "encoding_time": 1.6469030380249023,
    "decoding_time": 1.8753259181976318
}