{
    "image_name": "00005_TE_1336x872.png",
    "mse": 0.0013656608061864972,
    "psnr": 28.64279556274414,
    "ms-ssim": 0.9876424074172974,
    "bpp": 0.11176729110586167,
    "encoding_time": 0.45218992233276367,
    "decoding_time": 0.5673420429229736
}