{
    "image_name": "00009_TE_1976x1312.png",
    "mse": 0.007586049847304821,
    "psnr": 21.199195861816406,
    "ms-ssim": 0.9651124477386475,
    "bpp": 0.3372790559889405,
    "encoding_time": 0.5728585720062256,
    "decoding_time": 0.5106477737426758
}