{
    "image_name": "00015_TE_3680x2456.png",
    "mse": 0.0012921846937388182,
    "psnr": 28.882423400878906,
    "ms-ssim": 0.9838815927505493,
    "bpp": 0.1587523013737431,
    "encoding_time": 1.758354902267456,
    "decoding_time": 1.7465059757232666
}