{
    "image_name": "00007_TE_1472x976.png",
    "mse": 0.001333054038695991,
    "psnr": 28.74736213684082,
    "ms-ssim": 0.981071949005127,
    "bpp": 0.17894689950106915,
    "encoding_time": 0.3241555690765381,
    "decoding_time": 0.3305068016052246
}