{
    "image_name": "00004_TE_1808x1352.png",
    "mse": 0.002330757910385728,
    "psnr": 26.322721481323242,
    "ms-ssim": 0.9725143909454346,
    "bpp": 0.27538356809970155,
    "encoding_time": 0.7161283493041992,
    "decoding_time": 0.6421208381652832
}