{
    "image_name": "00002_TE_2144x1424.png",
    "mse": 0.0014283270575106144,
    "psnr": 28.447874069213867,
    "ms-ssim": 0.965362012386322,
    "bpp": 0.27426421264464196,
    "encoding_time": 0.693164587020874,
    "decoding_time": 0.7259583473205566
}