{
    "image_name": "00003_TE_1944x1296.png",
    "mse": 0.0010492861038073897,
    "psnr": 29.785945892333984,
    "ms-ssim": 0.980003297328949,
    "bpp": 0.18142559569171365,
    "encoding_time": 0.534834623336792,
    "decoding_time": 0.7501239776611328
}