{
    "image_name": "00012_TE_1512x2016.png",
    "mse": 0.0015245173126459122,
    "psnr": 28.16508674621582,
    "ms-ssim": 0.9640771746635437,
    "bpp": 0.3293965734441925,
    "encoding_time": 0.6916329860687256,
    "decoding_time": 0.6021993160247803
}