{
    "mean_loss": 0.11717479747541729,
    "mean_bpp": 0.11414085694501247,
    "mean_psnr": 29.96072862206436,
    "mean_msssim": 0.9696605946959519,
    "mean_msssim_dB": 15.179929362619305,
    "mean_enc_time": 0.7924868595309373,
    "mean_dec_time": 0.9702210484481439
}