{
    "image_name": "michael-durana-82941.png",
    "mse": 0.001416518702171743,
    "psnr": 28.483806610107422,
    "ms-ssim": 0.9743896722793579,
    "bpp": 0.08907967032967033,
    "encoding_time": 1.0634820461273193,
    "decoding_time": 1.0219507217407227
}