{
    "image_name": "ales-krivec-15949.png",
    "mse": 0.00039361213566735387,
    "psnr": 34.035160064697266,
    "ms-ssim": 0.983620822429657,
    "bpp": 0.07471853956228956,
    "encoding_time": 1.1597142219543457,
    "decoding_time": 0.7183973789215088
}