{
    "image_name": "benjamin-sloth-lindgreen-705.png",
    "mse": 0.0013734872918576002,
    "psnr": 28.61790657043457,
    "ms-ssim": 0.9648754596710205,
    "bpp": 0.14262820512820512,
    "encoding_time": 1.2258224487304688,
    "decoding_time": 1.0192954540252686
}