{
    "image_name": "felix-russell-saw-140699.png",
    "mse": 0.0005305251106619835,
    "psnr": 32.74372100830078,
    "ms-ssim": 0.9729570746421814,
    "bpp": 0.07998039696152903,
    "encoding_time": 0.6628906726837158,
    "decoding_time": 0.9555177688598633
}