{
    "image_name": "sergey-zolkin-21232.png",
    "mse": 0.00026745538343675435,
    "psnr": 35.706268310546875,
    "ms-ssim": 0.9837368726730347,
    "bpp": 0.04968028786708858,
    "encoding_time": 1.0781373977661133,
    "decoding_time": 0.7935256958007812
}