{
    "image_name": "lobostudio-hamburg-75377.png",
    "mse": 0.0005849155713804066,
    "psnr": 32.322200775146484,
    "ms-ssim": 0.9678217768669128,
    "bpp": 0.06540750915750916,
    "encoding_time": 0.8267834186553955,
    "decoding_time": 0.8150584697723389
}