{
    "image_name": "veeterzy-82537.png",
    "mse": 0.0014390458818525076,
    "psnr": 28.415422439575195,
    "ms-ssim": 0.9673513174057007,
    "bpp": 0.16145452049780382,
    "encoding_time": 0.6642708778381348,
    "decoding_time": 1.4630498886108398
}