{
    "image_name": "philippe-wuyts-45997.png",
    "mse": 0.0013502088841050863,
    "psnr": 28.69196319580078,
    "ms-ssim": 0.9592417478561401,
    "bpp": 0.1895241506984739,
    "encoding_time": 1.3421318531036377,
    "decoding_time": 1.2577598094940186
}