{
    "image_name": "allef-vinicius-109434.png",
    "mse": 0.0004447046376299113,
    "psnr": 33.5072021484375,
    "ms-ssim": 0.9623012542724609,
    "bpp": 0.06591117216117216,
    "encoding_time": 1.2938342094421387,
    "decoding_time": 1.2786920070648193
}