{
    "image_name": "amy-zhang-15940.png",
    "mse": 0.0014510583132505417,
    "psnr": 28.379554748535156,
    "ms-ssim": 0.9650813937187195,
    "bpp": 0.13922640094289082,
    "encoding_time": 0.4831666946411133,
    "decoding_time": 0.8858861923217773
}