{
    "image_name": "jared-erondu-21325.png",
    "mse": 0.0004885753733105958,
    "psnr": 33.0994758605957,
    "ms-ssim": 0.9729206562042236,
    "bpp": 0.08804945054945056,
    "encoding_time": 0.6066858768463135,
    "decoding_time": 1.0642116069793701
}