{
    "image_name": "roberto-nickson-48063.png",
    "mse": 0.0003853640810120851,
    "psnr": 34.12730407714844,
    "ms-ssim": 0.9806759357452393,
    "bpp": 0.05323946886446886,
    "encoding_time": 0.7552492618560791,
    "decoding_time": 1.0974318981170654
}