{
    "image_name": "juskteez-vu-1041.png",
    "mse": 0.0025981541257351637,
    "psnr": 25.851232528686523,
    "ms-ssim": 0.9459309577941895,
    "bpp": 0.2487903297259667,
    "encoding_time": 0.9642598628997803,
    "decoding_time": 0.775261402130127
}