{
    "image_name": "nomao-saeki-33553.png",
    "mse": 0.0004023272776976228,
    "psnr": 33.94055938720703,
    "ms-ssim": 0.9745585918426514,
    "bpp": 0.06730417276720352,
    "encoding_time": 0.8123059272766113,
    "decoding_time": 0.8559162616729736
}