{
    "image_name": "gian-reto-tarnutzer-45212.png",
    "mse": 0.0013755402760580182,
    "psnr": 28.611356735229492,
    "ms-ssim": 0.9596148729324341,
    "bpp": 0.18097627737226277,
    "encoding_time": 0.9360883235931396,
    "decoding_time": 0.8506436347961426
}