{
    "image_name": "vita-vilcina-3055.png",
    "mse": 0.0027980522718280554,
    "psnr": 25.529447555541992,
    "ms-ssim": 0.9824013113975525,
    "bpp": 0.10052910052910052,
    "encoding_time": 0.8499126434326172,
    "decoding_time": 1.0572500228881836
}