{
    "image_name": "paul-itkin-46101.png",
    "mse": 0.006192605011165142,
    "psnr": 22.080312728881836,
    "ms-ssim": 0.9720534086227417,
    "bpp": 0.13013245033112583,
    "encoding_time": 0.218766450881958,
    "decoding_time": 0.45235586166381836
}