{
    "image_name": "philipp-reiner-207.png",
    "mse": 0.0027082879096269608,
    "psnr": 25.671159744262695,
    "ms-ssim": 0.956706702709198,
    "bpp": 0.16777777777777778,
    "encoding_time": 1.1685712337493896,
    "decoding_time": 0.9734301567077637
}