{
    "image_name": "kazuend-28556.png",
    "mse": 0.0002176973212044686,
    "psnr": 36.596195220947266,
    "ms-ssim": 0.985135018825531,
    "bpp": 0.049336080586080584,
    "encoding_time": 0.7866780757904053,
    "decoding_time": 1.2855818271636963
}