{
    "image_name": "sergey-zolkin-1045.png",
    "mse": 0.0008709048270247877,
    "psnr": 30.59398651123047,
    "ms-ssim": 0.9767656326293945,
    "bpp": 0.0929945054945055,
    "encoding_time": 1.257293939590454,
    "decoding_time": 0.8175806999206543
}