{
    "image_name": "todd-quackenbush-222.png",
    "mse": 0.0030400806572288275,
    "psnr": 25.169261932373047,
    "ms-ssim": 0.9505618810653687,
    "bpp": 0.16350291065553024,
    "encoding_time": 0.218062162399292,
    "decoding_time": 0.12485814094543457
}