{
    "image_name": "alberto-montalesi-176097.png",
    "mse": 0.00037494281423278153,
    "psnr": 34.245887756347656,
    "ms-ssim": 0.9640854597091675,
    "bpp": 0.0740668561995598,
    "encoding_time": 0.9768507480621338,
    "decoding_time": 1.3223729133605957
}