{
    "image_name": "zugr-108.png",
    "mse": 0.0004189856699667871,
    "psnr": 33.76472473144531,
    "ms-ssim": 0.9855012893676758,
    "bpp": 0.06287774725274725,
    "encoding_time": 1.02396821975708,
    "decoding_time": 1.1171092987060547
}