{
    "image_name": "wojciech-szaturski-3611.png",
    "mse": 0.0017118386458605528,
    "psnr": 27.662033081054688,
    "ms-ssim": 0.9682092666625977,
    "bpp": 0.12377965908659504,
    "encoding_time": 0.6419034004211426,
    "decoding_time": 0.8141434192657471
}