{
    "image_name": "alejandro-escamilla-6.png",
    "mse": 0.0012651091674342752,
    "psnr": 28.974573135375977,
    "ms-ssim": 0.9764742851257324,
    "bpp": 0.0857916355489171,
    "encoding_time": 0.8315439224243164,
    "decoding_time": 1.0815339088439941
}