{
    "image_name": "daniel-robert-405.png",
    "mse": 0.0018933395622298121,
    "psnr": 27.224681854248047,
    "ms-ssim": 0.961746096611023,
    "bpp": 0.15613270142180094,
    "encoding_time": 0.48574280738830566,
    "decoding_time": 0.43161439895629883
}