{
    "image_name": "martyn-seddon-220.png",
    "mse": 0.0008170711807906628,
    "psnr": 30.87059211730957,
    "ms-ssim": 0.96364825963974,
    "bpp": 0.1455242673992674,
    "encoding_time": 0.6130938529968262,
    "decoding_time": 1.1996238231658936
}