{
    "image_name": "schicka-307.png",
    "mse": 0.0004830963152926415,
    "psnr": 33.1484375,
    "ms-ssim": 0.9751497507095337,
    "bpp": 0.08219401041666667,
    "encoding_time": 0.24906253814697266,
    "decoding_time": 0.4802861213684082
}