{
    "image_name": "andrew-ruiz-376.png",
    "mse": 0.0011611353838816285,
    "psnr": 29.34650993347168,
    "ms-ssim": 0.9754650592803955,
    "bpp": 0.11345058780308596,
    "encoding_time": 0.6979429721832275,
    "decoding_time": 1.1521680355072021
}