{
    "image_name": "jeremy-cai-1174.png",
    "mse": 0.0009574413415975869,
    "psnr": 30.183143615722656,
    "ms-ssim": 0.9847788214683533,
    "bpp": 0.0915458609944452,
    "encoding_time": 0.5559442043304443,
    "decoding_time": 1.1366760730743408
}