{
    "image_name": "thong-vo-428.png",
    "mse": 0.002469523111358285,
    "psnr": 26.07151222229004,
    "ms-ssim": 0.9607698321342468,
    "bpp": 0.16699246915558405,
    "encoding_time": 0.40784335136413574,
    "decoding_time": 0.6989960670471191
}