{
    "image_name": "martin-wessely-211.png",
    "mse": 0.0034849904477596283,
    "psnr": 24.57630729675293,
    "ms-ssim": 0.9373606443405151,
    "bpp": 0.22802083333333334,
    "encoding_time": 0.26399731636047363,
    "decoding_time": 0.2572605609893799
}