{
    "image_name": "stefan-kunze-26931.png",
    "mse": 0.0012780525721609592,
    "psnr": 28.93033218383789,
    "ms-ssim": 0.9691948890686035,
    "bpp": 0.130783650329188,
    "encoding_time": 0.7645905017852783,
    "decoding_time": 1.4270155429840088
}