{
    "image_name": "todd-quackenbush-27493.png",
    "mse": 0.00048238164163194597,
    "psnr": 33.154720306396484,
    "ms-ssim": 0.9862374067306519,
    "bpp": 0.05676730396902226,
    "encoding_time": 0.5849554538726807,
    "decoding_time": 1.0338830947875977
}