{
    "mean_loss": 0.356609955068012,
    "mean_bpp": 0.356576888888889,
    "mean_psnr": 35.285873641967775,
    "mean_msssim": 0.9820030015707016,
    "mean_msssim_dB": 17.4479992124626,
    "mean_enc_time": 0.4012783050537109,
    "mean_dec_time": 0.43713549137115476
}