{
    "image_name": "RGB_OR_1200x1200_035.png",
    "mse": 0.00035078159999102354,
    "psnr": 34.53378677368164,
    "ms-ssim": 0.9857644438743591,
    "bpp": 0.4145111111111111,
    "encoding_time": 0.6606404781341553,
    "decoding_time": 0.30910730361938477
}