{
    "image_name": "RGB_OR_1200x1200_046.png",
    "mse": 0.000478950358228758,
    "psnr": 33.186553955078125,
    "ms-ssim": 0.9783294200897217,
    "bpp": 0.48631111111111114,
    "encoding_time": 0.47144532203674316,
    "decoding_time": 0.3857390880584717
}