{
    "image_name": "RGB_OR_1200x1200_056.png",
    "mse": 0.00015295780031010509,
    "psnr": 38.11943435668945,
    "ms-ssim": 0.9817714691162109,
    "bpp": 0.15044444444444444,
    "encoding_time": 0.6554369926452637,
    "decoding_time": 0.5078089237213135
}