{
    "image_name": "RGB_OR_1200x1200_049.png",
    "mse": 0.0002497210225556046,
    "psnr": 36.005435943603516,
    "ms-ssim": 0.9895243048667908,
    "bpp": 0.332,
    "encoding_time": 0.30327653884887695,
    "decoding_time": 0.8037996292114258
}