{
    "image_name": "RGB_OR_1200x1200_068.png",
    "mse": 0.00018345077114645392,
    "psnr": 37.34961700439453,
    "ms-ssim": 0.9906982779502869,
    "bpp": 0.2063111111111111,
    "encoding_time": 0.3234281539916992,
    "decoding_time": 0.40898585319519043
}