{
    "image_name": "RGB_OR_1200x1200_036.png",
    "mse": 9.506489732302725e-05,
    "psnr": 40.164085388183594,
    "ms-ssim": 0.9834201335906982,
    "bpp": 0.08493333333333333,
    "encoding_time": 0.3685150146484375,
    "decoding_time": 0.4589822292327881
}