{
    "image_name": "RGB_OR_1200x1200_067.png",
    "mse": 0.0003309701569378376,
    "psnr": 34.78574752807617,
    "ms-ssim": 0.9756023287773132,
    "bpp": 0.26597777777777776,
    "encoding_time": 0.34367847442626953,
    "decoding_time": 0.3698854446411133
}