{
    "image_name": "RGB_OR_1200x1200_064.png",
    "mse": 0.00036125071346759796,
    "psnr": 34.40771484375,
    "ms-ssim": 0.9869582653045654,
    "bpp": 0.44582222222222223,
    "encoding_time": 0.45721888542175293,
    "decoding_time": 0.3201625347137451
}