{
    "image_name": "RGB_OR_1200x1200_024.png",
    "mse": 0.0005198988947086036,
    "psnr": 32.830501556396484,
    "ms-ssim": 0.9862984418869019,
    "bpp": 0.7589777777777778,
    "encoding_time": 0.4003331661224365,
    "decoding_time": 0.3490869998931885
}