{
    "image_name": "RGB_OR_1200x1200_058.png",
    "mse": 0.00034817613777704537,
    "psnr": 34.566810607910156,
    "ms-ssim": 0.9868249297142029,
    "bpp": 0.3173111111111111,
    "encoding_time": 0.3073580265045166,
    "decoding_time": 0.46448731422424316
}