{
    "image_name": "RGB_OR_1200x1200_022.png",
    "mse": 0.00026840477949008346,
    "psnr": 35.692100524902344,
    "ms-ssim": 0.9775313138961792,
    "bpp": 0.25555555555555554,
    "encoding_time": 0.2905590534210205,
    "decoding_time": 0.352949857711792
}