{
    "image_name": "RGB_OR_1200x1200_057.png",
    "mse": 0.00021104596089571714,
    "psnr": 36.73002243041992,
    "ms-ssim": 0.9738630652427673,
    "bpp": 0.15744444444444444,
    "encoding_time": 0.35550355911254883,
    "decoding_time": 0.34252214431762695
}