{
    "image_name": "RGB_OR_1200x1200_077.png",
    "mse": 0.0004589328309521079,
    "psnr": 33.37059020996094,
    "ms-ssim": 0.9284002184867859,
    "bpp": 0.1446,
    "encoding_time": 0.6438171863555908,
    "decoding_time": 0.45296549797058105
}