{
    "image_name": "RGB_OR_1200x1200_019.png",
    "mse": 0.00039755264879204333,
    "psnr": 33.9925422668457,
    "ms-ssim": 0.9810649156570435,
    "bpp": 0.3174444444444444,
    "encoding_time": 0.3923349380493164,
    "decoding_time": 0.66221022605896
}