{
    "image_name": "RGB_OR_1200x1200_004.png",
    "mse": 0.00014629038923885673,
    "psnr": 38.311641693115234,
    "ms-ssim": 0.9804214835166931,
    "bpp": 0.1308888888888889,
    "encoding_time": 0.5292801856994629,
    "decoding_time": 0.3379061222076416
}