{
    "image_name": "RGB_OR_1200x1200_096.png",
    "mse": 0.0003196989418938756,
    "psnr": 34.93645095825195,
    "ms-ssim": 0.9618134498596191,
    "bpp": 0.1625111111111111,
    "encoding_time": 0.36939573287963867,
    "decoding_time": 0.5122091770172119
}