{
    "image_name": "RGB_OR_1200x1200_031.png",
    "mse": 0.0003747658629436046,
    "psnr": 34.24835205078125,
    "ms-ssim": 0.9867615699768066,
    "bpp": 0.41035555555555553,
    "encoding_time": 0.45878028869628906,
    "decoding_time": 0.6345789432525635
}