{
    "image_name": "RGB_OR_1200x1200_053.png",
    "mse": 0.00012877040717285126,
    "psnr": 38.858821868896484,
    "ms-ssim": 0.9926460981369019,
    "bpp": 0.17306666666666667,
    "encoding_time": 0.33156347274780273,
    "decoding_time": 0.36415576934814453
}