{
    "image_name": "RGB_OR_1200x1200_087.png",
    "mse": 0.0007233283249661326,
    "psnr": 31.398691177368164,
    "ms-ssim": 0.9841734170913696,
    "bpp": 0.9208888888888889,
    "encoding_time": 0.3966944217681885,
    "decoding_time": 0.38883447647094727
}