{
    "image_name": "RGB_OR_1200x1200_089.png",
    "mse": 0.0004038871848024428,
    "psnr": 33.92406463623047,
    "ms-ssim": 0.9741570353507996,
    "bpp": 0.43033333333333335,
    "encoding_time": 0.3291645050048828,
    "decoding_time": 0.34467244148254395
}