{
    "image_name": "RGB_OR_1200x1200_066.png",
    "mse": 0.00027193198911845684,
    "psnr": 35.63529968261719,
    "ms-ssim": 0.98663330078125,
    "bpp": 0.24886666666666668,
    "encoding_time": 0.32098388671875,
    "decoding_time": 0.49877119064331055
}