{
    "image_name": "RGB_OR_1200x1200_080.png",
    "mse": 0.00020191674411762506,
    "psnr": 36.923126220703125,
    "ms-ssim": 0.9803492426872253,
    "bpp": 0.16357777777777777,
    "encoding_time": 0.5150711536407471,
    "decoding_time": 0.5581960678100586
}