{
    "image_name": "RGB_OR_1200x1200_045.png",
    "mse": 0.0002477113448549062,
    "psnr": 36.0402717590332,
    "ms-ssim": 0.9845272302627563,
    "bpp": 0.2374888888888889,
    "encoding_time": 0.3084897994995117,
    "decoding_time": 0.45902276039123535
}