{
    "image_name": "RGB_OR_1200x1200_038.png",
    "mse": 0.00017867136921267956,
    "psnr": 37.45014953613281,
    "ms-ssim": 0.9858528971672058,
    "bpp": 0.19468888888888888,
    "encoding_time": 0.5771353244781494,
    "decoding_time": 0.31314635276794434
}