{
    "image_name": "RGB_OR_1200x1200_043.png",
    "mse": 0.0005604906473308802,
    "psnr": 32.504703521728516,
    "ms-ssim": 0.9779776334762573,
    "bpp": 0.6950444444444445,
    "encoding_time": 0.40657591819763184,
    "decoding_time": 0.6682066917419434
}