{
    "image_name": "RGB_OR_1200x1200_059.png",
    "mse": 0.0006981201586313546,
    "psnr": 31.553760528564453,
    "ms-ssim": 0.9840641021728516,
    "bpp": 0.9567333333333333,
    "encoding_time": 0.4967517852783203,
    "decoding_time": 0.3850703239440918
}