{
    "image_name": "RGB_OR_1200x1200_075.png",
    "mse": 0.00024256514734588563,
    "psnr": 36.130577087402344,
    "ms-ssim": 0.9760799407958984,
    "bpp": 0.25593333333333335,
    "encoding_time": 0.4487917423248291,
    "decoding_time": 0.4250826835632324
}