{
    "image_name": "RGB_OR_1200x1200_069.png",
    "mse": 0.0003042310127057135,
    "psnr": 35.150146484375,
    "ms-ssim": 0.9874417781829834,
    "bpp": 0.37544444444444447,
    "encoding_time": 0.4448535442352295,
    "decoding_time": 0.3719472885131836
}