{
    "image_name": "RGB_OR_1200x1200_065.png",
    "mse": 0.00043134423322044313,
    "psnr": 33.63957214355469,
    "ms-ssim": 0.9791881442070007,
    "bpp": 0.5003111111111112,
    "encoding_time": 0.3718230724334717,
    "decoding_time": 0.562049150466919
}