{
    "image_name": "RGB_OR_1200x1200_073.png",
    "mse": 0.0001422404166078195,
    "psnr": 38.436405181884766,
    "ms-ssim": 0.9842196702957153,
    "bpp": 0.12244444444444444,
    "encoding_time": 0.30190157890319824,
    "decoding_time": 0.4849123954772949
}