{
    "image_name": "RGB_OR_1200x1200_088.png",
    "mse": 0.00030094015528447926,
    "psnr": 35.197723388671875,
    "ms-ssim": 0.9842758178710938,
    "bpp": 0.34413333333333335,
    "encoding_time": 0.46657657623291016,
    "decoding_time": 0.588524580001831
}