{
    "image_name": "RGB_OR_1200x1200_032.png",
    "mse": 0.0005590058281086385,
    "psnr": 32.5164680480957,
    "ms-ssim": 0.9791260957717896,
    "bpp": 0.5398888888888889,
    "encoding_time": 0.32453060150146484,
    "decoding_time": 0.43392348289489746
}