{
    "image_name": "RGB_OR_1200x1200_074.png",
    "mse": 0.00021276954794302583,
    "psnr": 36.69635772705078,
    "ms-ssim": 0.9649158716201782,
    "bpp": 0.11444444444444445,
    "encoding_time": 0.3906271457672119,
    "decoding_time": 0.28980422019958496
}