{
    "image_name": "RGB_OR_1200x1200_034.png",
    "mse": 0.0001862731296569109,
    "psnr": 37.26972198486328,
    "ms-ssim": 0.9868043661117554,
    "bpp": 0.21715555555555555,
    "encoding_time": 0.32730889320373535,
    "decoding_time": 0.4726095199584961
}