{
    "image_name": "RGB_OR_1200x1200_076.png",
    "mse": 0.00018151639960706234,
    "psnr": 37.37989807128906,
    "ms-ssim": 0.9842297434806824,
    "bpp": 0.18102222222222222,
    "encoding_time": 0.4864940643310547,
    "decoding_time": 0.4024636745452881
}