{
    "image_name": "RGB_OR_1200x1200_092.png",
    "mse": 0.00017256507999263704,
    "psnr": 37.59885787963867,
    "ms-ssim": 0.9728718996047974,
    "bpp": 0.11617777777777778,
    "encoding_time": 0.43970346450805664,
    "decoding_time": 0.30840468406677246
}