{
    "image_name": "RGB_OR_1200x1200_055.png",
    "mse": 0.00025278140674345195,
    "psnr": 35.95065689086914,
    "ms-ssim": 0.9892247915267944,
    "bpp": 0.33695555555555556,
    "encoding_time": 0.3429555892944336,
    "decoding_time": 0.39910030364990234
}