{
    "image_name": "RGB_OR_1200x1200_017.png",
    "mse": 0.0003353510401211679,
    "psnr": 34.72825241088867,
    "ms-ssim": 0.9869982600212097,
    "bpp": 0.4053555555555556,
    "encoding_time": 0.3812084197998047,
    "decoding_time": 0.3770277500152588
}