{
    "image_name": "RGB_OR_1200x1200_041.png",
    "mse": 0.0003339019895065576,
    "psnr": 34.748695373535156,
    "ms-ssim": 0.9827594757080078,
    "bpp": 0.34304444444444443,
    "encoding_time": 0.7609024047851562,
    "decoding_time": 0.3976454734802246
}