{
    "image_name": "RGB_OR_1200x1200_008.png",
    "mse": 0.0004198569222353399,
    "psnr": 33.756004333496094,
    "ms-ssim": 0.9803118705749512,
    "bpp": 0.41073333333333334,
    "encoding_time": 0.30344724655151367,
    "decoding_time": 0.3545830249786377
}