{
    "image_name": "RGB_OR_1200x1200_091.png",
    "mse": 0.00021556862338911742,
    "psnr": 36.643192291259766,
    "ms-ssim": 0.9914134740829468,
    "bpp": 0.26682222222222224,
    "encoding_time": 0.39625048637390137,
    "decoding_time": 0.4497339725494385
}