{
    "image_name": "RGB_OR_1200x1200_026.png",
    "mse": 0.0005275305593386292,
    "psnr": 32.76731872558594,
    "ms-ssim": 0.987241268157959,
    "bpp": 0.7589111111111111,
    "encoding_time": 0.41544294357299805,
    "decoding_time": 0.44000959396362305
}