{
    "image_name": "RGB_OR_1200x1200_085.png",
    "mse": 0.0003458531864453107,
    "psnr": 34.59566879272461,
    "ms-ssim": 0.9713897705078125,
    "bpp": 0.2819111111111111,
    "encoding_time": 0.48177409172058105,
    "decoding_time": 0.7619462013244629
}