{
    "image_name": "RGB_OR_1200x1200_071.png",
    "mse": 0.0002238286251667887,
    "psnr": 36.47682189941406,
    "ms-ssim": 0.9823590517044067,
    "bpp": 0.2000888888888889,
    "encoding_time": 0.44893956184387207,
    "decoding_time": 0.3548398017883301
}