{
    "image_name": "RGB_OR_1200x1200_062.png",
    "mse": 0.0007327414932660758,
    "psnr": 31.34332847595215,
    "ms-ssim": 0.9819988012313843,
    "bpp": 0.8626444444444444,
    "encoding_time": 0.4241504669189453,
    "decoding_time": 0.597771406173706
}