{
    "image_name": "RGB_OR_1200x1200_082.png",
    "mse": 0.0007138752844184637,
    "psnr": 31.456111907958984,
    "ms-ssim": 0.9741809368133545,
    "bpp": 0.7032222222222222,
    "encoding_time": 0.36862730979919434,
    "decoding_time": 0.5604095458984375
}