{
    "image_name": "RGB_OR_1200x1200_039.png",
    "mse": 0.0003433701931498945,
    "psnr": 34.626869201660156,
    "ms-ssim": 0.9796838760375977,
    "bpp": 0.3799777777777778,
    "encoding_time": 0.26868534088134766,
    "decoding_time": 0.3350834846496582
}