{
    "image_name": "RGB_OR_1200x1200_023.png",
    "mse": 0.00039337793714366853,
    "psnr": 34.037994384765625,
    "ms-ssim": 0.9861783385276794,
    "bpp": 0.4527555555555556,
    "encoding_time": 0.34676194190979004,
    "decoding_time": 0.35722947120666504
}