{
    "image_name": "RGB_OR_1200x1200_050.png",
    "mse": 0.00032424714299850166,
    "psnr": 34.8751106262207,
    "ms-ssim": 0.9790340662002563,
    "bpp": 0.31306666666666666,
    "encoding_time": 0.4822070598602295,
    "decoding_time": 0.39387083053588867
}