{
    "image_name": "RGB_OR_1200x1200_030.png",
    "mse": 0.0005158665007911623,
    "psnr": 32.863887786865234,
    "ms-ssim": 0.9817001223564148,
    "bpp": 0.5081777777777777,
    "encoding_time": 0.3184633255004883,
    "decoding_time": 0.640688419342041
}