{
    "image_name": "RGB_OR_1200x1200_028.png",
    "mse": 0.0001342298783129081,
    "psnr": 38.68107986450195,
    "ms-ssim": 0.9852742552757263,
    "bpp": 0.14124444444444445,
    "encoding_time": 0.4423048496246338,
    "decoding_time": 0.37221407890319824
}