{
    "image_name": "RGB_OR_1200x1200_005.png",
    "mse": 0.0003008874482475221,
    "psnr": 35.19812774658203,
    "ms-ssim": 0.9815074801445007,
    "bpp": 0.3445111111111111,
    "encoding_time": 0.4334888458251953,
    "decoding_time": 0.4990715980529785
}