{
    "image_name": "RGB_OR_1200x1200_002.png",
    "mse": 0.0001035987152135931,
    "psnr": 39.79447937011719,
    "ms-ssim": 0.9861356616020203,
    "bpp": 0.1144,
    "encoding_time": 0.5708835124969482,
    "decoding_time": 0.3693993091583252
}