{
    "image_name": "RGB_OR_1200x1200_003.png",
    "mse": 0.0002819883811753243,
    "psnr": 35.47809982299805,
    "ms-ssim": 0.9853588938713074,
    "bpp": 0.2842222222222222,
    "encoding_time": 0.3368854522705078,
    "decoding_time": 0.2854337692260742
}