{
    "image_name": "RGB_OR_1200x1200_015.png",
    "mse": 9.16860590223223e-05,
    "psnr": 40.31801986694336,
    "ms-ssim": 0.9904106855392456,
    "bpp": 0.10388888888888889,
    "encoding_time": 0.4169583320617676,
    "decoding_time": 0.7134733200073242
}