{
    "image_name": "RGB_OR_1200x1200_093.png",
    "mse": 0.00020336273883003742,
    "psnr": 36.8965950012207,
    "ms-ssim": 0.9861049652099609,
    "bpp": 0.21462222222222221,
    "encoding_time": 0.4770529270172119,
    "decoding_time": 0.38716602325439453
}