{
    "image_name": "RGB_OR_1200x1200_006.png",
    "mse": 0.0004001067718490958,
    "psnr": 33.96498107910156,
    "ms-ssim": 0.9471625089645386,
    "bpp": 0.12002222222222222,
    "encoding_time": 0.46305131912231445,
    "decoding_time": 0.28863954544067383
}