{
    "image_name": "RGB_OR_1200x1200_081.png",
    "mse": 0.0002885149442590773,
    "psnr": 35.37950897216797,
    "ms-ssim": 0.9888727068901062,
    "bpp": 0.3312,
    "encoding_time": 0.3443894386291504,
    "decoding_time": 0.8242580890655518
}