{
    "image_name": "RGB_OR_1200x1200_009.png",
    "mse": 0.0001335710403509438,
    "psnr": 38.70342254638672,
    "ms-ssim": 0.9895753860473633,
    "bpp": 0.15475555555555556,
    "encoding_time": 0.2975916862487793,
    "decoding_time": 0.37726354598999023
}