{
    "image_name": "RGB_OR_1200x1200_095.png",
    "mse": 0.000727652630303055,
    "psnr": 31.37346076965332,
    "ms-ssim": 0.9791824817657471,
    "bpp": 0.8653777777777778,
    "encoding_time": 0.44190096855163574,
    "decoding_time": 0.4602086544036865
}