{
    "image_name": "RGB_OR_1200x1200_020.png",
    "mse": 0.0004969026194885373,
    "psnr": 33.02650451660156,
    "ms-ssim": 0.9736868739128113,
    "bpp": 0.44404444444444446,
    "encoding_time": 0.4744539260864258,
    "decoding_time": 0.3735313415527344
}