{
    "image_name": "RGB_OR_1200x1200_054.png",
    "mse": 0.00029240999720059335,
    "psnr": 35.324302673339844,
    "ms-ssim": 0.9858230352401733,
    "bpp": 0.33355555555555555,
    "encoding_time": 0.33466291427612305,
    "decoding_time": 0.35447263717651367
}