{
    "image_name": "RGB_OR_1200x1200_051.png",
    "mse": 0.00019655533833429217,
    "psnr": 37.03755187988281,
    "ms-ssim": 0.9812281131744385,
    "bpp": 0.19026666666666667,
    "encoding_time": 0.37094831466674805,
    "decoding_time": 0.5305845737457275
}