{
    "image_name": "RGB_OR_1200x1200_079.png",
    "mse": 0.0002459490788169205,
    "psnr": 36.06953048706055,
    "ms-ssim": 0.9940969347953796,
    "bpp": 0.3504,
    "encoding_time": 0.3150479793548584,
    "decoding_time": 0.4750206470489502
}