{
    "image_name": "RGB_OR_1200x1200_086.png",
    "mse": 0.0006499506998807192,
    "psnr": 31.86302375793457,
    "ms-ssim": 0.9675399661064148,
    "bpp": 0.6109333333333333,
    "encoding_time": 0.2884531021118164,
    "decoding_time": 0.40772485733032227
}