{
    "image_name": "RGB_OR_1200x1200_033.png",
    "mse": 0.00036013423232361674,
    "psnr": 34.420387268066406,
    "ms-ssim": 0.9805853366851807,
    "bpp": 0.427,
    "encoding_time": 0.43292975425720215,
    "decoding_time": 0.47652316093444824
}