{
    "image_name": "RGB_OR_1200x1200_097.png",
    "mse": 0.00025789704523049295,
    "psnr": 35.865116119384766,
    "ms-ssim": 0.9928936958312988,
    "bpp": 0.29104444444444444,
    "encoding_time": 0.4880666732788086,
    "decoding_time": 0.3389604091644287
}