{
    "image_name": "RGB_OR_1200x1200_072.png",
    "mse": 0.0003798680263571441,
    "psnr": 34.18910217285156,
    "ms-ssim": 0.9881522059440613,
    "bpp": 0.5381333333333334,
    "encoding_time": 0.31133532524108887,
    "decoding_time": 0.39206981658935547
}