{
    "image_name": "RGB_OR_1200x1200_083.png",
    "mse": 0.0002163904719054699,
    "psnr": 36.62235641479492,
    "ms-ssim": 0.9885199069976807,
    "bpp": 0.23428888888888888,
    "encoding_time": 0.29847192764282227,
    "decoding_time": 0.43724966049194336
}