{
    "image_name": "RGB_OR_1200x1200_027.png",
    "mse": 0.0003347323799971491,
    "psnr": 34.737064361572266,
    "ms-ssim": 0.9825200438499451,
    "bpp": 0.38255555555555554,
    "encoding_time": 0.333280086517334,
    "decoding_time": 0.351456880569458
}