{
    "image_name": "RGB_OR_1200x1200_016.png",
    "mse": 0.0006019009160809219,
    "psnr": 32.19561004638672,
    "ms-ssim": 0.9841333627700806,
    "bpp": 0.7747777777777778,
    "encoding_time": 0.2985224723815918,
    "decoding_time": 0.44464898109436035
}