{
    "image_name": "RGB_OR_1200x1200_029.png",
    "mse": 0.0002553566300775856,
    "psnr": 35.907432556152344,
    "ms-ssim": 0.9821316599845886,
    "bpp": 0.26926666666666665,
    "encoding_time": 0.3935840129852295,
    "decoding_time": 0.3192107677459717
}