{
    "image_name": "RGB_OR_1200x1200_094.png",
    "mse": 0.0003568711690604687,
    "psnr": 34.45996856689453,
    "ms-ssim": 0.9889019727706909,
    "bpp": 0.4983111111111111,
    "encoding_time": 0.3297460079193115,
    "decoding_time": 0.34127235412597656
}