{
    "image_name": "RGB_OR_1200x1200_084.png",
    "mse": 0.00011033076589228585,
    "psnr": 39.52482604980469,
    "ms-ssim": 0.9785734415054321,
    "bpp": 0.08304444444444445,
    "encoding_time": 0.31447458267211914,
    "decoding_time": 0.33905458450317383
}