{
    "image_name": "RGB_OR_1200x1200_037.png",
    "mse": 0.00026171389617957175,
    "psnr": 35.8008918762207,
    "ms-ssim": 0.9789897203445435,
    "bpp": 0.2734666666666667,
    "encoding_time": 0.5612971782684326,
    "decoding_time": 0.3308427333831787
}