{
    "image_name": "RGB_OR_1200x1200_098.png",
    "mse": 0.0006172378780320287,
    "psnr": 32.087059020996094,
    "ms-ssim": 0.988777756690979,
    "bpp": 0.8372,
    "encoding_time": 0.3788478374481201,
    "decoding_time": 0.3603811264038086
}