{
    "image_name": "RGB_OR_1200x1200_052.png",
    "mse": 0.0002916640951298177,
    "psnr": 35.332420349121094,
    "ms-ssim": 0.9879413843154907,
    "bpp": 0.38,
    "encoding_time": 0.28056764602661133,
    "decoding_time": 0.34072160720825195
}