{
    "image_name": "RGB_OR_1200x1200_061.png",
    "mse": 0.0005888227024115622,
    "psnr": 32.291099548339844,
    "ms-ssim": 0.9842891097068787,
    "bpp": 0.6182222222222222,
    "encoding_time": 0.4511833190917969,
    "decoding_time": 0.39563655853271484
}