{
    "image_name": "RGB_OR_1200x1200_025.png",
    "mse": 0.00018441578140482306,
    "psnr": 37.312599182128906,
    "ms-ssim": 0.9859163165092468,
    "bpp": 0.19146666666666667,
    "encoding_time": 0.3067188262939453,
    "decoding_time": 0.5288689136505127
}