{
    "image_name": "RGB_OR_1200x1200_048.png",
    "mse": 0.0005193299148231745,
    "psnr": 32.834999084472656,
    "ms-ssim": 0.9813646674156189,
    "bpp": 0.5946222222222223,
    "encoding_time": 0.3021211624145508,
    "decoding_time": 0.47319507598876953
}