{
    "image_name": "RGB_OR_1200x1200_011.png",
    "mse": 0.00038274345570243895,
    "psnr": 34.1573371887207,
    "ms-ssim": 0.9865196943283081,
    "bpp": 0.5616444444444444,
    "encoding_time": 0.36817336082458496,
    "decoding_time": 0.3506927490234375
}