{
    "image_name": "RGB_OR_1200x1200_100.png",
    "mse": 0.00010353588731959462,
    "psnr": 39.81775665283203,
    "ms-ssim": 0.9849005937576294,
    "bpp": 0.10855555555555556,
    "encoding_time": 0.4125344753265381,
    "decoding_time": 0.3272106647491455
}