{
    "image_name": "RGB_OR_1200x1200_010.png",
    "mse": 0.0003137663588859141,
    "psnr": 35.01667785644531,
    "ms-ssim": 0.9771178960800171,
    "bpp": 0.2803777777777778,
    "encoding_time": 0.3376293182373047,
    "decoding_time": 0.4395616054534912
}