{
    "image_name": "RGB_OR_1200x1200_044.png",
    "mse": 0.0002829293080139905,
    "psnr": 35.465003967285156,
    "ms-ssim": 0.9748620986938477,
    "bpp": 0.27126666666666666,
    "encoding_time": 0.2994256019592285,
    "decoding_time": 0.4377713203430176
}