{
    "image_name": "RGB_OR_1200x1200_070.png",
    "mse": 0.000302781438222155,
    "psnr": 35.17047882080078,
    "ms-ssim": 0.9649430513381958,
    "bpp": 0.24526666666666666,
    "encoding_time": 0.37706446647644043,
    "decoding_time": 0.5547246932983398
}