{
    "image_name": "RGB_OR_1200x1200_001.png",
    "mse": 0.00019990191503893584,
    "psnr": 36.96485137939453,
    "ms-ssim": 0.9908339381217957,
    "bpp": 0.24606666666666666,
    "encoding_time": 0.29385828971862793,
    "decoding_time": 0.37382960319519043
}