{
    "image_name": "RGB_OR_1200x1200_014.png",
    "mse": 0.0002085012529278174,
    "psnr": 36.78356170654297,
    "ms-ssim": 0.9897381663322449,
    "bpp": 0.23908888888888888,
    "encoding_time": 0.33930182456970215,
    "decoding_time": 0.6942143440246582
}