{
    "image_name": "RGB_OR_1200x1200_090.png",
    "mse": 0.0006392719806171954,
    "psnr": 31.934696197509766,
    "ms-ssim": 0.9823907613754272,
    "bpp": 0.6560444444444444,
    "encoding_time": 0.661564826965332,
    "decoding_time": 0.3605153560638428
}