{
    "mean_loss": 0.5201011418468423,
    "mean_bpp": 0.5190599229600695,
    "mean_psnr": 30.15961464246114,
    "mean_msssim": 0.9895878111322721,
    "mean_msssim_dB": 19.824579627806177,
    "mean_enc_time": 0.15737797816594443,
    "mean_dec_time": 0.14871558547019958
}