{
    "image_name": "23.png",
    "mse": 0.00040438599535264075,
    "psnr": 33.91856384277344,
    "ms-ssim": 0.9919173717498779,
    "bpp": 0.319091796875,
    "encoding_time": 0.38396310806274414,
    "decoding_time": 0.221574068069458
}