{
    "image_name": "17.png",
    "mse": 0.0005986851756460965,
    "psnr": 32.21845626831055,
    "ms-ssim": 0.9910652041435242,
    "bpp": 0.4210611979166667,
    "encoding_time": 0.1089169979095459,
    "decoding_time": 0.10566401481628418
}