{
    "image_name": "21.png",
    "mse": 0.0012186315143480897,
    "psnr": 29.136781692504883,
    "ms-ssim": 0.9890057444572449,
    "bpp": 0.4864095052083333,
    "encoding_time": 0.21549654006958008,
    "decoding_time": 0.13000965118408203
}