{
    "image_name": "9.png",
    "mse": 0.0006091257091611624,
    "psnr": 32.144039154052734,
    "ms-ssim": 0.9903494119644165,
    "bpp": 0.3412272135416667,
    "encoding_time": 0.11808609962463379,
    "decoding_time": 0.12031126022338867
}