{
    "image_name": "12.png",
    "mse": 0.0006947278161533177,
    "psnr": 31.573896408081055,
    "ms-ssim": 0.9903268218040466,
    "bpp": 0.4551595052083333,
    "encoding_time": 0.21638154983520508,
    "decoding_time": 0.2644498348236084
}