{
    "image_name": "6.png",
    "mse": 0.0012948899529874325,
    "psnr": 28.873340606689453,
    "ms-ssim": 0.989320695400238,
    "bpp": 0.587646484375,
    "encoding_time": 0.22803807258605957,
    "decoding_time": 0.15609502792358398
}