{
    "image_name": "22.png",
    "mse": 0.000776860339101404,
    "psnr": 31.089725494384766,
    "ms-ssim": 0.987125039100647,
    "bpp": 0.6397298177083334,
    "encoding_time": 0.13628578186035156,
    "decoding_time": 0.26762962341308594
}