{
    "image_name": "15.png",
    "mse": 0.0008804516983218491,
    "psnr": 30.54649543762207,
    "ms-ssim": 0.9896129369735718,
    "bpp": 0.4305826822916667,
    "encoding_time": 0.25124073028564453,
    "decoding_time": 0.14085602760314941
}