{
    "image_name": "1.png",
    "mse": 0.001677057589404285,
    "psnr": 27.751087188720703,
    "ms-ssim": 0.9883286356925964,
    "bpp": 0.6687825520833334,
    "encoding_time": 0.09447002410888672,
    "decoding_time": 0.10744428634643555
}