{
    "image_name": "5.png",
    "mse": 0.001666829688474536,
    "psnr": 27.77802848815918,
    "ms-ssim": 0.9898923635482788,
    "bpp": 0.6669108072916666,
    "encoding_time": 0.0885171890258789,
    "decoding_time": 0.11049294471740723
}