{
    "image_name": "20.png",
    "mse": 0.0009264489635825157,
    "psnr": 30.328407287597656,
    "ms-ssim": 0.9910516142845154,
    "bpp": 0.34814453125,
    "encoding_time": 0.25509166717529297,
    "decoding_time": 0.11305618286132812
}