{
    "image_name": "4.png",
    "mse": 0.0007132454193197191,
    "psnr": 31.459400177001953,
    "ms-ssim": 0.9893249273300171,
    "bpp": 0.5211588541666666,
    "encoding_time": 0.10105657577514648,
    "decoding_time": 0.17414569854736328
}