{
    "image_name": "11.png",
    "mse": 0.0010502353543415666,
    "psnr": 29.781709671020508,
    "ms-ssim": 0.9889793395996094,
    "bpp": 0.5638834635416666,
    "encoding_time": 0.09983396530151367,
    "decoding_time": 0.13975286483764648
}