{
    "image_name": "24.png",
    "mse": 0.0016634209314361215,
    "psnr": 27.787353515625,
    "ms-ssim": 0.9897875785827637,
    "bpp": 0.59130859375,
    "encoding_time": 0.0898888111114502,
    "decoding_time": 0.3281404972076416
}