{
    "image_name": "16.png",
    "mse": 0.0006339101237244904,
    "psnr": 31.970962524414062,
    "ms-ssim": 0.9904188513755798,
    "bpp": 0.4842122395833333,
    "encoding_time": 0.24448657035827637,
    "decoding_time": 0.09806370735168457
}