{
    "image_name": "3.png",
    "mse": 0.0004949572030454874,
    "psnr": 33.042320251464844,
    "ms-ssim": 0.992571234703064,
    "bpp": 0.3560384114583333,
    "encoding_time": 0.08547639846801758,
    "decoding_time": 0.11603760719299316
}