{
    "image_name": "18.png",
    "mse": 0.0014255874557420611,
    "psnr": 28.456390380859375,
    "ms-ssim": 0.9871855974197388,
    "bpp": 0.6665852864583334,
    "encoding_time": 0.16677641868591309,
    "decoding_time": 0.09102511405944824
}