{
    "image_name": "8.png",
    "mse": 0.0024863139260560274,
    "psnr": 26.042179107666016,
    "ms-ssim": 0.9893103837966919,
    "bpp": 0.60498046875,
    "encoding_time": 0.1880180835723877,
    "decoding_time": 0.2648780345916748
}