{
    "image_name": "13.png",
    "mse": 0.003293723799288273,
    "psnr": 24.82158660888672,
    "ms-ssim": 0.9854635000228882,
    "bpp": 0.8094075520833334,
    "encoding_time": 0.21392536163330078,
    "decoding_time": 0.07838797569274902
}