{
    "image_name": "7.png",
    "mse": 0.0006390882772393525,
    "psnr": 31.935333251953125,
    "ms-ssim": 0.9931382536888123,
    "bpp": 0.3641764322916667,
    "encoding_time": 0.10466194152832031,
    "decoding_time": 0.08938908576965332
}