{
    "image_name": "14.png",
    "mse": 0.0011403979733586311,
    "psnr": 29.424510955810547,
    "ms-ssim": 0.9885993003845215,
    "bpp": 0.6570638020833334,
    "encoding_time": 0.09294533729553223,
    "decoding_time": 0.12757587432861328
}