{
    "mean_loss": 0.3073291677559609,
    "mean_bpp": 0.3072509765625,
    "mean_psnr": 31.43666934967041,
    "mean_msssim": 0.9618533353010813,
    "mean_msssim_dB": 14.185434279889744,
    "mean_enc_time": 0.14328086376190186,
    "mean_dec_time": 0.13164100050926208
}