{
    "image_name": "12.png",
    "mse": 0.0004893915611319244,
    "psnr": 33.09269714355469,
    "ms-ssim": 0.9513670802116394,
    "bpp": 0.16015625,
    "encoding_time": 0.09516239166259766,
    "decoding_time": 0.1524064540863037
}