{
    "image_name": "8.png",
    "mse": 0.001230926369316876,
    "psnr": 29.093019485473633,
    "ms-ssim": 0.9743620753288269,
    "bpp": 0.588623046875,
    "encoding_time": 0.08288049697875977,
    "decoding_time": 0.1054379940032959
}