{
    "image_name": "6.png",
    "mse": 0.0009168829419650137,
    "psnr": 30.37130355834961,
    "ms-ssim": 0.9562222957611084,
    "bpp": 0.364501953125,
    "encoding_time": 0.13333702087402344,
    "decoding_time": 0.10261750221252441
}