{
    "image_name": "3.png",
    "mse": 0.0003869975043926388,
    "psnr": 34.10948181152344,
    "ms-ssim": 0.9705390334129333,
    "bpp": 0.15836588541666666,
    "encoding_time": 0.21294808387756348,
    "decoding_time": 0.12044405937194824
}