{
    "image_name": "9.png",
    "mse": 0.00042165417107753456,
    "psnr": 33.73775863647461,
    "ms-ssim": 0.976676881313324,
    "bpp": 0.1787109375,
    "encoding_time": 0.08058452606201172,
    "decoding_time": 0.1548609733581543
}