{
    "image_name": "18.png",
    "mse": 0.0010651870397850871,
    "psnr": 29.72100257873535,
    "ms-ssim": 0.9571532607078552,
    "bpp": 0.4243977864583333,
    "encoding_time": 0.10830307006835938,
    "decoding_time": 0.1046149730682373
}