{
    "image_name": "20.png",
    "mse": 0.0004992489120922983,
    "psnr": 33.00898742675781,
    "ms-ssim": 0.9731831550598145,
    "bpp": 0.19083658854166666,
    "encoding_time": 0.0989687442779541,
    "decoding_time": 0.10405445098876953
}