{
    "image_name": "1.png",
    "mse": 0.0012811251217499375,
    "psnr": 28.920024871826172,
    "ms-ssim": 0.9661245346069336,
    "bpp": 0.501220703125,
    "encoding_time": 0.20460939407348633,
    "decoding_time": 0.12636756896972656
}