{
    "image_name": "13.png",
    "mse": 0.0017186442855745554,
    "psnr": 27.644933700561523,
    "ms-ssim": 0.9584832191467285,
    "bpp": 0.7411295572916666,
    "encoding_time": 0.12730932235717773,
    "decoding_time": 0.09561276435852051
}