{
    "image_name": "23.png",
    "mse": 0.00034845940535888076,
    "psnr": 34.562896728515625,
    "ms-ssim": 0.9712540507316589,
    "bpp": 0.14314778645833334,
    "encoding_time": 0.4679393768310547,
    "decoding_time": 0.1124882698059082
}