{
    "image_name": "24.png",
    "mse": 0.0009937559952959418,
    "psnr": 30.022192001342773,
    "ms-ssim": 0.9646909236907959,
    "bpp": 0.4380696614583333,
    "encoding_time": 0.1729576587677002,
    "decoding_time": 0.21058964729309082
}