{
    "image_name": "17.png",
    "mse": 0.0005485063884407282,
    "psnr": 32.598262786865234,
    "ms-ssim": 0.9667333364486694,
    "bpp": 0.20792643229166666,
    "encoding_time": 0.08879947662353516,
    "decoding_time": 0.15990781784057617
}