{
    "image_name": "11.png",
    "mse": 0.0008304428774863482,
    "psnr": 30.80016326904297,
    "ms-ssim": 0.9519070386886597,
    "bpp": 0.2952473958333333,
    "encoding_time": 0.09288144111633301,
    "decoding_time": 0.1490311622619629
}