{
    "image_name": "10.png",
    "mse": 0.0004630944167729467,
    "psnr": 33.332088470458984,
    "ms-ssim": 0.9676399230957031,
    "bpp": 0.18888346354166666,
    "encoding_time": 0.11667466163635254,
    "decoding_time": 0.13831639289855957
}