{
    "image_name": "22.png",
    "mse": 0.0008758071926422417,
    "psnr": 30.569774627685547,
    "ms-ssim": 0.9433637857437134,
    "bpp": 0.27294921875,
    "encoding_time": 0.11850833892822266,
    "decoding_time": 0.12325692176818848
}