{
    "image_name": "14.png",
    "mse": 0.0010474894661456347,
    "psnr": 29.79315948486328,
    "ms-ssim": 0.9572978019714355,
    "bpp": 0.3883463541666667,
    "encoding_time": 0.21522974967956543,
    "decoding_time": 0.1605682373046875
}