{
    "image_name": "5.png",
    "mse": 0.0011272153351455927,
    "psnr": 29.474946975708008,
    "ms-ssim": 0.9731324911117554,
    "bpp": 0.5537109375,
    "encoding_time": 0.17436552047729492,
    "decoding_time": 0.10828328132629395
}