{
    "image_name": "19.png",
    "mse": 0.0007422748603858054,
    "psnr": 31.287179946899414,
    "ms-ssim": 0.956854522228241,
    "bpp": 0.24609375,
    "encoding_time": 0.09381461143493652,
    "decoding_time": 0.1991424560546875
}