{
    "image_name": "4.png",
    "mse": 0.0006192376022227108,
    "psnr": 32.072296142578125,
    "ms-ssim": 0.9501612186431885,
    "bpp": 0.1953125,
    "encoding_time": 0.11055874824523926,
    "decoding_time": 0.13660073280334473
}