{
    "image_name": "7.png",
    "mse": 0.00047019749763421714,
    "psnr": 33.265235900878906,
    "ms-ssim": 0.980704665184021,
    "bpp": 0.23250325520833334,
    "encoding_time": 0.1628425121307373,
    "decoding_time": 0.11621212959289551
}