{
    "image_name": "15.png",
    "mse": 0.0005742594948969781,
    "psnr": 32.399627685546875,
    "ms-ssim": 0.9618722200393677,
    "bpp": 0.19173177083333334,
    "encoding_time": 0.09115076065063477,
    "decoding_time": 0.10550737380981445
}