{
    "image_name": "2.png",
    "mse": 0.0006617943290621042,
    "psnr": 31.783632278442383,
    "ms-ssim": 0.9301289916038513,
    "bpp": 0.17073567708333334,
    "encoding_time": 0.19536161422729492,
    "decoding_time": 0.10451650619506836
}