{
    "mean_loss": 0.5257097481233316,
    "mean_bpp": 0.5256623225453907,
    "mean_psnr": 33.58414959907532,
    "mean_msssim": 0.9789035953581333,
    "mean_msssim_dB": 16.757915531025393,
    "mean_enc_time": 0.7496296763420105,
    "mean_dec_time": 0.9332982301712036
}