{
    "image_name": "00005_TE_1336x872.png",
    "mse": 0.000263218826148659,
    "psnr": 35.77708435058594,
    "ms-ssim": 0.992483377456665,
    "bpp": 0.3275558973795528,
    "encoding_time": 0.2493419647216797,
    "decoding_time": 0.37273550033569336
}