{
    "image_name": "00012_TE_1512x2016.png",
    "mse": 0.0006198900518938899,
    "psnr": 32.06813049316406,
    "ms-ssim": 0.9576263427734375,
    "bpp": 0.49754346182917614,
    "encoding_time": 0.8121054172515869,
    "decoding_time": 0.6419224739074707
}