{
    "image_name": "00006_TE_1544x1120.png",
    "mse": 0.0004042788641527295,
    "psnr": 33.91996765136719,
    "ms-ssim": 0.9917160272598267,
    "bpp": 0.6076424870466322,
    "encoding_time": 0.39380455017089844,
    "decoding_time": 0.4898953437805176
}