{
    "image_name": "00003_TE_1944x1296.png",
    "mse": 0.00032767385710030794,
    "psnr": 34.83015060424805,
    "ms-ssim": 0.9851861000061035,
    "bpp": 0.3670172229843012,
    "encoding_time": 0.7467238903045654,
    "decoding_time": 0.6166443824768066
}