{
    "image_name": "00016_TE_1744x2000.png",
    "mse": 0.0006281231762841344,
    "psnr": 32.01096725463867,
    "ms-ssim": 0.9328534603118896,
    "bpp": 0.21535779816513761,
    "encoding_time": 0.888871431350708,
    "decoding_time": 1.051483392715454
}