{
    "image_name": "00004_TE_1808x1352.png",
    "mse": 0.0005494788056239486,
    "psnr": 32.59095001220703,
    "ms-ssim": 0.9854848384857178,
    "bpp": 0.7792454312195632,
    "encoding_time": 0.7477879524230957,
    "decoding_time": 0.6666383743286133
}