{
    "image_name": "00013_TE_1920x1280.png",
    "mse": 0.0003963223425671458,
    "psnr": 34.005348205566406,
    "ms-ssim": 0.9813186526298523,
    "bpp": 0.4650390625,
    "encoding_time": 0.6011338233947754,
    "decoding_time": 0.7862582206726074
}