{
    "image_name": "00011_TE_1744x1160.png",
    "mse": 0.0006208103150129318,
    "psnr": 32.061851501464844,
    "ms-ssim": 0.985406756401062,
    "bpp": 0.7255298956026573,
    "encoding_time": 0.557610273361206,
    "decoding_time": 0.7320489883422852
}