{
    "image_name": "00007_TE_1472x976.png",
    "mse": 0.0003263436956331134,
    "psnr": 34.846832275390625,
    "ms-ssim": 0.986508309841156,
    "bpp": 0.38805238774055595,
    "encoding_time": 0.2559330463409424,
    "decoding_time": 0.3323342800140381
}