{
    "image_name": "00008_TE_1912x1272.png",
    "mse": 0.00043631409062072635,
    "psnr": 33.589271545410156,
    "ms-ssim": 0.9793410301208496,
    "bpp": 0.5210520775769059,
    "encoding_time": 0.5620644092559814,
    "decoding_time": 0.7176036834716797
}