{
    "image_name": "00014_TE_3680x2456.png",
    "mse": 0.0002973731025122106,
    "psnr": 35.24890899658203,
    "ms-ssim": 0.9806696772575378,
    "bpp": 0.33323537742529385,
    "encoding_time": 1.8495285511016846,
    "decoding_time": 2.340329885482788
}