{
    "image_name": "00015_TE_3680x2456.png",
    "mse": 0.0002638644364196807,
    "psnr": 35.765506744384766,
    "ms-ssim": 0.988323450088501,
    "bpp": 0.35218807534343577,
    "encoding_time": 1.961984395980835,
    "decoding_time": 3.0049171447753906
}