{
    "image_name": "00002_TE_2144x1424.png",
    "mse": 0.00046375879901461303,
    "psnr": 33.32563781738281,
    "ms-ssim": 0.9646180868148804,
    "bpp": 0.5000419252054336,
    "encoding_time": 0.7675302028656006,
    "decoding_time": 0.7013144493103027
}