{
    "image_name": "00001_TE_2096x1400.png",
    "mse": 0.0005467581795528531,
    "psnr": 32.61219787597656,
    "ms-ssim": 0.9889780879020691,
    "bpp": 0.7539040348964013,
    "encoding_time": 0.5466864109039307,
    "decoding_time": 1.0826289653778076
}