{
    "image_name": "00009_TE_1976x1312.png",
    "mse": 0.0011504434514790773,
    "psnr": 29.38674545288086,
    "ms-ssim": 0.98411625623703,
    "bpp": 1.2871778414140416,
    "encoding_time": 0.5502712726593018,
    "decoding_time": 0.8347103595733643
}