{
    "mean_loss": 0.831772961028735,
    "mean_bpp": 0.8313586666666666,
    "mean_psnr": 36.40284439086914,
    "mean_msssim": 0.9958570563793182,
    "mean_msssim_dB": 23.82690976765282,
    "mean_enc_time": 0.8377214026451111,
    "mean_dec_time": 0.9286017537117004
}