{
    "image_name": "RGB_OR_1200x1200_063.png",
    "mse": 0.00015724482364021242,
    "psnr": 37.99900817871094,
    "ms-ssim": 0.9960975646972656,
    "bpp": 0.6832666666666667,
    "encoding_time": 0.868227481842041,
    "decoding_time": 0.9332661628723145
}