{
    "image_name": "RGB_OR_1200x1200_076.png",
    "mse": 0.0001951490412466228,
    "psnr": 37.06822204589844,
    "ms-ssim": 0.9958406686782837,
    "bpp": 0.6897555555555556,
    "encoding_time": 1.1404597759246826,
    "decoding_time": 1.0607194900512695
}