{
    "image_name": "RGB_OR_1200x1200_021.png",
    "mse": 0.0002759840281214565,
    "psnr": 35.571380615234375,
    "ms-ssim": 0.9970759749412537,
    "bpp": 0.5778888888888889,
    "encoding_time": 1.1767969131469727,
    "decoding_time": 1.083648681640625
}