{
    "image_name": "RGB_OR_1200x1200_020.png",
    "mse": 0.0003322395496070385,
    "psnr": 34.76911926269531,
    "ms-ssim": 0.9943355321884155,
    "bpp": 1.069311111111111,
    "encoding_time": 0.791440486907959,
    "decoding_time": 0.9046578407287598
}