{
    "image_name": "RGB_OR_1200x1200_068.png",
    "mse": 0.00012005659664282575,
    "psnr": 39.18098449707031,
    "ms-ssim": 0.9980108141899109,
    "bpp": 0.4852,
    "encoding_time": 0.95945143699646,
    "decoding_time": 0.8502507209777832
}