{
    "image_name": "RGB_OR_1200x1200_087.png",
    "mse": 0.0008138135308399796,
    "psnr": 30.887956619262695,
    "ms-ssim": 0.9940938949584961,
    "bpp": 1.2326222222222223,
    "encoding_time": 0.9204397201538086,
    "decoding_time": 0.748138427734375
}