{
    "image_name": "RGB_OR_1200x1200_067.png",
    "mse": 0.0002592326491139829,
    "psnr": 35.84187316894531,
    "ms-ssim": 0.9940091967582703,
    "bpp": 0.9151111111111111,
    "encoding_time": 0.8600966930389404,
    "decoding_time": 0.8528962135314941
}