{
    "image_name": "RGB_OR_1200x1200_092.png",
    "mse": 0.0001438566978322342,
    "psnr": 38.382896423339844,
    "ms-ssim": 0.993739128112793,
    "bpp": 0.9286222222222222,
    "encoding_time": 0.6983499526977539,
    "decoding_time": 0.9327149391174316
}