{
    "image_name": "RGB_OR_1200x1200_080.png",
    "mse": 0.00010500689677428454,
    "psnr": 39.738525390625,
    "ms-ssim": 0.995550811290741,
    "bpp": 0.7337111111111111,
    "encoding_time": 0.8180844783782959,
    "decoding_time": 0.9640235900878906
}