{
    "image_name": "RGB_OR_1200x1200_061.png",
    "mse": 0.0005063081625849009,
    "psnr": 32.94504165649414,
    "ms-ssim": 0.9953774213790894,
    "bpp": 1.0598666666666667,
    "encoding_time": 1.1731503009796143,
    "decoding_time": 1.0357418060302734
}