{
    "image_name": "RGB_OR_1200x1200_051.png",
    "mse": 8.614473335910589e-05,
    "psnr": 40.58418273925781,
    "ms-ssim": 0.9961460828781128,
    "bpp": 0.765,
    "encoding_time": 0.8301382064819336,
    "decoding_time": 0.6858241558074951
}