{
    "image_name": "RGB_OR_1200x1200_006.png",
    "mse": 0.00017662539903540164,
    "psnr": 37.49919128417969,
    "ms-ssim": 0.9939686059951782,
    "bpp": 1.0427333333333333,
    "encoding_time": 0.6944549083709717,
    "decoding_time": 1.0579771995544434
}