{
    "image_name": "RGB_OR_1200x1200_034.png",
    "mse": 0.00014604425814468414,
    "psnr": 38.31801986694336,
    "ms-ssim": 0.9973416328430176,
    "bpp": 0.5544222222222223,
    "encoding_time": 0.6126222610473633,
    "decoding_time": 1.0373401641845703
}