{
    "image_name": "RGB_OR_1200x1200_077.png",
    "mse": 0.00018323368567507714,
    "psnr": 37.34001159667969,
    "ms-ssim": 0.9911564588546753,
    "bpp": 1.2658,
    "encoding_time": 0.9130523204803467,
    "decoding_time": 0.7596790790557861
}