{
    "image_name": "RGB_OR_1200x1200_040.png",
    "mse": 0.0002266656665597111,
    "psnr": 36.423057556152344,
    "ms-ssim": 0.9961142539978027,
    "bpp": 0.8783777777777778,
    "encoding_time": 0.9073255062103271,
    "decoding_time": 1.0063812732696533
}