{
    "image_name": "RGB_OR_1200x1200_091.png",
    "mse": 0.00014320023183245212,
    "psnr": 38.41848373413086,
    "ms-ssim": 0.9978858232498169,
    "bpp": 0.5282666666666667,
    "encoding_time": 1.0604510307312012,
    "decoding_time": 0.8786718845367432
}