{
    "image_name": "RGB_OR_1200x1200_059.png",
    "mse": 0.001151314121671021,
    "psnr": 29.383556365966797,
    "ms-ssim": 0.9939688444137573,
    "bpp": 1.183111111111111,
    "encoding_time": 0.5863945484161377,
    "decoding_time": 1.1324422359466553
}