{
    "image_name": "RGB_OR_1200x1200_027.png",
    "mse": 0.00031689743627794087,
    "psnr": 34.974021911621094,
    "ms-ssim": 0.9965558052062988,
    "bpp": 0.8058666666666666,
    "encoding_time": 0.780794620513916,
    "decoding_time": 0.5309810638427734
}