{
    "image_name": "RGB_OR_1200x1200_022.png",
    "mse": 0.00015336043725255877,
    "psnr": 38.107322692871094,
    "ms-ssim": 0.9958810806274414,
    "bpp": 0.8175333333333333,
    "encoding_time": 0.5981836318969727,
    "decoding_time": 1.1396167278289795
}