{
    "image_name": "RGB_OR_1200x1200_036.png",
    "mse": 5.911428888794035e-05,
    "psnr": 42.19286346435547,
    "ms-ssim": 0.9966384172439575,
    "bpp": 0.5812444444444445,
    "encoding_time": 0.8080267906188965,
    "decoding_time": 0.8085534572601318
}