{
    "image_name": "RGB_OR_1200x1200_079.png",
    "mse": 0.00035597573150880635,
    "psnr": 34.47057342529297,
    "ms-ssim": 0.9973748922348022,
    "bpp": 0.48202222222222224,
    "encoding_time": 0.531496524810791,
    "decoding_time": 1.1107044219970703
}