{
    "image_name": "RGB_OR_1200x1200_062.png",
    "mse": 0.000816976185888052,
    "psnr": 30.87124252319336,
    "ms-ssim": 0.9948732852935791,
    "bpp": 1.2514222222222222,
    "encoding_time": 0.7213289737701416,
    "decoding_time": 0.6276700496673584
}