{
    "image_name": "RGB_OR_1200x1200_086.png",
    "mse": 0.000397027499275282,
    "psnr": 33.997840881347656,
    "ms-ssim": 0.993439793586731,
    "bpp": 1.3550666666666666,
    "encoding_time": 1.313783884048462,
    "decoding_time": 0.7459590435028076
}