{
    "image_name": "RGB_OR_1200x1200_082.png",
    "mse": 0.0005792789743281901,
    "psnr": 32.361968994140625,
    "ms-ssim": 0.9930275678634644,
    "bpp": 1.3130222222222223,
    "encoding_time": 0.8466198444366455,
    "decoding_time": 1.0228745937347412
}