{
    "image_name": "RGB_OR_1200x1200_004.png",
    "mse": 0.00010414070129627362,
    "psnr": 39.771846771240234,
    "ms-ssim": 0.9960160255432129,
    "bpp": 0.7234888888888888,
    "encoding_time": 0.5793919563293457,
    "decoding_time": 1.1504662036895752
}