{
    "image_name": "RGB_OR_1200x1200_046.png",
    "mse": 0.00030365880229510367,
    "psnr": 35.15851974487305,
    "ms-ssim": 0.9948692321777344,
    "bpp": 1.1174222222222223,
    "encoding_time": 0.8223176002502441,
    "decoding_time": 0.9502201080322266
}