{
    "image_name": "RGB_OR_1200x1200_013.png",
    "mse": 0.00020964376744814217,
    "psnr": 36.75923156738281,
    "ms-ssim": 0.9966765642166138,
    "bpp": 0.7018888888888889,
    "encoding_time": 0.7334702014923096,
    "decoding_time": 0.9667930603027344
}