{
    "image_name": "RGB_OR_1200x1200_069.png",
    "mse": 0.0003585211234167218,
    "psnr": 34.43962097167969,
    "ms-ssim": 0.9964086413383484,
    "bpp": 0.7510444444444444,
    "encoding_time": 0.8261284828186035,
    "decoding_time": 0.9536199569702148
}