{
    "image_name": "RGB_OR_1200x1200_002.png",
    "mse": 0.00011621106386883184,
    "psnr": 39.300453186035156,
    "ms-ssim": 0.9966989755630493,
    "bpp": 0.5350444444444444,
    "encoding_time": 0.856783390045166,
    "decoding_time": 1.084001064300537
}