{
    "image_name": "RGB_OR_1200x1200_015.png",
    "mse": 5.342506119632162e-05,
    "psnr": 42.621822357177734,
    "ms-ssim": 0.9970566630363464,
    "bpp": 0.43448888888888887,
    "encoding_time": 1.0066661834716797,
    "decoding_time": 0.9459586143493652
}