{
    "image_name": "RGB_OR_1200x1200_078.png",
    "mse": 0.00014244717021938413,
    "psnr": 38.425453186035156,
    "ms-ssim": 0.9965640902519226,
    "bpp": 0.6323111111111112,
    "encoding_time": 0.6217367649078369,
    "decoding_time": 0.7443451881408691
}