{
    "image_name": "RGB_OR_1200x1200_011.png",
    "mse": 0.0006020280998200178,
    "psnr": 32.195228576660156,
    "ms-ssim": 0.9958281517028809,
    "bpp": 0.8340666666666666,
    "encoding_time": 0.8628604412078857,
    "decoding_time": 0.7746775150299072
}