{
    "image_name": "RGB_OR_1200x1200_097.png",
    "mse": 0.00022989588615018874,
    "psnr": 36.36082077026367,
    "ms-ssim": 0.9971308708190918,
    "bpp": 0.5844888888888888,
    "encoding_time": 0.521543025970459,
    "decoding_time": 0.8859119415283203
}