{
    "image_name": "RGB_OR_1200x1200_025.png",
    "mse": 0.0001294708054047078,
    "psnr": 38.83610534667969,
    "ms-ssim": 0.9966594576835632,
    "bpp": 0.6365333333333333,
    "encoding_time": 0.7280356884002686,
    "decoding_time": 0.9264295101165771
}