{
    "image_name": "RGB_OR_1200x1200_048.png",
    "mse": 0.0004999805823899806,
    "psnr": 32.999420166015625,
    "ms-ssim": 0.9947508573532104,
    "bpp": 1.0925777777777779,
    "encoding_time": 0.4802975654602051,
    "decoding_time": 0.7303924560546875
}