{
    "image_name": "RGB_OR_1200x1200_024.png",
    "mse": 0.0010362538741901517,
    "psnr": 29.839977264404297,
    "ms-ssim": 0.995294988155365,
    "bpp": 0.9618222222222222,
    "encoding_time": 0.7584524154663086,
    "decoding_time": 1.248652696609497
}