{
    "image_name": "RGB_OR_1200x1200_010.png",
    "mse": 0.00016231404151767492,
    "psnr": 37.862754821777344,
    "ms-ssim": 0.9962531924247742,
    "bpp": 0.8793777777777778,
    "encoding_time": 0.615189790725708,
    "decoding_time": 0.7208435535430908
}