{
    "image_name": "RGB_OR_1200x1200_023.png",
    "mse": 0.000488327699713409,
    "psnr": 33.10145568847656,
    "ms-ssim": 0.9959896802902222,
    "bpp": 0.8253333333333334,
    "encoding_time": 1.1364696025848389,
    "decoding_time": 1.180159568786621
}