{
    "image_name": "RGB_OR_1200x1200_065.png",
    "mse": 0.0006276854546740651,
    "psnr": 32.01373291015625,
    "ms-ssim": 0.9944978952407837,
    "bpp": 1.0139111111111112,
    "encoding_time": 0.922692060470581,
    "decoding_time": 0.6568272113800049
}