{
    "image_name": "RGB_OR_1200x1200_008.png",
    "mse": 0.00023800708004273474,
    "psnr": 36.211570739746094,
    "ms-ssim": 0.9958969950675964,
    "bpp": 0.9861111111111112,
    "encoding_time": 1.2485835552215576,
    "decoding_time": 1.4368999004364014
}