{
    "image_name": "RGB_OR_1200x1200_033.png",
    "mse": 0.00031178255449049175,
    "psnr": 35.04374313354492,
    "ms-ssim": 0.996130108833313,
    "bpp": 0.9110666666666667,
    "encoding_time": 0.616405725479126,
    "decoding_time": 0.656113862991333
}