{
    "image_name": "RGB_OR_1200x1200_073.png",
    "mse": 9.9175151262898e-05,
    "psnr": 39.988128662109375,
    "ms-ssim": 0.9956119060516357,
    "bpp": 0.6642666666666667,
    "encoding_time": 0.5272619724273682,
    "decoding_time": 0.9509947299957275
}