{
    "image_name": "RGB_OR_1200x1200_014.png",
    "mse": 0.0001568539155414328,
    "psnr": 38.01053237915039,
    "ms-ssim": 0.9969772100448608,
    "bpp": 0.5430666666666667,
    "encoding_time": 0.7289040088653564,
    "decoding_time": 1.458425521850586
}