{
    "image_name": "RGB_OR_1200x1200_038.png",
    "mse": 0.000107189393020235,
    "psnr": 39.64918518066406,
    "ms-ssim": 0.9968926906585693,
    "bpp": 0.6487111111111111,
    "encoding_time": 0.9458658695220947,
    "decoding_time": 1.0172934532165527
}