{
    "image_name": "RGB_OR_1200x1200_052.png",
    "mse": 0.00018778762023430318,
    "psnr": 37.234413146972656,
    "ms-ssim": 0.9969861507415771,
    "bpp": 0.7578666666666667,
    "encoding_time": 0.45546436309814453,
    "decoding_time": 0.9320266246795654
}