{
    "image_name": "RGB_OR_1200x1200_056.png",
    "mse": 8.123161387629807e-05,
    "psnr": 40.836265563964844,
    "ms-ssim": 0.9963504076004028,
    "bpp": 0.7216666666666667,
    "encoding_time": 0.706758975982666,
    "decoding_time": 1.3528969287872314
}