{
    "image_name": "RGB_OR_1200x1200_093.png",
    "mse": 0.00012260534276720136,
    "psnr": 39.08159637451172,
    "ms-ssim": 0.9971961379051208,
    "bpp": 0.6029777777777777,
    "encoding_time": 0.8158915042877197,
    "decoding_time": 0.9710171222686768
}