{
    "image_name": "RGB_OR_1200x1200_075.png",
    "mse": 0.00026186322793364525,
    "psnr": 35.79924392700195,
    "ms-ssim": 0.9949510097503662,
    "bpp": 0.8756888888888889,
    "encoding_time": 0.7170443534851074,
    "decoding_time": 0.8112223148345947
}