{
    "image_name": "RGB_OR_1200x1200_096.png",
    "mse": 0.000166501005878672,
    "psnr": 37.75261688232422,
    "ms-ssim": 0.9929400682449341,
    "bpp": 1.0019333333333333,
    "encoding_time": 0.6651029586791992,
    "decoding_time": 0.9146034717559814
}