{
    "image_name": "RGB_OR_1200x1200_029.png",
    "mse": 0.00017893276526592672,
    "psnr": 37.442928314208984,
    "ms-ssim": 0.9966636896133423,
    "bpp": 0.7353555555555555,
    "encoding_time": 0.6696758270263672,
    "decoding_time": 0.7226309776306152
}