{
    "image_name": "RGB_OR_1200x1200_018.png",
    "mse": 0.0008869814919307828,
    "psnr": 30.5146484375,
    "ms-ssim": 0.995513916015625,
    "bpp": 1.0298666666666667,
    "encoding_time": 1.080564022064209,
    "decoding_time": 0.725062370300293
}