{
    "image_name": "RGB_OR_1200x1200_099.png",
    "mse": 0.000230044883210212,
    "psnr": 36.358489990234375,
    "ms-ssim": 0.9948569536209106,
    "bpp": 0.9880888888888889,
    "encoding_time": 1.1097638607025146,
    "decoding_time": 0.6414287090301514
}