{
    "image_name": "RGB_OR_1200x1200_028.png",
    "mse": 6.162239151308313e-05,
    "psnr": 42.01498031616211,
    "ms-ssim": 0.9972753524780273,
    "bpp": 0.5604666666666667,
    "encoding_time": 1.2821376323699951,
    "decoding_time": 0.9492442607879639
}