{
    "image_name": "RGB_OR_1200x1200_043.png",
    "mse": 0.0005093948566354811,
    "psnr": 32.918758392333984,
    "ms-ssim": 0.9947079420089722,
    "bpp": 1.2200666666666666,
    "encoding_time": 1.1991233825683594,
    "decoding_time": 0.9954302310943604
}