{
    "image_name": "RGB_OR_1200x1200_057.png",
    "mse": 0.00010735505202319473,
    "psnr": 39.641746520996094,
    "ms-ssim": 0.9959813356399536,
    "bpp": 0.8052222222222222,
    "encoding_time": 0.8630573749542236,
    "decoding_time": 0.7130405902862549
}