{
    "image_name": "RGB_OR_1200x1200_049.png",
    "mse": 0.0001891297724796459,
    "psnr": 37.20518493652344,
    "ms-ssim": 0.9967805743217468,
    "bpp": 0.6773777777777777,
    "encoding_time": 0.7341153621673584,
    "decoding_time": 1.5139739513397217
}