{
    "image_name": "RGB_OR_1200x1200_070.png",
    "mse": 0.00013991609739605337,
    "psnr": 38.502132415771484,
    "ms-ssim": 0.9957172870635986,
    "bpp": 0.9909777777777777,
    "encoding_time": 0.6964144706726074,
    "decoding_time": 1.0159101486206055
}