{
    "image_name": "RGB_OR_1200x1200_005.png",
    "mse": 0.00022211279429029673,
    "psnr": 36.510009765625,
    "ms-ssim": 0.9958046674728394,
    "bpp": 0.8931555555555556,
    "encoding_time": 0.7817468643188477,
    "decoding_time": 0.7480072975158691
}