{
    "image_name": "RGB_OR_1200x1200_071.png",
    "mse": 0.0001892821746878326,
    "psnr": 37.2000846862793,
    "ms-ssim": 0.9954135417938232,
    "bpp": 0.7321555555555556,
    "encoding_time": 0.5892271995544434,
    "decoding_time": 1.2909739017486572
}