{
    "image_name": "RGB_OR_1200x1200_072.png",
    "mse": 0.000506753392983228,
    "psnr": 32.94142150878906,
    "ms-ssim": 0.9963747262954712,
    "bpp": 0.8366,
    "encoding_time": 0.9281539916992188,
    "decoding_time": 1.1273448467254639
}