{
    "image_name": "RGB_OR_1200x1200_050.png",
    "mse": 0.00021007744362577796,
    "psnr": 36.750221252441406,
    "ms-ssim": 0.9946426153182983,
    "bpp": 0.9467111111111111,
    "encoding_time": 1.3152697086334229,
    "decoding_time": 0.6410980224609375
}