{
    "image_name": "RGB_OR_1200x1200_094.png",
    "mse": 0.0005680611939169466,
    "psnr": 32.44683074951172,
    "ms-ssim": 0.9962027072906494,
    "bpp": 0.7442666666666666,
    "encoding_time": 1.1247227191925049,
    "decoding_time": 0.6985030174255371
}