{
    "image_name": "RGB_OR_1200x1200_039.png",
    "mse": 0.0002813630853779614,
    "psnr": 35.488250732421875,
    "ms-ssim": 0.9959397315979004,
    "bpp": 0.8912444444444444,
    "encoding_time": 0.7239997386932373,
    "decoding_time": 0.7241895198822021
}