{
    "image_name": "RGB_OR_1200x1200_026.png",
    "mse": 0.0009751155157573521,
    "psnr": 30.1038761138916,
    "ms-ssim": 0.995724618434906,
    "bpp": 0.9606222222222223,
    "encoding_time": 1.2044589519500732,
    "decoding_time": 1.0093960762023926
}