{
    "image_name": "RGB_OR_1200x1200_081.png",
    "mse": 0.0002328497066628188,
    "psnr": 36.305763244628906,
    "ms-ssim": 0.9970055818557739,
    "bpp": 0.6884444444444444,
    "encoding_time": 0.6671357154846191,
    "decoding_time": 0.9749200344085693
}