{
    "image_name": "RGB_OR_1200x1200_045.png",
    "mse": 0.00014905822172295302,
    "psnr": 38.2318115234375,
    "ms-ssim": 0.995742678642273,
    "bpp": 0.7236888888888889,
    "encoding_time": 1.018559217453003,
    "decoding_time": 0.5293474197387695
}