{
    "image_name": "RGB_OR_1200x1200_031.png",
    "mse": 0.0002526765747461468,
    "psnr": 35.954376220703125,
    "ms-ssim": 0.996619462966919,
    "bpp": 0.7841555555555556,
    "encoding_time": 0.49874234199523926,
    "decoding_time": 0.7965278625488281
}