{
    "image_name": "RGB_OR_1200x1200_019.png",
    "mse": 0.00026995944790542126,
    "psnr": 35.66720199584961,
    "ms-ssim": 0.9956714510917664,
    "bpp": 0.8656666666666667,
    "encoding_time": 0.9589316844940186,
    "decoding_time": 0.9676980972290039
}