{
    "image_name": "RGB_OR_1200x1200_053.png",
    "mse": 9.058426803676412e-05,
    "psnr": 40.36970520019531,
    "ms-ssim": 0.9973756670951843,
    "bpp": 0.4090888888888889,
    "encoding_time": 1.1165826320648193,
    "decoding_time": 0.9810609817504883
}