{
    "image_name": "RGB_OR_1200x1200_074.png",
    "mse": 0.00010676236706785858,
    "psnr": 39.667423248291016,
    "ms-ssim": 0.9941685199737549,
    "bpp": 0.9393555555555556,
    "encoding_time": 0.8792822360992432,
    "decoding_time": 0.8347475528717041
}