{
    "image_name": "RGB_OR_1200x1200_037.png",
    "mse": 0.00017225643387064338,
    "psnr": 37.60698318481445,
    "ms-ssim": 0.9962038993835449,
    "bpp": 0.8091777777777778,
    "encoding_time": 0.9708659648895264,
    "decoding_time": 0.8646783828735352
}