{
    "image_name": "RGB_OR_1200x1200_003.png",
    "mse": 0.00026436406187713146,
    "psnr": 35.757205963134766,
    "ms-ssim": 0.9964563846588135,
    "bpp": 0.7165777777777778,
    "encoding_time": 0.8162620067596436,
    "decoding_time": 0.7059450149536133
}