{
    "image_name": "RGB_OR_1200x1200_055.png",
    "mse": 0.0001783048501238227,
    "psnr": 37.45827865600586,
    "ms-ssim": 0.9973586797714233,
    "bpp": 0.6794,
    "encoding_time": 0.5903584957122803,
    "decoding_time": 1.0027544498443604
}