{
    "image_name": "RGB_OR_1200x1200_090.png",
    "mse": 0.0005526073509827256,
    "psnr": 32.565940856933594,
    "ms-ssim": 0.9951984882354736,
    "bpp": 1.0886222222222222,
    "encoding_time": 0.6173369884490967,
    "decoding_time": 0.6650824546813965
}