{
    "image_name": "RGB_OR_1200x1200_066.png",
    "mse": 0.00017384787497576326,
    "psnr": 37.56696701049805,
    "ms-ssim": 0.9958494901657104,
    "bpp": 0.7223555555555555,
    "encoding_time": 0.5755190849304199,
    "decoding_time": 1.1320302486419678
}