{
    "image_name": "RGB_OR_1200x1200_054.png",
    "mse": 0.00017557863611727953,
    "psnr": 37.527767181396484,
    "ms-ssim": 0.9969069957733154,
    "bpp": 0.7720888888888889,
    "encoding_time": 0.970738410949707,
    "decoding_time": 0.823204517364502
}