{
    "image_name": "RGB_OR_1200x1200_042.png",
    "mse": 0.00016143162793014199,
    "psnr": 37.88804626464844,
    "ms-ssim": 0.9960874915122986,
    "bpp": 0.8630666666666666,
    "encoding_time": 1.266803503036499,
    "decoding_time": 1.2519760131835938
}