{
    "image_name": "RGB_OR_1200x1200_064.png",
    "mse": 0.0002780021168291569,
    "psnr": 35.539608001708984,
    "ms-ssim": 0.9966919422149658,
    "bpp": 0.8264666666666667,
    "encoding_time": 0.5280911922454834,
    "decoding_time": 1.2968502044677734
}