{
    "image_name": "RGB_OR_1200x1200_100.png",
    "mse": 4.160701428190805e-05,
    "psnr": 43.72910690307617,
    "ms-ssim": 0.9979380965232849,
    "bpp": 0.4678222222222222,
    "encoding_time": 0.8959019184112549,
    "decoding_time": 1.1283183097839355
}