{
    "image_name": "RGB_OR_1200x1200_012.png",
    "mse": 0.0002393749018665403,
    "psnr": 36.18635559082031,
    "ms-ssim": 0.9962077140808105,
    "bpp": 0.7008888888888889,
    "encoding_time": 0.8249948024749756,
    "decoding_time": 0.5687711238861084
}