{
    "image_name": "RGB_OR_1200x1200_032.png",
    "mse": 0.000414262613048777,
    "psnr": 33.81401062011719,
    "ms-ssim": 0.9946925640106201,
    "bpp": 1.0898222222222222,
    "encoding_time": 1.0809569358825684,
    "decoding_time": 0.9389920234680176
}