{
    "image_name": "RGB_OR_1200x1200_098.png",
    "mse": 0.0005982267903164029,
    "psnr": 32.2225341796875,
    "ms-ssim": 0.996062159538269,
    "bpp": 1.143911111111111,
    "encoding_time": 0.5947904586791992,
    "decoding_time": 0.6443390846252441
}