{
    "image_name": "RGB_OR_1200x1200_060.png",
    "mse": 0.00017242385365534574,
    "psnr": 37.603851318359375,
    "ms-ssim": 0.99620121717453,
    "bpp": 0.6947111111111111,
    "encoding_time": 0.7685642242431641,
    "decoding_time": 0.9675607681274414
}