{
    "mean_loss": 0.9606456421822627,
    "mean_bpp": 0.9606351111111111,
    "mean_psnr": 40.022809219360354,
    "mean_msssim": 0.9928943371772766,
    "mean_msssim_dB": 21.48395404460663,
    "mean_enc_time": 0.3593092370033264,
    "mean_dec_time": 0.40824447631835936
}