{
    "image_name": "RGB_OR_1200x1200_059.png",
    "mse": 0.00019991362933069468,
    "psnr": 36.96637725830078,
    "ms-ssim": 0.9940923452377319,
    "bpp": 2.1020666666666665,
    "encoding_time": 0.28122663497924805,
    "decoding_time": 0.3972935676574707
}