{
    "image_name": "RGB_OR_1200x1200_098.png",
    "mse": 0.0001516523479949683,
    "psnr": 38.156532287597656,
    "ms-ssim": 0.9973599314689636,
    "bpp": 1.9667777777777777,
    "encoding_time": 0.3583226203918457,
    "decoding_time": 0.3511641025543213
}