{
    "image_name": "RGB_OR_1200x1200_001.png",
    "mse": 6.130093242973089e-05,
    "psnr": 42.038795471191406,
    "ms-ssim": 0.9957110285758972,
    "bpp": 0.6305333333333333,
    "encoding_time": 0.6565735340118408,
    "decoding_time": 0.40616846084594727
}