{
    "image_name": "RGB_OR_1200x1200_088.png",
    "mse": 9.019050776259974e-05,
    "psnr": 40.39150619506836,
    "ms-ssim": 0.9945124387741089,
    "bpp": 0.9184,
    "encoding_time": 0.3550863265991211,
    "decoding_time": 0.2931370735168457
}