{
    "image_name": "RGB_OR_1200x1200_044.png",
    "mse": 0.00010993836622219533,
    "psnr": 39.54262161254883,
    "ms-ssim": 0.9910427927970886,
    "bpp": 0.7629555555555556,
    "encoding_time": 0.36757779121398926,
    "decoding_time": 0.30823612213134766
}