{
    "image_name": "RGB_OR_1200x1200_031.png",
    "mse": 0.00010883135837502778,
    "psnr": 39.5880241394043,
    "ms-ssim": 0.9964909553527832,
    "bpp": 1.1447555555555555,
    "encoding_time": 0.33324623107910156,
    "decoding_time": 0.4011960029602051
}