{
    "image_name": "RGB_OR_1200x1200_011.png",
    "mse": 9.973469423130155e-05,
    "psnr": 39.958251953125,
    "ms-ssim": 0.9947575926780701,
    "bpp": 1.2587111111111111,
    "encoding_time": 0.35245537757873535,
    "decoding_time": 0.5356571674346924
}