{
    "image_name": "RGB_OR_1200x1200_090.png",
    "mse": 0.00018345366697758436,
    "psnr": 37.33561706542969,
    "ms-ssim": 0.9954635500907898,
    "bpp": 1.8250666666666666,
    "encoding_time": 0.38752293586730957,
    "decoding_time": 0.41075873374938965
}