{
    "image_name": "RGB_OR_1200x1200_039.png",
    "mse": 9.719409717945382e-05,
    "psnr": 40.06841278076172,
    "ms-ssim": 0.9935208559036255,
    "bpp": 1.0346222222222223,
    "encoding_time": 0.37660980224609375,
    "decoding_time": 0.3408167362213135
}