{
    "image_name": "RGB_OR_1200x1200_014.png",
    "mse": 6.361336272675544e-05,
    "psnr": 41.88084030151367,
    "ms-ssim": 0.9952311515808105,
    "bpp": 0.6109333333333333,
    "encoding_time": 0.2901616096496582,
    "decoding_time": 0.36667823791503906
}