{
    "image_name": "RGB_OR_1200x1200_025.png",
    "mse": 7.62450581532903e-05,
    "psnr": 41.10730743408203,
    "ms-ssim": 0.9926804304122925,
    "bpp": 0.5126444444444445,
    "encoding_time": 0.30079174041748047,
    "decoding_time": 0.32218050956726074
}