{
    "image_name": "RGB_OR_1200x1200_052.png",
    "mse": 8.350814459845424e-05,
    "psnr": 40.7176628112793,
    "ms-ssim": 0.9959734678268433,
    "bpp": 0.9212,
    "encoding_time": 0.28448009490966797,
    "decoding_time": 0.29117250442504883
}