{
    "image_name": "RGB_OR_1200x1200_017.png",
    "mse": 9.428230987396091e-05,
    "psnr": 40.19863510131836,
    "ms-ssim": 0.9953756332397461,
    "bpp": 1.0263111111111112,
    "encoding_time": 0.3083517551422119,
    "decoding_time": 0.3015577793121338
}