{
    "image_name": "RGB_OR_1200x1200_092.png",
    "mse": 0.00011117124813608825,
    "psnr": 39.49143600463867,
    "ms-ssim": 0.9786019325256348,
    "bpp": 0.308,
    "encoding_time": 0.36464810371398926,
    "decoding_time": 0.6120216846466064
}