{
    "image_name": "RGB_OR_1200x1200_097.png",
    "mse": 8.201600576285273e-05,
    "psnr": 40.79427719116211,
    "ms-ssim": 0.9949603080749512,
    "bpp": 0.7496444444444444,
    "encoding_time": 0.33248329162597656,
    "decoding_time": 0.39119529724121094
}