{
    "image_name": "RGB_OR_1200x1200_043.png",
    "mse": 0.0001419995678588748,
    "psnr": 38.438934326171875,
    "ms-ssim": 0.9943069815635681,
    "bpp": 1.7767333333333333,
    "encoding_time": 0.2575514316558838,
    "decoding_time": 0.4266796112060547
}