{
    "image_name": "RGB_OR_1200x1200_036.png",
    "mse": 5.608046558336355e-05,
    "psnr": 42.41716766357422,
    "ms-ssim": 0.9890708327293396,
    "bpp": 0.21502222222222223,
    "encoding_time": 0.2926645278930664,
    "decoding_time": 0.3782005310058594
}