{
    "image_name": "RGB_OR_1200x1200_037.png",
    "mse": 8.275093568954617e-05,
    "psnr": 40.756343841552734,
    "ms-ssim": 0.9916180372238159,
    "bpp": 0.7661777777777777,
    "encoding_time": 0.3920745849609375,
    "decoding_time": 0.3013310432434082
}