{
    "image_name": "RGB_OR_1200x1200_074.png",
    "mse": 0.00010790718806674704,
    "psnr": 39.621761322021484,
    "ms-ssim": 0.9841122627258301,
    "bpp": 0.5062222222222222,
    "encoding_time": 0.31990647315979004,
    "decoding_time": 0.29224109649658203
}