{
    "image_name": "RGB_OR_1200x1200_100.png",
    "mse": 3.582467252272181e-05,
    "psnr": 44.36670684814453,
    "ms-ssim": 0.9948557615280151,
    "bpp": 0.321,
    "encoding_time": 0.2984185218811035,
    "decoding_time": 0.40231919288635254
}