{
    "image_name": "RGB_OR_1200x1200_030.png",
    "mse": 0.0001544170663692057,
    "psnr": 38.07733917236328,
    "ms-ssim": 0.9945344924926758,
    "bpp": 1.4696888888888888,
    "encoding_time": 0.3821742534637451,
    "decoding_time": 0.33351755142211914
}