{
    "image_name": "RGB_OR_1200x1200_009.png",
    "mse": 5.072127896710299e-05,
    "psnr": 42.84744644165039,
    "ms-ssim": 0.995339572429657,
    "bpp": 0.43033333333333335,
    "encoding_time": 0.28280210494995117,
    "decoding_time": 0.4052443504333496
}