{
    "image_name": "RGB_OR_1200x1200_069.png",
    "mse": 8.924584108171985e-05,
    "psnr": 40.43403244018555,
    "ms-ssim": 0.9934427738189697,
    "bpp": 0.9523555555555555,
    "encoding_time": 0.3406083583831787,
    "decoding_time": 0.47342658042907715
}