{
    "image_name": "RGB_OR_1200x1200_053.png",
    "mse": 4.070933209732175e-05,
    "psnr": 43.77177810668945,
    "ms-ssim": 0.9959976673126221,
    "bpp": 0.4135333333333333,
    "encoding_time": 0.32790613174438477,
    "decoding_time": 0.37006545066833496
}