{
    "image_name": "RGB_OR_1200x1200_016.png",
    "mse": 0.00013775377010460943,
    "psnr": 38.568992614746094,
    "ms-ssim": 0.9953627586364746,
    "bpp": 1.8990666666666667,
    "encoding_time": 0.304044246673584,
    "decoding_time": 0.42830348014831543
}