{
    "image_name": "RGB_OR_1200x1200_002.png",
    "mse": 4.7519541112706065e-05,
    "psnr": 43.117919921875,
    "ms-ssim": 0.9913711547851562,
    "bpp": 0.26664444444444446,
    "encoding_time": 0.32281041145324707,
    "decoding_time": 0.3984518051147461
}