{
    "image_name": "RGB_OR_1200x1200_050.png",
    "mse": 0.00012251945736352354,
    "psnr": 39.074562072753906,
    "ms-ssim": 0.9889280796051025,
    "bpp": 0.8593555555555555,
    "encoding_time": 0.6126599311828613,
    "decoding_time": 0.40001821517944336
}