{
    "image_name": "RGB_OR_1200x1200_032.png",
    "mse": 0.00016248672909568995,
    "psnr": 37.858604431152344,
    "ms-ssim": 0.9942059516906738,
    "bpp": 1.5845111111111112,
    "encoding_time": 0.343782901763916,
    "decoding_time": 0.46571969985961914
}