{
    "image_name": "RGB_OR_1200x1200_076.png",
    "mse": 8.246531069744378e-05,
    "psnr": 40.77180480957031,
    "ms-ssim": 0.9897259473800659,
    "bpp": 0.4606222222222222,
    "encoding_time": 0.38413476943969727,
    "decoding_time": 0.3495476245880127
}