{
    "image_name": "RGB_OR_1200x1200_062.png",
    "mse": 0.00020202648011036217,
    "psnr": 36.91902160644531,
    "ms-ssim": 0.9955407977104187,
    "bpp": 2.118822222222222,
    "encoding_time": 0.3363626003265381,
    "decoding_time": 0.528637170791626
}