{
    "image_name": "RGB_OR_1200x1200_005.png",
    "mse": 9.599490294931456e-05,
    "psnr": 40.120704650878906,
    "ms-ssim": 0.9918569326400757,
    "bpp": 0.8998888888888888,
    "encoding_time": 0.30292463302612305,
    "decoding_time": 0.37633538246154785
}