{
    "image_name": "RGB_OR_1200x1200_067.png",
    "mse": 0.00013514957390725613,
    "psnr": 38.65207290649414,
    "ms-ssim": 0.9885289072990417,
    "bpp": 0.8315111111111111,
    "encoding_time": 0.3190743923187256,
    "decoding_time": 0.30149340629577637
}