{
    "image_name": "RGB_OR_1200x1200_023.png",
    "mse": 0.00012230066931806505,
    "psnr": 39.0811767578125,
    "ms-ssim": 0.992174506187439,
    "bpp": 1.1850222222222222,
    "encoding_time": 0.2741706371307373,
    "decoding_time": 0.38659119606018066
}