{
    "image_name": "RGB_OR_1200x1200_082.png",
    "mse": 0.00020897993817925453,
    "psnr": 36.77363586425781,
    "ms-ssim": 0.9935132265090942,
    "bpp": 1.9315333333333333,
    "encoding_time": 0.33998537063598633,
    "decoding_time": 0.3533804416656494
}