{
    "image_name": "RGB_OR_1200x1200_013.png",
    "mse": 8.129284105962142e-05,
    "psnr": 40.832828521728516,
    "ms-ssim": 0.993227481842041,
    "bpp": 0.7496,
    "encoding_time": 0.5418829917907715,
    "decoding_time": 0.34485435485839844
}