{
    "image_name": "RGB_OR_1200x1200_054.png",
    "mse": 8.845274714985862e-05,
    "psnr": 40.48088836669922,
    "ms-ssim": 0.9954384565353394,
    "bpp": 0.8942666666666667,
    "encoding_time": 0.46491169929504395,
    "decoding_time": 0.44693970680236816
}