{
    "image_name": "RGB_OR_1200x1200_004.png",
    "mse": 7.430030382238328e-05,
    "psnr": 41.21904754638672,
    "ms-ssim": 0.9869472980499268,
    "bpp": 0.35888888888888887,
    "encoding_time": 0.28393077850341797,
    "decoding_time": 0.33351778984069824
}