{
    "image_name": "RGB_OR_1200x1200_047.png",
    "mse": 0.00016319553833454847,
    "psnr": 37.84002685546875,
    "ms-ssim": 0.9940285086631775,
    "bpp": 1.1506,
    "encoding_time": 0.3013722896575928,
    "decoding_time": 0.2972548007965088
}