{
    "image_name": "RGB_OR_1200x1200_087.png",
    "mse": 0.00017293696873821318,
    "psnr": 37.58980178833008,
    "ms-ssim": 0.9962016344070435,
    "bpp": 2.208711111111111,
    "encoding_time": 0.3131422996520996,
    "decoding_time": 0.33963656425476074
}