{
    "image_name": "RGB_OR_1200x1200_089.png",
    "mse": 0.0001309385261265561,
    "psnr": 38.7885856628418,
    "ms-ssim": 0.9912068247795105,
    "bpp": 1.1668222222222222,
    "encoding_time": 0.485640287399292,
    "decoding_time": 0.3356659412384033
}