{
    "image_name": "RGB_OR_1200x1200_020.png",
    "mse": 0.00015253640594892204,
    "psnr": 38.13182830810547,
    "ms-ssim": 0.9929348826408386,
    "bpp": 1.3855777777777778,
    "encoding_time": 0.3079872131347656,
    "decoding_time": 0.40281033515930176
}