{
    "image_name": "RGB_OR_1200x1200_079.png",
    "mse": 6.388398469425738e-05,
    "psnr": 41.862762451171875,
    "ms-ssim": 0.9968582391738892,
    "bpp": 0.8068888888888889,
    "encoding_time": 0.3153865337371826,
    "decoding_time": 0.5669183731079102
}