{
    "image_name": "RGB_OR_1200x1200_063.png",
    "mse": 7.732215453870595e-05,
    "psnr": 41.053951263427734,
    "ms-ssim": 0.9913875460624695,
    "bpp": 0.49273333333333336,
    "encoding_time": 0.4840078353881836,
    "decoding_time": 0.5194010734558105
}