{
    "image_name": "RGB_OR_1200x1200_066.png",
    "mse": 0.00012258533388376236,
    "psnr": 39.07228088378906,
    "ms-ssim": 0.9933637976646423,
    "bpp": 0.7341333333333333,
    "encoding_time": 0.26191210746765137,
    "decoding_time": 0.3506453037261963
}