{
    "image_name": "RGB_OR_1200x1200_045.png",
    "mse": 9.703142859507352e-05,
    "psnr": 40.0777702331543,
    "ms-ssim": 0.9926871657371521,
    "bpp": 0.6405111111111111,
    "encoding_time": 0.32652997970581055,
    "decoding_time": 0.46297168731689453
}