{
    "image_name": "RGB_OR_1200x1200_038.png",
    "mse": 7.289013592526317e-05,
    "psnr": 41.301025390625,
    "ms-ssim": 0.9931206107139587,
    "bpp": 0.5059333333333333,
    "encoding_time": 0.30725955963134766,
    "decoding_time": 0.43975210189819336
}