{
    "image_name": "RGB_OR_1200x1200_049.png",
    "mse": 7.180061948020011e-05,
    "psnr": 41.369056701660156,
    "ms-ssim": 0.9953304529190063,
    "bpp": 0.8105111111111111,
    "encoding_time": 0.4489738941192627,
    "decoding_time": 0.5598850250244141
}