{
    "image_name": "RGB_OR_1200x1200_060.png",
    "mse": 9.11591705516912e-05,
    "psnr": 40.34718704223633,
    "ms-ssim": 0.9940446615219116,
    "bpp": 0.7377555555555556,
    "encoding_time": 0.31072163581848145,
    "decoding_time": 0.35945582389831543
}