{
    "image_name": "RGB_OR_1200x1200_019.png",
    "mse": 0.00014193830429576337,
    "psnr": 38.440956115722656,
    "ms-ssim": 0.993582010269165,
    "bpp": 1.1369555555555555,
    "encoding_time": 0.3393738269805908,
    "decoding_time": 0.5172808170318604
}