{
    "image_name": "RGB_OR_1200x1200_068.png",
    "mse": 6.380732520483434e-05,
    "psnr": 41.905372619628906,
    "ms-ssim": 0.997105598449707,
    "bpp": 0.5826222222222223,
    "encoding_time": 0.2855544090270996,
    "decoding_time": 0.4452817440032959
}