{
    "image_name": "RGB_OR_1200x1200_006.png",
    "mse": 0.00012256650370545685,
    "psnr": 39.0743522644043,
    "ms-ssim": 0.9891014099121094,
    "bpp": 1.0446666666666666,
    "encoding_time": 0.27305173873901367,
    "decoding_time": 0.42403507232666016
}