{
    "image_name": "RGB_OR_1200x1200_029.png",
    "mse": 8.365615940419957e-05,
    "psnr": 40.71027755737305,
    "ms-ssim": 0.993719756603241,
    "bpp": 0.7557777777777778,
    "encoding_time": 0.4163973331451416,
    "decoding_time": 0.518744707107544
}