{
    "image_name": "RGB_OR_1200x1200_035.png",
    "mse": 9.820407285587862e-05,
    "psnr": 40.02288818359375,
    "ms-ssim": 0.993268609046936,
    "bpp": 1.0672222222222223,
    "encoding_time": 0.3072850704193115,
    "decoding_time": 0.29494285583496094
}