{
    "image_name": "RGB_OR_1200x1200_041.png",
    "mse": 0.00010362253669882193,
    "psnr": 39.79676055908203,
    "ms-ssim": 0.9940459132194519,
    "bpp": 0.9905777777777778,
    "encoding_time": 0.26961565017700195,
    "decoding_time": 0.34455394744873047
}