{
    "image_name": "RGB_OR_1200x1200_073.png",
    "mse": 7.560769154224545e-05,
    "psnr": 41.15370178222656,
    "ms-ssim": 0.9890803694725037,
    "bpp": 0.34924444444444447,
    "encoding_time": 0.36171770095825195,
    "decoding_time": 0.4538853168487549
}