{
    "image_name": "RGB_OR_1200x1200_057.png",
    "mse": 7.839455793146044e-05,
    "psnr": 40.98902130126953,
    "ms-ssim": 0.9896029233932495,
    "bpp": 0.5605111111111111,
    "encoding_time": 0.38924384117126465,
    "decoding_time": 0.4425082206726074
}