{
    "image_name": "RGB_OR_1200x1200_034.png",
    "mse": 5.5131786211859435e-05,
    "psnr": 42.4882926940918,
    "ms-ssim": 0.9951967000961304,
    "bpp": 0.5858444444444444,
    "encoding_time": 0.4266989231109619,
    "decoding_time": 0.3096342086791992
}