{
    "image_name": "RGB_OR_1200x1200_027.png",
    "mse": 9.685579425422475e-05,
    "psnr": 40.08284378051758,
    "ms-ssim": 0.9942197799682617,
    "bpp": 1.023488888888889,
    "encoding_time": 0.29740285873413086,
    "decoding_time": 0.35919690132141113
}