{
    "image_name": "RGB_OR_1200x1200_072.png",
    "mse": 0.00010249205661239102,
    "psnr": 39.84009552001953,
    "ms-ssim": 0.9949942827224731,
    "bpp": 1.2428222222222223,
    "encoding_time": 0.35468506813049316,
    "decoding_time": 0.6777396202087402
}