{
    "image_name": "RGB_OR_1200x1200_099.png",
    "mse": 0.00011875398922711611,
    "psnr": 39.20806121826172,
    "ms-ssim": 0.99017733335495,
    "bpp": 0.9388666666666666,
    "encoding_time": 0.4470691680908203,
    "decoding_time": 0.3571162223815918
}