{
    "image_name": "RGB_OR_1200x1200_040.png",
    "mse": 0.0001044190939865075,
    "psnr": 39.763004302978516,
    "ms-ssim": 0.9936623573303223,
    "bpp": 1.010688888888889,
    "encoding_time": 0.3438229560852051,
    "decoding_time": 0.2981719970703125
}