{
    "image_name": "RGB_OR_1200x1200_026.png",
    "mse": 0.00013118868810124695,
    "psnr": 38.779640197753906,
    "ms-ssim": 0.9955846667289734,
    "bpp": 1.7131777777777777,
    "encoding_time": 0.46233105659484863,
    "decoding_time": 0.4101128578186035
}