{
    "image_name": "RGB_OR_1200x1200_007.png",
    "mse": 8.252145926235244e-05,
    "psnr": 40.769283294677734,
    "ms-ssim": 0.9947575926780701,
    "bpp": 0.9434444444444444,
    "encoding_time": 0.3445568084716797,
    "decoding_time": 0.4902815818786621
}