{
    "image_name": "RGB_OR_1200x1200_022.png",
    "mse": 0.00010684006701922044,
    "psnr": 39.662750244140625,
    "ms-ssim": 0.9917030334472656,
    "bpp": 0.7614444444444445,
    "encoding_time": 0.32646799087524414,
    "decoding_time": 0.34237003326416016
}