{
    "image_name": "RGB_OR_1200x1200_070.png",
    "mse": 0.00010050567652797326,
    "psnr": 39.9244384765625,
    "ms-ssim": 0.9906532168388367,
    "bpp": 0.8283555555555555,
    "encoding_time": 0.43920040130615234,
    "decoding_time": 0.48804283142089844
}