{
    "image_name": "RGB_OR_1200x1200_048.png",
    "mse": 0.0001507571869296953,
    "psnr": 38.18165588378906,
    "ms-ssim": 0.9932435750961304,
    "bpp": 1.5283111111111112,
    "encoding_time": 0.30582213401794434,
    "decoding_time": 0.25042200088500977
}