{
    "image_name": "RGB_OR_1200x1200_033.png",
    "mse": 9.836714889388531e-05,
    "psnr": 40.01634979248047,
    "ms-ssim": 0.9941534399986267,
    "bpp": 1.1046666666666667,
    "encoding_time": 0.38197755813598633,
    "decoding_time": 0.3344295024871826
}