{
    "image_name": "RGB_OR_1200x1200_064.png",
    "mse": 0.0001032013024087064,
    "psnr": 39.81429672241211,
    "ms-ssim": 0.9959793090820312,
    "bpp": 1.1068444444444445,
    "encoding_time": 0.31627464294433594,
    "decoding_time": 0.36937856674194336
}