{
    "image_name": "RGB_OR_1200x1200_042.png",
    "mse": 9.467859490541741e-05,
    "psnr": 40.18381881713867,
    "ms-ssim": 0.9921807646751404,
    "bpp": 0.8061555555555555,
    "encoding_time": 0.48341917991638184,
    "decoding_time": 0.37204575538635254
}