{
    "image_name": "RGB_OR_1200x1200_078.png",
    "mse": 7.137978536775336e-05,
    "psnr": 41.38948059082031,
    "ms-ssim": 0.9927265048027039,
    "bpp": 0.5301777777777777,
    "encoding_time": 0.5636308193206787,
    "decoding_time": 0.44304561614990234
}