{
    "image_name": "RGB_OR_1200x1200_080.png",
    "mse": 9.072301327250898e-05,
    "psnr": 40.366668701171875,
    "ms-ssim": 0.9915665984153748,
    "bpp": 0.5133555555555556,
    "encoding_time": 0.29644012451171875,
    "decoding_time": 0.43862438201904297
}