{
    "image_name": "RGB_OR_1200x1200_083.png",
    "mse": 7.681968418182805e-05,
    "psnr": 41.07392501831055,
    "ms-ssim": 0.9947974681854248,
    "bpp": 0.6318222222222222,
    "encoding_time": 0.31128883361816406,
    "decoding_time": 0.6015670299530029
}