{
    "image_name": "RGB_OR_1200x1200_051.png",
    "mse": 7.899205957073718e-05,
    "psnr": 40.9560432434082,
    "ms-ssim": 0.9912828207015991,
    "bpp": 0.5219333333333334,
    "encoding_time": 0.35718870162963867,
    "decoding_time": 0.27912378311157227
}