{
    "image_name": "RGB_OR_1200x1200_058.png",
    "mse": 0.00013599889643955976,
    "psnr": 38.62687683105469,
    "ms-ssim": 0.9951472282409668,
    "bpp": 0.9283333333333333,
    "encoding_time": 0.27501416206359863,
    "decoding_time": 0.3112308979034424
}