{
    "image_name": "RGB_OR_1200x1200_084.png",
    "mse": 6.291548197623342e-05,
    "psnr": 41.926177978515625,
    "ms-ssim": 0.9851071834564209,
    "bpp": 0.24888888888888888,
    "encoding_time": 0.45464348793029785,
    "decoding_time": 0.459336519241333
}