{
    "image_name": "RGB_OR_1200x1200_095.png",
    "mse": 0.00019492191495373845,
    "psnr": 37.0748176574707,
    "ms-ssim": 0.994375467300415,
    "bpp": 2.2064666666666666,
    "encoding_time": 0.3273649215698242,
    "decoding_time": 0.4603447914123535
}