{
    "image_name": "RGB_OR_1200x1200_086.png",
    "mse": 0.00016696627426426858,
    "psnr": 37.74113082885742,
    "ms-ssim": 0.9930658340454102,
    "bpp": 1.9031111111111112,
    "encoding_time": 0.3280181884765625,
    "decoding_time": 0.4325404167175293
}