{
    "image_name": "RGB_OR_1200x1200_094.png",
    "mse": 8.603037713328376e-05,
    "psnr": 40.59425735473633,
    "ms-ssim": 0.995337188243866,
    "bpp": 1.1615777777777778,
    "encoding_time": 0.42584657669067383,
    "decoding_time": 0.3001406192779541
}