{
    "image_name": "RGB_OR_1200x1200_028.png",
    "mse": 5.1316677854629233e-05,
    "psnr": 42.794349670410156,
    "ms-ssim": 0.9939998388290405,
    "bpp": 0.38655555555555554,
    "encoding_time": 0.2583191394805908,
    "decoding_time": 0.445570707321167
}