{
    "image_name": "RGB_OR_1200x1200_075.png",
    "mse": 0.0001007699902402237,
    "psnr": 39.91560745239258,
    "ms-ssim": 0.9870446920394897,
    "bpp": 0.6470666666666667,
    "encoding_time": 0.3157639503479004,
    "decoding_time": 0.43578267097473145
}