{
    "image_name": "RGB_OR_1200x1200_015.png",
    "mse": 3.454079705988988e-05,
    "psnr": 44.46145248413086,
    "ms-ssim": 0.9940932989120483,
    "bpp": 0.25882222222222223,
    "encoding_time": 0.42754030227661133,
    "decoding_time": 0.4598414897918701
}