{
    "image_name": "RGB_OR_1200x1200_065.png",
    "mse": 0.00014372666191775352,
    "psnr": 38.386871337890625,
    "ms-ssim": 0.9876977205276489,
    "bpp": 1.2171333333333334,
    "encoding_time": 0.4089632034301758,
    "decoding_time": 0.3622877597808838
}