{
    "image_name": "RGB_OR_1200x1200_091.png",
    "mse": 6.487364589702338e-05,
    "psnr": 41.828880310058594,
    "ms-ssim": 0.997219443321228,
    "bpp": 0.6921555555555555,
    "encoding_time": 0.4808967113494873,
    "decoding_time": 0.4657738208770752
}