{
    "image_name": "RGB_OR_1200x1200_008.png",
    "mse": 0.00012202135985717177,
    "psnr": 39.091312408447266,
    "ms-ssim": 0.9948699474334717,
    "bpp": 1.2343111111111111,
    "encoding_time": 0.3306734561920166,
    "decoding_time": 0.48717379570007324
}