{
    "image_name": "RGB_OR_1200x1200_093.png",
    "mse": 6.495138950413093e-05,
    "psnr": 41.807861328125,
    "ms-ssim": 0.9952571392059326,
    "bpp": 0.6123777777777778,
    "encoding_time": 0.405670166015625,
    "decoding_time": 0.46369361877441406
}