{
    "image_name": "RGB_OR_1200x1200_081.png",
    "mse": 9.345349099021405e-05,
    "psnr": 40.23692321777344,
    "ms-ssim": 0.9954492449760437,
    "bpp": 0.8748666666666667,
    "encoding_time": 0.4429342746734619,
    "decoding_time": 0.3507981300354004
}