{
    "image_name": "RGB_OR_1200x1200_061.png",
    "mse": 0.00017871662566903979,
    "psnr": 37.448631286621094,
    "ms-ssim": 0.9954316020011902,
    "bpp": 1.5958666666666668,
    "encoding_time": 0.27270054817199707,
    "decoding_time": 0.47696423530578613
}