{
    "image_name": "RGB_OR_1200x1200_010.png",
    "mse": 9.94251822703518e-05,
    "psnr": 39.970848083496094,
    "ms-ssim": 0.9937414526939392,
    "bpp": 0.9189333333333334,
    "encoding_time": 0.32761240005493164,
    "decoding_time": 0.45303797721862793
}