{
    "image_name": "RGB_OR_1200x1200_096.png",
    "mse": 0.00015114508278202266,
    "psnr": 38.17152404785156,
    "ms-ssim": 0.9859603643417358,
    "bpp": 0.7277333333333333,
    "encoding_time": 0.30203962326049805,
    "decoding_time": 0.43297839164733887
}