{
    "image_name": "RGB_OR_1200x1200_003.png",
    "mse": 8.440758392680436e-05,
    "psnr": 40.67218017578125,
    "ms-ssim": 0.9938057661056519,
    "bpp": 0.8590222222222222,
    "encoding_time": 0.4094250202178955,
    "decoding_time": 0.46889209747314453
}