{
    "mean_loss": 0.20849037127585002,
    "mean_bpp": 0.20837490435581682,
    "mean_psnr": 29.741806507110596,
    "mean_msssim": 0.9534804038703442,
    "mean_msssim_dB": 13.323640643525154,
    "mean_enc_time": 0.7387625724077225,
    "mean_dec_time": 0.7474769353866577
}