{
    "image_name": "00013_TE_1920x1280.png",
    "mse": 0.0009952140972018242,
    "psnr": 30.015321731567383,
    "ms-ssim": 0.9507464170455933,
    "bpp": 0.19776041666666666,
    "encoding_time": 0.5654211044311523,
    "decoding_time": 0.5977401733398438
}