{
    "image_name": "00012_TE_1512x2016.png",
    "mse": 0.0013589883456006646,
    "psnr": 28.663677215576172,
    "ms-ssim": 0.8992351293563843,
    "bpp": 0.14816914420089022,
    "encoding_time": 0.7868108749389648,
    "decoding_time": 0.5334014892578125
}