{
    "image_name": "00007_TE_1472x976.png",
    "mse": 0.0007554003386758268,
    "psnr": 31.210994720458984,
    "ms-ssim": 0.9741498827934265,
    "bpp": 0.1658054169636493,
    "encoding_time": 0.2764441967010498,
    "decoding_time": 0.2749214172363281
}