{
    "image_name": "00003_TE_1944x1296.png",
    "mse": 0.0007792591350153089,
    "psnr": 31.076717376708984,
    "ms-ssim": 0.9675949811935425,
    "bpp": 0.15396535081034396,
    "encoding_time": 0.4699125289916992,
    "decoding_time": 0.5652389526367188
}