{
    "image_name": "00015_TE_3680x2456.png",
    "mse": 0.0007311140070669353,
    "psnr": 31.352771759033203,
    "ms-ssim": 0.9713400602340698,
    "bpp": 0.14772695085681914,
    "encoding_time": 1.6898131370544434,
    "decoding_time": 1.9620916843414307
}