{
    "image_name": "00006_TE_1544x1120.png",
    "mse": 0.0012144780484959483,
    "psnr": 29.152013778686523,
    "ms-ssim": 0.97630375623703,
    "bpp": 0.25421909696521094,
    "encoding_time": 0.4678516387939453,
    "decoding_time": 0.33550190925598145
}