{
    "image_name": "00009_TE_1976x1312.png",
    "mse": 0.002881655702367425,
    "psnr": 25.40170669555664,
    "ms-ssim": 0.9606834650039673,
    "bpp": 0.5922780685296731,
    "encoding_time": 0.5640509128570557,
    "decoding_time": 0.4995999336242676
}