{
    "image_name": "00005_TE_1336x872.png",
    "mse": 0.0006526086363010108,
    "psnr": 31.845447540283203,
    "ms-ssim": 0.9870702624320984,
    "bpp": 0.1439048508487612,
    "encoding_time": 0.2331249713897705,
    "decoding_time": 0.26892566680908203
}