{
    "image_name": "00011_TE_1744x1160.png",
    "mse": 0.0015107662184163928,
    "psnr": 28.204551696777344,
    "ms-ssim": 0.9635621309280396,
    "bpp": 0.2958399240746599,
    "encoding_time": 0.38922786712646484,
    "decoding_time": 0.61733078956604
}