{
    "image_name": "00002_TE_2144x1424.png",
    "mse": 0.0010947586270049214,
    "psnr": 29.601823806762695,
    "ms-ssim": 0.9245654940605164,
    "bpp": 0.17351794398792553,
    "encoding_time": 0.9855749607086182,
    "decoding_time": 0.9605064392089844
}