{
    "image_name": "00008_TE_1912x1272.png",
    "mse": 0.0011800716165453196,
    "psnr": 29.27640151977539,
    "ms-ssim": 0.9327298998832703,
    "bpp": 0.14885134601721006,
    "encoding_time": 0.47432541847229004,
    "decoding_time": 0.45218396186828613
}