{
    "image_name": "00014_TE_3680x2456.png",
    "mse": 0.0007460850174538791,
    "psnr": 31.264869689941406,
    "ms-ssim": 0.9601912498474121,
    "bpp": 0.1352003965443988,
    "encoding_time": 2.1203529834747314,
    "decoding_time": 1.894012212753296
}