{
    "image_name": "00010_TE_2000x1128.png",
    "mse": 0.0006366278394125402,
    "psnr": 31.95311164855957,
    "ms-ssim": 0.9532591700553894,
    "bpp": 0.1046950354609929,
    "encoding_time": 0.4165313243865967,
    "decoding_time": 0.6353151798248291
}