{
    "image_name": "00016_TE_1744x2000.png",
    "mse": 0.0008828800637274981,
    "psnr": 30.534944534301758,
    "ms-ssim": 0.900704026222229,
    "bpp": 0.061660550458715595,
    "encoding_time": 0.8214998245239258,
    "decoding_time": 0.956876277923584
}