{
    "mean_loss": 0.4480650713395013,
    "mean_bpp": 0.44712822222222215,
    "mean_psnr": 33.5575016784668,
    "mean_msssim": 0.9906315088272095,
    "mean_msssim_dB": 20.283303480765294,
    "mean_enc_time": 0.39089402198791506,
    "mean_dec_time": 0.4820052409172058
}