{
    "image_name": "RGB_OR_1200x1200_090.png",
    "mse": 0.0011105812154710293,
    "psnr": 29.53965950012207,
    "ms-ssim": 0.9890663027763367,
    "bpp": 0.6582,
    "encoding_time": 0.40203380584716797,
    "decoding_time": 0.6069135665893555
}