{
    "image_name": "RGB_OR_1200x1200_038.png",
    "mse": 0.00022300185810308903,
    "psnr": 36.493141174316406,
    "ms-ssim": 0.992807149887085,
    "bpp": 0.3210222222222222,
    "encoding_time": 0.407928466796875,
    "decoding_time": 0.645667552947998
}