{
    "image_name": "RGB_OR_1200x1200_097.png",
    "mse": 0.000491660728584975,
    "psnr": 33.07217788696289,
    "ms-ssim": 0.9937441349029541,
    "bpp": 0.29257777777777777,
    "encoding_time": 0.23227930068969727,
    "decoding_time": 0.41698288917541504
}