{
    "image_name": "RGB_OR_1200x1200_030.png",
    "mse": 0.0006448482745327055,
    "psnr": 31.896879196166992,
    "ms-ssim": 0.9887682795524597,
    "bpp": 0.6106222222222222,
    "encoding_time": 0.5199873447418213,
    "decoding_time": 0.4786231517791748
}