{
    "image_name": "RGB_OR_1200x1200_100.png",
    "mse": 0.00010366758215241134,
    "psnr": 39.81343460083008,
    "ms-ssim": 0.9949424266815186,
    "bpp": 0.248,
    "encoding_time": 0.41303300857543945,
    "decoding_time": 0.365203857421875
}