{
    "image_name": "RGB_OR_1200x1200_062.png",
    "mse": 0.0014924732968211174,
    "psnr": 28.257232666015625,
    "ms-ssim": 0.9875771403312683,
    "bpp": 0.7570222222222223,
    "encoding_time": 0.3071329593658447,
    "decoding_time": 0.4177882671356201
}