{
    "image_name": "RGB_OR_1200x1200_079.png",
    "mse": 0.0007278110715560615,
    "psnr": 31.37248420715332,
    "ms-ssim": 0.9947243928909302,
    "bpp": 0.2826888888888889,
    "encoding_time": 0.2805368900299072,
    "decoding_time": 0.4308311939239502
}