{
    "image_name": "RGB_OR_1200x1200_004.png",
    "mse": 0.00021543832554016262,
    "psnr": 36.641605377197266,
    "ms-ssim": 0.9904264807701111,
    "bpp": 0.31233333333333335,
    "encoding_time": 0.5243775844573975,
    "decoding_time": 0.39371490478515625
}