{
    "image_name": "RGB_OR_1200x1200_029.png",
    "mse": 0.0003516323340591043,
    "psnr": 34.52398681640625,
    "ms-ssim": 0.9921936392784119,
    "bpp": 0.39786666666666665,
    "encoding_time": 0.28413867950439453,
    "decoding_time": 0.4062201976776123
}