{
    "image_name": "RGB_OR_1200x1200_060.png",
    "mse": 0.00034393960959278047,
    "psnr": 34.6209716796875,
    "ms-ssim": 0.9921097755432129,
    "bpp": 0.3772888888888889,
    "encoding_time": 0.348879337310791,
    "decoding_time": 0.5921285152435303
}