{
    "image_name": "RGB_OR_1200x1200_005.png",
    "mse": 0.0004075478937011212,
    "psnr": 33.884544372558594,
    "ms-ssim": 0.9900192618370056,
    "bpp": 0.46742222222222224,
    "encoding_time": 0.3890249729156494,
    "decoding_time": 0.49207353591918945
}