{
    "image_name": "RGB_OR_1200x1200_059.png",
    "mse": 0.001946731936186552,
    "psnr": 27.104412078857422,
    "ms-ssim": 0.9870054721832275,
    "bpp": 0.7054222222222222,
    "encoding_time": 0.32252049446105957,
    "decoding_time": 0.47962117195129395
}