{
    "image_name": "RGB_OR_1200x1200_067.png",
    "mse": 0.0004291794029995799,
    "psnr": 33.661312103271484,
    "ms-ssim": 0.9875144958496094,
    "bpp": 0.45368888888888886,
    "encoding_time": 0.3770873546600342,
    "decoding_time": 0.3112211227416992
}