{
    "image_name": "RGB_OR_1200x1200_002.png",
    "mse": 0.00021741165255662054,
    "psnr": 36.60213088989258,
    "ms-ssim": 0.9928770065307617,
    "bpp": 0.20902222222222222,
    "encoding_time": 0.2988147735595703,
    "decoding_time": 0.7434549331665039
}