{
    "image_name": "RGB_OR_1200x1200_061.png",
    "mse": 0.0009020863217301667,
    "psnr": 30.44163703918457,
    "ms-ssim": 0.989264190196991,
    "bpp": 0.6394666666666666,
    "encoding_time": 0.6070725917816162,
    "decoding_time": 0.3945481777191162
}