{
    "image_name": "RGB_OR_1200x1200_045.png",
    "mse": 0.0002981016004923731,
    "psnr": 35.23973083496094,
    "ms-ssim": 0.990980327129364,
    "bpp": 0.3720888888888889,
    "encoding_time": 0.323439359664917,
    "decoding_time": 0.3051755428314209
}