{
    "image_name": "RGB_OR_1200x1200_006.png",
    "mse": 0.0002829945005942136,
    "psnr": 35.46327590942383,
    "ms-ssim": 0.9871858954429626,
    "bpp": 0.5391555555555556,
    "encoding_time": 0.34844493865966797,
    "decoding_time": 0.3468351364135742
}