{
    "image_name": "RGB_OR_1200x1200_077.png",
    "mse": 0.00028688463498838246,
    "psnr": 35.40400695800781,
    "ms-ssim": 0.9815951585769653,
    "bpp": 0.7061111111111111,
    "encoding_time": 0.4099133014678955,
    "decoding_time": 0.5740509033203125
}