{
    "image_name": "RGB_OR_1200x1200_048.png",
    "mse": 0.0008766287937760353,
    "psnr": 30.565799713134766,
    "ms-ssim": 0.9880877733230591,
    "bpp": 0.6158222222222223,
    "encoding_time": 0.36499977111816406,
    "decoding_time": 0.3475804328918457
}