{
    "image_name": "RGB_OR_1200x1200_070.png",
    "mse": 0.00028143287636339664,
    "psnr": 35.48725891113281,
    "ms-ssim": 0.9893817901611328,
    "bpp": 0.5477777777777778,
    "encoding_time": 0.44989752769470215,
    "decoding_time": 0.49222898483276367
}