{
    "image_name": "RGB_OR_1200x1200_063.png",
    "mse": 0.0002409007283858955,
    "psnr": 36.16046142578125,
    "ms-ssim": 0.9917004108428955,
    "bpp": 0.31464444444444445,
    "encoding_time": 0.46179819107055664,
    "decoding_time": 0.579702615737915
}