{
    "image_name": "RGB_OR_1200x1200_028.png",
    "mse": 0.00012973390403203666,
    "psnr": 38.82776641845703,
    "ms-ssim": 0.9937188625335693,
    "bpp": 0.282,
    "encoding_time": 0.36893320083618164,
    "decoding_time": 0.6712226867675781
}