{
    "image_name": "RGB_OR_1200x1200_021.png",
    "mse": 0.0005312903667800128,
    "psnr": 32.73587417602539,
    "ms-ssim": 0.993789792060852,
    "bpp": 0.30924444444444443,
    "encoding_time": 0.3137202262878418,
    "decoding_time": 0.4564082622528076
}