{
    "image_name": "RGB_OR_1200x1200_092.png",
    "mse": 0.0002593912067823112,
    "psnr": 35.839454650878906,
    "ms-ssim": 0.9862977862358093,
    "bpp": 0.4023333333333333,
    "encoding_time": 0.5287647247314453,
    "decoding_time": 0.4548814296722412
}