{
    "image_name": "RGB_OR_1200x1200_034.png",
    "mse": 0.00030338650685735047,
    "psnr": 35.161964416503906,
    "ms-ssim": 0.9939820170402527,
    "bpp": 0.29244444444444445,
    "encoding_time": 0.40151119232177734,
    "decoding_time": 0.35756564140319824
}