{
    "image_name": "RGB_OR_1200x1200_066.png",
    "mse": 0.00032060209196060896,
    "psnr": 34.92413330078125,
    "ms-ssim": 0.9915053248405457,
    "bpp": 0.38524444444444444,
    "encoding_time": 0.5480587482452393,
    "decoding_time": 0.45392465591430664
}