{
    "image_name": "RGB_OR_1200x1200_011.png",
    "mse": 0.0009891130030155182,
    "psnr": 30.04232406616211,
    "ms-ssim": 0.9909900426864624,
    "bpp": 0.4865777777777778,
    "encoding_time": 0.3701152801513672,
    "decoding_time": 0.4947543144226074
}