{
    "image_name": "RGB_OR_1200x1200_003.png",
    "mse": 0.0005095797241665423,
    "psnr": 32.91694641113281,
    "ms-ssim": 0.9922981262207031,
    "bpp": 0.3615333333333333,
    "encoding_time": 0.29742956161499023,
    "decoding_time": 0.2940635681152344
}