{
    "image_name": "RGB_OR_1200x1200_013.png",
    "mse": 0.00042889820178970695,
    "psnr": 33.664337158203125,
    "ms-ssim": 0.9921082258224487,
    "bpp": 0.3380444444444444,
    "encoding_time": 0.4106283187866211,
    "decoding_time": 0.5259323120117188
}