{
    "image_name": "RGB_OR_1200x1200_019.png",
    "mse": 0.000475451786769554,
    "psnr": 33.217689514160156,
    "ms-ssim": 0.990735650062561,
    "bpp": 0.4736,
    "encoding_time": 0.28542327880859375,
    "decoding_time": 0.4659543037414551
}