{
    "image_name": "RGB_OR_1200x1200_047.png",
    "mse": 0.0006922617903910577,
    "psnr": 31.58964729309082,
    "ms-ssim": 0.9897753000259399,
    "bpp": 0.4784,
    "encoding_time": 0.5139117240905762,
    "decoding_time": 0.5428216457366943
}