{
    "image_name": "RGB_OR_1200x1200_057.png",
    "mse": 0.00021962144819553941,
    "psnr": 36.55883026123047,
    "ms-ssim": 0.9902051687240601,
    "bpp": 0.39611111111111114,
    "encoding_time": 0.3350653648376465,
    "decoding_time": 0.27068400382995605
}