{
    "image_name": "RGB_OR_1200x1200_050.png",
    "mse": 0.0003733252524398267,
    "psnr": 34.26472473144531,
    "ms-ssim": 0.9877605438232422,
    "bpp": 0.48115555555555556,
    "encoding_time": 0.9551894664764404,
    "decoding_time": 0.5525264739990234
}