{
    "image_name": "RGB_OR_1200x1200_053.png",
    "mse": 0.00020874469191767275,
    "psnr": 36.77809524536133,
    "ms-ssim": 0.9949013590812683,
    "bpp": 0.22106666666666666,
    "encoding_time": 0.4465291500091553,
    "decoding_time": 0.5018103122711182
}