{
    "image_name": "RGB_OR_1200x1200_024.png",
    "mse": 0.0017222288297489285,
    "psnr": 27.6359806060791,
    "ms-ssim": 0.9897727370262146,
    "bpp": 0.5426444444444445,
    "encoding_time": 0.25313544273376465,
    "decoding_time": 0.6912968158721924
}