{
    "image_name": "RGB_OR_1200x1200_055.png",
    "mse": 0.0004196182999294251,
    "psnr": 33.75819778442383,
    "ms-ssim": 0.9937955737113953,
    "bpp": 0.4003333333333333,
    "encoding_time": 0.4539225101470947,
    "decoding_time": 0.5343954563140869
}