{
    "image_name": "RGB_OR_1200x1200_027.png",
    "mse": 0.0006281326641328633,
    "psnr": 32.011138916015625,
    "ms-ssim": 0.9917135238647461,
    "bpp": 0.4367111111111111,
    "encoding_time": 0.39265966415405273,
    "decoding_time": 0.4649653434753418
}