{
    "image_name": "RGB_OR_1200x1200_035.png",
    "mse": 0.0005904018180444837,
    "psnr": 32.27882385253906,
    "ms-ssim": 0.9905645847320557,
    "bpp": 0.44282222222222223,
    "encoding_time": 0.2704784870147705,
    "decoding_time": 0.3583049774169922
}