{
    "image_name": "RGB_OR_1200x1200_058.png",
    "mse": 0.00040354239172302186,
    "psnr": 33.92809295654297,
    "ms-ssim": 0.9913951754570007,
    "bpp": 0.4172222222222222,
    "encoding_time": 0.3025035858154297,
    "decoding_time": 0.37633228302001953
}