{
    "image_name": "RGB_OR_1200x1200_073.png",
    "mse": 0.0001994459453271702,
    "psnr": 36.9778938293457,
    "ms-ssim": 0.9908199310302734,
    "bpp": 0.27053333333333335,
    "encoding_time": 0.730642557144165,
    "decoding_time": 0.5906233787536621
}