{
    "image_name": "RGB_OR_1200x1200_022.png",
    "mse": 0.00028806892805732787,
    "psnr": 35.38619613647461,
    "ms-ssim": 0.9907187223434448,
    "bpp": 0.46066666666666667,
    "encoding_time": 0.2689969539642334,
    "decoding_time": 0.3099405765533447
}