{
    "image_name": "RGB_OR_1200x1200_065.png",
    "mse": 0.0011424858821555972,
    "psnr": 29.41702651977539,
    "ms-ssim": 0.9876333475112915,
    "bpp": 0.5128444444444444,
    "encoding_time": 0.3364572525024414,
    "decoding_time": 0.30814218521118164
}