{
    "image_name": "RGB_OR_1200x1200_084.png",
    "mse": 0.00011147122859256342,
    "psnr": 39.47993469238281,
    "ms-ssim": 0.9898414611816406,
    "bpp": 0.30544444444444446,
    "encoding_time": 0.650867223739624,
    "decoding_time": 0.6277289390563965
}