{
    "image_name": "RGB_OR_1200x1200_041.png",
    "mse": 0.000489157042466104,
    "psnr": 33.09523391723633,
    "ms-ssim": 0.9911505579948425,
    "bpp": 0.45337777777777777,
    "encoding_time": 0.45536375045776367,
    "decoding_time": 0.4823033809661865
}