{
    "image_name": "RGB_OR_1200x1200_089.png",
    "mse": 0.0007578941294923425,
    "psnr": 31.196788787841797,
    "ms-ssim": 0.9887301921844482,
    "bpp": 0.549,
    "encoding_time": 0.4191102981567383,
    "decoding_time": 0.5838994979858398
}