{
    "image_name": "RGB_OR_1200x1200_043.png",
    "mse": 0.0009428310440853238,
    "psnr": 30.25011444091797,
    "ms-ssim": 0.9872369170188904,
    "bpp": 0.7028666666666666,
    "encoding_time": 0.3985276222229004,
    "decoding_time": 0.41582608222961426
}