{
    "image_name": "RGB_OR_1200x1200_039.png",
    "mse": 0.0005497431848198175,
    "psnr": 32.588592529296875,
    "ms-ssim": 0.9904512763023376,
    "bpp": 0.5006888888888889,
    "encoding_time": 0.31079745292663574,
    "decoding_time": 0.5341265201568604
}