{
    "image_name": "RGB_OR_1200x1200_076.png",
    "mse": 0.00040733348578214645,
    "psnr": 33.88758087158203,
    "ms-ssim": 0.991020143032074,
    "bpp": 0.2812222222222222,
    "encoding_time": 0.3559267520904541,
    "decoding_time": 0.4355778694152832
}