{
    "image_name": "RGB_OR_1200x1200_096.png",
    "mse": 0.00026325538055971265,
    "psnr": 35.77647018432617,
    "ms-ssim": 0.9855952262878418,
    "bpp": 0.5033111111111112,
    "encoding_time": 0.3012259006500244,
    "decoding_time": 0.7829427719116211
}