{
    "image_name": "RGB_OR_1200x1200_051.png",
    "mse": 0.0001813671988202259,
    "psnr": 37.38405990600586,
    "ms-ssim": 0.9910383224487305,
    "bpp": 0.3722666666666667,
    "encoding_time": 0.3525114059448242,
    "decoding_time": 0.5360233783721924
}