{
    "image_name": "RGB_OR_1200x1200_054.png",
    "mse": 0.0003902449388988316,
    "psnr": 34.07495880126953,
    "ms-ssim": 0.9924153089523315,
    "bpp": 0.4376888888888889,
    "encoding_time": 0.3747446537017822,
    "decoding_time": 0.6367239952087402
}