{
    "image_name": "RGB_OR_1200x1200_046.png",
    "mse": 0.0005711765843443573,
    "psnr": 32.423587799072266,
    "ms-ssim": 0.9879390597343445,
    "bpp": 0.6309555555555556,
    "encoding_time": 0.47444891929626465,
    "decoding_time": 0.4329109191894531
}