{
    "image_name": "RGB_OR_1200x1200_010.png",
    "mse": 0.0003253133036196232,
    "psnr": 34.8604736328125,
    "ms-ssim": 0.990862250328064,
    "bpp": 0.48486666666666667,
    "encoding_time": 0.26804113388061523,
    "decoding_time": 0.33521080017089844
}