{
    "image_name": "RGB_OR_1200x1200_008.png",
    "mse": 0.0004821897018700838,
    "psnr": 33.156944274902344,
    "ms-ssim": 0.9897660613059998,
    "bpp": 0.5490666666666667,
    "encoding_time": 0.40643930435180664,
    "decoding_time": 0.5630102157592773
}