{
    "image_name": "RGB_OR_1200x1200_098.png",
    "mse": 0.0011698963353410363,
    "psnr": 29.314056396484375,
    "ms-ssim": 0.9901039004325867,
    "bpp": 0.7164444444444444,
    "encoding_time": 0.39287519454956055,
    "decoding_time": 0.4723527431488037
}