{
    "image_name": "RGB_OR_1200x1200_071.png",
    "mse": 0.0003519029123708606,
    "psnr": 34.520774841308594,
    "ms-ssim": 0.9903039932250977,
    "bpp": 0.3636888888888889,
    "encoding_time": 0.2538449764251709,
    "decoding_time": 0.6623811721801758
}