{
    "image_name": "RGB_OR_1200x1200_001.png",
    "mse": 0.00037278601666912436,
    "psnr": 34.270713806152344,
    "ms-ssim": 0.9942572116851807,
    "bpp": 0.28157777777777776,
    "encoding_time": 0.32053089141845703,
    "decoding_time": 0.5349700450897217
}