{
    "image_name": "RGB_OR_1200x1200_015.png",
    "mse": 0.0001315006666118279,
    "psnr": 38.76959991455078,
    "ms-ssim": 0.9939014911651611,
    "bpp": 0.18022222222222223,
    "encoding_time": 0.5344951152801514,
    "decoding_time": 0.610210657119751
}