{
    "image_name": "RGB_OR_1200x1200_016.png",
    "mse": 0.0013291988288983703,
    "psnr": 28.75996208190918,
    "ms-ssim": 0.9882886409759521,
    "bpp": 0.6256,
    "encoding_time": 0.3895745277404785,
    "decoding_time": 0.33144497871398926
}