{
    "image_name": "RGB_OR_1200x1200_093.png",
    "mse": 0.00027853422216139734,
    "psnr": 35.53622817993164,
    "ms-ssim": 0.9933654069900513,
    "bpp": 0.3198,
    "encoding_time": 0.29946351051330566,
    "decoding_time": 0.4128255844116211
}