{
    "image_name": "RGB_OR_1200x1200_042.png",
    "mse": 0.0003287500294391066,
    "psnr": 34.816192626953125,
    "ms-ssim": 0.9906066656112671,
    "bpp": 0.44366666666666665,
    "encoding_time": 0.3300807476043701,
    "decoding_time": 0.29257988929748535
}