{
    "image_name": "RGB_OR_1200x1200_007.png",
    "mse": 0.0005818353383801877,
    "psnr": 32.34271240234375,
    "ms-ssim": 0.9923371076583862,
    "bpp": 0.37293333333333334,
    "encoding_time": 0.32730698585510254,
    "decoding_time": 0.46105098724365234
}