{
    "image_name": "RGB_OR_1200x1200_040.png",
    "mse": 0.0004708356864284724,
    "psnr": 33.26041793823242,
    "ms-ssim": 0.990668535232544,
    "bpp": 0.47473333333333334,
    "encoding_time": 0.2910890579223633,
    "decoding_time": 0.5561785697937012
}