{
    "image_name": "RGB_OR_1200x1200_088.png",
    "mse": 0.0004117406497243792,
    "psnr": 33.84135437011719,
    "ms-ssim": 0.9921791553497314,
    "bpp": 0.4528,
    "encoding_time": 0.7403745651245117,
    "decoding_time": 0.4390110969543457
}