{
    "image_name": "RGB_OR_1200x1200_044.png",
    "mse": 0.0002490222395863384,
    "psnr": 36.01701354980469,
    "ms-ssim": 0.9890076518058777,
    "bpp": 0.48533333333333334,
    "encoding_time": 0.530271053314209,
    "decoding_time": 0.5235857963562012
}