{
    "image_name": "RGB_OR_1200x1200_052.png",
    "mse": 0.00041077975765801966,
    "psnr": 33.85062026977539,
    "ms-ssim": 0.9928056001663208,
    "bpp": 0.44682222222222223,
    "encoding_time": 0.27327847480773926,
    "decoding_time": 0.5390636920928955
}