{
    "image_name": "RGB_OR_1200x1200_087.png",
    "mse": 0.001371552119962871,
    "psnr": 28.62415885925293,
    "ms-ssim": 0.9870366454124451,
    "bpp": 0.7503111111111112,
    "encoding_time": 0.2692086696624756,
    "decoding_time": 0.3835420608520508
}