{
    "image_name": "RGB_OR_1200x1200_036.png",
    "mse": 0.00011144830205012113,
    "psnr": 39.480857849121094,
    "ms-ssim": 0.9923208951950073,
    "bpp": 0.24804444444444446,
    "encoding_time": 0.44254398345947266,
    "decoding_time": 0.41819334030151367
}