{
    "image_name": "RGB_OR_1200x1200_018.png",
    "mse": 0.0015983069315552711,
    "psnr": 27.960039138793945,
    "ms-ssim": 0.9895005226135254,
    "bpp": 0.6026222222222222,
    "encoding_time": 0.38856029510498047,
    "decoding_time": 0.5144209861755371
}