{
    "image_name": "RGB_OR_1200x1200_032.png",
    "mse": 0.0007212029304355383,
    "psnr": 31.411983489990234,
    "ms-ssim": 0.9881727695465088,
    "bpp": 0.6444888888888889,
    "encoding_time": 0.39635205268859863,
    "decoding_time": 0.5068039894104004
}