{
    "image_name": "RGB_OR_1200x1200_033.png",
    "mse": 0.0006156014278531075,
    "psnr": 32.09843826293945,
    "ms-ssim": 0.9904476404190063,
    "bpp": 0.5002,
    "encoding_time": 0.5418469905853271,
    "decoding_time": 0.36971378326416016
}