{
    "image_name": "RGB_OR_1200x1200_017.png",
    "mse": 0.00047349391388706863,
    "psnr": 33.23551940917969,
    "ms-ssim": 0.9915608167648315,
    "bpp": 0.45235555555555557,
    "encoding_time": 0.3285515308380127,
    "decoding_time": 0.6614804267883301
}