{
    "image_name": "RGB_OR_1200x1200_037.png",
    "mse": 0.00033686505048535764,
    "psnr": 34.7091064453125,
    "ms-ssim": 0.9910073280334473,
    "bpp": 0.42673333333333335,
    "encoding_time": 0.5843615531921387,
    "decoding_time": 0.520235538482666
}