{
    "image_name": "RGB_OR_1200x1200_009.png",
    "mse": 0.00019857886945828795,
    "psnr": 36.99439239501953,
    "ms-ssim": 0.9949063062667847,
    "bpp": 0.25384444444444443,
    "encoding_time": 0.37128210067749023,
    "decoding_time": 0.5928361415863037
}