{
    "image_name": "RGB_OR_1200x1200_025.png",
    "mse": 0.0002673738345038146,
    "psnr": 35.708641052246094,
    "ms-ssim": 0.9925040602684021,
    "bpp": 0.30535555555555555,
    "encoding_time": 0.46591949462890625,
    "decoding_time": 0.43036508560180664
}