{
    "image_name": "RGB_OR_1200x1200_081.png",
    "mse": 0.0005175241967663169,
    "psnr": 32.850364685058594,
    "ms-ssim": 0.9930590391159058,
    "bpp": 0.3827777777777778,
    "encoding_time": 0.552849531173706,
    "decoding_time": 0.5964360237121582
}