{
    "image_name": "RGB_OR_1200x1200_078.png",
    "mse": 0.0002968713524751365,
    "psnr": 35.255859375,
    "ms-ssim": 0.9925189018249512,
    "bpp": 0.2928222222222222,
    "encoding_time": 0.2983098030090332,
    "decoding_time": 0.42261695861816406
}