{
    "image_name": "RGB_OR_1200x1200_014.png",
    "mse": 0.00033141698804683983,
    "psnr": 34.7799072265625,
    "ms-ssim": 0.9934803247451782,
    "bpp": 0.30306666666666665,
    "encoding_time": 0.4652564525604248,
    "decoding_time": 0.6195156574249268
}