{
    "image_name": "RGB_OR_1200x1200_068.png",
    "mse": 0.00025082495994865894,
    "psnr": 35.994110107421875,
    "ms-ssim": 0.9952871203422546,
    "bpp": 0.289,
    "encoding_time": 0.4576587677001953,
    "decoding_time": 0.5748827457427979
}