{
    "image_name": "RGB_OR_1200x1200_064.png",
    "mse": 0.0005667064106091857,
    "psnr": 32.457366943359375,
    "ms-ssim": 0.9920715689659119,
    "bpp": 0.47528888888888887,
    "encoding_time": 0.39249682426452637,
    "decoding_time": 0.3790888786315918
}