{
    "image_name": "RGB_OR_1200x1200_075.png",
    "mse": 0.0004204782599117607,
    "psnr": 33.75019836425781,
    "ms-ssim": 0.988719642162323,
    "bpp": 0.4182888888888889,
    "encoding_time": 0.3080108165740967,
    "decoding_time": 0.47114133834838867
}