{
    "image_name": "RGB_OR_1200x1200_069.png",
    "mse": 0.0006919964798726141,
    "psnr": 31.590974807739258,
    "ms-ssim": 0.9918957948684692,
    "bpp": 0.38493333333333335,
    "encoding_time": 0.37395787239074707,
    "decoding_time": 0.43906426429748535
}