{
    "image_name": "RGB_OR_1200x1200_085.png",
    "mse": 0.0003029248910024762,
    "psnr": 35.16857147216797,
    "ms-ssim": 0.9876259565353394,
    "bpp": 0.5533555555555556,
    "encoding_time": 0.2806382179260254,
    "decoding_time": 0.41497159004211426
}