{
    "image_name": "RGB_OR_1200x1200_072.png",
    "mse": 0.0009641015785746276,
    "psnr": 30.153366088867188,
    "ms-ssim": 0.9915570616722107,
    "bpp": 0.4774,
    "encoding_time": 0.28531789779663086,
    "decoding_time": 0.48456263542175293
}