{
    "image_name": "RGB_OR_1200x1200_082.png",
    "mse": 0.0010204626014456153,
    "psnr": 29.906450271606445,
    "ms-ssim": 0.9846472144126892,
    "bpp": 0.7623777777777778,
    "encoding_time": 0.26554441452026367,
    "decoding_time": 0.3607213497161865
}