{
    "image_name": "RGB_OR_1200x1200_012.png",
    "mse": 0.00045462464913725853,
    "psnr": 33.41133499145508,
    "ms-ssim": 0.9915460348129272,
    "bpp": 0.32666666666666666,
    "encoding_time": 0.27381253242492676,
    "decoding_time": 0.6544191837310791
}