{
    "mean_loss": 0.15788385675310268,
    "mean_bpp": 0.1540003232008137,
    "mean_psnr": 26.496963500976562,
    "mean_msssim": 0.9611646644771099,
    "mean_msssim_dB": 14.10772938350048,
    "mean_enc_time": 0.7661393582820892,
    "mean_dec_time": 0.7969378381967545
}