{
    "image_name": "00010_TE_2000x1128.png",
    "mse": 0.0011353859445080161,
    "psnr": 29.44331932067871,
    "ms-ssim": 0.9688271880149841,
    "bpp": 0.11429787234042553,
    "encoding_time": 0.5948030948638916,
    "decoding_time": 0.4977288246154785
}