{
    "image_name": "00006_TE_1544x1120.png",
    "mse": 0.003622679505497217,
    "psnr": 24.40848159790039,
    "ms-ssim": 0.9705996513366699,
    "bpp": 0.1481680236861584,
    "encoding_time": 0.322418212890625,
    "decoding_time": 0.45621585845947266
}