{
    "image_name": "00009_TE_1976x1312.png",
    "mse": 0.009619279764592648,
    "psnr": 20.168031692504883,
    "ms-ssim": 0.9479761123657227,
    "bpp": 0.23076923076923078,
    "encoding_time": 0.7806177139282227,
    "decoding_time": 0.6825554370880127
}