{
    "image_name": "00001_TE_2096x1400.png",
    "mse": 0.003966610878705978,
    "psnr": 24.014345169067383,
    "ms-ssim": 0.9639441967010498,
    "bpp": 0.1824318429661941,
    "encoding_time": 0.7025902271270752,
    "decoding_time": 0.8429269790649414
}