{
    "image_name": "00003_TE_1944x1296.png",
    "mse": 0.001559991855174303,
    "psnr": 28.065231323242188,
    "ms-ssim": 0.970559298992157,
    "bpp": 0.12106894274246811,
    "encoding_time": 0.4642183780670166,
    "decoding_time": 0.6275882720947266
}