{
    "image_name": "00007_TE_1472x976.png",
    "mse": 0.002029847353696823,
    "psnr": 26.92264175415039,
    "ms-ssim": 0.9718531370162964,
    "bpp": 0.12430951532430506,
    "encoding_time": 0.277022123336792,
    "decoding_time": 0.37262797355651855
}