{
    "image_name": "00013_TE_1920x1280.png",
    "mse": 0.0015595097793266177,
    "psnr": 28.066497802734375,
    "ms-ssim": 0.9582521319389343,
    "bpp": 0.186796875,
    "encoding_time": 0.45457005500793457,
    "decoding_time": 0.530724048614502
}