{
    "image_name": "00011_TE_1744x1160.png",
    "mse": 0.002723637968301773,
    "psnr": 25.646547317504883,
    "ms-ssim": 0.955519437789917,
    "bpp": 0.20262575134451122,
    "encoding_time": 0.6565248966217041,
    "decoding_time": 0.5470647811889648
}