{
    "image_name": "00015_TE_3680x2456.png",
    "mse": 0.0021817705128341913,
    "psnr": 26.609600067138672,
    "ms-ssim": 0.975233256816864,
    "bpp": 0.1080689704007931,
    "encoding_time": 1.8832595348358154,
    "decoding_time": 1.7214677333831787
}