{
    "image_name": "00016_TE_1744x2000.png",
    "mse": 0.0009889192879199982,
    "psnr": 30.042734146118164,
    "ms-ssim": 0.9294718503952026,
    "bpp": 0.12119266055045871,
    "encoding_time": 0.703298807144165,
    "decoding_time": 0.895500898361206
}