{
    "image_name": "00005_TE_1336x872.png",
    "mse": 0.002182314870879054,
    "psnr": 26.608356475830078,
    "ms-ssim": 0.9821621775627136,
    "bpp": 0.08141515134867879,
    "encoding_time": 0.287747859954834,
    "decoding_time": 0.3839130401611328
}