{
    "image_name": "00012_TE_1512x2016.png",
    "mse": 0.001981377135962248,
    "psnr": 27.02752685546875,
    "ms-ssim": 0.9442817568778992,
    "bpp": 0.2044280675233056,
    "encoding_time": 0.5281357765197754,
    "decoding_time": 0.6478757858276367
}