{
    "image_name": "00004_TE_1808x1352.png",
    "mse": 0.003080710768699646,
    "psnr": 25.111610412597656,
    "ms-ssim": 0.9572833776473999,
    "bpp": 0.1797795465256323,
    "encoding_time": 0.8563122749328613,
    "decoding_time": 0.7644054889678955
}