{
    "image_name": "00002_TE_2144x1424.png",
    "mse": 0.001921345479786396,
    "psnr": 27.161121368408203,
    "ms-ssim": 0.9506586790084839,
    "bpp": 0.1767147409022304,
    "encoding_time": 0.8219130039215088,
    "decoding_time": 1.1790289878845215
}