{
    "mean_loss": 0.8222939712409792,
    "mean_bpp": 0.8218522266808306,
    "mean_psnr": 36.252031000649055,
    "mean_msssim": 0.9955825543985134,
    "mean_msssim_dB": 23.548287898958232,
    "mean_enc_time": 0.749328770288607,
    "mean_dec_time": 0.8071784391635801
}