{
    "image_name": "dogancan-ozturan-395.png",
    "mse": 0.00018649241246748716,
    "psnr": 37.26506042480469,
    "ms-ssim": 0.997191846370697,
    "bpp": 0.6187081891580162,
    "encoding_time": 1.064650535583496,
    "decoding_time": 1.4302260875701904
}