{
    "image_name": "stefan-kunze-26931.png",
    "mse": 0.0003220105718355626,
    "psnr": 34.90478515625,
    "ms-ssim": 0.9961695075035095,
    "bpp": 0.7828959400146306,
    "encoding_time": 0.8150718212127686,
    "decoding_time": 0.8742482662200928
}