{
    "image_name": "wojciech-szaturski-3611.png",
    "mse": 0.00043345242738723755,
    "psnr": 33.618106842041016,
    "ms-ssim": 0.995820164680481,
    "bpp": 0.8679275653923542,
    "encoding_time": 0.9405434131622314,
    "decoding_time": 1.122380256652832
}