{
    "image_name": "juskteez-vu-1041.png",
    "mse": 0.0005783250089734793,
    "psnr": 32.36897659301758,
    "ms-ssim": 0.9936339259147644,
    "bpp": 1.2420722739067147,
    "encoding_time": 0.6626379489898682,
    "decoding_time": 0.7934465408325195
}