{
    "image_name": "paul-itkin-46101.png",
    "mse": 0.0016364951152354479,
    "psnr": 27.85787582397461,
    "ms-ssim": 0.9964691996574402,
    "bpp": 0.7636313465783664,
    "encoding_time": 0.15757012367248535,
    "decoding_time": 0.27031540870666504
}