{
    "image_name": "jared-erondu-21325.png",
    "mse": 0.00011466281284810975,
    "psnr": 39.35866928100586,
    "ms-ssim": 0.99586021900177,
    "bpp": 0.7855425824175825,
    "encoding_time": 0.7795190811157227,
    "decoding_time": 0.6742517948150635
}