{
    "image_name": "nomao-saeki-33553.png",
    "mse": 8.179375436156988e-05,
    "psnr": 40.80588912963867,
    "ms-ssim": 0.9959332346916199,
    "bpp": 0.8193859809663251,
    "encoding_time": 0.718480110168457,
    "decoding_time": 0.9736406803131104
}