{
    "image_name": "alexander-shustov-73.png",
    "mse": 0.000882322492543608,
    "psnr": 30.53775405883789,
    "ms-ssim": 0.9950675964355469,
    "bpp": 1.2101051616458487,
    "encoding_time": 1.1252315044403076,
    "decoding_time": 1.5025343894958496
}