{
    "image_name": "benjamin-sloth-lindgreen-705.png",
    "mse": 0.00036646134685724974,
    "psnr": 34.34535217285156,
    "ms-ssim": 0.9949182271957397,
    "bpp": 0.9348214285714286,
    "encoding_time": 0.5923106670379639,
    "decoding_time": 0.713947057723999
}