{
    "image_name": "martin-wessely-211.png",
    "mse": 0.0009986493969336152,
    "psnr": 30.00043487548828,
    "ms-ssim": 0.9927210807800293,
    "bpp": 1.3326041666666666,
    "encoding_time": 0.3032371997833252,
    "decoding_time": 0.21246552467346191
}