{
    "image_name": "alberto-montalesi-176097.png",
    "mse": 0.00013567385030910373,
    "psnr": 38.63555908203125,
    "ms-ssim": 0.9910063743591309,
    "bpp": 0.9781731474688188,
    "encoding_time": 0.603367805480957,
    "decoding_time": 0.6016554832458496
}