{
    "image_name": "sergey-zolkin-21232.png",
    "mse": 6.372621282935143e-05,
    "psnr": 41.877967834472656,
    "ms-ssim": 0.9968841075897217,
    "bpp": 0.6003219831741081,
    "encoding_time": 1.3330204486846924,
    "decoding_time": 0.7852380275726318
}