{
    "image_name": "kazuend-28556.png",
    "mse": 5.444380803965032e-05,
    "psnr": 42.54237747192383,
    "ms-ssim": 0.9969127178192139,
    "bpp": 0.5140682234432234,
    "encoding_time": 1.385627031326294,
    "decoding_time": 1.3165621757507324
}