{
    "image_name": "andrew-ruiz-376.png",
    "mse": 0.00020157841208856553,
    "psnr": 36.92930221557617,
    "ms-ssim": 0.9969374537467957,
    "bpp": 0.7169475569434239,
    "encoding_time": 0.9986007213592529,
    "decoding_time": 1.11183762550354
}