{
    "image_name": "philipp-reiner-207.png",
    "mse": 0.0009440278518013656,
    "psnr": 30.24478530883789,
    "ms-ssim": 0.9924826622009277,
    "bpp": 1.0626172839506174,
    "encoding_time": 0.8915293216705322,
    "decoding_time": 0.7847042083740234
}