{
    "image_name": "martyn-seddon-220.png",
    "mse": 0.00021087253117002547,
    "psnr": 36.734466552734375,
    "ms-ssim": 0.995064377784729,
    "bpp": 0.9633585164835164,
    "encoding_time": 0.4749917984008789,
    "decoding_time": 0.5990734100341797
}