{
    "image_name": "lobostudio-hamburg-75377.png",
    "mse": 0.0002505302836652845,
    "psnr": 35.992000579833984,
    "ms-ssim": 0.9941450953483582,
    "bpp": 0.8189445970695971,
    "encoding_time": 0.4889533519744873,
    "decoding_time": 0.5664570331573486
}