{
    "image_name": "philippe-wuyts-45997.png",
    "mse": 0.0003491210227366537,
    "psnr": 34.555599212646484,
    "ms-ssim": 0.9949471950531006,
    "bpp": 1.0774230915136052,
    "encoding_time": 0.5632948875427246,
    "decoding_time": 0.5887718200683594
}