{
    "image_name": "davide-ragusa-716.png",
    "mse": 0.00012926297495141625,
    "psnr": 38.84428405761719,
    "ms-ssim": 0.9967184066772461,
    "bpp": 0.7010879686741427,
    "encoding_time": 0.42916131019592285,
    "decoding_time": 0.5529460906982422
}