{
    "image_name": "allef-vinicius-109434.png",
    "mse": 0.00015988056838978082,
    "psnr": 37.92851257324219,
    "ms-ssim": 0.9937766790390015,
    "bpp": 1.011069139194139,
    "encoding_time": 0.6985411643981934,
    "decoding_time": 0.7871546745300293
}