{
    "image_name": "felix-russell-saw-140699.png",
    "mse": 0.0001363180490443483,
    "psnr": 38.61509323120117,
    "ms-ssim": 0.9951135516166687,
    "bpp": 0.8160666503308013,
    "encoding_time": 0.5794265270233154,
    "decoding_time": 0.6509323120117188
}