{
    "image_name": "zugr-108.png",
    "mse": 9.01228268048726e-05,
    "psnr": 40.392974853515625,
    "ms-ssim": 0.996935248374939,
    "bpp": 0.47417582417582416,
    "encoding_time": 0.5656867027282715,
    "decoding_time": 0.747683048248291
}