{
    "image_name": "ales-krivec-15949.png",
    "mse": 6.74737457302399e-05,
    "psnr": 41.62852478027344,
    "ms-ssim": 0.9971184730529785,
    "bpp": 0.5337884048821548,
    "encoding_time": 0.6637289524078369,
    "decoding_time": 0.7448036670684814
}