{
    "image_name": "michael-durana-82941.png",
    "mse": 0.00036165944766253233,
    "psnr": 34.40301513671875,
    "ms-ssim": 0.9959838390350342,
    "bpp": 0.7080586080586081,
    "encoding_time": 1.1268789768218994,
    "decoding_time": 1.149726152420044
}