{
    "image_name": "jeremy-cai-1174.png",
    "mse": 0.00014371646102517843,
    "psnr": 38.38892364501953,
    "ms-ssim": 0.9977084994316101,
    "bpp": 0.523330172063406,
    "encoding_time": 0.7458128929138184,
    "decoding_time": 0.7789771556854248
}