{
    "image_name": "vita-vilcina-3055.png",
    "mse": 0.0005491953343153,
    "psnr": 32.593666076660156,
    "ms-ssim": 0.9977793097496033,
    "bpp": 0.586848880966528,
    "encoding_time": 0.44781947135925293,
    "decoding_time": 0.509352445602417
}