{
    "image_name": "amy-zhang-15940.png",
    "mse": 0.0003778939717449248,
    "psnr": 34.212215423583984,
    "ms-ssim": 0.9952921271324158,
    "bpp": 0.9202614379084967,
    "encoding_time": 0.7656478881835938,
    "decoding_time": 0.5932040214538574
}