{
    "image_name": "sergey-zolkin-1045.png",
    "mse": 0.00019426466315053403,
    "psnr": 37.088401794433594,
    "ms-ssim": 0.9966235160827637,
    "bpp": 0.6747939560439561,
    "encoding_time": 1.1289207935333252,
    "decoding_time": 1.177579641342163
}