{
    "image_name": "todd-quackenbush-222.png",
    "mse": 0.0006144433282315731,
    "psnr": 32.107322692871094,
    "ms-ssim": 0.9928560256958008,
    "bpp": 1.1986838774993673,
    "encoding_time": 0.17368388175964355,
    "decoding_time": 0.18945980072021484
}