{
    "image_name": "roberto-nickson-48063.png",
    "mse": 9.472126112086698e-05,
    "psnr": 40.18096923828125,
    "ms-ssim": 0.9961179494857788,
    "bpp": 0.6178685897435897,
    "encoding_time": 1.2362732887268066,
    "decoding_time": 0.9827640056610107
}