{
    "image_name": "gian-reto-tarnutzer-45212.png",
    "mse": 0.00030787967261858284,
    "psnr": 35.09876251220703,
    "ms-ssim": 0.9958676695823669,
    "bpp": 1.0347855839416058,
    "encoding_time": 0.7466597557067871,
    "decoding_time": 0.951688289642334
}