{
    "image_name": "alejandro-escamilla-6.png",
    "mse": 0.00019530655117705464,
    "psnr": 37.0672492980957,
    "ms-ssim": 0.9966601729393005,
    "bpp": 0.6490501306945482,
    "encoding_time": 0.5274825096130371,
    "decoding_time": 0.5661652088165283
}