{
    "mean_loss": 0.21767349811379108,
    "mean_bpp": 0.21572066666666667,
    "mean_psnr": 30.389789943695067,
    "mean_msssim": 0.9804716855287552,
    "mean_msssim_dB": 17.093352399393574,
    "mean_enc_time": 0.40403798341751096,
    "mean_dec_time": 0.5222784423828125
}