{
    "image_name": "RGB_OR_1200x1200_031.png",
    "mse": 0.0009992027189582586,
    "psnr": 29.99793243408203,
    "ms-ssim": 0.9824349880218506,
    "bpp": 0.2564444444444444,
    "encoding_time": 0.7280728816986084,
    "decoding_time": 0.3829779624938965
}