{
    "image_name": "RGB_OR_1200x1200_096.png",
    "mse": 0.000530361314304173,
    "psnr": 32.74397277832031,
    "ms-ssim": 0.9709133505821228,
    "bpp": 0.19633333333333333,
    "encoding_time": 0.3515815734863281,
    "decoding_time": 0.4410586357116699
}