{
    "image_name": "RGB_OR_1200x1200_007.png",
    "mse": 0.0012081743916496634,
    "psnr": 29.174560546875,
    "ms-ssim": 0.9843395948410034,
    "bpp": 0.18675555555555556,
    "encoding_time": 0.6364481449127197,
    "decoding_time": 0.5210204124450684
}