{
    "image_name": "RGB_OR_1200x1200_077.png",
    "mse": 0.0005651426617987454,
    "psnr": 32.468589782714844,
    "ms-ssim": 0.9619846343994141,
    "bpp": 0.3078222222222222,
    "encoding_time": 0.3354666233062744,
    "decoding_time": 0.3639950752258301
}