{
    "image_name": "RGB_OR_1200x1200_071.png",
    "mse": 0.0007730147917754948,
    "psnr": 31.11150360107422,
    "ms-ssim": 0.981624960899353,
    "bpp": 0.12406666666666667,
    "encoding_time": 0.27855920791625977,
    "decoding_time": 0.3004794120788574
}