{
    "image_name": "RGB_OR_1200x1200_038.png",
    "mse": 0.0005000935634598136,
    "psnr": 32.99855422973633,
    "ms-ssim": 0.9857668876647949,
    "bpp": 0.1478,
    "encoding_time": 0.4868955612182617,
    "decoding_time": 0.45806145668029785
}