{
    "image_name": "RGB_OR_1200x1200_006.png",
    "mse": 0.00048466766020283103,
    "psnr": 33.134300231933594,
    "ms-ssim": 0.9748216867446899,
    "bpp": 0.2743777777777778,
    "encoding_time": 0.30803894996643066,
    "decoding_time": 0.5029244422912598
}