{
    "image_name": "RGB_OR_1200x1200_046.png",
    "mse": 0.0010649497853592038,
    "psnr": 29.721853256225586,
    "ms-ssim": 0.9735511541366577,
    "bpp": 0.32293333333333335,
    "encoding_time": 0.4531724452972412,
    "decoding_time": 0.7593052387237549
}