{
    "image_name": "RGB_OR_1200x1200_075.png",
    "mse": 0.0007793214172124863,
    "psnr": 31.075515747070312,
    "ms-ssim": 0.9785964488983154,
    "bpp": 0.1648,
    "encoding_time": 0.28780388832092285,
    "decoding_time": 0.4332282543182373
}