{
    "image_name": "RGB_OR_1200x1200_084.png",
    "mse": 0.0003141259076073766,
    "psnr": 35.01189041137695,
    "ms-ssim": 0.981881856918335,
    "bpp": 0.09695555555555556,
    "encoding_time": 0.40392446517944336,
    "decoding_time": 0.5654163360595703
}