{
    "image_name": "RGB_OR_1200x1200_091.png",
    "mse": 0.0006956965080462396,
    "psnr": 31.57037353515625,
    "ms-ssim": 0.9876664876937866,
    "bpp": 0.15824444444444444,
    "encoding_time": 0.5303843021392822,
    "decoding_time": 0.7795760631561279
}