{
    "image_name": "RGB_OR_1200x1200_010.png",
    "mse": 0.0006453323876485229,
    "psnr": 31.89364242553711,
    "ms-ssim": 0.9792814254760742,
    "bpp": 0.23906666666666668,
    "encoding_time": 0.2979726791381836,
    "decoding_time": 0.39945077896118164
}