{
    "image_name": "RGB_OR_1200x1200_037.png",
    "mse": 0.0007383229676634073,
    "psnr": 31.31023406982422,
    "ms-ssim": 0.9815074801445007,
    "bpp": 0.2076888888888889,
    "encoding_time": 0.32515621185302734,
    "decoding_time": 0.4656059741973877
}