{
    "image_name": "RGB_OR_1200x1200_048.png",
    "mse": 0.0016100727953016758,
    "psnr": 27.928125381469727,
    "ms-ssim": 0.973404049873352,
    "bpp": 0.3020888888888889,
    "encoding_time": 0.44554758071899414,
    "decoding_time": 0.4851226806640625
}