{
    "image_name": "RGB_OR_1200x1200_065.png",
    "mse": 0.0021160400938242674,
    "psnr": 26.74222183227539,
    "ms-ssim": 0.9754683375358582,
    "bpp": 0.22097777777777777,
    "encoding_time": 0.4257164001464844,
    "decoding_time": 0.8113150596618652
}