{
    "image_name": "RGB_OR_1200x1200_061.png",
    "mse": 0.0017576571553945541,
    "psnr": 27.547571182250977,
    "ms-ssim": 0.9753612279891968,
    "bpp": 0.3265777777777778,
    "encoding_time": 0.295041561126709,
    "decoding_time": 0.5912265777587891
}