{
    "image_name": "RGB_OR_1200x1200_068.png",
    "mse": 0.0005199973820708692,
    "psnr": 32.83280944824219,
    "ms-ssim": 0.9890787601470947,
    "bpp": 0.14322222222222222,
    "encoding_time": 0.3684549331665039,
    "decoding_time": 0.5725078582763672
}