{
    "image_name": "RGB_OR_1200x1200_070.png",
    "mse": 0.0006017195410095155,
    "psnr": 32.19685745239258,
    "ms-ssim": 0.97613924741745,
    "bpp": 0.2759111111111111,
    "encoding_time": 0.2481999397277832,
    "decoding_time": 0.5533115863800049
}