{
    "image_name": "RGB_OR_1200x1200_050.png",
    "mse": 0.0008110321941785514,
    "psnr": 30.902372360229492,
    "ms-ssim": 0.9770953059196472,
    "bpp": 0.22177777777777777,
    "encoding_time": 0.8877735137939453,
    "decoding_time": 0.5429775714874268
}