{
    "image_name": "RGB_OR_1200x1200_099.png",
    "mse": 0.0008213315741159022,
    "psnr": 30.848203659057617,
    "ms-ssim": 0.9755600690841675,
    "bpp": 0.25526666666666664,
    "encoding_time": 0.45664525032043457,
    "decoding_time": 0.494187593460083
}