{
    "image_name": "RGB_OR_1200x1200_049.png",
    "mse": 0.0008949629263952374,
    "psnr": 30.475704193115234,
    "ms-ssim": 0.9853724241256714,
    "bpp": 0.19562222222222223,
    "encoding_time": 0.37740421295166016,
    "decoding_time": 0.32171106338500977
}