{
    "image_name": "RGB_OR_1200x1200_062.png",
    "mse": 0.002641287399455905,
    "psnr": 25.779708862304688,
    "ms-ssim": 0.9715228080749512,
    "bpp": 0.41124444444444447,
    "encoding_time": 0.6103084087371826,
    "decoding_time": 0.697674036026001
}