{
    "image_name": "RGB_OR_1200x1200_033.png",
    "mse": 0.0011332265567034483,
    "psnr": 29.452001571655273,
    "ms-ssim": 0.9794193506240845,
    "bpp": 0.2653333333333333,
    "encoding_time": 0.31188273429870605,
    "decoding_time": 0.4126870632171631
}