{
    "image_name": "RGB_OR_1200x1200_019.png",
    "mse": 0.0009220718638971448,
    "psnr": 30.34612464904785,
    "ms-ssim": 0.9797629117965698,
    "bpp": 0.2156,
    "encoding_time": 0.3557322025299072,
    "decoding_time": 0.48967623710632324
}