{
    "image_name": "RGB_OR_1200x1200_005.png",
    "mse": 0.0008447074797004461,
    "psnr": 30.726295471191406,
    "ms-ssim": 0.9796742796897888,
    "bpp": 0.23686666666666667,
    "encoding_time": 0.4424877166748047,
    "decoding_time": 0.49834251403808594
}