{
    "image_name": "RGB_OR_1200x1200_086.png",
    "mse": 0.0010771829402074218,
    "psnr": 29.672061920166016,
    "ms-ssim": 0.9661259651184082,
    "bpp": 0.45655555555555555,
    "encoding_time": 0.29915499687194824,
    "decoding_time": 0.3990778923034668
}