{
    "image_name": "RGB_OR_1200x1200_021.png",
    "mse": 0.0010396901052445173,
    "psnr": 29.825782775878906,
    "ms-ssim": 0.9877750277519226,
    "bpp": 0.14684444444444444,
    "encoding_time": 0.24823808670043945,
    "decoding_time": 0.4726238250732422
}