{
    "image_name": "RGB_OR_1200x1200_067.png",
    "mse": 0.000821079418528825,
    "psnr": 30.849157333374023,
    "ms-ssim": 0.9764911532402039,
    "bpp": 0.18684444444444445,
    "encoding_time": 0.37296009063720703,
    "decoding_time": 0.48974108695983887
}