{
    "image_name": "RGB_OR_1200x1200_034.png",
    "mse": 0.0005748321418650448,
    "psnr": 32.39470672607422,
    "ms-ssim": 0.9869240522384644,
    "bpp": 0.14702222222222222,
    "encoding_time": 0.3409464359283447,
    "decoding_time": 0.5259573459625244
}