{
    "image_name": "RGB_OR_1200x1200_027.png",
    "mse": 0.0011882847175002098,
    "psnr": 29.246065139770508,
    "ms-ssim": 0.9817509651184082,
    "bpp": 0.21966666666666668,
    "encoding_time": 0.2808043956756592,
    "decoding_time": 0.5238738059997559
}