{
    "image_name": "RGB_OR_1200x1200_100.png",
    "mse": 0.00022303116566035897,
    "psnr": 36.5013427734375,
    "ms-ssim": 0.9900029897689819,
    "bpp": 0.12308888888888889,
    "encoding_time": 0.42495203018188477,
    "decoding_time": 0.5165436267852783
}