{
    "image_name": "RGB_OR_1200x1200_073.png",
    "mse": 0.0004182871780358255,
    "psnr": 33.77272033691406,
    "ms-ssim": 0.9848501682281494,
    "bpp": 0.09366666666666666,
    "encoding_time": 0.3508169651031494,
    "decoding_time": 0.5766685009002686
}