{
    "image_name": "RGB_OR_1200x1200_056.png",
    "mse": 0.00039645659853704274,
    "psnr": 34.00432205200195,
    "ms-ssim": 0.9832247495651245,
    "bpp": 0.1342,
    "encoding_time": 0.3216884136199951,
    "decoding_time": 0.4834127426147461
}