{
    "image_name": "RGB_OR_1200x1200_039.png",
    "mse": 0.0011392467422410846,
    "psnr": 29.42909812927246,
    "ms-ssim": 0.9793866872787476,
    "bpp": 0.25533333333333336,
    "encoding_time": 0.4472634792327881,
    "decoding_time": 0.32405972480773926
}