{
    "image_name": "RGB_OR_1200x1200_051.png",
    "mse": 0.0005101339775137603,
    "psnr": 32.912315368652344,
    "ms-ssim": 0.9819483757019043,
    "bpp": 0.1632,
    "encoding_time": 0.3641011714935303,
    "decoding_time": 0.5608408451080322
}