{
    "image_name": "RGB_OR_1200x1200_057.png",
    "mse": 0.00044344787602312863,
    "psnr": 33.519615173339844,
    "ms-ssim": 0.9801849126815796,
    "bpp": 0.17286666666666667,
    "encoding_time": 0.44031834602355957,
    "decoding_time": 0.5697438716888428
}