{
    "image_name": "RGB_OR_1200x1200_016.png",
    "mse": 0.0022691702470183372,
    "psnr": 26.43886947631836,
    "ms-ssim": 0.974129319190979,
    "bpp": 0.3356222222222222,
    "encoding_time": 0.3157169818878174,
    "decoding_time": 0.4098219871520996
}