{
    "image_name": "RGB_OR_1200x1200_078.png",
    "mse": 0.0006777372909709811,
    "psnr": 31.681232452392578,
    "ms-ssim": 0.9859308004379272,
    "bpp": 0.12697777777777777,
    "encoding_time": 0.36395955085754395,
    "decoding_time": 0.5252079963684082
}