{
    "image_name": "RGB_OR_1200x1200_029.png",
    "mse": 0.0007500700303353369,
    "psnr": 31.241886138916016,
    "ms-ssim": 0.983285665512085,
    "bpp": 0.19244444444444445,
    "encoding_time": 0.42533397674560547,
    "decoding_time": 0.6514673233032227
}