{
    "image_name": "RGB_OR_1200x1200_093.png",
    "mse": 0.0005288756801746786,
    "psnr": 32.7576789855957,
    "ms-ssim": 0.9864649176597595,
    "bpp": 0.1632222222222222,
    "encoding_time": 0.2712244987487793,
    "decoding_time": 0.47701287269592285
}