{
    "image_name": "RGB_OR_1200x1200_058.png",
    "mse": 0.0009291500318795443,
    "psnr": 30.31320571899414,
    "ms-ssim": 0.9815700054168701,
    "bpp": 0.19862222222222223,
    "encoding_time": 0.48479342460632324,
    "decoding_time": 0.6571805477142334
}