{
    "image_name": "RGB_OR_1200x1200_035.png",
    "mse": 0.0011115664383396506,
    "psnr": 29.53571891784668,
    "ms-ssim": 0.9812636375427246,
    "bpp": 0.22653333333333334,
    "encoding_time": 0.3218042850494385,
    "decoding_time": 0.47956132888793945
}