{
    "image_name": "RGB_OR_1200x1200_023.png",
    "mse": 0.0020493201445788145,
    "psnr": 26.88130760192871,
    "ms-ssim": 0.9805908203125,
    "bpp": 0.19486666666666666,
    "encoding_time": 0.47098684310913086,
    "decoding_time": 0.9016625881195068
}