{
    "image_name": "RGB_OR_1200x1200_036.png",
    "mse": 0.00027682437212206423,
    "psnr": 35.55858612060547,
    "ms-ssim": 0.986132025718689,
    "bpp": 0.08864444444444444,
    "encoding_time": 0.25954222679138184,
    "decoding_time": 0.6094555854797363
}