{
    "image_name": "RGB_OR_1200x1200_041.png",
    "mse": 0.0009843105217441916,
    "psnr": 30.0635986328125,
    "ms-ssim": 0.9805566668510437,
    "bpp": 0.21604444444444446,
    "encoding_time": 0.2641887664794922,
    "decoding_time": 0.5360207557678223
}