{
    "image_name": "RGB_OR_1200x1200_002.png",
    "mse": 0.00046802969882264733,
    "psnr": 33.28605651855469,
    "ms-ssim": 0.9878181219100952,
    "bpp": 0.08333333333333333,
    "encoding_time": 0.24357247352600098,
    "decoding_time": 0.3719143867492676
}