{
    "image_name": "RGB_OR_1200x1200_052.png",
    "mse": 0.0010129414731636643,
    "psnr": 29.93880844116211,
    "ms-ssim": 0.9824430346488953,
    "bpp": 0.2301111111111111,
    "encoding_time": 0.5355865955352783,
    "decoding_time": 0.5018150806427002
}