{
    "image_name": "RGB_OR_1200x1200_082.png",
    "mse": 0.0016987380804494023,
    "psnr": 27.6955623626709,
    "ms-ssim": 0.9669634103775024,
    "bpp": 0.42086666666666667,
    "encoding_time": 0.3198518753051758,
    "decoding_time": 0.6995658874511719
}