{
    "image_name": "RGB_OR_1200x1200_025.png",
    "mse": 0.0005940493429079652,
    "psnr": 32.25263214111328,
    "ms-ssim": 0.9855701327323914,
    "bpp": 0.13837777777777777,
    "encoding_time": 0.3331179618835449,
    "decoding_time": 0.469287633895874
}