{
    "image_name": "RGB_OR_1200x1200_080.png",
    "mse": 0.0004441932833287865,
    "psnr": 33.512359619140625,
    "ms-ssim": 0.9828037023544312,
    "bpp": 0.1565111111111111,
    "encoding_time": 0.3698873519897461,
    "decoding_time": 0.6256318092346191
}