{
    "image_name": "RGB_OR_1200x1200_085.png",
    "mse": 0.0006768766324967146,
    "psnr": 31.68708038330078,
    "ms-ssim": 0.9737200736999512,
    "bpp": 0.2523111111111111,
    "encoding_time": 0.3144254684448242,
    "decoding_time": 0.32190656661987305
}