{
    "image_name": "RGB_OR_1200x1200_043.png",
    "mse": 0.0016040205955505371,
    "psnr": 27.944520950317383,
    "ms-ssim": 0.9715481996536255,
    "bpp": 0.38937777777777777,
    "encoding_time": 0.7010109424591064,
    "decoding_time": 0.5271110534667969
}