{
    "image_name": "RGB_OR_1200x1200_026.png",
    "mse": 0.002893704455345869,
    "psnr": 25.3834171295166,
    "ms-ssim": 0.9791231155395508,
    "bpp": 0.29933333333333334,
    "encoding_time": 0.428464412689209,
    "decoding_time": 0.5973372459411621
}