{
    "image_name": "RGB_OR_1200x1200_081.png",
    "mse": 0.001186889479868114,
    "psnr": 29.25118064880371,
    "ms-ssim": 0.9844357967376709,
    "bpp": 0.17902222222222222,
    "encoding_time": 0.49552488327026367,
    "decoding_time": 0.736199140548706
}