{
    "image_name": "RGB_OR_1200x1200_012.png",
    "mse": 0.0008940328261815012,
    "psnr": 30.48040008544922,
    "ms-ssim": 0.9843668341636658,
    "bpp": 0.15055555555555555,
    "encoding_time": 0.40277838706970215,
    "decoding_time": 0.4353206157684326
}