{
    "image_name": "RGB_OR_1200x1200_003.png",
    "mse": 0.0009480108274146914,
    "psnr": 30.226030349731445,
    "ms-ssim": 0.9842540621757507,
    "bpp": 0.16015555555555555,
    "encoding_time": 0.7247555255889893,
    "decoding_time": 0.488065242767334
}