{
    "image_name": "RGB_OR_1200x1200_040.png",
    "mse": 0.0009539856109768152,
    "psnr": 30.198843002319336,
    "ms-ssim": 0.9795527458190918,
    "bpp": 0.2275111111111111,
    "encoding_time": 0.4282712936401367,
    "decoding_time": 0.5189545154571533
}