{
    "image_name": "RGB_OR_1200x1200_094.png",
    "mse": 0.0018548164516687393,
    "psnr": 27.31399154663086,
    "ms-ssim": 0.9835189580917358,
    "bpp": 0.2074888888888889,
    "encoding_time": 0.5768616199493408,
    "decoding_time": 0.5804014205932617
}