{
    "image_name": "RGB_OR_1200x1200_018.png",
    "mse": 0.0026157363317906857,
    "psnr": 25.82195472717285,
    "ms-ssim": 0.976646900177002,
    "bpp": 0.3177111111111111,
    "encoding_time": 0.30051279067993164,
    "decoding_time": 0.4109840393066406
}