{
    "image_name": "RGB_OR_1200x1200_053.png",
    "mse": 0.000612948730122298,
    "psnr": 32.117149353027344,
    "ms-ssim": 0.9907879829406738,
    "bpp": 0.10628888888888889,
    "encoding_time": 0.5353062152862549,
    "decoding_time": 0.4981539249420166
}