{
    "image_name": "RGB_OR_1200x1200_074.png",
    "mse": 0.0004134323971811682,
    "psnr": 33.82304763793945,
    "ms-ssim": 0.9758394956588745,
    "bpp": 0.16695555555555555,
    "encoding_time": 0.425830602645874,
    "decoding_time": 0.47505784034729004
}