{
    "image_name": "RGB_OR_1200x1200_083.png",
    "mse": 0.0009123478666879237,
    "psnr": 30.391998291015625,
    "ms-ssim": 0.9859771132469177,
    "bpp": 0.14302222222222222,
    "encoding_time": 0.6697182655334473,
    "decoding_time": 0.5535814762115479
}