{
    "image_name": "RGB_OR_1200x1200_097.png",
    "mse": 0.0011898500379174948,
    "psnr": 29.240461349487305,
    "ms-ssim": 0.9884137511253357,
    "bpp": 0.12915555555555555,
    "encoding_time": 0.297898530960083,
    "decoding_time": 0.742772102355957
}