{
    "image_name": "RGB_OR_1200x1200_089.png",
    "mse": 0.001290114363655448,
    "psnr": 28.889507293701172,
    "ms-ssim": 0.976050615310669,
    "bpp": 0.2612888888888889,
    "encoding_time": 0.282850980758667,
    "decoding_time": 0.6665217876434326
}