{
    "image_name": "RGB_OR_1200x1200_001.png",
    "mse": 0.0007559542427770793,
    "psnr": 31.207561492919922,
    "ms-ssim": 0.9874157905578613,
    "bpp": 0.13344444444444445,
    "encoding_time": 0.36187100410461426,
    "decoding_time": 0.584061861038208
}