{
    "image_name": "RGB_OR_1200x1200_059.png",
    "mse": 0.0033321462105959654,
    "psnr": 24.771244049072266,
    "ms-ssim": 0.9716875553131104,
    "bpp": 0.36862222222222224,
    "encoding_time": 0.40025806427001953,
    "decoding_time": 0.5877749919891357
}