{
    "image_name": "RGB_OR_1200x1200_032.png",
    "mse": 0.0013155299238860607,
    "psnr": 28.80475616455078,
    "ms-ssim": 0.9734124541282654,
    "bpp": 0.32764444444444446,
    "encoding_time": 0.46762704849243164,
    "decoding_time": 0.48009371757507324
}