{
    "image_name": "RGB_OR_1200x1200_020.png",
    "mse": 0.0010271704522892833,
    "psnr": 29.878459930419922,
    "ms-ssim": 0.9732228517532349,
    "bpp": 0.3168888888888889,
    "encoding_time": 0.3011140823364258,
    "decoding_time": 0.6274166107177734
}