{
    "image_name": "RGB_OR_1200x1200_076.png",
    "mse": 0.0008689676178619266,
    "psnr": 30.603437423706055,
    "ms-ssim": 0.985137403011322,
    "bpp": 0.11008888888888889,
    "encoding_time": 0.3770742416381836,
    "decoding_time": 0.2860569953918457
}