{
    "image_name": "RGB_OR_1200x1200_088.png",
    "mse": 0.0008891831967048347,
    "psnr": 30.504087448120117,
    "ms-ssim": 0.9819059371948242,
    "bpp": 0.2225777777777778,
    "encoding_time": 0.49775242805480957,
    "decoding_time": 0.4780697822570801
}