{
    "image_name": "RGB_OR_1200x1200_015.png",
    "mse": 0.0005144037422724068,
    "psnr": 32.8763542175293,
    "ms-ssim": 0.9907485842704773,
    "bpp": 0.07677777777777778,
    "encoding_time": 0.3501434326171875,
    "decoding_time": 0.3800642490386963
}