{
    "image_name": "RGB_OR_1200x1200_014.png",
    "mse": 0.0007294179522432387,
    "psnr": 31.36297035217285,
    "ms-ssim": 0.9870514869689941,
    "bpp": 0.1456222222222222,
    "encoding_time": 0.4403846263885498,
    "decoding_time": 0.7760200500488281
}