{
    "image_name": "RGB_OR_1200x1200_024.png",
    "mse": 0.0027288261335343122,
    "psnr": 25.63821792602539,
    "ms-ssim": 0.9785717725753784,
    "bpp": 0.27753333333333335,
    "encoding_time": 0.37218475341796875,
    "decoding_time": 0.44866514205932617
}