{
    "image_name": "RGB_OR_1200x1200_072.png",
    "mse": 0.0016883538337424397,
    "psnr": 27.721900939941406,
    "ms-ssim": 0.9820727705955505,
    "bpp": 0.24531111111111112,
    "encoding_time": 0.3292412757873535,
    "decoding_time": 0.5728359222412109
}