{
    "image_name": "RGB_OR_1200x1200_009.png",
    "mse": 0.0006313395570032299,
    "psnr": 31.98936653137207,
    "ms-ssim": 0.9891886711120605,
    "bpp": 0.11342222222222222,
    "encoding_time": 0.42595386505126953,
    "decoding_time": 0.7118568420410156
}