{
    "image_name": "RGB_OR_1200x1200_008.png",
    "mse": 0.0009704350959509611,
    "psnr": 30.12464141845703,
    "ms-ssim": 0.9759721159934998,
    "bpp": 0.27875555555555553,
    "encoding_time": 0.6977438926696777,
    "decoding_time": 0.43813109397888184
}