{
    "image_name": "RGB_OR_1200x1200_022.png",
    "mse": 0.0006168065592646599,
    "psnr": 32.08991241455078,
    "ms-ssim": 0.980279803276062,
    "bpp": 0.21035555555555555,
    "encoding_time": 0.4426257610321045,
    "decoding_time": 0.2898545265197754
}