{
    "image_name": "RGB_OR_1200x1200_069.png",
    "mse": 0.0013823903864249587,
    "psnr": 28.58987045288086,
    "ms-ssim": 0.9833550453186035,
    "bpp": 0.17606666666666668,
    "encoding_time": 0.47062015533447266,
    "decoding_time": 0.5160079002380371
}