{
    "image_name": "RGB_OR_1200x1200_063.png",
    "mse": 0.0005299844779074192,
    "psnr": 32.74742889404297,
    "ms-ssim": 0.9831352233886719,
    "bpp": 0.1284,
    "encoding_time": 0.4806210994720459,
    "decoding_time": 0.5145211219787598
}