{
    "image_name": "RGB_OR_1200x1200_044.png",
    "mse": 0.0005868164007551968,
    "psnr": 32.30582046508789,
    "ms-ssim": 0.9779539108276367,
    "bpp": 0.2432,
    "encoding_time": 0.37993288040161133,
    "decoding_time": 0.3409841060638428
}