{
    "image_name": "RGB_OR_1200x1200_060.png",
    "mse": 0.0007819659658707678,
    "psnr": 31.061182022094727,
    "ms-ssim": 0.9837419390678406,
    "bpp": 0.174,
    "encoding_time": 0.4896364212036133,
    "decoding_time": 0.4632112979888916
}