{
    "image_name": "RGB_OR_1200x1200_017.png",
    "mse": 0.0010011480189859867,
    "psnr": 29.989608764648438,
    "ms-ssim": 0.9814630746841431,
    "bpp": 0.2424,
    "encoding_time": 0.2938985824584961,
    "decoding_time": 0.4035451412200928
}