{
    "image_name": "RGB_OR_1200x1200_087.png",
    "mse": 0.002292803954333067,
    "psnr": 26.39401626586914,
    "ms-ssim": 0.9695555567741394,
    "bpp": 0.4146,
    "encoding_time": 0.44689202308654785,
    "decoding_time": 0.3438260555267334
}