{
    "image_name": "RGB_OR_1200x1200_030.png",
    "mse": 0.00129889405798167,
    "psnr": 28.859994888305664,
    "ms-ssim": 0.9744474291801453,
    "bpp": 0.3004,
    "encoding_time": 0.41142702102661133,
    "decoding_time": 0.3918485641479492
}