{
    "image_name": "RGB_OR_1200x1200_079.png",
    "mse": 0.0015525573398917913,
    "psnr": 28.08614158630371,
    "ms-ssim": 0.989581823348999,
    "bpp": 0.1392,
    "encoding_time": 0.3117249011993408,
    "decoding_time": 0.6061744689941406
}