{
    "image_name": "RGB_OR_1200x1200_090.png",
    "mse": 0.0021490752696990967,
    "psnr": 26.67490577697754,
    "ms-ssim": 0.9747793078422546,
    "bpp": 0.339,
    "encoding_time": 0.39827537536621094,
    "decoding_time": 0.5943272113800049
}