{
    "image_name": "RGB_OR_1200x1200_028.png",
    "mse": 0.00033938532578758895,
    "psnr": 34.676544189453125,
    "ms-ssim": 0.9868773818016052,
    "bpp": 0.1333777777777778,
    "encoding_time": 0.3339574337005615,
    "decoding_time": 0.4315958023071289
}