{
    "image_name": "RGB_OR_1200x1200_064.png",
    "mse": 0.0011584260500967503,
    "psnr": 29.35692596435547,
    "ms-ssim": 0.9810986518859863,
    "bpp": 0.247,
    "encoding_time": 0.2570955753326416,
    "decoding_time": 0.5750913619995117
}