{
    "mean_loss": 1.0355760899352262,
    "mean_bpp": 1.0355660225101466,
    "mean_psnr": 40.22416333454411,
    "mean_msssim": 0.9931668188513779,
    "mean_msssim_dB": 21.65377065915076,
    "mean_enc_time": 0.43641480585423914,
    "mean_dec_time": 0.48484110832214355
}