{
    "image_name": "veeterzy-82537.png",
    "mse": 0.00015177298337221146,
    "psnr": 38.15239334106445,
    "ms-ssim": 0.9950193166732788,
    "bpp": 1.2069683382137628,
    "encoding_time": 0.6518838405609131,
    "decoding_time": 0.9367771148681641
}