{
    "image_name": "schicka-307.png",
    "mse": 6.791970372432843e-05,
    "psnr": 41.6024284362793,
    "ms-ssim": 0.9929766654968262,
    "bpp": 0.6271158854166666,
    "encoding_time": 0.07669305801391602,
    "decoding_time": 0.07362699508666992
}