{
    "image_name": "ales-krivec-15949.png",
    "mse": 6.01203937549144e-05,
    "psnr": 42.11977767944336,
    "ms-ssim": 0.9950600862503052,
    "bpp": 0.4172979797979798,
    "encoding_time": 0.36718297004699707,
    "decoding_time": 0.34825801849365234
}