{
    "image_name": "wojciech-szaturski-3611.png",
    "mse": 0.00011373652523616329,
    "psnr": 39.39438247680664,
    "ms-ssim": 0.9927918910980225,
    "bpp": 1.1489434721536769,
    "encoding_time": 0.5707967281341553,
    "decoding_time": 0.5957720279693604
}