{
    "image_name": "alexander-shustov-73.png",
    "mse": 0.00017062391270883381,
    "psnr": 37.648460388183594,
    "ms-ssim": 0.9966971278190613,
    "bpp": 2.2269126561351946,
    "encoding_time": 0.695976972579956,
    "decoding_time": 0.8707711696624756
}