{
    "image_name": "allef-vinicius-109434.png",
    "mse": 0.00012413902732077986,
    "psnr": 39.01814270019531,
    "ms-ssim": 0.9880873560905457,
    "bpp": 0.8986149267399267,
    "encoding_time": 0.4469125270843506,
    "decoding_time": 0.5856492519378662
}