{
    "image_name": "todd-quackenbush-27493.png",
    "mse": 5.065271761850454e-05,
    "psnr": 42.85179138183594,
    "ms-ssim": 0.9952048063278198,
    "bpp": 0.3912451597289448,
    "encoding_time": 0.48751211166381836,
    "decoding_time": 0.5733201503753662
}