{
    "image_name": "roberto-nickson-48063.png",
    "mse": 6.948289956199005e-05,
    "psnr": 41.50529861450195,
    "ms-ssim": 0.9908735752105713,
    "bpp": 0.4069139194139194,
    "encoding_time": 0.7357730865478516,
    "decoding_time": 0.7167363166809082
}