{
    "image_name": "sergey-zolkin-1045.png",
    "mse": 7.197694503702223e-05,
    "psnr": 41.35364532470703,
    "ms-ssim": 0.9941401481628418,
    "bpp": 0.6970123626373627,
    "encoding_time": 0.5449666976928711,
    "decoding_time": 0.7875998020172119
}