{
    "image_name": "zugr-108.png",
    "mse": 6.467298953793943e-05,
    "psnr": 41.809391021728516,
    "ms-ssim": 0.9948819875717163,
    "bpp": 0.3939789377289377,
    "encoding_time": 0.46140003204345703,
    "decoding_time": 0.4877960681915283
}