{
    "image_name": "gian-reto-tarnutzer-45212.png",
    "mse": 0.00011994098895229399,
    "psnr": 39.165157318115234,
    "ms-ssim": 0.9947323799133301,
    "bpp": 1.3558508211678832,
    "encoding_time": 0.4307229518890381,
    "decoding_time": 0.6175141334533691
}