{
    "image_name": "nomao-saeki-33553.png",
    "mse": 6.88749787514098e-05,
    "psnr": 41.541114807128906,
    "ms-ssim": 0.9879512786865234,
    "bpp": 0.41671623352855053,
    "encoding_time": 0.47439026832580566,
    "decoding_time": 0.5769448280334473
}