{
    "image_name": "stefan-kunze-26931.png",
    "mse": 8.819995127851143e-05,
    "psnr": 40.48500442504883,
    "ms-ssim": 0.9954514503479004,
    "bpp": 1.1599305047549378,
    "encoding_time": 0.4756181240081787,
    "decoding_time": 0.4888315200805664
}