{
    "image_name": "philipp-reiner-207.png",
    "mse": 0.00016380230954382569,
    "psnr": 37.826019287109375,
    "ms-ssim": 0.9923097491264343,
    "bpp": 1.7714320987654322,
    "encoding_time": 0.3547239303588867,
    "decoding_time": 0.3509044647216797
}