{
    "image_name": "martyn-seddon-220.png",
    "mse": 0.00010193148045800626,
    "psnr": 39.86378479003906,
    "ms-ssim": 0.9895536303520203,
    "bpp": 0.863106684981685,
    "encoding_time": 0.4150810241699219,
    "decoding_time": 0.45197319984436035
}