{
    "image_name": "daniel-robert-405.png",
    "mse": 0.00013786376803182065,
    "psnr": 38.568519592285156,
    "ms-ssim": 0.9944219589233398,
    "bpp": 1.6509320695102685,
    "encoding_time": 0.24799704551696777,
    "decoding_time": 0.283872127532959
}