{
    "image_name": "mullermarc-184.png",
    "mse": 8.901195542421192e-05,
    "psnr": 40.452552795410156,
    "ms-ssim": 0.9960994124412537,
    "bpp": 1.0497999946307284,
    "encoding_time": 0.31081604957580566,
    "decoding_time": 0.23109984397888184
}