{
    "image_name": "andrew-ruiz-376.png",
    "mse": 9.216663602273911e-05,
    "psnr": 40.297489166259766,
    "ms-ssim": 0.9958467483520508,
    "bpp": 0.9243433137398971,
    "encoding_time": 0.5659799575805664,
    "decoding_time": 0.7098240852355957
}