{
    "image_name": "vita-vilcina-3055.png",
    "mse": 7.475688471458852e-05,
    "psnr": 41.19712448120117,
    "ms-ssim": 0.998393177986145,
    "bpp": 1.3785049373284668,
    "encoding_time": 0.3951377868652344,
    "decoding_time": 0.381366491317749
}