{
    "image_name": "thong-vo-428.png",
    "mse": 0.00013868443784303963,
    "psnr": 38.54186248779297,
    "ms-ssim": 0.994576632976532,
    "bpp": 1.6332959461624739,
    "encoding_time": 0.47566914558410645,
    "decoding_time": 0.35106611251831055
}