{
    "image_name": "martin-wessely-211.png",
    "mse": 0.00017586196190677583,
    "psnr": 37.516258239746094,
    "ms-ssim": 0.9955973029136658,
    "bpp": 2.50015625,
    "encoding_time": 0.2013850212097168,
    "decoding_time": 0.11261749267578125
}