{
    "image_name": "jared-erondu-21325.png",
    "mse": 8.389793947571889e-05,
    "psnr": 40.69819259643555,
    "ms-ssim": 0.989722490310669,
    "bpp": 0.5385760073260073,
    "encoding_time": 0.466367244720459,
    "decoding_time": 0.48541927337646484
}