{
    "image_name": "jason-briscoe-149782.png",
    "mse": 3.836994801531546e-05,
    "psnr": 44.02151870727539,
    "ms-ssim": 0.9955586194992065,
    "bpp": 0.3055746336996337,
    "encoding_time": 0.6680419445037842,
    "decoding_time": 0.7322037220001221
}