{
    "image_name": "michael-durana-82941.png",
    "mse": 9.661706280894578e-05,
    "psnr": 40.09417724609375,
    "ms-ssim": 0.9930815696716309,
    "bpp": 0.8738209706959706,
    "encoding_time": 0.4578380584716797,
    "decoding_time": 0.5939428806304932
}