{
    "image_name": "juskteez-vu-1041.png",
    "mse": 0.00015325967979151756,
    "psnr": 38.11079025268555,
    "ms-ssim": 0.9933031797409058,
    "bpp": 2.0720430352509336,
    "encoding_time": 0.3280355930328369,
    "decoding_time": 0.43962883949279785
}