{
    "image_name": "alejandro-escamilla-6.png",
    "mse": 7.940875366330147e-05,
    "psnr": 40.93998718261719,
    "ms-ssim": 0.9938961267471313,
    "bpp": 0.689308719193428,
    "encoding_time": 0.4142460823059082,
    "decoding_time": 0.4707643985748291
}