{
    "image_name": "todd-quackenbush-222.png",
    "mse": 0.00015801734116394073,
    "psnr": 37.97990798950195,
    "ms-ssim": 0.9939802885055542,
    "bpp": 2.05932675272083,
    "encoding_time": 0.09004545211791992,
    "decoding_time": 0.10447931289672852
}