{
    "image_name": "benjamin-sloth-lindgreen-705.png",
    "mse": 0.00010713862138800323,
    "psnr": 39.65068817138672,
    "ms-ssim": 0.9932557344436646,
    "bpp": 1.2482371794871794,
    "encoding_time": 0.41193437576293945,
    "decoding_time": 0.48712611198425293
}