{
    "image_name": "felix-russell-saw-140699.png",
    "mse": 9.801434498513117e-05,
    "psnr": 40.02951431274414,
    "ms-ssim": 0.9890210032463074,
    "bpp": 0.6214633668218574,
    "encoding_time": 0.3965179920196533,
    "decoding_time": 0.39752650260925293
}