{
    "image_name": "paul-itkin-46101.png",
    "mse": 0.00010972389281960204,
    "psnr": 39.549171447753906,
    "ms-ssim": 0.9972981810569763,
    "bpp": 1.8235651214128035,
    "encoding_time": 0.09305262565612793,
    "decoding_time": 0.10795950889587402
}