{
    "image_name": "dogancan-ozturan-395.png",
    "mse": 6.490384839707986e-05,
    "psnr": 41.7963752746582,
    "ms-ssim": 0.9949995875358582,
    "bpp": 0.7122722029988466,
    "encoding_time": 0.542618989944458,
    "decoding_time": 0.5185890197753906
}