{
    "image_name": "alberto-montalesi-176097.png",
    "mse": 0.00014914349594619125,
    "psnr": 38.228233337402344,
    "ms-ssim": 0.9813679456710815,
    "bpp": 0.5094346111518708,
    "encoding_time": 0.37981653213500977,
    "decoding_time": 0.40099501609802246
}