{
    "image_name": "philippe-wuyts-45997.png",
    "mse": 0.00012130101822549477,
    "psnr": 39.119102478027344,
    "ms-ssim": 0.9935935735702515,
    "bpp": 1.453170121872464,
    "encoding_time": 0.3534836769104004,
    "decoding_time": 0.4335901737213135
}