{
    "image_name": "lobostudio-hamburg-75377.png",
    "mse": 9.311364556197077e-05,
    "psnr": 40.25169372558594,
    "ms-ssim": 0.9916569590568542,
    "bpp": 0.9685325091575091,
    "encoding_time": 0.5358684062957764,
    "decoding_time": 0.5153529644012451
}