{
    "image_name": "jeremy-cai-1174.png",
    "mse": 6.92182220518589e-05,
    "psnr": 41.52324295043945,
    "ms-ssim": 0.9971123933792114,
    "bpp": 0.6790272320823737,
    "encoding_time": 0.4086182117462158,
    "decoding_time": 0.45512938499450684
}