{
    "image_name": "amy-zhang-15940.png",
    "mse": 9.90098124020733e-05,
    "psnr": 39.99037170410156,
    "ms-ssim": 0.9939166307449341,
    "bpp": 1.3010393228329584,
    "encoding_time": 0.2679941654205322,
    "decoding_time": 0.30325913429260254
}