{
    "image_name": "casey-fyfe-999.png",
    "mse": 0.00011761035420931876,
    "psnr": 39.249351501464844,
    "ms-ssim": 0.9875887632369995,
    "bpp": 1.1050551470588235,
    "encoding_time": 0.4423842430114746,
    "decoding_time": 0.6334748268127441
}