{
    "mean_loss": 0.16158616774094892,
    "mean_bpp": 0.16152155555555556,
    "mean_psnr": 32.55788158416748,
    "mean_msssim": 0.9675132036209106,
    "mean_msssim_dB": 14.88293113631386,
    "mean_enc_time": 0.7171936964988709,
    "mean_dec_time": 0.8006368064880371
}