{
    "image_name": "RGB_OR_1200x1200_073.png",
    "mse": 0.00020769781258422881,
    "psnr": 36.800880432128906,
    "ms-ssim": 0.9796656370162964,
    "bpp": 0.04988888888888889,
    "encoding_time": 0.8508248329162598,
    "decoding_time": 0.7017087936401367
}