{
    "image_name": "RGB_OR_1200x1200_050.png",
    "mse": 0.0006039880681782961,
    "psnr": 32.181095123291016,
    "ms-ssim": 0.9646719694137573,
    "bpp": 0.13675555555555555,
    "encoding_time": 1.185579776763916,
    "decoding_time": 0.800494909286499
}