{
    "image_name": "RGB_OR_1200x1200_055.png",
    "mse": 0.0005035197827965021,
    "psnr": 32.968780517578125,
    "ms-ssim": 0.9780187606811523,
    "bpp": 0.17842222222222223,
    "encoding_time": 0.750370979309082,
    "decoding_time": 1.0430505275726318
}