{
    "image_name": "RGB_OR_1200x1200_047.png",
    "mse": 0.000867507653310895,
    "psnr": 30.610919952392578,
    "ms-ssim": 0.9718637466430664,
    "bpp": 0.17677777777777778,
    "encoding_time": 1.0000441074371338,
    "decoding_time": 0.948988676071167
}