{
    "image_name": "RGB_OR_1200x1200_097.png",
    "mse": 0.00045723593211732805,
    "psnr": 33.386451721191406,
    "ms-ssim": 0.9902247786521912,
    "bpp": 0.14857777777777778,
    "encoding_time": 0.650702953338623,
    "decoding_time": 0.5490367412567139
}