{
    "image_name": "RGB_OR_1200x1200_096.png",
    "mse": 0.0004486744583118707,
    "psnr": 33.46839904785156,
    "ms-ssim": 0.9496297240257263,
    "bpp": 0.07315555555555556,
    "encoding_time": 0.8840255737304688,
    "decoding_time": 0.8170535564422607
}