{
    "image_name": "RGB_OR_1200x1200_015.png",
    "mse": 0.00015267157868947834,
    "psnr": 38.126827239990234,
    "ms-ssim": 0.9858628511428833,
    "bpp": 0.03548888888888889,
    "encoding_time": 0.6213815212249756,
    "decoding_time": 0.611896276473999
}