{
    "image_name": "RGB_OR_1200x1200_063.png",
    "mse": 0.00035247221239842474,
    "psnr": 34.513973236083984,
    "ms-ssim": 0.9777011871337891,
    "bpp": 0.07762222222222222,
    "encoding_time": 0.9273059368133545,
    "decoding_time": 0.9738285541534424
}