{
    "image_name": "RGB_OR_1200x1200_027.png",
    "mse": 0.000676018709782511,
    "psnr": 31.692428588867188,
    "ms-ssim": 0.9672262668609619,
    "bpp": 0.18235555555555555,
    "encoding_time": 0.7391316890716553,
    "decoding_time": 0.8217098712921143
}