{
    "image_name": "RGB_OR_1200x1200_065.png",
    "mse": 0.0008781208307482302,
    "psnr": 30.558212280273438,
    "ms-ssim": 0.9689173102378845,
    "bpp": 0.233,
    "encoding_time": 0.46652913093566895,
    "decoding_time": 0.8231205940246582
}