{
    "image_name": "RGB_OR_1200x1200_014.png",
    "mse": 0.00040368904592469335,
    "psnr": 33.92626190185547,
    "ms-ssim": 0.9816259741783142,
    "bpp": 0.10484444444444445,
    "encoding_time": 0.3961818218231201,
    "decoding_time": 0.8759284019470215
}