{
    "image_name": "RGB_OR_1200x1200_076.png",
    "mse": 0.0002926946908701211,
    "psnr": 35.31672286987305,
    "ms-ssim": 0.9770482778549194,
    "bpp": 0.08082222222222223,
    "encoding_time": 0.4938836097717285,
    "decoding_time": 1.3509974479675293
}