{
    "image_name": "RGB_OR_1200x1200_017.png",
    "mse": 0.0007129941950552166,
    "psnr": 31.46120262145996,
    "ms-ssim": 0.9706934690475464,
    "bpp": 0.18922222222222224,
    "encoding_time": 0.8501765727996826,
    "decoding_time": 0.6543788909912109
}