{
    "image_name": "RGB_OR_1200x1200_018.png",
    "mse": 0.0012665896210819483,
    "psnr": 28.96927833557129,
    "ms-ssim": 0.9669684767723083,
    "bpp": 0.37975555555555557,
    "encoding_time": 0.7317285537719727,
    "decoding_time": 0.6752896308898926
}