{
    "image_name": "RGB_OR_1200x1200_071.png",
    "mse": 0.0003651828155852854,
    "psnr": 34.359554290771484,
    "ms-ssim": 0.9770034551620483,
    "bpp": 0.08795555555555555,
    "encoding_time": 0.5803673267364502,
    "decoding_time": 0.9682979583740234
}