{
    "image_name": "RGB_OR_1200x1200_025.png",
    "mse": 0.00032664142781868577,
    "psnr": 34.84278869628906,
    "ms-ssim": 0.9760032892227173,
    "bpp": 0.08217777777777778,
    "encoding_time": 0.7815756797790527,
    "decoding_time": 0.9034838676452637
}