{
    "image_name": "RGB_OR_1200x1200_089.png",
    "mse": 0.0007988071884028614,
    "psnr": 30.96853256225586,
    "ms-ssim": 0.9558171033859253,
    "bpp": 0.1942,
    "encoding_time": 0.8606500625610352,
    "decoding_time": 0.6018750667572021
}