{
    "image_name": "RGB_OR_1200x1200_035.png",
    "mse": 0.0007406504009850323,
    "psnr": 31.29652214050293,
    "ms-ssim": 0.9711624383926392,
    "bpp": 0.17915555555555557,
    "encoding_time": 0.7502758502960205,
    "decoding_time": 0.7320523262023926
}