{
    "image_name": "RGB_OR_1200x1200_038.png",
    "mse": 0.00031880082678981125,
    "psnr": 34.94795227050781,
    "ms-ssim": 0.9755310416221619,
    "bpp": 0.08495555555555556,
    "encoding_time": 0.6909031867980957,
    "decoding_time": 0.5563385486602783
}