{
    "image_name": "RGB_OR_1200x1200_077.png",
    "mse": 0.000556372047867626,
    "psnr": 32.53647232055664,
    "ms-ssim": 0.9102305769920349,
    "bpp": 0.04466666666666667,
    "encoding_time": 0.6372780799865723,
    "decoding_time": 0.8836307525634766
}