{
    "image_name": "RGB_OR_1200x1200_004.png",
    "mse": 0.00023773155407980084,
    "psnr": 36.21519088745117,
    "ms-ssim": 0.9738137722015381,
    "bpp": 0.04806666666666667,
    "encoding_time": 0.47876787185668945,
    "decoding_time": 0.8879261016845703
}