{
    "image_name": "RGB_OR_1200x1200_011.png",
    "mse": 0.0009120648028329015,
    "psnr": 30.39397430419922,
    "ms-ssim": 0.9701730608940125,
    "bpp": 0.252,
    "encoding_time": 1.0440785884857178,
    "decoding_time": 0.7169725894927979
}