{
    "image_name": "RGB_OR_1200x1200_016.png",
    "mse": 0.0013880064943805337,
    "psnr": 28.57207679748535,
    "ms-ssim": 0.9621677398681641,
    "bpp": 0.34242222222222224,
    "encoding_time": 0.7690067291259766,
    "decoding_time": 0.904505729675293
}