{
    "image_name": "RGB_OR_1200x1200_075.png",
    "mse": 0.0004681101127061993,
    "psnr": 33.28473663330078,
    "ms-ssim": 0.961622953414917,
    "bpp": 0.1108,
    "encoding_time": 0.6531181335449219,
    "decoding_time": 0.7851278781890869
}