{
    "image_name": "RGB_OR_1200x1200_060.png",
    "mse": 0.0004588318697642535,
    "psnr": 33.37105178833008,
    "ms-ssim": 0.9743363261222839,
    "bpp": 0.11575555555555556,
    "encoding_time": 0.904656171798706,
    "decoding_time": 0.9153714179992676
}