{
    "image_name": "RGB_OR_1200x1200_066.png",
    "mse": 0.00043816686957143247,
    "psnr": 33.57138442993164,
    "ms-ssim": 0.9797198176383972,
    "bpp": 0.11191111111111111,
    "encoding_time": 0.6008310317993164,
    "decoding_time": 0.8673727512359619
}