{
    "image_name": "RGB_OR_1200x1200_085.png",
    "mse": 0.0005926912999711931,
    "psnr": 32.26245880126953,
    "ms-ssim": 0.9523348212242126,
    "bpp": 0.13084444444444446,
    "encoding_time": 0.9202167987823486,
    "decoding_time": 0.7278060913085938
}