{
    "image_name": "RGB_OR_1200x1200_094.png",
    "mse": 0.0008070782641880214,
    "psnr": 30.92418098449707,
    "ms-ssim": 0.977454662322998,
    "bpp": 0.2288888888888889,
    "encoding_time": 0.7007145881652832,
    "decoding_time": 1.1798527240753174
}