{
    "image_name": "RGB_OR_1200x1200_086.png",
    "mse": 0.00135229981970042,
    "psnr": 28.684894561767578,
    "ms-ssim": 0.914687991142273,
    "bpp": 0.21711111111111112,
    "encoding_time": 0.6597294807434082,
    "decoding_time": 0.7457630634307861
}