{
    "image_name": "RGB_OR_1200x1200_037.png",
    "mse": 0.00050256127724424,
    "psnr": 32.97743606567383,
    "ms-ssim": 0.9616650342941284,
    "bpp": 0.11191111111111111,
    "encoding_time": 0.5657305717468262,
    "decoding_time": 0.807837963104248
}