{
    "image_name": "RGB_OR_1200x1200_051.png",
    "mse": 0.0003434695827309042,
    "psnr": 34.62553787231445,
    "ms-ssim": 0.9702212810516357,
    "bpp": 0.0942888888888889,
    "encoding_time": 1.1619632244110107,
    "decoding_time": 0.8824660778045654
}