{
    "image_name": "RGB_OR_1200x1200_021.png",
    "mse": 0.00044351883116178215,
    "psnr": 33.51864242553711,
    "ms-ssim": 0.9830639362335205,
    "bpp": 0.12944444444444445,
    "encoding_time": 0.5503449440002441,
    "decoding_time": 0.8406765460968018
}