{
    "image_name": "RGB_OR_1200x1200_040.png",
    "mse": 0.0006369364564307034,
    "psnr": 31.950532913208008,
    "ms-ssim": 0.9636489152908325,
    "bpp": 0.14684444444444444,
    "encoding_time": 0.8202431201934814,
    "decoding_time": 0.56913161277771
}