{
    "image_name": "RGB_OR_1200x1200_100.png",
    "mse": 0.00020196106925141066,
    "psnr": 36.92075729370117,
    "ms-ssim": 0.9706733226776123,
    "bpp": 0.038533333333333336,
    "encoding_time": 0.9534564018249512,
    "decoding_time": 0.844196081161499
}