{
    "image_name": "RGB_OR_1200x1200_079.png",
    "mse": 0.0005281996564008296,
    "psnr": 32.76116180419922,
    "ms-ssim": 0.9891258478164673,
    "bpp": 0.16942222222222222,
    "encoding_time": 0.6289787292480469,
    "decoding_time": 0.6672825813293457
}