{
    "image_name": "RGB_OR_1200x1200_049.png",
    "mse": 0.0005217233556322753,
    "psnr": 32.81547546386719,
    "ms-ssim": 0.9795653223991394,
    "bpp": 0.15282222222222222,
    "encoding_time": 1.013448715209961,
    "decoding_time": 0.5182323455810547
}