{
    "image_name": "RGB_OR_1200x1200_043.png",
    "mse": 0.001261488301679492,
    "psnr": 28.98685646057129,
    "ms-ssim": 0.9469627737998962,
    "bpp": 0.3122888888888889,
    "encoding_time": 0.4717097282409668,
    "decoding_time": 0.5661876201629639
}