{
    "image_name": "RGB_OR_1200x1200_030.png",
    "mse": 0.000978038995526731,
    "psnr": 30.09084129333496,
    "ms-ssim": 0.9648339152336121,
    "bpp": 0.23964444444444444,
    "encoding_time": 0.7571771144866943,
    "decoding_time": 0.7431819438934326
}