{
    "image_name": "RGB_OR_1200x1200_046.png",
    "mse": 0.0009380705887451768,
    "psnr": 30.271747589111328,
    "ms-ssim": 0.9539213180541992,
    "bpp": 0.22377777777777777,
    "encoding_time": 0.9103589057922363,
    "decoding_time": 1.1033213138580322
}