{
    "image_name": "RGB_OR_1200x1200_026.png",
    "mse": 0.0012310324236750603,
    "psnr": 29.092918395996094,
    "ms-ssim": 0.9712399244308472,
    "bpp": 0.36002222222222224,
    "encoding_time": 0.44774699211120605,
    "decoding_time": 0.5988616943359375
}