{
    "image_name": "RGB_OR_1200x1200_003.png",
    "mse": 0.0005131862126290798,
    "psnr": 32.886375427246094,
    "ms-ssim": 0.9763596057891846,
    "bpp": 0.1252888888888889,
    "encoding_time": 0.9108421802520752,
    "decoding_time": 0.7818992137908936
}