{
    "image_name": "RGB_OR_1200x1200_029.png",
    "mse": 0.0004734784597530961,
    "psnr": 33.23517608642578,
    "ms-ssim": 0.9668402671813965,
    "bpp": 0.1247111111111111,
    "encoding_time": 0.649817943572998,
    "decoding_time": 0.7113134860992432
}