{
    "image_name": "RGB_OR_1200x1200_019.png",
    "mse": 0.0006385744782164693,
    "psnr": 31.939468383789062,
    "ms-ssim": 0.9704917669296265,
    "bpp": 0.15475555555555556,
    "encoding_time": 0.6886141300201416,
    "decoding_time": 0.8000519275665283
}