{
    "image_name": "RGB_OR_1200x1200_090.png",
    "mse": 0.001217999728396535,
    "psnr": 29.1390438079834,
    "ms-ssim": 0.9612354636192322,
    "bpp": 0.30533333333333335,
    "encoding_time": 0.9765458106994629,
    "decoding_time": 0.8543746471405029
}