{
    "image_name": "RGB_OR_1200x1200_006.png",
    "mse": 0.0004812363476958126,
    "psnr": 33.16480255126953,
    "ms-ssim": 0.9312056303024292,
    "bpp": 0.04077777777777778,
    "encoding_time": 0.8245420455932617,
    "decoding_time": 0.543393611907959
}