{
    "image_name": "RGB_OR_1200x1200_044.png",
    "mse": 0.00052934285486117,
    "psnr": 32.752525329589844,
    "ms-ssim": 0.9507355690002441,
    "bpp": 0.1254888888888889,
    "encoding_time": 0.7892334461212158,
    "decoding_time": 1.0465600490570068
}