{
    "image_name": "RGB_OR_1200x1200_020.png",
    "mse": 0.0009317155927419662,
    "psnr": 30.301528930664062,
    "ms-ssim": 0.9445647597312927,
    "bpp": 0.18322222222222223,
    "encoding_time": 0.5782606601715088,
    "decoding_time": 0.7154397964477539
}