{
    "image_name": "RGB_OR_1200x1200_005.png",
    "mse": 0.0006026303162798285,
    "psnr": 32.19065856933594,
    "ms-ssim": 0.9627131223678589,
    "bpp": 0.15388888888888888,
    "encoding_time": 0.8168931007385254,
    "decoding_time": 0.8788433074951172
}