{
    "image_name": "RGB_OR_1200x1200_007.png",
    "mse": 0.0006169347325339913,
    "psnr": 32.08863067626953,
    "ms-ssim": 0.9784104228019714,
    "bpp": 0.16875555555555555,
    "encoding_time": 0.5497035980224609,
    "decoding_time": 0.8070456981658936
}