{
    "image_name": "RGB_OR_1200x1200_024.png",
    "mse": 0.001261454657651484,
    "psnr": 28.986936569213867,
    "ms-ssim": 0.9723255038261414,
    "bpp": 0.35913333333333336,
    "encoding_time": 0.602679967880249,
    "decoding_time": 1.017885684967041
}