{
    "image_name": "RGB_OR_1200x1200_062.png",
    "mse": 0.0015826286980882287,
    "psnr": 28.002872467041016,
    "ms-ssim": 0.9557279348373413,
    "bpp": 0.41944444444444445,
    "encoding_time": 0.660306453704834,
    "decoding_time": 0.9604291915893555
}