{
    "image_name": "RGB_OR_1200x1200_091.png",
    "mse": 0.00043203390669077635,
    "psnr": 33.62491989135742,
    "ms-ssim": 0.9825410842895508,
    "bpp": 0.12402222222222223,
    "encoding_time": 0.9504804611206055,
    "decoding_time": 0.7145729064941406
}