{
    "image_name": "RGB_OR_1200x1200_074.png",
    "mse": 0.00029091903707012534,
    "psnr": 35.34380340576172,
    "ms-ssim": 0.9503814578056335,
    "bpp": 0.03951111111111111,
    "encoding_time": 0.6860034465789795,
    "decoding_time": 1.0275664329528809
}