{
    "image_name": "RGB_OR_1200x1200_078.png",
    "mse": 0.0003302368859294802,
    "psnr": 34.795352935791016,
    "ms-ssim": 0.9842826128005981,
    "bpp": 0.1092888888888889,
    "encoding_time": 0.925678014755249,
    "decoding_time": 0.7902393341064453
}