{
    "image_name": "RGB_OR_1200x1200_012.png",
    "mse": 0.0005207030917517841,
    "psnr": 32.82376480102539,
    "ms-ssim": 0.9789413809776306,
    "bpp": 0.12311111111111112,
    "encoding_time": 0.8850452899932861,
    "decoding_time": 0.7996344566345215
}