{
    "image_name": "RGB_OR_1200x1200_056.png",
    "mse": 0.000270466145593673,
    "psnr": 35.658538818359375,
    "ms-ssim": 0.9706184267997742,
    "bpp": 0.07042222222222222,
    "encoding_time": 0.9407761096954346,
    "decoding_time": 0.8679490089416504
}