{
    "image_name": "RGB_OR_1200x1200_033.png",
    "mse": 0.0007673342479392886,
    "psnr": 31.143203735351562,
    "ms-ssim": 0.9562362432479858,
    "bpp": 0.1884888888888889,
    "encoding_time": 0.7337045669555664,
    "decoding_time": 0.829871654510498
}