{
    "image_name": "RGB_OR_1200x1200_001.png",
    "mse": 0.0004049961862619966,
    "psnr": 33.91172790527344,
    "ms-ssim": 0.9830963611602783,
    "bpp": 0.1044,
    "encoding_time": 0.5941815376281738,
    "decoding_time": 0.6641533374786377
}