{
    "image_name": "RGB_OR_1200x1200_059.png",
    "mse": 0.001595645328052342,
    "psnr": 27.96747589111328,
    "ms-ssim": 0.9670393466949463,
    "bpp": 0.4650888888888889,
    "encoding_time": 0.44625210762023926,
    "decoding_time": 0.8693373203277588
}