{
    "image_name": "RGB_OR_1200x1200_008.png",
    "mse": 0.0008220815798267722,
    "psnr": 30.84404754638672,
    "ms-ssim": 0.9563339948654175,
    "bpp": 0.17635555555555554,
    "encoding_time": 0.7285940647125244,
    "decoding_time": 0.8336043357849121
}