{
    "image_name": "RGB_OR_1200x1200_048.png",
    "mse": 0.0010653779609128833,
    "psnr": 29.71976089477539,
    "ms-ssim": 0.9652237296104431,
    "bpp": 0.27124444444444445,
    "encoding_time": 0.8496036529541016,
    "decoding_time": 0.9507589340209961
}