{
    "image_name": "RGB_OR_1200x1200_084.png",
    "mse": 0.0001483432570239529,
    "psnr": 38.250885009765625,
    "ms-ssim": 0.9742195010185242,
    "bpp": 0.030644444444444443,
    "encoding_time": 0.8564634323120117,
    "decoding_time": 0.515117883682251
}