{
    "image_name": "RGB_OR_1200x1200_052.png",
    "mse": 0.000598386162891984,
    "psnr": 32.22127914428711,
    "ms-ssim": 0.9756486415863037,
    "bpp": 0.19797777777777778,
    "encoding_time": 0.5674421787261963,
    "decoding_time": 0.922541618347168
}