{
    "image_name": "RGB_OR_1200x1200_002.png",
    "mse": 0.00017573375953361392,
    "psnr": 37.52058410644531,
    "ms-ssim": 0.9805730581283569,
    "bpp": 0.04215555555555556,
    "encoding_time": 0.8060343265533447,
    "decoding_time": 0.652642011642456
}