{
    "image_name": "RGB_OR_1200x1200_067.png",
    "mse": 0.0005693603307008743,
    "psnr": 32.43648910522461,
    "ms-ssim": 0.964047908782959,
    "bpp": 0.11006666666666666,
    "encoding_time": 0.5359988212585449,
    "decoding_time": 1.2095534801483154
}