{
    "image_name": "RGB_OR_1200x1200_058.png",
    "mse": 0.0006081422907300293,
    "psnr": 32.15129089355469,
    "ms-ssim": 0.976808488368988,
    "bpp": 0.15966666666666668,
    "encoding_time": 0.5608682632446289,
    "decoding_time": 0.9469161033630371
}