{
    "image_name": "RGB_OR_1200x1200_069.png",
    "mse": 0.0006183910882100463,
    "psnr": 32.07856750488281,
    "ms-ssim": 0.9799106121063232,
    "bpp": 0.17133333333333334,
    "encoding_time": 1.0672972202301025,
    "decoding_time": 0.504863977432251
}