{
    "image_name": "RGB_OR_1200x1200_041.png",
    "mse": 0.000633254530839622,
    "psnr": 31.975582122802734,
    "ms-ssim": 0.9685109853744507,
    "bpp": 0.15695555555555554,
    "encoding_time": 0.6769638061523438,
    "decoding_time": 0.7418503761291504
}