{
    "image_name": "RGB_OR_1200x1200_087.png",
    "mse": 0.0016781000886112452,
    "psnr": 27.748512268066406,
    "ms-ssim": 0.9585334062576294,
    "bpp": 0.40624444444444446,
    "encoding_time": 0.9130492210388184,
    "decoding_time": 1.022096872329712
}