{
    "image_name": "RGB_OR_1200x1200_081.png",
    "mse": 0.0005255834548734128,
    "psnr": 32.7830696105957,
    "ms-ssim": 0.9806224703788757,
    "bpp": 0.15613333333333335,
    "encoding_time": 0.4152987003326416,
    "decoding_time": 0.8359527587890625
}