{
    "image_name": "RGB_OR_1200x1200_028.png",
    "mse": 0.00023468479048460722,
    "psnr": 36.27123260498047,
    "ms-ssim": 0.9740208983421326,
    "bpp": 0.06211111111111111,
    "encoding_time": 0.5026135444641113,
    "decoding_time": 0.5868346691131592
}