{
    "image_name": "RGB_OR_1200x1200_092.png",
    "mse": 0.00024845186271704733,
    "psnr": 36.02524185180664,
    "ms-ssim": 0.9705675840377808,
    "bpp": 0.042888888888888886,
    "encoding_time": 0.634002685546875,
    "decoding_time": 0.8738155364990234
}