{
    "image_name": "RGB_OR_1200x1200_057.png",
    "mse": 0.0003578884352464229,
    "psnr": 34.44746398925781,
    "ms-ssim": 0.9549621939659119,
    "bpp": 0.05544444444444444,
    "encoding_time": 0.5757739543914795,
    "decoding_time": 0.7446365356445312
}