{
    "image_name": "RGB_OR_1200x1200_031.png",
    "mse": 0.0007771693053655326,
    "psnr": 31.087574005126953,
    "ms-ssim": 0.9669916033744812,
    "bpp": 0.17244444444444446,
    "encoding_time": 0.688875675201416,
    "decoding_time": 0.782712459564209
}