{
    "image_name": "RGB_OR_1200x1200_088.png",
    "mse": 0.0005842433893121779,
    "psnr": 32.32469177246094,
    "ms-ssim": 0.9711943864822388,
    "bpp": 0.16353333333333334,
    "encoding_time": 0.713007926940918,
    "decoding_time": 0.716782808303833
}