{
    "image_name": "RGB_OR_1200x1200_070.png",
    "mse": 0.0005341009818948805,
    "psnr": 32.71344757080078,
    "ms-ssim": 0.9320605993270874,
    "bpp": 0.09362222222222222,
    "encoding_time": 0.6612567901611328,
    "decoding_time": 0.6632933616638184
}