{
    "image_name": "RGB_OR_1200x1200_039.png",
    "mse": 0.0007052918081171811,
    "psnr": 31.508451461791992,
    "ms-ssim": 0.9542486071586609,
    "bpp": 0.15384444444444445,
    "encoding_time": 0.7483513355255127,
    "decoding_time": 0.8466994762420654
}