{
    "image_name": "RGB_OR_1200x1200_010.png",
    "mse": 0.0005564556922763586,
    "psnr": 32.535743713378906,
    "ms-ssim": 0.9551537036895752,
    "bpp": 0.11882222222222222,
    "encoding_time": 0.8021130561828613,
    "decoding_time": 0.8018226623535156
}