{
    "image_name": "RGB_OR_1200x1200_023.png",
    "mse": 0.0007508754497393966,
    "psnr": 31.236764907836914,
    "ms-ssim": 0.9792792201042175,
    "bpp": 0.2159111111111111,
    "encoding_time": 0.4930384159088135,
    "decoding_time": 0.8882615566253662
}