{
    "image_name": "RGB_OR_1200x1200_072.png",
    "mse": 0.0008322085486724973,
    "psnr": 30.791183471679688,
    "ms-ssim": 0.9761896133422852,
    "bpp": 0.2543111111111111,
    "encoding_time": 0.8055605888366699,
    "decoding_time": 0.7429349422454834
}