{
    "image_name": "RGB_OR_1200x1200_080.png",
    "mse": 0.0003405845782253891,
    "psnr": 34.6613883972168,
    "ms-ssim": 0.9652020931243896,
    "bpp": 0.06822222222222223,
    "encoding_time": 0.47399449348449707,
    "decoding_time": 0.5932958126068115
}