{
    "image_name": "RGB_OR_1200x1200_013.png",
    "mse": 0.0005122770671732724,
    "psnr": 32.894004821777344,
    "ms-ssim": 0.9816896319389343,
    "bpp": 0.14315555555555556,
    "encoding_time": 0.45357418060302734,
    "decoding_time": 0.825812578201294
}