{
    "image_name": "RGB_OR_1200x1200_032.png",
    "mse": 0.0010654963552951813,
    "psnr": 29.719064712524414,
    "ms-ssim": 0.9564886093139648,
    "bpp": 0.23355555555555554,
    "encoding_time": 0.8568603992462158,
    "decoding_time": 0.6836080551147461
}