{
    "image_name": "RGB_OR_1200x1200_045.png",
    "mse": 0.0004230616323184222,
    "psnr": 33.723670959472656,
    "ms-ssim": 0.9742136001586914,
    "bpp": 0.10566666666666667,
    "encoding_time": 0.433164119720459,
    "decoding_time": 0.7007875442504883
}