{
    "image_name": "RGB_OR_1200x1200_034.png",
    "mse": 0.00037938609602861106,
    "psnr": 34.194732666015625,
    "ms-ssim": 0.9731565713882446,
    "bpp": 0.09186666666666667,
    "encoding_time": 0.6662638187408447,
    "decoding_time": 0.6801321506500244
}