{
    "image_name": "RGB_OR_1200x1200_093.png",
    "mse": 0.0004170991014689207,
    "psnr": 33.78360366821289,
    "ms-ssim": 0.9707815051078796,
    "bpp": 0.08762222222222223,
    "encoding_time": 0.5128066539764404,
    "decoding_time": 1.2307915687561035
}