{
    "image_name": "RGB_OR_1200x1200_022.png",
    "mse": 0.0004598112136591226,
    "psnr": 33.362091064453125,
    "ms-ssim": 0.9587301015853882,
    "bpp": 0.11826666666666667,
    "encoding_time": 0.9491705894470215,
    "decoding_time": 0.9023988246917725
}