{
    "image_name": "RGB_OR_1200x1200_009.png",
    "mse": 0.00023546691227238625,
    "psnr": 36.25762176513672,
    "ms-ssim": 0.9827296137809753,
    "bpp": 0.072,
    "encoding_time": 0.6176855564117432,
    "decoding_time": 0.9253952503204346
}