{
    "image_name": "RGB_OR_1200x1200_095.png",
    "mse": 0.0015650143614038825,
    "psnr": 28.051239013671875,
    "ms-ssim": 0.9528635740280151,
    "bpp": 0.3984888888888889,
    "encoding_time": 0.9414143562316895,
    "decoding_time": 1.0729289054870605
}