{
    "image_name": "RGB_OR_1200x1200_061.png",
    "mse": 0.001164028188213706,
    "psnr": 29.335561752319336,
    "ms-ssim": 0.9671543836593628,
    "bpp": 0.30186666666666667,
    "encoding_time": 0.8732881546020508,
    "decoding_time": 0.9341104030609131
}