{
    "image_name": "RGB_OR_1200x1200_064.png",
    "mse": 0.0007486424874514341,
    "psnr": 31.249942779541016,
    "ms-ssim": 0.9727673530578613,
    "bpp": 0.2232222222222222,
    "encoding_time": 0.3790473937988281,
    "decoding_time": 0.626554012298584
}