{
    "image_name": "RGB_OR_1200x1200_083.png",
    "mse": 0.00040496315341442823,
    "psnr": 33.912376403808594,
    "ms-ssim": 0.9803850054740906,
    "bpp": 0.10931111111111111,
    "encoding_time": 0.6070711612701416,
    "decoding_time": 0.5407683849334717
}