{
    "mean_loss": 1.0290670070537842,
    "mean_bpp": 1.02904550991105,
    "mean_psnr": 37.10437536239624,
    "mean_msssim": 0.989820558577776,
    "mean_msssim_dB": 19.922760524414457,
    "mean_enc_time": 0.7834637016057968,
    "mean_dec_time": 0.9417524486780167
}