{
    "image_name": "00010_TE_2000x1128.png",
    "mse": 0.00013282678264658898,
    "psnr": 38.726890563964844,
    "ms-ssim": 0.9896506667137146,
    "bpp": 0.6535177304964539,
    "encoding_time": 0.45278310775756836,
    "decoding_time": 1.0641770362854004
}