{
    "image_name": "00004_TE_1808x1352.png",
    "mse": 0.00021208998805377632,
    "psnr": 36.71030807495117,
    "ms-ssim": 0.9937788248062134,
    "bpp": 1.481188144734775,
    "encoding_time": 0.6703681945800781,
    "decoding_time": 0.7387533187866211
}