{
    "image_name": "00009_TE_1976x1312.png",
    "mse": 0.0005535503150895238,
    "psnr": 32.55879211425781,
    "ms-ssim": 0.9928691387176514,
    "bpp": 2.177100819591192,
    "encoding_time": 0.5792829990386963,
    "decoding_time": 0.7350766658782959
}