{
    "image_name": "00012_TE_1512x2016.png",
    "mse": 0.00025029535754583776,
    "psnr": 35.99383544921875,
    "ms-ssim": 0.9841205477714539,
    "bpp": 1.2344419249181153,
    "encoding_time": 0.636070728302002,
    "decoding_time": 0.9274318218231201
}