{
    "image_name": "00011_TE_1744x1160.png",
    "mse": 0.00026157370302826166,
    "psnr": 35.80479431152344,
    "ms-ssim": 0.9940671324729919,
    "bpp": 1.419629863967099,
    "encoding_time": 0.5015697479248047,
    "decoding_time": 0.42230844497680664
}