{
    "image_name": "00014_TE_3680x2456.png",
    "mse": 0.0001320343726547435,
    "psnr": 38.75238800048828,
    "ms-ssim": 0.9910303950309753,
    "bpp": 0.646059340036822,
    "encoding_time": 1.9445991516113281,
    "decoding_time": 1.9768388271331787
}