{
    "image_name": "00002_TE_2144x1424.png",
    "mse": 0.0002177762653445825,
    "psnr": 36.59581756591797,
    "ms-ssim": 0.9807871580123901,
    "bpp": 1.0400071272849236,
    "encoding_time": 0.9753146171569824,
    "decoding_time": 0.8422553539276123
}