{
    "image_name": "00005_TE_1336x872.png",
    "mse": 0.00011739706678781658,
    "psnr": 39.25847244262695,
    "ms-ssim": 0.9947614669799805,
    "bpp": 0.5999835192001318,
    "encoding_time": 0.3940906524658203,
    "decoding_time": 0.494356632232666
}