{
    "image_name": "00008_TE_1912x1272.png",
    "mse": 0.00015549863746855408,
    "psnr": 38.046783447265625,
    "ms-ssim": 0.9922622442245483,
    "bpp": 1.0534722770453409,
    "encoding_time": 0.6822383403778076,
    "decoding_time": 0.579279899597168
}