{
    "image_name": "00015_TE_3680x2456.png",
    "mse": 0.00011271951370872557,
    "psnr": 39.431819915771484,
    "ms-ssim": 0.9939279556274414,
    "bpp": 0.6467497521597507,
    "encoding_time": 2.483086585998535,
    "decoding_time": 2.480358600616455
}