{
    "image_name": "00007_TE_1472x976.png",
    "mse": 0.00015914259711280465,
    "psnr": 37.94828796386719,
    "ms-ssim": 0.9928869605064392,
    "bpp": 0.7856379187455452,
    "encoding_time": 0.3415029048919678,
    "decoding_time": 0.598670482635498
}