{
    "image_name": "00016_TE_1744x2000.png",
    "mse": 0.0004227185563649982,
    "psnr": 33.726905822753906,
    "ms-ssim": 0.9611195921897888,
    "bpp": 0.7332844036697248,
    "encoding_time": 0.6552538871765137,
    "decoding_time": 0.8968603610992432
}