{
    "mean_loss": 0.16042744708221643,
    "mean_bpp": 0.15776500485743475,
    "mean_psnr": 29.685032030431234,
    "mean_msssim": 0.9733755777521831,
    "mean_msssim_dB": 15.74719807677429,
    "mean_enc_time": 0.642357901829045,
    "mean_dec_time": 0.741278689082076
}