{
    "image_name": "thong-vo-428.png",
    "mse": 0.0022893594577908516,
    "psnr": 26.40045928955078,
    "ms-ssim": 0.9666839838027954,
    "bpp": 0.2301874699567377,
    "encoding_time": 0.22071576118469238,
    "decoding_time": 0.6680161952972412
}