{
    "image_name": "allef-vinicius-109434.png",
    "mse": 0.0005494903307408094,
    "psnr": 32.59040451049805,
    "ms-ssim": 0.9648934602737427,
    "bpp": 0.09792811355311355,
    "encoding_time": 0.6084468364715576,
    "decoding_time": 1.032632827758789
}