{
    "image_name": "gian-reto-tarnutzer-45212.png",
    "mse": 0.0013582530664280057,
    "psnr": 28.66614532470703,
    "ms-ssim": 0.9658918380737305,
    "bpp": 0.23253877737226278,
    "encoding_time": 0.7847347259521484,
    "decoding_time": 0.7121725082397461
}