{
    "image_name": "juskteez-vu-1041.png",
    "mse": 0.0024015565868467093,
    "psnr": 26.19272804260254,
    "ms-ssim": 0.955742359161377,
    "bpp": 0.32456477438136827,
    "encoding_time": 0.8441157341003418,
    "decoding_time": 0.5465288162231445
}