{
    "image_name": "schicka-307.png",
    "mse": 0.0004949349095113575,
    "psnr": 33.04292297363281,
    "ms-ssim": 0.9785633087158203,
    "bpp": 0.11442057291666667,
    "encoding_time": 0.10381603240966797,
    "decoding_time": 0.14822602272033691
}