{
    "image_name": "alejandro-escamilla-6.png",
    "mse": 0.0012354159262031317,
    "psnr": 29.07724952697754,
    "ms-ssim": 0.9788262248039246,
    "bpp": 0.1231679424943988,
    "encoding_time": 0.6288485527038574,
    "decoding_time": 0.75819993019104
}