{
    "image_name": "clem-onojeghuo-33741.png",
    "mse": 0.0012856628745794296,
    "psnr": 28.90445327758789,
    "ms-ssim": 0.9710209369659424,
    "bpp": 0.19029304029304028,
    "encoding_time": 0.9327516555786133,
    "decoding_time": 0.8728549480438232
}