{
    "image_name": "todd-quackenbush-27493.png",
    "mse": 0.0005581787554547191,
    "psnr": 32.52284240722656,
    "ms-ssim": 0.9866647720336914,
    "bpp": 0.08019724104549855,
    "encoding_time": 0.5929155349731445,
    "decoding_time": 0.8121752738952637
}