{
    "image_name": "todd-quackenbush-222.png",
    "mse": 0.00261360383592546,
    "psnr": 25.825788497924805,
    "ms-ssim": 0.9588543176651001,
    "bpp": 0.23305492280435333,
    "encoding_time": 0.22336626052856445,
    "decoding_time": 0.11487197875976562
}