{
    "image_name": "philipp-reiner-207.png",
    "mse": 0.0026032528840005398,
    "psnr": 25.842769622802734,
    "ms-ssim": 0.9632110595703125,
    "bpp": 0.23301234567901236,
    "encoding_time": 0.3027181625366211,
    "decoding_time": 0.618476390838623
}