{
    "image_name": "stefan-kunze-26931.png",
    "mse": 0.0012170250993221998,
    "psnr": 29.14253807067871,
    "ms-ssim": 0.9738430380821228,
    "bpp": 0.17770437088514995,
    "encoding_time": 0.6211884021759033,
    "decoding_time": 0.8892078399658203
}