{
    "image_name": "philippe-wuyts-45997.png",
    "mse": 0.0012870674254372716,
    "psnr": 28.899843215942383,
    "ms-ssim": 0.9647214412689209,
    "bpp": 0.25042870221219277,
    "encoding_time": 0.6594603061676025,
    "decoding_time": 0.596867561340332
}