{
    "image_name": "wojciech-szaturski-3611.png",
    "mse": 0.00154410139657557,
    "psnr": 28.10975456237793,
    "ms-ssim": 0.9727014899253845,
    "bpp": 0.16786606431039064,
    "encoding_time": 0.7043161392211914,
    "decoding_time": 0.8875899314880371
}