{
    "image_name": "vita-vilcina-3055.png",
    "mse": 0.0026858504861593246,
    "psnr": 25.707244873046875,
    "ms-ssim": 0.983883261680603,
    "bpp": 0.147299323769912,
    "encoding_time": 0.6495850086212158,
    "decoding_time": 0.6943049430847168
}