{
    "image_name": "felix-russell-saw-140699.png",
    "mse": 0.0005770680145360529,
    "psnr": 32.37825012207031,
    "ms-ssim": 0.9744962453842163,
    "bpp": 0.11702229845626072,
    "encoding_time": 0.5118224620819092,
    "decoding_time": 0.5330405235290527
}