{
    "image_name": "benjamin-sloth-lindgreen-705.png",
    "mse": 0.001284586964175105,
    "psnr": 28.908157348632812,
    "ms-ssim": 0.9698686599731445,
    "bpp": 0.19504349816849817,
    "encoding_time": 0.6261663436889648,
    "decoding_time": 1.0904901027679443
}