{
    "image_name": "jeremy-cai-1174.png",
    "mse": 0.0009449069621041417,
    "psnr": 30.240507125854492,
    "ms-ssim": 0.9852269887924194,
    "bpp": 0.11414442487467823,
    "encoding_time": 0.6706862449645996,
    "decoding_time": 0.7233657836914062
}