{
    "image_name": "daniel-robert-405.png",
    "mse": 0.001760501996614039,
    "psnr": 27.54058265686035,
    "ms-ssim": 0.9674279689788818,
    "bpp": 0.2173775671406003,
    "encoding_time": 0.6012330055236816,
    "decoding_time": 0.4860231876373291
}