{
    "image_name": "michael-durana-82941.png",
    "mse": 0.0014161108992993832,
    "psnr": 28.485084533691406,
    "ms-ssim": 0.9773079752922058,
    "bpp": 0.12495421245421245,
    "encoding_time": 1.0529201030731201,
    "decoding_time": 0.9788224697113037
}