{
    "image_name": "lobostudio-hamburg-75377.png",
    "mse": 0.0006596646853722632,
    "psnr": 31.79827308654785,
    "ms-ssim": 0.9693626165390015,
    "bpp": 0.10568910256410256,
    "encoding_time": 0.7759866714477539,
    "decoding_time": 0.9297695159912109
}