{
    "image_name": "andrew-ruiz-376.png",
    "mse": 0.001113991835154593,
    "psnr": 29.526411056518555,
    "ms-ssim": 0.9777559638023376,
    "bpp": 0.1533569066862601,
    "encoding_time": 0.8217778205871582,
    "decoding_time": 1.2099971771240234
}