{
    "image_name": "martyn-seddon-220.png",
    "mse": 0.000862377171870321,
    "psnr": 30.63661766052246,
    "ms-ssim": 0.9686068296432495,
    "bpp": 0.18517628205128206,
    "encoding_time": 0.5778017044067383,
    "decoding_time": 0.62430739402771
}