{
    "image_name": "veeterzy-82537.png",
    "mse": 0.0015322637045755982,
    "psnr": 28.143178939819336,
    "ms-ssim": 0.9696774482727051,
    "bpp": 0.20423453513909223,
    "encoding_time": 0.6198508739471436,
    "decoding_time": 0.731189489364624
}