{
    "image_name": "dogancan-ozturan-395.png",
    "mse": 0.0012333246413618326,
    "psnr": 29.084789276123047,
    "ms-ssim": 0.9812924861907959,
    "bpp": 0.12342560553633218,
    "encoding_time": 0.6086499691009521,
    "decoding_time": 0.7826976776123047
}