{
    "image_name": "zugr-108.png",
    "mse": 0.0006046175258234143,
    "psnr": 32.1757926940918,
    "ms-ssim": 0.9846686720848083,
    "bpp": 0.08239468864468864,
    "encoding_time": 0.8328409194946289,
    "decoding_time": 0.8568291664123535
}