{
    "image_name": "alexander-shustov-73.png",
    "mse": 0.0036183055490255356,
    "psnr": 24.413415908813477,
    "ms-ssim": 0.9573369026184082,
    "bpp": 0.28681805657604703,
    "encoding_time": 1.050732135772705,
    "decoding_time": 0.9780774116516113
}