{
    "image_name": "jared-erondu-21325.png",
    "mse": 0.0005927385063841939,
    "psnr": 32.262184143066406,
    "ms-ssim": 0.9755916595458984,
    "bpp": 0.11808608058608058,
    "encoding_time": 0.5556671619415283,
    "decoding_time": 0.9611847400665283
}