{
    "image_name": "jason-briscoe-149782.png",
    "mse": 0.0008295603911392391,
    "psnr": 30.805049896240234,
    "ms-ssim": 0.9903665781021118,
    "bpp": 0.0611492673992674,
    "encoding_time": 1.1246273517608643,
    "decoding_time": 1.2175121307373047
}