{
    "image_name": "sergey-zolkin-1045.png",
    "mse": 0.0008977532270364463,
    "psnr": 30.462127685546875,
    "ms-ssim": 0.9787418246269226,
    "bpp": 0.1253434065934066,
    "encoding_time": 1.0515680313110352,
    "decoding_time": 1.2465102672576904
}