{
    "image_name": "ales-krivec-15949.png",
    "mse": 0.0005107931792736053,
    "psnr": 32.90673065185547,
    "ms-ssim": 0.9837063550949097,
    "bpp": 0.09855061026936027,
    "encoding_time": 0.786787748336792,
    "decoding_time": 0.7021102905273438
}