{
    "image_name": "paul-itkin-46101.png",
    "mse": 0.0055359359830617905,
    "psnr": 22.56708526611328,
    "ms-ssim": 0.9764308929443359,
    "bpp": 0.16992273730684326,
    "encoding_time": 0.28545236587524414,
    "decoding_time": 0.15011930465698242
}