{
    "image_name": "kazuend-28556.png",
    "mse": 0.00041930016595870256,
    "psnr": 33.76194763183594,
    "ms-ssim": 0.9856072664260864,
    "bpp": 0.07265338827838828,
    "encoding_time": 1.0278174877166748,
    "decoding_time": 0.8634471893310547
}