{
    "image_name": "martin-wessely-211.png",
    "mse": 0.0031650334130972624,
    "psnr": 24.994312286376953,
    "ms-ssim": 0.9497294425964355,
    "bpp": 0.3128125,
    "encoding_time": 0.15124154090881348,
    "decoding_time": 0.20338916778564453
}