{
    "image_name": "mullermarc-184.png",
    "mse": 0.0010633955243974924,
    "psnr": 29.728185653686523,
    "ms-ssim": 0.9770192503929138,
    "bpp": 0.16716332429505937,
    "encoding_time": 0.3342704772949219,
    "decoding_time": 0.5113687515258789
}