{
    "image_name": "casey-fyfe-999.png",
    "mse": 0.0006026041228324175,
    "psnr": 32.19091033935547,
    "ms-ssim": 0.963316798210144,
    "bpp": 0.1611328125,
    "encoding_time": 0.7414844036102295,
    "decoding_time": 0.98758864402771
}