{
    "image_name": "sergey-zolkin-21232.png",
    "mse": 0.00042101391591131687,
    "psnr": 33.74456787109375,
    "ms-ssim": 0.9841935634613037,
    "bpp": 0.07337986444407435,
    "encoding_time": 0.7907986640930176,
    "decoding_time": 0.8450777530670166
}