{
    "image_name": "roberto-nickson-48063.png",
    "mse": 0.0004815917636733502,
    "psnr": 33.161712646484375,
    "ms-ssim": 0.9821481704711914,
    "bpp": 0.08250915750915751,
    "encoding_time": 0.7674109935760498,
    "decoding_time": 0.5677027702331543
}