{
    "image_name": "alberto-montalesi-176097.png",
    "mse": 0.0004845643416047096,
    "psnr": 33.13522720336914,
    "ms-ssim": 0.9665324687957764,
    "bpp": 0.10626834189288334,
    "encoding_time": 0.5421760082244873,
    "decoding_time": 0.8325707912445068
}