{
    "image_name": "davide-ragusa-716.png",
    "mse": 0.0007392347906716168,
    "psnr": 31.304779052734375,
    "ms-ssim": 0.9796162843704224,
    "bpp": 0.12164874609023693,
    "encoding_time": 0.5648057460784912,
    "decoding_time": 0.617926836013794
}