{
    "image_name": "amy-zhang-15940.png",
    "mse": 0.00137099449057132,
    "psnr": 28.625646591186523,
    "ms-ssim": 0.9707450866699219,
    "bpp": 0.19324975891996143,
    "encoding_time": 0.3091390132904053,
    "decoding_time": 0.545241117477417
}