{
    "image_name": "nomao-saeki-33553.png",
    "mse": 0.00047965822159312665,
    "psnr": 33.17964172363281,
    "ms-ssim": 0.9761227965354919,
    "bpp": 0.09219436310395315,
    "encoding_time": 0.6759796142578125,
    "decoding_time": 0.8639414310455322
}