{
    "mean_loss": 0.9406967426190046,
    "mean_bpp": 0.9406867335796785,
    "mean_psnr": 40.2507380974002,
    "mean_msssim": 0.9930757327777583,
    "mean_msssim_dB": 21.59626180122811,
    "mean_enc_time": 0.6962212062463528,
    "mean_dec_time": 0.752460694894558
}