{
    "image_name": "vita-vilcina-3055.png",
    "mse": 7.853737770346925e-05,
    "psnr": 40.988040924072266,
    "ms-ssim": 0.9984421133995056,
    "bpp": 1.1695243754067284,
    "encoding_time": 0.5803251266479492,
    "decoding_time": 0.6831121444702148
}