{
    "image_name": "sergey-zolkin-1045.png",
    "mse": 7.071300933603197e-05,
    "psnr": 41.42897415161133,
    "ms-ssim": 0.9941441416740417,
    "bpp": 0.6230769230769231,
    "encoding_time": 0.7466433048248291,
    "decoding_time": 1.3300905227661133
}