{
    "image_name": "martyn-seddon-220.png",
    "mse": 0.00010046330862678587,
    "psnr": 39.9266357421875,
    "ms-ssim": 0.9896565675735474,
    "bpp": 0.8131181318681319,
    "encoding_time": 0.5262863636016846,
    "decoding_time": 0.6101231575012207
}