{
    "image_name": "mullermarc-184.png",
    "mse": 8.955241355579346e-05,
    "psnr": 40.425750732421875,
    "ms-ssim": 0.996049165725708,
    "bpp": 0.9488934825990855,
    "encoding_time": 0.5381700992584229,
    "decoding_time": 0.504072904586792
}