{
    "image_name": "todd-quackenbush-27493.png",
    "mse": 5.005197090213187e-05,
    "psnr": 42.90203094482422,
    "ms-ssim": 0.9950808882713318,
    "bpp": 0.332057720232333,
    "encoding_time": 0.9157199859619141,
    "decoding_time": 0.9225044250488281
}