{
    "image_name": "amy-zhang-15940.png",
    "mse": 0.0001005011799861677,
    "psnr": 39.92632293701172,
    "ms-ssim": 0.9938322901725769,
    "bpp": 1.2068145290903247,
    "encoding_time": 0.47655773162841797,
    "decoding_time": 0.4659137725830078
}