{
    "image_name": "jason-briscoe-149782.png",
    "mse": 3.651098450063728e-05,
    "psnr": 44.23122024536133,
    "ms-ssim": 0.9954320788383484,
    "bpp": 0.2331043956043956,
    "encoding_time": 1.026674747467041,
    "decoding_time": 0.8130898475646973
}