{
    "image_name": "kazuend-28556.png",
    "mse": 3.942138937418349e-05,
    "psnr": 43.908695220947266,
    "ms-ssim": 0.9932054281234741,
    "bpp": 0.24943910256410257,
    "encoding_time": 0.7904517650604248,
    "decoding_time": 0.9430389404296875
}