{
    "image_name": "alejandro-escamilla-6.png",
    "mse": 7.9192133853212e-05,
    "psnr": 40.95182800292969,
    "ms-ssim": 0.9937635660171509,
    "bpp": 0.5912061239731142,
    "encoding_time": 0.5602695941925049,
    "decoding_time": 0.7223224639892578
}