{
    "image_name": "todd-quackenbush-222.png",
    "mse": 0.00016393083205912262,
    "psnr": 37.82096481323242,
    "ms-ssim": 0.9936413764953613,
    "bpp": 1.8917742343710453,
    "encoding_time": 0.22068357467651367,
    "decoding_time": 0.1482253074645996
}