{
    "image_name": "alberto-montalesi-176097.png",
    "mse": 0.00015160393377300352,
    "psnr": 38.157230377197266,
    "ms-ssim": 0.9807164072990417,
    "bpp": 0.42815709831254584,
    "encoding_time": 0.4582791328430176,
    "decoding_time": 0.5803661346435547
}