{
    "image_name": "ales-krivec-15949.png",
    "mse": 6.006556941429153e-05,
    "psnr": 42.123897552490234,
    "ms-ssim": 0.9949909448623657,
    "bpp": 0.35579755892255893,
    "encoding_time": 0.9753599166870117,
    "decoding_time": 1.0396003723144531
}