{
    "image_name": "jeremy-cai-1174.png",
    "mse": 6.822473369538784e-05,
    "psnr": 41.58490753173828,
    "ms-ssim": 0.9970787763595581,
    "bpp": 0.6115837962335727,
    "encoding_time": 0.7026667594909668,
    "decoding_time": 0.7273516654968262
}