{
    "image_name": "andrew-ruiz-376.png",
    "mse": 8.787601836957037e-05,
    "psnr": 40.50127029418945,
    "ms-ssim": 0.9958752393722534,
    "bpp": 0.8064956833210875,
    "encoding_time": 0.7981123924255371,
    "decoding_time": 0.9367468357086182
}