{
    "image_name": "alexander-shustov-73.png",
    "mse": 0.00017143772856798023,
    "psnr": 37.62781524658203,
    "ms-ssim": 0.996666431427002,
    "bpp": 2.0950587803085967,
    "encoding_time": 1.1265370845794678,
    "decoding_time": 1.505444049835205
}