{
    "image_name": "dogancan-ozturan-395.png",
    "mse": 6.439589196816087e-05,
    "psnr": 41.829750061035156,
    "ms-ssim": 0.9948872327804565,
    "bpp": 0.6109803921568627,
    "encoding_time": 0.931495189666748,
    "decoding_time": 1.0922646522521973
}