{
    "image_name": "schicka-307.png",
    "mse": 6.735654460499063e-05,
    "psnr": 41.632713317871094,
    "ms-ssim": 0.9929494261741638,
    "bpp": 0.5182291666666666,
    "encoding_time": 0.3789360523223877,
    "decoding_time": 0.17631053924560547
}