{
    "image_name": "juskteez-vu-1041.png",
    "mse": 0.00014736656157765538,
    "psnr": 38.27952575683594,
    "ms-ssim": 0.9934854507446289,
    "bpp": 1.94199354471236,
    "encoding_time": 0.7597603797912598,
    "decoding_time": 0.7984554767608643
}