{
    "image_name": "felix-russell-saw-140699.png",
    "mse": 9.76912269834429e-05,
    "psnr": 40.040748596191406,
    "ms-ssim": 0.9888119697570801,
    "bpp": 0.5428473413379074,
    "encoding_time": 0.695502758026123,
    "decoding_time": 0.8800466060638428
}