{
    "image_name": "philipp-reiner-207.png",
    "mse": 0.0001703483721939847,
    "psnr": 37.65621566772461,
    "ms-ssim": 0.991553783416748,
    "bpp": 1.6094567901234569,
    "encoding_time": 0.880070686340332,
    "decoding_time": 0.8302972316741943
}