{
    "image_name": "wojciech-szaturski-3611.png",
    "mse": 0.0001136605060310103,
    "psnr": 39.39754867553711,
    "ms-ssim": 0.9925373792648315,
    "bpp": 1.0750814319881554,
    "encoding_time": 0.9943850040435791,
    "decoding_time": 0.8346428871154785
}