{
    "image_name": "clem-onojeghuo-33741.png",
    "mse": 0.00012305814016144723,
    "psnr": 39.05486297607422,
    "ms-ssim": 0.9926220774650574,
    "bpp": 0.9682234432234432,
    "encoding_time": 0.7738008499145508,
    "decoding_time": 1.028970718383789
}