{
    "image_name": "nomao-saeki-33553.png",
    "mse": 6.918714643688872e-05,
    "psnr": 41.52230453491211,
    "ms-ssim": 0.987792432308197,
    "bpp": 0.3632297767203514,
    "encoding_time": 0.5991988182067871,
    "decoding_time": 0.7597644329071045
}