{
    "image_name": "davide-ragusa-716.png",
    "mse": 7.056248432490975e-05,
    "psnr": 41.43921661376953,
    "ms-ssim": 0.9925084114074707,
    "bpp": 0.5676601908521492,
    "encoding_time": 0.5088896751403809,
    "decoding_time": 0.6998534202575684
}