{
    "image_name": "zugr-108.png",
    "mse": 6.521895556943491e-05,
    "psnr": 41.77476501464844,
    "ms-ssim": 0.9947617053985596,
    "bpp": 0.3247710622710623,
    "encoding_time": 0.6562647819519043,
    "decoding_time": 0.7947225570678711
}