{
    "image_name": "daniel-robert-405.png",
    "mse": 0.00014081595872994512,
    "psnr": 38.47673034667969,
    "ms-ssim": 0.9942325353622437,
    "bpp": 1.4881516587677726,
    "encoding_time": 0.45259547233581543,
    "decoding_time": 0.4857017993927002
}