{
    "image_name": "benjamin-sloth-lindgreen-705.png",
    "mse": 0.0001075977343134582,
    "psnr": 39.63251495361328,
    "ms-ssim": 0.993139922618866,
    "bpp": 1.152106227106227,
    "encoding_time": 0.7050094604492188,
    "decoding_time": 0.7598192691802979
}