{
    "image_name": "martin-wessely-211.png",
    "mse": 0.00016825586499180645,
    "psnr": 37.70777130126953,
    "ms-ssim": 0.9956828951835632,
    "bpp": 2.4131770833333333,
    "encoding_time": 0.24788594245910645,
    "decoding_time": 0.2878856658935547
}