{
    "image_name": "michael-durana-82941.png",
    "mse": 9.537761070532724e-05,
    "psnr": 40.150264739990234,
    "ms-ssim": 0.9930593371391296,
    "bpp": 0.7843864468864469,
    "encoding_time": 0.7974259853363037,
    "decoding_time": 1.0054328441619873
}