{
    "image_name": "casey-fyfe-999.png",
    "mse": 0.0001136690189014189,
    "psnr": 39.396663665771484,
    "ms-ssim": 0.9876522421836853,
    "bpp": 1.0369140625,
    "encoding_time": 0.943713903427124,
    "decoding_time": 0.9203741550445557
}