{
    "image_name": "roberto-nickson-48063.png",
    "mse": 6.961038889130577e-05,
    "psnr": 41.49858474731445,
    "ms-ssim": 0.9907926917076111,
    "bpp": 0.3298992673992674,
    "encoding_time": 0.7148618698120117,
    "decoding_time": 0.9376909732818604
}