{
    "image_name": "jared-erondu-21325.png",
    "mse": 8.367814734810963e-05,
    "psnr": 40.709781646728516,
    "ms-ssim": 0.9895683526992798,
    "bpp": 0.4862293956043956,
    "encoding_time": 0.6646084785461426,
    "decoding_time": 0.7470917701721191
}