{
    "image_name": "stefan-kunze-26931.png",
    "mse": 8.802946103969589e-05,
    "psnr": 40.492496490478516,
    "ms-ssim": 0.9953359365463257,
    "bpp": 1.0606140270665692,
    "encoding_time": 0.6534314155578613,
    "decoding_time": 0.6604855060577393
}