{
    "image_name": "thong-vo-428.png",
    "mse": 0.00014054494386073202,
    "psnr": 38.48387145996094,
    "ms-ssim": 0.9944717884063721,
    "bpp": 1.459926293863163,
    "encoding_time": 0.7190477848052979,
    "decoding_time": 0.42447805404663086
}