{
    "image_name": "veeterzy-82537.png",
    "mse": 0.00015212423750199378,
    "psnr": 38.142982482910156,
    "ms-ssim": 0.995032787322998,
    "bpp": 1.0985884882869692,
    "encoding_time": 0.9500026702880859,
    "decoding_time": 0.9353964328765869
}