{
    "image_name": "gian-reto-tarnutzer-45212.png",
    "mse": 0.00011762040230678394,
    "psnr": 39.249420166015625,
    "ms-ssim": 0.9947847127914429,
    "bpp": 1.278558394160584,
    "encoding_time": 0.9921386241912842,
    "decoding_time": 0.8915290832519531
}