{
    "image_name": "lobostudio-hamburg-75377.png",
    "mse": 9.189044067170471e-05,
    "psnr": 40.30817413330078,
    "ms-ssim": 0.9915484189987183,
    "bpp": 0.9265567765567766,
    "encoding_time": 0.6643259525299072,
    "decoding_time": 0.5949854850769043
}