{
    "image_name": "allef-vinicius-109434.png",
    "mse": 0.00011977220856351778,
    "psnr": 39.17156982421875,
    "ms-ssim": 0.9880131483078003,
    "bpp": 0.8938072344322344,
    "encoding_time": 0.7019095420837402,
    "decoding_time": 0.7703061103820801
}