{
    "image_name": "paul-itkin-46101.png",
    "mse": 0.00010925894457614049,
    "psnr": 39.56779861450195,
    "ms-ssim": 0.9972529411315918,
    "bpp": 1.7149558498896247,
    "encoding_time": 0.25606846809387207,
    "decoding_time": 0.2096421718597412
}