{
    "image_name": "10.png",
    "mse": 9.499901352683082e-05,
    "psnr": 40.16463088989258,
    "ms-ssim": 0.992328405380249,
    "bpp": 0.7305501302083334,
    "encoding_time": 0.2718808650970459,
    "decoding_time": 0.30585718154907227
}