{
    "image_name": "16.png",
    "mse": 8.896517101675272e-05,
    "psnr": 40.446075439453125,
    "ms-ssim": 0.9935442805290222,
    "bpp": 1.0034993489583333,
    "encoding_time": 0.4714069366455078,
    "decoding_time": 0.2834482192993164
}