{
    "image_name": "6.png",
    "mse": 0.00011048497253796086,
    "psnr": 39.51811981201172,
    "ms-ssim": 0.9941850900650024,
    "bpp": 1.4551595052083333,
    "encoding_time": 0.3777198791503906,
    "decoding_time": 0.37926483154296875
}