{
    "image_name": "7.png",
    "mse": 7.425333751598373e-05,
    "psnr": 41.21833038330078,
    "ms-ssim": 0.9957823157310486,
    "bpp": 0.7744140625,
    "encoding_time": 0.6531143188476562,
    "decoding_time": 0.48425769805908203
}