{
    "image_name": "22.png",
    "mse": 0.0001301489392062649,
    "psnr": 38.81364440917969,
    "ms-ssim": 0.9916509389877319,
    "bpp": 1.3573404947916667,
    "encoding_time": 0.495708703994751,
    "decoding_time": 0.4762260913848877
}