{
    "image_name": "18.png",
    "mse": 0.00015679243369959295,
    "psnr": 38.01096725463867,
    "ms-ssim": 0.9930259585380554,
    "bpp": 1.679443359375,
    "encoding_time": 0.9620540142059326,
    "decoding_time": 0.6656475067138672
}