{
    "image_name": "20.png",
    "mse": 8.877533400664106e-05,
    "psnr": 40.476341247558594,
    "ms-ssim": 0.9926781058311462,
    "bpp": 0.7930501302083334,
    "encoding_time": 0.6359291076660156,
    "decoding_time": 0.7875921726226807
}