{
    "image_name": "13.png",
    "mse": 0.00016561048687435687,
    "psnr": 37.77587890625,
    "ms-ssim": 0.9962475299835205,
    "bpp": 2.6525065104166665,
    "encoding_time": 0.5278680324554443,
    "decoding_time": 1.0497267246246338
}