{
    "image_name": "15.png",
    "mse": 9.934542322298512e-05,
    "psnr": 39.97481918334961,
    "ms-ssim": 0.9923116564750671,
    "bpp": 0.915771484375,
    "encoding_time": 0.295367956161499,
    "decoding_time": 0.28583359718322754
}