{
    "image_name": "3.png",
    "mse": 6.756601942470297e-05,
    "psnr": 41.62249755859375,
    "ms-ssim": 0.9937390685081482,
    "bpp": 0.6288248697916666,
    "encoding_time": 0.6766836643218994,
    "decoding_time": 0.4159529209136963
}