{
    "image_name": "4.png",
    "mse": 0.00010446224041515961,
    "psnr": 39.75800323486328,
    "ms-ssim": 0.9919592142105103,
    "bpp": 0.9886067708333334,
    "encoding_time": 0.38935041427612305,
    "decoding_time": 0.621356725692749
}