{
    "image_name": "14.png",
    "mse": 0.00013712207146454602,
    "psnr": 38.58899688720703,
    "ms-ssim": 0.9951647520065308,
    "bpp": 1.6712239583333333,
    "encoding_time": 0.5956459045410156,
    "decoding_time": 0.723391056060791
}