{
    "image_name": "1.png",
    "mse": 0.0001289600768359378,
    "psnr": 38.851348876953125,
    "ms-ssim": 0.9963371157646179,
    "bpp": 2.0113932291666665,
    "encoding_time": 0.4045884609222412,
    "decoding_time": 0.3861722946166992
}