{
    "image_name": "8.png",
    "mse": 0.0001524497492937371,
    "psnr": 38.13235855102539,
    "ms-ssim": 0.9966490268707275,
    "bpp": 2.1094563802083335,
    "encoding_time": 0.19521713256835938,
    "decoding_time": 0.30872344970703125
}