{
    "image_name": "2.png",
    "mse": 0.0001159867606475018,
    "psnr": 39.308837890625,
    "ms-ssim": 0.9888148307800293,
    "bpp": 1.008056640625,
    "encoding_time": 0.758500337600708,
    "decoding_time": 0.668842077255249
}