{
    "image_name": "9.png",
    "mse": 9.454914834350348e-05,
    "psnr": 40.18455123901367,
    "ms-ssim": 0.9913125038146973,
    "bpp": 0.6410319010416666,
    "encoding_time": 0.2211930751800537,
    "decoding_time": 0.37235283851623535
}