{
    "image_name": "12.png",
    "mse": 8.790964784566313e-05,
    "psnr": 40.49615478515625,
    "ms-ssim": 0.9912397265434265,
    "bpp": 0.774658203125,
    "encoding_time": 0.5621049404144287,
    "decoding_time": 0.8703639507293701
}