{
    "image_name": "17.png",
    "mse": 9.74351423792541e-05,
    "psnr": 40.05661392211914,
    "ms-ssim": 0.9938156008720398,
    "bpp": 0.8827311197916666,
    "encoding_time": 0.8154089450836182,
    "decoding_time": 1.034949779510498
}