{
    "image_name": "23.png",
    "mse": 7.796541467541829e-05,
    "psnr": 41.00971984863281,
    "ms-ssim": 0.9930341243743896,
    "bpp": 0.52978515625,
    "encoding_time": 1.1336872577667236,
    "decoding_time": 0.37041759490966797
}