{
    "image_name": "5.png",
    "mse": 0.00013021061022300273,
    "psnr": 38.81018829345703,
    "ms-ssim": 0.9970585703849792,
    "bpp": 1.8824869791666667,
    "encoding_time": 0.4881095886230469,
    "decoding_time": 0.4730112552642822
}