{
    "image_name": "24.png",
    "mse": 0.00013679951371159405,
    "psnr": 38.600868225097656,
    "ms-ssim": 0.9955788850784302,
    "bpp": 1.589111328125,
    "encoding_time": 0.3537275791168213,
    "decoding_time": 0.5845880508422852
}