{
    "image_name": "11.png",
    "mse": 0.00011100134724983945,
    "psnr": 39.496768951416016,
    "ms-ssim": 0.993853747844696,
    "bpp": 1.3338216145833333,
    "encoding_time": 0.367053747177124,
    "decoding_time": 0.40480542182922363
}