{
    "mean_loss": 0.8478519873931394,
    "mean_bpp": 0.8474051290452234,
    "mean_psnr": 36.13897305000119,
    "mean_msssim": 0.9955314165208398,
    "mean_msssim_dB": 23.49830124447413,
    "mean_enc_time": 0.5505858630668826,
    "mean_dec_time": 0.6288458952089635
}