{
    "image_name": "casey-fyfe-999.png",
    "mse": 0.0001914807508001104,
    "psnr": 37.15079879760742,
    "ms-ssim": 0.9922968149185181,
    "bpp": 1.0688534007352941,
    "encoding_time": 0.9071831703186035,
    "decoding_time": 0.7954599857330322
}