{
    "image_name": "allef-vinicius-109434.png",
    "mse": 0.00016186096763703972,
    "psnr": 37.87474060058594,
    "ms-ssim": 0.9937157034873962,
    "bpp": 1.0247825091575091,
    "encoding_time": 0.6550743579864502,
    "decoding_time": 0.8164443969726562
}