{
    "image_name": "stefan-kunze-26931.png",
    "mse": 0.0003368067555129528,
    "psnr": 34.70979690551758,
    "ms-ssim": 0.9960942268371582,
    "bpp": 0.8060534016093636,
    "encoding_time": 0.6166889667510986,
    "decoding_time": 0.7850358486175537
}