{
    "image_name": "alberto-montalesi-176097.png",
    "mse": 0.0001366556534776464,
    "psnr": 38.604347229003906,
    "ms-ssim": 0.99092698097229,
    "bpp": 0.990301724137931,
    "encoding_time": 0.4579348564147949,
    "decoding_time": 0.6167099475860596
}