{
    "image_name": "paul-itkin-46101.png",
    "mse": 0.0016717843245714903,
    "psnr": 27.76519203186035,
    "ms-ssim": 0.9964060187339783,
    "bpp": 0.7790838852097131,
    "encoding_time": 0.15435791015625,
    "decoding_time": 0.10950350761413574
}