{
    "image_name": "wojciech-szaturski-3611.png",
    "mse": 0.00044005035306327045,
    "psnr": 33.55278015136719,
    "ms-ssim": 0.9957627654075623,
    "bpp": 0.8797600698530808,
    "encoding_time": 0.7688877582550049,
    "decoding_time": 0.6594288349151611
}