{
    "image_name": "todd-quackenbush-27493.png",
    "mse": 0.00011570854258025065,
    "psnr": 39.32160568237305,
    "ms-ssim": 0.9972307085990906,
    "bpp": 0.48600859148112296,
    "encoding_time": 0.38916826248168945,
    "decoding_time": 0.5821940898895264
}