{
    "image_name": "lobostudio-hamburg-75377.png",
    "mse": 0.000258160347584635,
    "psnr": 35.86255645751953,
    "ms-ssim": 0.9940311908721924,
    "bpp": 0.8371565934065934,
    "encoding_time": 0.49642443656921387,
    "decoding_time": 0.6323482990264893
}