{
    "image_name": "roberto-nickson-48063.png",
    "mse": 9.298753866460174e-05,
    "psnr": 40.259193420410156,
    "ms-ssim": 0.9961515665054321,
    "bpp": 0.6537774725274725,
    "encoding_time": 0.651888370513916,
    "decoding_time": 0.9322831630706787
}