{
    "image_name": "martin-wessely-211.png",
    "mse": 0.0010245959274470806,
    "psnr": 29.88901138305664,
    "ms-ssim": 0.9925931692123413,
    "bpp": 1.3483333333333334,
    "encoding_time": 0.2354881763458252,
    "decoding_time": 0.10999035835266113
}