{
    "image_name": "thong-vo-428.png",
    "mse": 0.0005664732889272273,
    "psnr": 32.45892333984375,
    "ms-ssim": 0.9952124357223511,
    "bpp": 1.0702451530203494,
    "encoding_time": 0.22644519805908203,
    "decoding_time": 0.790208101272583
}