{
    "image_name": "mullermarc-184.png",
    "mse": 0.0001993384794332087,
    "psnr": 36.98017120361328,
    "ms-ssim": 0.9970818758010864,
    "bpp": 0.7949027714390543,
    "encoding_time": 0.35193586349487305,
    "decoding_time": 0.2553384304046631
}