{
    "image_name": "ales-krivec-15949.png",
    "mse": 6.731644680257887e-05,
    "psnr": 41.63786315917969,
    "ms-ssim": 0.9971105456352234,
    "bpp": 0.5521622474747475,
    "encoding_time": 0.7748699188232422,
    "decoding_time": 0.5965425968170166
}