{
    "image_name": "michael-durana-82941.png",
    "mse": 0.0003661534283310175,
    "psnr": 34.34943771362305,
    "ms-ssim": 0.9959315657615662,
    "bpp": 0.7317880036630037,
    "encoding_time": 0.6390483379364014,
    "decoding_time": 0.5337159633636475
}