{
    "image_name": "philippe-wuyts-45997.png",
    "mse": 0.0003602554206736386,
    "psnr": 34.41969299316406,
    "ms-ssim": 0.9948689341545105,
    "bpp": 1.1021826242992718,
    "encoding_time": 0.46962618827819824,
    "decoding_time": 0.6171221733093262
}