{
    "image_name": "davide-ragusa-716.png",
    "mse": 0.00013175008643884212,
    "psnr": 38.76267623901367,
    "ms-ssim": 0.9966695308685303,
    "bpp": 0.7302744991921812,
    "encoding_time": 0.4270005226135254,
    "decoding_time": 0.5369975566864014
}