{
    "image_name": "sergey-zolkin-21232.png",
    "mse": 6.508282240247354e-05,
    "psnr": 41.78868865966797,
    "ms-ssim": 0.9969080686569214,
    "bpp": 0.6302795399375212,
    "encoding_time": 0.7597172260284424,
    "decoding_time": 0.5292930603027344
}