{
    "image_name": "andrew-ruiz-376.png",
    "mse": 0.0002035155484918505,
    "psnr": 36.88813781738281,
    "ms-ssim": 0.9968975782394409,
    "bpp": 0.7474628030859662,
    "encoding_time": 0.7187366485595703,
    "decoding_time": 0.8274915218353271
}