{
    "image_name": "vita-vilcina-3055.png",
    "mse": 0.0005955220549367368,
    "psnr": 32.242835998535156,
    "ms-ssim": 0.9977602362632751,
    "bpp": 0.62705486234898,
    "encoding_time": 0.47385597229003906,
    "decoding_time": 0.6947686672210693
}