{
    "image_name": "jason-briscoe-149782.png",
    "mse": 0.00010468060645507649,
    "psnr": 39.74980163574219,
    "ms-ssim": 0.9977614283561707,
    "bpp": 0.3778617216117216,
    "encoding_time": 0.4535212516784668,
    "decoding_time": 0.9041440486907959
}