{
    "image_name": "kazuend-28556.png",
    "mse": 5.7246019423473626e-05,
    "psnr": 42.3292121887207,
    "ms-ssim": 0.9969390630722046,
    "bpp": 0.5408081501831502,
    "encoding_time": 0.5740199089050293,
    "decoding_time": 0.6190657615661621
}