{
    "image_name": "zugr-108.png",
    "mse": 9.199608757626265e-05,
    "psnr": 40.30460739135742,
    "ms-ssim": 0.996930718421936,
    "bpp": 0.4929372710622711,
    "encoding_time": 0.7547564506530762,
    "decoding_time": 0.8668496608734131
}