{
    "image_name": "veeterzy-82537.png",
    "mse": 0.00034745162702165544,
    "psnr": 34.57592010498047,
    "ms-ssim": 0.9955039024353027,
    "bpp": 0.9040766837481699,
    "encoding_time": 0.57450270652771,
    "decoding_time": 0.702639102935791
}