{
    "image_name": "alejandro-escamilla-6.png",
    "mse": 0.0002297543251188472,
    "psnr": 36.366390228271484,
    "ms-ssim": 0.9966510534286499,
    "bpp": 0.6840575989544436,
    "encoding_time": 0.6051921844482422,
    "decoding_time": 0.6281576156616211
}