{
    "image_name": "todd-quackenbush-222.png",
    "mse": 0.0006371050840243697,
    "psnr": 31.95016098022461,
    "ms-ssim": 0.9927632212638855,
    "bpp": 1.2331055429005315,
    "encoding_time": 0.11109137535095215,
    "decoding_time": 0.20638656616210938
}