{
    "image_name": "philipp-reiner-207.png",
    "mse": 0.0009926259517669678,
    "psnr": 30.02718162536621,
    "ms-ssim": 0.9922962188720703,
    "bpp": 1.0915802469135802,
    "encoding_time": 0.5048191547393799,
    "decoding_time": 0.41890478134155273
}