{
    "image_name": "dogancan-ozturan-395.png",
    "mse": 0.00018910999642685056,
    "psnr": 37.20486831665039,
    "ms-ssim": 0.9972056746482849,
    "bpp": 0.6510034602076125,
    "encoding_time": 0.7817966938018799,
    "decoding_time": 1.0761206150054932
}