{
    "image_name": "sergey-zolkin-1045.png",
    "mse": 0.00019943257211707532,
    "psnr": 36.974876403808594,
    "ms-ssim": 0.9965794086456299,
    "bpp": 0.6920787545787546,
    "encoding_time": 0.9642958641052246,
    "decoding_time": 0.6950182914733887
}