{
    "image_name": "felix-russell-saw-140699.png",
    "mse": 0.00013884803047403693,
    "psnr": 38.534629821777344,
    "ms-ssim": 0.9951984882354736,
    "bpp": 0.863898064199951,
    "encoding_time": 0.5048363208770752,
    "decoding_time": 0.6877865791320801
}