{
    "image_name": "gian-reto-tarnutzer-45212.png",
    "mse": 0.00031366481562145054,
    "psnr": 35.01774215698242,
    "ms-ssim": 0.9958404898643494,
    "bpp": 1.0545050182481752,
    "encoding_time": 0.567138671875,
    "decoding_time": 0.8657553195953369
}