{
    "image_name": "jared-erondu-21325.png",
    "mse": 0.00011512055061757565,
    "psnr": 39.341915130615234,
    "ms-ssim": 0.9958468675613403,
    "bpp": 0.8021634615384615,
    "encoding_time": 0.6776957511901855,
    "decoding_time": 0.7876505851745605
}