{
    "image_name": "benjamin-sloth-lindgreen-705.png",
    "mse": 0.00037613767199218273,
    "psnr": 34.232452392578125,
    "ms-ssim": 0.9948384761810303,
    "bpp": 0.9559638278388278,
    "encoding_time": 0.6311190128326416,
    "decoding_time": 0.6487524509429932
}