{
    "image_name": "nomao-saeki-33553.png",
    "mse": 8.430035813944414e-05,
    "psnr": 40.67740249633789,
    "ms-ssim": 0.9958710670471191,
    "bpp": 0.8381108162518301,
    "encoding_time": 0.5764377117156982,
    "decoding_time": 0.6023871898651123
}