{
    "image_name": "jeremy-cai-1174.png",
    "mse": 0.00014631416706833988,
    "psnr": 38.31193923950195,
    "ms-ssim": 0.9977003335952759,
    "bpp": 0.538544912613467,
    "encoding_time": 0.7805886268615723,
    "decoding_time": 0.6119747161865234
}