{
    "image_name": "amy-zhang-15940.png",
    "mse": 0.0003912866523023695,
    "psnr": 34.061729431152344,
    "ms-ssim": 0.9951866865158081,
    "bpp": 0.9395264116575592,
    "encoding_time": 0.42258572578430176,
    "decoding_time": 0.3125927448272705
}