{
    "image_name": "15.png",
    "mse": 0.000578514183871448,
    "psnr": 32.36785125732422,
    "ms-ssim": 0.9949707984924316,
    "bpp": 0.862060546875,
    "encoding_time": 0.12661314010620117,
    "decoding_time": 0.21636199951171875
}