{
    "image_name": "11.png",
    "mse": 0.0005940434639342129,
    "psnr": 32.25202941894531,
    "ms-ssim": 0.9951440691947937,
    "bpp": 1.0252278645833333,
    "encoding_time": 0.09116053581237793,
    "decoding_time": 0.12722301483154297
}