{
    "image_name": "6.png",
    "mse": 0.0007387589430436492,
    "psnr": 31.307140350341797,
    "ms-ssim": 0.9953097701072693,
    "bpp": 1.0553385416666667,
    "encoding_time": 0.09633255004882812,
    "decoding_time": 0.11941885948181152
}