{
    "image_name": "1.png",
    "mse": 0.0009738968801684678,
    "psnr": 30.10903549194336,
    "ms-ssim": 0.9948543310165405,
    "bpp": 1.172119140625,
    "encoding_time": 0.09044718742370605,
    "decoding_time": 0.14130902290344238
}