{
    "image_name": "18.png",
    "mse": 0.0008771013817749918,
    "psnr": 30.56294822692871,
    "ms-ssim": 0.9941434860229492,
    "bpp": 1.19287109375,
    "encoding_time": 0.12253570556640625,
    "decoding_time": 0.1147153377532959
}