{
    "image_name": "7.png",
    "mse": 0.00038921862142160535,
    "psnr": 34.08311462402344,
    "ms-ssim": 0.996922492980957,
    "bpp": 0.7073567708333334,
    "encoding_time": 0.09141230583190918,
    "decoding_time": 0.17916417121887207
}