{
    "image_name": "23.png",
    "mse": 0.0002627552894409746,
    "psnr": 35.783870697021484,
    "ms-ssim": 0.9961323738098145,
    "bpp": 0.6901041666666666,
    "encoding_time": 0.3570590019226074,
    "decoding_time": 0.19881772994995117
}