{
    "image_name": "20.png",
    "mse": 0.000567762297578156,
    "psnr": 32.45127487182617,
    "ms-ssim": 0.9958415031433105,
    "bpp": 0.7271321614583334,
    "encoding_time": 0.08798098564147949,
    "decoding_time": 0.10978531837463379
}