{
    "image_name": "3.png",
    "mse": 0.0003364807926118374,
    "psnr": 34.714054107666016,
    "ms-ssim": 0.9964776039123535,
    "bpp": 0.712646484375,
    "encoding_time": 0.08289146423339844,
    "decoding_time": 0.11561870574951172
}