{
    "image_name": "9.png",
    "mse": 0.0004337035643402487,
    "psnr": 33.614933013916016,
    "ms-ssim": 0.9953823089599609,
    "bpp": 0.7710774739583334,
    "encoding_time": 0.0899653434753418,
    "decoding_time": 0.12034296989440918
}