{
    "image_name": "13.png",
    "mse": 0.0019772499799728394,
    "psnr": 27.036617279052734,
    "ms-ssim": 0.9930762052536011,
    "bpp": 1.3567708333333333,
    "encoding_time": 0.24231338500976562,
    "decoding_time": 0.15414071083068848
}