{
    "image_name": "8.png",
    "mse": 0.001369119738228619,
    "psnr": 28.631542205810547,
    "ms-ssim": 0.9952445030212402,
    "bpp": 1.1058756510416667,
    "encoding_time": 0.1213228702545166,
    "decoding_time": 0.13538503646850586
}