{
    "image_name": "17.png",
    "mse": 0.0003136931045446545,
    "psnr": 35.017051696777344,
    "ms-ssim": 0.9958774447441101,
    "bpp": 0.8216145833333334,
    "encoding_time": 0.11887454986572266,
    "decoding_time": 0.10739517211914062
}