{
    "image_name": "14.png",
    "mse": 0.0006942530744709074,
    "psnr": 31.576688766479492,
    "ms-ssim": 0.9952049255371094,
    "bpp": 1.1568196614583333,
    "encoding_time": 0.23097705841064453,
    "decoding_time": 0.15542316436767578
}