{
    "image_name": "22.png",
    "mse": 0.0004825630458071828,
    "psnr": 33.15353775024414,
    "ms-ssim": 0.9940885305404663,
    "bpp": 1.1453450520833333,
    "encoding_time": 0.08775162696838379,
    "decoding_time": 0.1148834228515625
}