{
    "image_name": "16.png",
    "mse": 0.00040831396472640336,
    "psnr": 33.87666320800781,
    "ms-ssim": 0.9957112073898315,
    "bpp": 0.912353515625,
    "encoding_time": 0.20671749114990234,
    "decoding_time": 0.10332059860229492
}