{
    "image_name": "24.png",
    "mse": 0.001013216096907854,
    "psnr": 29.938297271728516,
    "ms-ssim": 0.995429515838623,
    "bpp": 1.0470377604166667,
    "encoding_time": 0.0840907096862793,
    "decoding_time": 0.11360335350036621
}