{
    "image_name": "4.png",
    "mse": 0.0005101244896650314,
    "psnr": 32.912384033203125,
    "ms-ssim": 0.9950369596481323,
    "bpp": 0.9679361979166666,
    "encoding_time": 0.19112658500671387,
    "decoding_time": 0.10610079765319824
}