{
    "image_name": "10.png",
    "mse": 0.0004670472990255803,
    "psnr": 33.29506301879883,
    "ms-ssim": 0.9957147836685181,
    "bpp": 0.821533203125,
    "encoding_time": 0.08559679985046387,
    "decoding_time": 0.11183810234069824
}