{
    "image_name": "5.png",
    "mse": 0.0008944362052716315,
    "psnr": 30.478302001953125,
    "ms-ssim": 0.9960164427757263,
    "bpp": 1.1494140625,
    "encoding_time": 0.08294939994812012,
    "decoding_time": 0.10779833793640137
}