{
    "mean_loss": 0.15684350341982312,
    "mean_bpp": 0.15417111111111112,
    "mean_psnr": 29.118946304321287,
    "mean_msssim": 0.97327607691288,
    "mean_msssim_dB": 15.730997868392858,
    "mean_enc_time": 0.44186792373657224,
    "mean_dec_time": 0.55109623670578
}