{
    "image_name": "RGB_OR_1200x1200_059.png",
    "mse": 0.004048565868288279,
    "psnr": 23.925642013549805,
    "ms-ssim": 0.9602171182632446,
    "bpp": 0.26842222222222223,
    "encoding_time": 0.38076329231262207,
    "decoding_time": 0.5478579998016357
}