{
    "image_name": "RGB_OR_1200x1200_005.png",
    "mse": 0.0011260403553023934,
    "psnr": 29.479814529418945,
    "ms-ssim": 0.9720322489738464,
    "bpp": 0.17266666666666666,
    "encoding_time": 0.5902595520019531,
    "decoding_time": 0.45054030418395996
}