{
    "image_name": "RGB_OR_1200x1200_052.png",
    "mse": 0.001401803339831531,
    "psnr": 28.52916145324707,
    "ms-ssim": 0.9755125045776367,
    "bpp": 0.17242222222222223,
    "encoding_time": 0.2996823787689209,
    "decoding_time": 0.5456781387329102
}