{
    "image_name": "RGB_OR_1200x1200_020.png",
    "mse": 0.0013349625514820218,
    "psnr": 28.741168975830078,
    "ms-ssim": 0.9620181918144226,
    "bpp": 0.2257111111111111,
    "encoding_time": 0.2845592498779297,
    "decoding_time": 0.803917407989502
}