{
    "image_name": "RGB_OR_1200x1200_054.png",
    "mse": 0.001209244946949184,
    "psnr": 29.170509338378906,
    "ms-ssim": 0.9758826494216919,
    "bpp": 0.15413333333333334,
    "encoding_time": 0.5297455787658691,
    "decoding_time": 0.7443442344665527
}