{
    "image_name": "RGB_OR_1200x1200_099.png",
    "mse": 0.001036385539919138,
    "psnr": 29.83952522277832,
    "ms-ssim": 0.9666905403137207,
    "bpp": 0.17904444444444445,
    "encoding_time": 0.31630730628967285,
    "decoding_time": 0.38427257537841797
}