{
    "image_name": "RGB_OR_1200x1200_096.png",
    "mse": 0.0006770234904251993,
    "psnr": 31.685867309570312,
    "ms-ssim": 0.9627959728240967,
    "bpp": 0.12302222222222223,
    "encoding_time": 0.5173077583312988,
    "decoding_time": 0.7840225696563721
}