{
    "image_name": "RGB_OR_1200x1200_042.png",
    "mse": 0.0009931297972798347,
    "psnr": 30.02458953857422,
    "ms-ssim": 0.9732826948165894,
    "bpp": 0.14255555555555555,
    "encoding_time": 0.4477388858795166,
    "decoding_time": 0.36492347717285156
}