{
    "image_name": "RGB_OR_1200x1200_080.png",
    "mse": 0.0005308006657287478,
    "psnr": 32.73998260498047,
    "ms-ssim": 0.9776415824890137,
    "bpp": 0.11106666666666666,
    "encoding_time": 0.6415448188781738,
    "decoding_time": 0.4369239807128906
}