{
    "image_name": "RGB_OR_1200x1200_034.png",
    "mse": 0.0007251912029460073,
    "psnr": 31.387706756591797,
    "ms-ssim": 0.9823099970817566,
    "bpp": 0.10637777777777778,
    "encoding_time": 0.3264772891998291,
    "decoding_time": 0.37083935737609863
}