{
    "image_name": "RGB_OR_1200x1200_097.png",
    "mse": 0.0015969567466527224,
    "psnr": 27.964134216308594,
    "ms-ssim": 0.9855812788009644,
    "bpp": 0.09915555555555555,
    "encoding_time": 0.3535788059234619,
    "decoding_time": 0.9081134796142578
}