{
    "image_name": "RGB_OR_1200x1200_051.png",
    "mse": 0.0006833833176642656,
    "psnr": 31.645118713378906,
    "ms-ssim": 0.9762755632400513,
    "bpp": 0.11684444444444445,
    "encoding_time": 0.33086180686950684,
    "decoding_time": 0.5748746395111084
}