{
    "image_name": "RGB_OR_1200x1200_076.png",
    "mse": 0.0011308440007269382,
    "psnr": 29.46114730834961,
    "ms-ssim": 0.9820737242698669,
    "bpp": 0.08153333333333333,
    "encoding_time": 0.3965327739715576,
    "decoding_time": 0.44008779525756836
}