{
    "image_name": "RGB_OR_1200x1200_084.png",
    "mse": 0.0004299750435166061,
    "psnr": 33.65290069580078,
    "ms-ssim": 0.977832019329071,
    "bpp": 0.05522222222222222,
    "encoding_time": 0.5409588813781738,
    "decoding_time": 0.5553760528564453
}