{
    "image_name": "RGB_OR_1200x1200_023.png",
    "mse": 0.002538873814046383,
    "psnr": 25.951351165771484,
    "ms-ssim": 0.9749727249145508,
    "bpp": 0.14251111111111112,
    "encoding_time": 0.4682321548461914,
    "decoding_time": 0.4447929859161377
}