{
    "image_name": "RGB_OR_1200x1200_047.png",
    "mse": 0.0016850442625582218,
    "psnr": 27.730674743652344,
    "ms-ssim": 0.9712080955505371,
    "bpp": 0.1605111111111111,
    "encoding_time": 0.42772626876831055,
    "decoding_time": 0.5622923374176025
}