{
    "image_name": "RGB_OR_1200x1200_021.png",
    "mse": 0.0013436179142445326,
    "psnr": 28.713031768798828,
    "ms-ssim": 0.9837135076522827,
    "bpp": 0.1112,
    "encoding_time": 0.44441747665405273,
    "decoding_time": 0.5027906894683838
}