{
    "image_name": "RGB_OR_1200x1200_085.png",
    "mse": 0.0009177425527013838,
    "psnr": 30.36681365966797,
    "ms-ssim": 0.9644193053245544,
    "bpp": 0.17671111111111112,
    "encoding_time": 0.5245418548583984,
    "decoding_time": 0.7355697154998779
}