{
    "image_name": "RGB_OR_1200x1200_068.png",
    "mse": 0.0007636831724084914,
    "psnr": 31.16354751586914,
    "ms-ssim": 0.9846035242080688,
    "bpp": 0.10671111111111112,
    "encoding_time": 0.5195403099060059,
    "decoding_time": 0.41574978828430176
}