{
    "image_name": "RGB_OR_1200x1200_095.png",
    "mse": 0.003656013635918498,
    "psnr": 24.368419647216797,
    "ms-ssim": 0.9576865434646606,
    "bpp": 0.27584444444444445,
    "encoding_time": 0.5170080661773682,
    "decoding_time": 0.6258518695831299
}