{
    "image_name": "RGB_OR_1200x1200_002.png",
    "mse": 0.0006443090387620032,
    "psnr": 31.90056610107422,
    "ms-ssim": 0.9850938320159912,
    "bpp": 0.05762222222222222,
    "encoding_time": 0.5977237224578857,
    "decoding_time": 0.724895715713501
}