{
    "image_name": "RGB_OR_1200x1200_063.png",
    "mse": 0.0007155566709116101,
    "psnr": 31.4460506439209,
    "ms-ssim": 0.9790317416191101,
    "bpp": 0.093,
    "encoding_time": 0.3413228988647461,
    "decoding_time": 0.5054585933685303
}