{
    "image_name": "RGB_OR_1200x1200_003.png",
    "mse": 0.0012233889428898692,
    "psnr": 29.119674682617188,
    "ms-ssim": 0.979118824005127,
    "bpp": 0.1124,
    "encoding_time": 0.2961900234222412,
    "decoding_time": 0.7409877777099609
}