{
    "image_name": "RGB_OR_1200x1200_046.png",
    "mse": 0.0014366209506988525,
    "psnr": 28.422801971435547,
    "ms-ssim": 0.9623612761497498,
    "bpp": 0.23022222222222222,
    "encoding_time": 0.6313107013702393,
    "decoding_time": 0.46982383728027344
}