{
    "image_name": "RGB_OR_1200x1200_039.png",
    "mse": 0.0014481710968539119,
    "psnr": 28.387676239013672,
    "ms-ssim": 0.9709290862083435,
    "bpp": 0.1846888888888889,
    "encoding_time": 0.40259575843811035,
    "decoding_time": 0.47956371307373047
}