{
    "image_name": "RGB_OR_1200x1200_048.png",
    "mse": 0.0020991165656596422,
    "psnr": 26.776981353759766,
    "ms-ssim": 0.9633040428161621,
    "bpp": 0.21811111111111112,
    "encoding_time": 0.41097211837768555,
    "decoding_time": 0.6479876041412354
}