{
    "image_name": "RGB_OR_1200x1200_014.png",
    "mse": 0.0010503943776711822,
    "psnr": 29.780752182006836,
    "ms-ssim": 0.9825830459594727,
    "bpp": 0.10764444444444445,
    "encoding_time": 0.430711030960083,
    "decoding_time": 0.3088247776031494
}