{
    "image_name": "RGB_OR_1200x1200_074.png",
    "mse": 0.0005245486390776932,
    "psnr": 32.79191970825195,
    "ms-ssim": 0.969211757183075,
    "bpp": 0.10324444444444444,
    "encoding_time": 0.35948848724365234,
    "decoding_time": 0.5057601928710938
}