{
    "image_name": "RGB_OR_1200x1200_038.png",
    "mse": 0.0007459277403540909,
    "psnr": 31.2662410736084,
    "ms-ssim": 0.9809183478355408,
    "bpp": 0.10851111111111111,
    "encoding_time": 0.36064958572387695,
    "decoding_time": 0.3643786907196045
}