{
    "image_name": "RGB_OR_1200x1200_033.png",
    "mse": 0.001426029484719038,
    "psnr": 28.45465087890625,
    "ms-ssim": 0.9705886244773865,
    "bpp": 0.19275555555555557,
    "encoding_time": 0.4297490119934082,
    "decoding_time": 0.9166507720947266
}