{
    "image_name": "RGB_OR_1200x1200_061.png",
    "mse": 0.0023171058855950832,
    "psnr": 26.348222732543945,
    "ms-ssim": 0.9647864103317261,
    "bpp": 0.23826666666666665,
    "encoding_time": 0.3840525150299072,
    "decoding_time": 0.3918113708496094
}