{
    "image_name": "RGB_OR_1200x1200_079.png",
    "mse": 0.0020331491250544786,
    "psnr": 26.91543960571289,
    "ms-ssim": 0.9857916235923767,
    "bpp": 0.10568888888888889,
    "encoding_time": 0.42935752868652344,
    "decoding_time": 0.48658037185668945
}