{
    "image_name": "RGB_OR_1200x1200_017.png",
    "mse": 0.0013573389733210206,
    "psnr": 28.668724060058594,
    "ms-ssim": 0.9734808802604675,
    "bpp": 0.17828888888888889,
    "encoding_time": 0.3352775573730469,
    "decoding_time": 0.4351077079772949
}