{
    "image_name": "RGB_OR_1200x1200_037.png",
    "mse": 0.0009563761996105313,
    "psnr": 30.187767028808594,
    "ms-ssim": 0.9746090769767761,
    "bpp": 0.1472,
    "encoding_time": 0.705019474029541,
    "decoding_time": 0.45792555809020996
}