{
    "image_name": "RGB_OR_1200x1200_044.png",
    "mse": 0.0007923700613901019,
    "psnr": 31.003862380981445,
    "ms-ssim": 0.9698457717895508,
    "bpp": 0.1736888888888889,
    "encoding_time": 0.33796238899230957,
    "decoding_time": 0.48416638374328613
}