{
    "image_name": "RGB_OR_1200x1200_071.png",
    "mse": 0.001236171112395823,
    "psnr": 29.074146270751953,
    "ms-ssim": 0.9776763916015625,
    "bpp": 0.08548888888888889,
    "encoding_time": 0.39638638496398926,
    "decoding_time": 0.6335580348968506
}