{
    "image_name": "RGB_OR_1200x1200_030.png",
    "mse": 0.001744294771924615,
    "psnr": 27.58060073852539,
    "ms-ssim": 0.9639610052108765,
    "bpp": 0.21435555555555555,
    "encoding_time": 0.5048213005065918,
    "decoding_time": 0.6813006401062012
}