{
    "image_name": "RGB_OR_1200x1200_056.png",
    "mse": 0.0005186583730392158,
    "psnr": 32.840206146240234,
    "ms-ssim": 0.9785506725311279,
    "bpp": 0.09486666666666667,
    "encoding_time": 0.4694356918334961,
    "decoding_time": 0.988816499710083
}