{
    "image_name": "RGB_OR_1200x1200_010.png",
    "mse": 0.000852527969982475,
    "psnr": 30.6865234375,
    "ms-ssim": 0.9709441065788269,
    "bpp": 0.1671111111111111,
    "encoding_time": 0.3337533473968506,
    "decoding_time": 0.4158926010131836
}