{
    "image_name": "RGB_OR_1200x1200_049.png",
    "mse": 0.00118016276974231,
    "psnr": 29.27611541748047,
    "ms-ssim": 0.9796101450920105,
    "bpp": 0.14637777777777777,
    "encoding_time": 0.300947904586792,
    "decoding_time": 0.4638841152191162
}