{
    "image_name": "RGB_OR_1200x1200_055.png",
    "mse": 0.0013827059883624315,
    "psnr": 28.588579177856445,
    "ms-ssim": 0.979777991771698,
    "bpp": 0.14953333333333332,
    "encoding_time": 0.3097996711730957,
    "decoding_time": 0.5569682121276855
}