{
    "image_name": "RGB_OR_1200x1200_100.png",
    "mse": 0.00036268573603592813,
    "psnr": 34.374088287353516,
    "ms-ssim": 0.9857143759727478,
    "bpp": 0.08688888888888889,
    "encoding_time": 0.5058956146240234,
    "decoding_time": 0.5954849720001221
}