{
    "image_name": "RGB_OR_1200x1200_043.png",
    "mse": 0.002065126784145832,
    "psnr": 26.847898483276367,
    "ms-ssim": 0.9574366807937622,
    "bpp": 0.28195555555555557,
    "encoding_time": 0.432814359664917,
    "decoding_time": 0.47751450538635254
}