{
    "image_name": "RGB_OR_1200x1200_036.png",
    "mse": 0.0004923540982417762,
    "psnr": 33.066349029541016,
    "ms-ssim": 0.9827783107757568,
    "bpp": 0.056266666666666666,
    "encoding_time": 0.31904006004333496,
    "decoding_time": 0.803138017654419
}