{
    "image_name": "RGB_OR_1200x1200_098.png",
    "mse": 0.0030123493634164333,
    "psnr": 25.209184646606445,
    "ms-ssim": 0.9624955058097839,
    "bpp": 0.29575555555555555,
    "encoding_time": 0.6415741443634033,
    "decoding_time": 0.3165268898010254
}