{
    "image_name": "RGB_OR_1200x1200_032.png",
    "mse": 0.0017462675459682941,
    "psnr": 27.576026916503906,
    "ms-ssim": 0.9619004726409912,
    "bpp": 0.23153333333333334,
    "encoding_time": 0.39872050285339355,
    "decoding_time": 0.7386078834533691
}