{
    "image_name": "RGB_OR_1200x1200_028.png",
    "mse": 0.00046286816359497607,
    "psnr": 33.33335876464844,
    "ms-ssim": 0.982362687587738,
    "bpp": 0.09722222222222222,
    "encoding_time": 0.49788331985473633,
    "decoding_time": 0.4648768901824951
}