{
    "image_name": "RGB_OR_1200x1200_090.png",
    "mse": 0.0028988353442400694,
    "psnr": 25.37591552734375,
    "ms-ssim": 0.9635419845581055,
    "bpp": 0.24451111111111112,
    "encoding_time": 0.5677850246429443,
    "decoding_time": 0.4401681423187256
}