{
    "image_name": "RGB_OR_1200x1200_016.png",
    "mse": 0.0028354376554489136,
    "psnr": 25.471820831298828,
    "ms-ssim": 0.962831437587738,
    "bpp": 0.24053333333333332,
    "encoding_time": 0.5868113040924072,
    "decoding_time": 0.468364953994751
}