{
    "image_name": "RGB_OR_1200x1200_089.png",
    "mse": 0.0016045288648456335,
    "psnr": 27.943126678466797,
    "ms-ssim": 0.9666606783866882,
    "bpp": 0.1816,
    "encoding_time": 0.4114797115325928,
    "decoding_time": 0.3327183723449707
}