{
    "image_name": "RGB_OR_1200x1200_031.png",
    "mse": 0.0012776388321071863,
    "psnr": 28.932401657104492,
    "ms-ssim": 0.9744245409965515,
    "bpp": 0.18557777777777779,
    "encoding_time": 0.43109607696533203,
    "decoding_time": 0.5817420482635498
}