{
    "image_name": "RGB_OR_1200x1200_087.png",
    "mse": 0.002922610379755497,
    "psnr": 25.340229034423828,
    "ms-ssim": 0.954666018486023,
    "bpp": 0.3022666666666667,
    "encoding_time": 0.36265039443969727,
    "decoding_time": 0.797649621963501
}