{
    "image_name": "RGB_OR_1200x1200_012.png",
    "mse": 0.001306707737967372,
    "psnr": 28.834434509277344,
    "ms-ssim": 0.9794964790344238,
    "bpp": 0.10715555555555556,
    "encoding_time": 0.40765929222106934,
    "decoding_time": 0.4865081310272217
}