{
    "image_name": "RGB_OR_1200x1200_094.png",
    "mse": 0.0023755268193781376,
    "psnr": 26.240001678466797,
    "ms-ssim": 0.9771202802658081,
    "bpp": 0.15322222222222223,
    "encoding_time": 0.5166561603546143,
    "decoding_time": 0.7448551654815674
}