{
    "image_name": "RGB_OR_1200x1200_026.png",
    "mse": 0.003517863107845187,
    "psnr": 24.535736083984375,
    "ms-ssim": 0.9700169563293457,
    "bpp": 0.2212222222222222,
    "encoding_time": 0.5870475769042969,
    "decoding_time": 0.7720732688903809
}