{
    "image_name": "RGB_OR_1200x1200_086.png",
    "mse": 0.001404098584316671,
    "psnr": 28.52194595336914,
    "ms-ssim": 0.9489363431930542,
    "bpp": 0.3237555555555556,
    "encoding_time": 0.5331592559814453,
    "decoding_time": 0.5439372062683105
}