{
    "image_name": "RGB_OR_1200x1200_008.png",
    "mse": 0.0012954298872500658,
    "psnr": 28.871694564819336,
    "ms-ssim": 0.9656119346618652,
    "bpp": 0.1976888888888889,
    "encoding_time": 0.3197965621948242,
    "decoding_time": 0.8702807426452637
}