{
    "image_name": "RGB_OR_1200x1200_022.png",
    "mse": 0.0007908913539722562,
    "psnr": 31.011734008789062,
    "ms-ssim": 0.9735033512115479,
    "bpp": 0.15322222222222223,
    "encoding_time": 0.525883674621582,
    "decoding_time": 0.6460998058319092
}