{
    "image_name": "RGB_OR_1200x1200_019.png",
    "mse": 0.0011809837305918336,
    "psnr": 29.27288818359375,
    "ms-ssim": 0.9728643298149109,
    "bpp": 0.15293333333333334,
    "encoding_time": 0.5444767475128174,
    "decoding_time": 0.7138853073120117
}