{
    "image_name": "RGB_OR_1200x1200_088.png",
    "mse": 0.0011947274906560779,
    "psnr": 29.22291374206543,
    "ms-ssim": 0.9746913909912109,
    "bpp": 0.16126666666666667,
    "encoding_time": 0.3420836925506592,
    "decoding_time": 0.6938941478729248
}