{
    "image_name": "RGB_OR_1200x1200_092.png",
    "mse": 0.0009737487998791039,
    "psnr": 30.11002540588379,
    "ms-ssim": 0.9715725779533386,
    "bpp": 0.05764444444444444,
    "encoding_time": 0.38162660598754883,
    "decoding_time": 0.4453260898590088
}