{
    "image_name": "RGB_OR_1200x1200_006.png",
    "mse": 0.0006130749825388193,
    "psnr": 32.1160888671875,
    "ms-ssim": 0.9638881087303162,
    "bpp": 0.1670222222222222,
    "encoding_time": 0.41132354736328125,
    "decoding_time": 0.5815939903259277
}