{
    "image_name": "RGB_OR_1200x1200_029.png",
    "mse": 0.0010225340956822038,
    "psnr": 29.897838592529297,
    "ms-ssim": 0.9769110679626465,
    "bpp": 0.13957777777777777,
    "encoding_time": 0.32039928436279297,
    "decoding_time": 0.3040916919708252
}