{
    "image_name": "RGB_OR_1200x1200_024.png",
    "mse": 0.0032313985284417868,
    "psnr": 24.90432357788086,
    "ms-ssim": 0.9699639678001404,
    "bpp": 0.20455555555555555,
    "encoding_time": 0.39676380157470703,
    "decoding_time": 0.49945878982543945
}