{
    "image_name": "RGB_OR_1200x1200_091.png",
    "mse": 0.0010632314952090383,
    "psnr": 29.730445861816406,
    "ms-ssim": 0.9826557040214539,
    "bpp": 0.1176,
    "encoding_time": 0.4078953266143799,
    "decoding_time": 0.5252361297607422
}