{
    "image_name": "RGB_OR_1200x1200_078.png",
    "mse": 0.0009190544369630516,
    "psnr": 30.360671997070312,
    "ms-ssim": 0.9823288917541504,
    "bpp": 0.09617777777777778,
    "encoding_time": 0.4890577793121338,
    "decoding_time": 0.6450340747833252
}