{
    "image_name": "RGB_OR_1200x1200_081.png",
    "mse": 0.001592452172189951,
    "psnr": 27.976003646850586,
    "ms-ssim": 0.9788860082626343,
    "bpp": 0.1332888888888889,
    "encoding_time": 0.37799835205078125,
    "decoding_time": 0.37880659103393555
}