{
    "image_name": "RGB_OR_1200x1200_045.png",
    "mse": 0.0009927140781655908,
    "psnr": 30.026451110839844,
    "ms-ssim": 0.9771771430969238,
    "bpp": 0.12631111111111112,
    "encoding_time": 0.3740251064300537,
    "decoding_time": 0.5567581653594971
}