{
    "image_name": "RGB_OR_1200x1200_025.png",
    "mse": 0.0007579232915304601,
    "psnr": 31.196386337280273,
    "ms-ssim": 0.9816107749938965,
    "bpp": 0.10177777777777777,
    "encoding_time": 0.3396761417388916,
    "decoding_time": 0.4484579563140869
}