{
    "image_name": "RGB_OR_1200x1200_060.png",
    "mse": 0.0010115648619830608,
    "psnr": 29.944683074951172,
    "ms-ssim": 0.9785224795341492,
    "bpp": 0.1272,
    "encoding_time": 0.39395952224731445,
    "decoding_time": 0.39052891731262207
}