{
    "image_name": "RGB_OR_1200x1200_075.png",
    "mse": 0.0009638195624575019,
    "psnr": 30.154170989990234,
    "ms-ssim": 0.9727826118469238,
    "bpp": 0.1146888888888889,
    "encoding_time": 0.5587496757507324,
    "decoding_time": 0.3447842597961426
}