{
    "image_name": "RGB_OR_1200x1200_070.png",
    "mse": 0.0007986983982846141,
    "psnr": 30.969310760498047,
    "ms-ssim": 0.9652111530303955,
    "bpp": 0.18166666666666667,
    "encoding_time": 0.32666921615600586,
    "decoding_time": 0.4815406799316406
}