{
    "image_name": "RGB_OR_1200x1200_058.png",
    "mse": 0.0012530104722827673,
    "psnr": 29.016250610351562,
    "ms-ssim": 0.9752528071403503,
    "bpp": 0.14566666666666667,
    "encoding_time": 0.3126964569091797,
    "decoding_time": 0.35644102096557617
}