{
    "image_name": "RGB_OR_1200x1200_041.png",
    "mse": 0.0013004164211452007,
    "psnr": 28.855167388916016,
    "ms-ssim": 0.9730936884880066,
    "bpp": 0.15424444444444443,
    "encoding_time": 0.3126485347747803,
    "decoding_time": 0.522533655166626
}