{
    "image_name": "RGB_OR_1200x1200_050.png",
    "mse": 0.0013056646566838026,
    "psnr": 28.83768653869629,
    "ms-ssim": 0.9691085815429688,
    "bpp": 0.15146666666666667,
    "encoding_time": 0.7314050197601318,
    "decoding_time": 0.4988436698913574
}