{
    "image_name": "RGB_OR_1200x1200_082.png",
    "mse": 0.002193863270804286,
    "psnr": 26.585546493530273,
    "ms-ssim": 0.9515564441680908,
    "bpp": 0.3009777777777778,
    "encoding_time": 0.34499430656433105,
    "decoding_time": 0.42688965797424316
}