{
    "image_name": "RGB_OR_1200x1200_015.png",
    "mse": 0.0007650370826013386,
    "psnr": 31.15521812438965,
    "ms-ssim": 0.9885855913162231,
    "bpp": 0.055711111111111114,
    "encoding_time": 0.43791770935058594,
    "decoding_time": 0.4708857536315918
}