{
    "image_name": "RGB_OR_1200x1200_053.png",
    "mse": 0.0009274973999708891,
    "psnr": 30.321048736572266,
    "ms-ssim": 0.9875530004501343,
    "bpp": 0.0816888888888889,
    "encoding_time": 0.4355471134185791,
    "decoding_time": 0.6342222690582275
}