{
    "image_name": "RGB_OR_1200x1200_009.png",
    "mse": 0.0008062315755523741,
    "psnr": 30.92902374267578,
    "ms-ssim": 0.9859642386436462,
    "bpp": 0.08413333333333334,
    "encoding_time": 0.39067769050598145,
    "decoding_time": 0.6185898780822754
}