{
    "image_name": "RGB_OR_1200x1200_069.png",
    "mse": 0.0018403789727017283,
    "psnr": 27.348207473754883,
    "ms-ssim": 0.9779316186904907,
    "bpp": 0.1282888888888889,
    "encoding_time": 0.39495396614074707,
    "decoding_time": 0.37076377868652344
}