{
    "image_name": "RGB_OR_1200x1200_083.png",
    "mse": 0.00114330998621881,
    "psnr": 29.413667678833008,
    "ms-ssim": 0.9818887114524841,
    "bpp": 0.1068888888888889,
    "encoding_time": 0.5034201145172119,
    "decoding_time": 0.4107515811920166
}