{
    "image_name": "RGB_OR_1200x1200_093.png",
    "mse": 0.0007257845718413591,
    "psnr": 31.384090423583984,
    "ms-ssim": 0.9811291098594666,
    "bpp": 0.1162,
    "encoding_time": 0.42137956619262695,
    "decoding_time": 0.391587495803833
}