{
    "image_name": "RGB_OR_1200x1200_065.png",
    "mse": 0.0026795491576194763,
    "psnr": 25.717403411865234,
    "ms-ssim": 0.9678511619567871,
    "bpp": 0.15275555555555556,
    "encoding_time": 0.3821554183959961,
    "decoding_time": 0.7411503791809082
}