{
    "image_name": "RGB_OR_1200x1200_062.png",
    "mse": 0.003483326407149434,
    "psnr": 24.578392028808594,
    "ms-ssim": 0.9578104019165039,
    "bpp": 0.29606666666666664,
    "encoding_time": 0.7578561305999756,
    "decoding_time": 0.7940351963043213
}