{
    "image_name": "RGB_OR_1200x1200_077.png",
    "mse": 0.0007270306232385337,
    "psnr": 31.37691879272461,
    "ms-ssim": 0.9492743015289307,
    "bpp": 0.18644444444444444,
    "encoding_time": 0.2829279899597168,
    "decoding_time": 0.49883460998535156
}