{
    "image_name": "RGB_OR_1200x1200_018.png",
    "mse": 0.00320353708229959,
    "psnr": 24.942018508911133,
    "ms-ssim": 0.9666706323623657,
    "bpp": 0.2336888888888889,
    "encoding_time": 0.6520845890045166,
    "decoding_time": 0.734255313873291
}