{
    "image_name": "RGB_OR_1200x1200_073.png",
    "mse": 0.0005712432321161032,
    "psnr": 32.42255401611328,
    "ms-ssim": 0.9820131063461304,
    "bpp": 0.06475555555555555,
    "encoding_time": 0.38437533378601074,
    "decoding_time": 0.5755269527435303
}