{
    "image_name": "RGB_OR_1200x1200_066.png",
    "mse": 0.001002457458525896,
    "psnr": 29.983911514282227,
    "ms-ssim": 0.9787248969078064,
    "bpp": 0.12646666666666667,
    "encoding_time": 0.2846536636352539,
    "decoding_time": 0.4192373752593994
}