{
    "image_name": "RGB_OR_1200x1200_040.png",
    "mse": 0.0012627250980585814,
    "psnr": 28.98270606994629,
    "ms-ssim": 0.9716951251029968,
    "bpp": 0.16113333333333332,
    "encoding_time": 0.46030235290527344,
    "decoding_time": 0.8190398216247559
}