{
    "mean_loss": 0.69493306916621,
    "mean_bpp": 0.694210476345486,
    "mean_psnr": 31.168850739796955,
    "mean_msssim": 0.9927740717927614,
    "mean_msssim_dB": 21.41106357652445,
    "mean_enc_time": 0.14024140437444052,
    "mean_dec_time": 0.13238200545310974
}