{
    "image_name": "8.png",
    "mse": 0.0018955676350742579,
    "psnr": 27.21944236755371,
    "ms-ssim": 0.9926589727401733,
    "bpp": 0.79931640625,
    "encoding_time": 0.0940854549407959,
    "decoding_time": 0.11851668357849121
}