{
    "image_name": "17.png",
    "mse": 0.000463335367385298,
    "psnr": 33.3294563293457,
    "ms-ssim": 0.993699312210083,
    "bpp": 0.5693359375,
    "encoding_time": 0.08820128440856934,
    "decoding_time": 0.17114830017089844
}