{
    "image_name": "3.png",
    "mse": 0.00041337660513818264,
    "psnr": 33.8230094909668,
    "ms-ssim": 0.9946345686912537,
    "bpp": 0.4788411458333333,
    "encoding_time": 0.08731722831726074,
    "decoding_time": 0.13717055320739746
}