{
    "image_name": "1.png",
    "mse": 0.0012563278432935476,
    "psnr": 29.00432586669922,
    "ms-ssim": 0.9920834302902222,
    "bpp": 0.8715006510416666,
    "encoding_time": 0.08040213584899902,
    "decoding_time": 0.24576878547668457
}