{
    "image_name": "22.png",
    "mse": 0.0006061720778234303,
    "psnr": 32.16478729248047,
    "ms-ssim": 0.9911059737205505,
    "bpp": 0.844482421875,
    "encoding_time": 0.15640568733215332,
    "decoding_time": 0.13189935684204102
}