{
    "image_name": "18.png",
    "mse": 0.0011342058423906565,
    "psnr": 29.448711395263672,
    "ms-ssim": 0.9911293983459473,
    "bpp": 0.8761393229166666,
    "encoding_time": 0.1043233871459961,
    "decoding_time": 0.12749838829040527
}