{
    "image_name": "19.png",
    "mse": 0.0005507160676643252,
    "psnr": 32.58007049560547,
    "ms-ssim": 0.9924448728561401,
    "bpp": 0.6825358072916666,
    "encoding_time": 0.14020538330078125,
    "decoding_time": 0.15678071975708008
}