{
    "image_name": "16.png",
    "mse": 0.0005195492994971573,
    "psnr": 32.83287048339844,
    "ms-ssim": 0.9933327436447144,
    "bpp": 0.6415201822916666,
    "encoding_time": 0.08478403091430664,
    "decoding_time": 0.11535096168518066
}