{
    "image_name": "4.png",
    "mse": 0.0006000564899295568,
    "psnr": 32.20867156982422,
    "ms-ssim": 0.9925588965415955,
    "bpp": 0.6966959635416666,
    "encoding_time": 0.11200237274169922,
    "decoding_time": 0.16054439544677734
}