{
    "image_name": "12.png",
    "mse": 0.00048136970144696534,
    "psnr": 33.16412353515625,
    "ms-ssim": 0.9933564066886902,
    "bpp": 0.6207682291666666,
    "encoding_time": 0.1565849781036377,
    "decoding_time": 0.12227058410644531
}