{
    "image_name": "14.png",
    "mse": 0.000902587256859988,
    "psnr": 30.439123153686523,
    "ms-ssim": 0.9923614263534546,
    "bpp": 0.8541666666666666,
    "encoding_time": 0.15259909629821777,
    "decoding_time": 0.10087418556213379
}