{
    "image_name": "9.png",
    "mse": 0.0005101744900457561,
    "psnr": 32.91206741333008,
    "ms-ssim": 0.9931464195251465,
    "bpp": 0.5104166666666666,
    "encoding_time": 0.27207159996032715,
    "decoding_time": 0.10343503952026367
}