{
    "image_name": "11.png",
    "mse": 0.0008359294733963907,
    "psnr": 30.771629333496094,
    "ms-ssim": 0.9924761056900024,
    "bpp": 0.7443033854166666,
    "encoding_time": 0.17687296867370605,
    "decoding_time": 0.16265201568603516
}