{
    "image_name": "7.png",
    "mse": 0.0005122441216371953,
    "psnr": 32.89430236816406,
    "ms-ssim": 0.9951728582382202,
    "bpp": 0.48486328125,
    "encoding_time": 0.2626230716705322,
    "decoding_time": 0.1233217716217041
}