{
    "image_name": "13.png",
    "mse": 0.002524108160287142,
    "psnr": 25.976518630981445,
    "ms-ssim": 0.989904522895813,
    "bpp": 1.037109375,
    "encoding_time": 0.08640027046203613,
    "decoding_time": 0.10935401916503906
}