{
    "image_name": "10.png",
    "mse": 0.0005880083772353828,
    "psnr": 32.29624557495117,
    "ms-ssim": 0.9934636950492859,
    "bpp": 0.5559895833333334,
    "encoding_time": 0.17582225799560547,
    "decoding_time": 0.10742688179016113
}