{
    "image_name": "2.png",
    "mse": 0.0006231556180864573,
    "psnr": 32.04555130004883,
    "ms-ssim": 0.9913055300712585,
    "bpp": 0.7853190104166666,
    "encoding_time": 0.13014578819274902,
    "decoding_time": 0.10880732536315918
}