{
    "image_name": "5.png",
    "mse": 0.0012708330759778619,
    "psnr": 28.95510482788086,
    "ms-ssim": 0.9933685064315796,
    "bpp": 0.8544921875,
    "encoding_time": 0.11540913581848145,
    "decoding_time": 0.24846816062927246
}