{
    "image_name": "21.png",
    "mse": 0.000919689831789583,
    "psnr": 30.358016967773438,
    "ms-ssim": 0.9924218058586121,
    "bpp": 0.6822916666666666,
    "encoding_time": 0.06481027603149414,
    "decoding_time": 0.11857008934020996
}