{
    "image_name": "23.png",
    "mse": 0.00032610815833322704,
    "psnr": 34.84882736206055,
    "ms-ssim": 0.9940942525863647,
    "bpp": 0.44775390625,
    "encoding_time": 0.48087477684020996,
    "decoding_time": 0.08834218978881836
}