{
    "image_name": "24.png",
    "mse": 0.001337942318059504,
    "psnr": 28.731964111328125,
    "ms-ssim": 0.9929652214050293,
    "bpp": 0.7688802083333334,
    "encoding_time": 0.08242321014404297,
    "decoding_time": 0.07744455337524414
}