{
    "mean_loss": 0.16889657521853493,
    "mean_bpp": 0.1650420572073226,
    "mean_psnr": 26.699368119239807,
    "mean_msssim": 0.9614548198878765,
    "mean_msssim_dB": 14.140299206371003,
    "mean_enc_time": 0.7660029530525208,
    "mean_dec_time": 0.9254239797592163
}