{
    "image_name": "00004_TE_1808x1352.png",
    "mse": 0.0030791452154517174,
    "psnr": 25.114028930664062,
    "ms-ssim": 0.9591848850250244,
    "bpp": 0.1941797140912185,
    "encoding_time": 0.9866163730621338,
    "decoding_time": 0.6544618606567383
}