{
    "image_name": "00011_TE_1744x1160.png",
    "mse": 0.002634587697684765,
    "psnr": 25.790903091430664,
    "ms-ssim": 0.958568811416626,
    "bpp": 0.21974058842138564,
    "encoding_time": 0.45966625213623047,
    "decoding_time": 0.38213300704956055
}