{
    "image_name": "00012_TE_1512x2016.png",
    "mse": 0.0018953880062326789,
    "psnr": 27.220109939575195,
    "ms-ssim": 0.9410907626152039,
    "bpp": 0.20672713529856387,
    "encoding_time": 0.7441821098327637,
    "decoding_time": 1.0969092845916748
}