{
    "image_name": "00008_TE_1912x1272.png",
    "mse": 0.0029244194738566875,
    "psnr": 25.337684631347656,
    "ms-ssim": 0.9599432945251465,
    "bpp": 0.1721007341912055,
    "encoding_time": 0.7601423263549805,
    "decoding_time": 0.6617991924285889
}