{
    "image_name": "00006_TE_1544x1120.png",
    "mse": 0.0026763887144625187,
    "psnr": 25.72216796875,
    "ms-ssim": 0.9724793434143066,
    "bpp": 0.1632864544781643,
    "encoding_time": 0.3489956855773926,
    "decoding_time": 0.469879150390625
}