{
    "image_name": "00010_TE_2000x1128.png",
    "mse": 0.0010022701462730765,
    "psnr": 29.984703063964844,
    "ms-ssim": 0.968889594078064,
    "bpp": 0.1270212765957447,
    "encoding_time": 0.42452383041381836,
    "decoding_time": 0.7491998672485352
}