{
    "image_name": "00013_TE_1920x1280.png",
    "mse": 0.0015226445393636823,
    "psnr": 28.17041778564453,
    "ms-ssim": 0.9587361216545105,
    "bpp": 0.1955859375,
    "encoding_time": 0.584697961807251,
    "decoding_time": 0.8364613056182861
}