{
    "image_name": "00014_TE_3680x2456.png",
    "mse": 0.0013767681084573269,
    "psnr": 28.607460021972656,
    "ms-ssim": 0.9705321788787842,
    "bpp": 0.12458929330123213,
    "encoding_time": 2.1431796550750732,
    "decoding_time": 2.564410448074341
}