{
    "image_name": "00015_TE_3680x2456.png",
    "mse": 0.001732854638248682,
    "psnr": 27.609153747558594,
    "ms-ssim": 0.9761011004447937,
    "bpp": 0.11992635604022094,
    "encoding_time": 1.9564712047576904,
    "decoding_time": 2.4575698375701904
}