{
    "image_name": "00002_TE_2144x1424.png",
    "mse": 0.0018910173093900084,
    "psnr": 27.23016929626465,
    "ms-ssim": 0.9490114450454712,
    "bpp": 0.17980672480295154,
    "encoding_time": 0.7373790740966797,
    "decoding_time": 0.9282724857330322
}