{
    "image_name": "00005_TE_1336x872.png",
    "mse": 0.0023206828627735376,
    "psnr": 26.341766357421875,
    "ms-ssim": 0.9826086759567261,
    "bpp": 0.09877492720980058,
    "encoding_time": 0.366161584854126,
    "decoding_time": 0.3154745101928711
}