{
    "image_name": "00007_TE_1472x976.png",
    "mse": 0.0019533250015228987,
    "psnr": 27.089427947998047,
    "ms-ssim": 0.9737249612808228,
    "bpp": 0.139990199572345,
    "encoding_time": 0.3496990203857422,
    "decoding_time": 0.3500101566314697
}