{
    "image_name": "00003_TE_1944x1296.png",
    "mse": 0.0014712109696120024,
    "psnr": 28.319719314575195,
    "ms-ssim": 0.9714462161064148,
    "bpp": 0.1345323375501702,
    "encoding_time": 0.6208672523498535,
    "decoding_time": 0.7927525043487549
}