{
    "image_name": "00009_TE_1976x1312.png",
    "mse": 0.009613633155822754,
    "psnr": 20.170618057250977,
    "ms-ssim": 0.9485353231430054,
    "bpp": 0.2453095684803002,
    "encoding_time": 0.4914720058441162,
    "decoding_time": 0.7386627197265625
}