{
    "image_name": "00001_TE_2096x1400.png",
    "mse": 0.0036510431673377752,
    "psnr": 24.374345779418945,
    "ms-ssim": 0.9649406671524048,
    "bpp": 0.19665212649945474,
    "encoding_time": 0.5722084045410156,
    "decoding_time": 0.737382173538208
}