{
    "mean_loss": 0.2014110134296061,
    "mean_bpp": 0.2012939453125,
    "mean_psnr": 29.739952166875202,
    "mean_msssim": 0.9430602813760439,
    "mean_msssim_dB": 12.44584683314198,
    "mean_enc_time": 0.13988442222277322,
    "mean_dec_time": 0.13626561562220255
}