{
    "image_name": "3.png",
    "mse": 0.0005779066123068333,
    "psnr": 32.371925354003906,
    "ms-ssim": 0.9584211707115173,
    "bpp": 0.106201171875,
    "encoding_time": 0.07839488983154297,
    "decoding_time": 0.06772875785827637
}