{
    "image_name": "16.png",
    "mse": 0.0009375432855449617,
    "psnr": 30.27448844909668,
    "ms-ssim": 0.9303978681564331,
    "bpp": 0.12459309895833333,
    "encoding_time": 0.08143782615661621,
    "decoding_time": 0.10575079917907715
}