{
    "image_name": "23.png",
    "mse": 0.0005028736195527017,
    "psnr": 32.97429275512695,
    "ms-ssim": 0.959557294845581,
    "bpp": 0.102783203125,
    "encoding_time": 0.2695274353027344,
    "decoding_time": 0.13437843322753906
}