{
    "image_name": "11.png",
    "mse": 0.0012261760421097279,
    "psnr": 29.110071182250977,
    "ms-ssim": 0.9277371168136597,
    "bpp": 0.188232421875,
    "encoding_time": 0.1721339225769043,
    "decoding_time": 0.08890938758850098
}