{
    "image_name": "2.png",
    "mse": 0.0008791711879894137,
    "psnr": 30.5527286529541,
    "ms-ssim": 0.9083539247512817,
    "bpp": 0.11092122395833333,
    "encoding_time": 0.07449531555175781,
    "decoding_time": 0.2181870937347412
}