{
    "image_name": "18.png",
    "mse": 0.0016274650115519762,
    "psnr": 27.881595611572266,
    "ms-ssim": 0.9331926107406616,
    "bpp": 0.2740885416666667,
    "encoding_time": 0.10805797576904297,
    "decoding_time": 0.18676280975341797
}