{
    "image_name": "12.png",
    "mse": 0.0006830653292126954,
    "psnr": 31.64733123779297,
    "ms-ssim": 0.9317492246627808,
    "bpp": 0.10782877604166667,
    "encoding_time": 0.0908048152923584,
    "decoding_time": 0.12340402603149414
}