{
    "image_name": "24.png",
    "mse": 0.0015403243014588952,
    "psnr": 28.1204833984375,
    "ms-ssim": 0.9440456628799438,
    "bpp": 0.2901204427083333,
    "encoding_time": 0.20768332481384277,
    "decoding_time": 0.07364606857299805
}