{
    "image_name": "13.png",
    "mse": 0.0027249278500676155,
    "psnr": 25.64451789855957,
    "ms-ssim": 0.9279546141624451,
    "bpp": 0.4702962239583333,
    "encoding_time": 0.18953800201416016,
    "decoding_time": 0.1392831802368164
}