{
    "image_name": "19.png",
    "mse": 0.0010539484210312366,
    "psnr": 29.766326904296875,
    "ms-ssim": 0.9333481192588806,
    "bpp": 0.15543619791666666,
    "encoding_time": 0.2978954315185547,
    "decoding_time": 0.13555383682250977
}