{
    "image_name": "14.png",
    "mse": 0.00156760448589921,
    "psnr": 28.044198989868164,
    "ms-ssim": 0.9328473806381226,
    "bpp": 0.250732421875,
    "encoding_time": 0.12962794303894043,
    "decoding_time": 0.10269737243652344
}