{
    "image_name": "22.png",
    "mse": 0.0012566104996949434,
    "psnr": 29.00320053100586,
    "ms-ssim": 0.9148537516593933,
    "bpp": 0.16691080729166666,
    "encoding_time": 0.0917978286743164,
    "decoding_time": 0.12028288841247559
}