{
    "image_name": "8.png",
    "mse": 0.0018959856824949384,
    "psnr": 27.218557357788086,
    "ms-ssim": 0.9622834920883179,
    "bpp": 0.4034016927083333,
    "encoding_time": 0.16873407363891602,
    "decoding_time": 0.10740208625793457
}