{
    "image_name": "7.png",
    "mse": 0.0007235326920635998,
    "psnr": 31.39784049987793,
    "ms-ssim": 0.9710872173309326,
    "bpp": 0.16438802083333334,
    "encoding_time": 0.13145065307617188,
    "decoding_time": 0.1156766414642334
}