{
    "image_name": "20.png",
    "mse": 0.0007128536817617714,
    "psnr": 31.464357376098633,
    "ms-ssim": 0.9611061811447144,
    "bpp": 0.126953125,
    "encoding_time": 0.08160901069641113,
    "decoding_time": 0.10517358779907227
}