{
    "image_name": "10.png",
    "mse": 0.0006797638488933444,
    "psnr": 31.667829513549805,
    "ms-ssim": 0.9540907740592957,
    "bpp": 0.131103515625,
    "encoding_time": 0.08602309226989746,
    "decoding_time": 0.10669755935668945
}