{
    "image_name": "1.png",
    "mse": 0.001967591466382146,
    "psnr": 27.05772590637207,
    "ms-ssim": 0.9439470767974854,
    "bpp": 0.3064778645833333,
    "encoding_time": 0.1383075714111328,
    "decoding_time": 0.14605021476745605
}