{
    "image_name": "4.png",
    "mse": 0.0008641540771350265,
    "psnr": 30.627195358276367,
    "ms-ssim": 0.9278225898742676,
    "bpp": 0.12451171875,
    "encoding_time": 0.09410929679870605,
    "decoding_time": 0.1259763240814209
}