{
    "image_name": "17.png",
    "mse": 0.0007949566934257746,
    "psnr": 30.989194869995117,
    "ms-ssim": 0.9518141746520996,
    "bpp": 0.140869140625,
    "encoding_time": 0.2731640338897705,
    "decoding_time": 0.25756049156188965
}