{
    "mean_loss": 0.3863674501582758,
    "mean_bpp": 0.3847469462707417,
    "mean_psnr": 29.543902277946472,
    "mean_msssim": 0.9837949611246586,
    "mean_msssim_dB": 17.90349922772715,
    "mean_enc_time": 0.8446837365627289,
    "mean_dec_time": 1.0231910347938538
}