{
    "image_name": "00015_TE_3680x2456.png",
    "mse": 0.0008856886997818947,
    "psnr": 30.5211124420166,
    "ms-ssim": 0.9898194074630737,
    "bpp": 0.2543584478119247,
    "encoding_time": 1.8486607074737549,
    "decoding_time": 3.1362898349761963
}