{
    "image_name": "00010_TE_2000x1128.png",
    "mse": 0.0005064236465841532,
    "psnr": 32.94432830810547,
    "ms-ssim": 0.9868757128715515,
    "bpp": 0.3130496453900709,
    "encoding_time": 0.6419434547424316,
    "decoding_time": 0.6223573684692383
}