{
    "image_name": "00011_TE_1744x1160.png",
    "mse": 0.0012743795523419976,
    "psnr": 28.942934036254883,
    "ms-ssim": 0.98457932472229,
    "bpp": 0.5011863334387852,
    "encoding_time": 0.4243283271789551,
    "decoding_time": 0.6761424541473389
}