{
    "image_name": "00016_TE_1744x2000.png",
    "mse": 0.0006245766999199986,
    "psnr": 32.035823822021484,
    "ms-ssim": 0.958875298500061,
    "bpp": 0.4467706422018349,
    "encoding_time": 0.6593365669250488,
    "decoding_time": 0.8368668556213379
}