{
    "image_name": "00013_TE_1920x1280.png",
    "mse": 0.0006820593844167888,
    "psnr": 31.65363311767578,
    "ms-ssim": 0.9852577447891235,
    "bpp": 0.42614583333333333,
    "encoding_time": 0.6470379829406738,
    "decoding_time": 0.8152022361755371
}