{
    "image_name": "00001_TE_2096x1400.png",
    "mse": 0.0019650759641081095,
    "psnr": 27.06330108642578,
    "ms-ssim": 0.9866700172424316,
    "bpp": 0.4098255179934569,
    "encoding_time": 0.69622802734375,
    "decoding_time": 0.8937718868255615
}