{
    "image_name": "00006_TE_1544x1120.png",
    "mse": 0.0014812953304499388,
    "psnr": 28.290225982666016,
    "ms-ssim": 0.9899865984916687,
    "bpp": 0.33749074759437453,
    "encoding_time": 0.5718803405761719,
    "decoding_time": 0.5214028358459473
}