{
    "image_name": "00008_TE_1912x1272.png",
    "mse": 0.0014509805478155613,
    "psnr": 28.379552841186523,
    "ms-ssim": 0.9842556715011597,
    "bpp": 0.37971369174495406,
    "encoding_time": 0.5614376068115234,
    "decoding_time": 0.7783021926879883
}