{
    "image_name": "00007_TE_1472x976.png",
    "mse": 0.0009138173190876842,
    "psnr": 30.385540008544922,
    "ms-ssim": 0.9890145659446716,
    "bpp": 0.31290092658588736,
    "encoding_time": 0.4087066650390625,
    "decoding_time": 0.46535515785217285
}