{
    "image_name": "00012_TE_1512x2016.png",
    "mse": 0.0010370954405516386,
    "psnr": 29.836536407470703,
    "ms-ssim": 0.9775403738021851,
    "bpp": 0.5151381540270429,
    "encoding_time": 1.3449738025665283,
    "decoding_time": 0.8596394062042236
}