{
    "image_name": "00004_TE_1808x1352.png",
    "mse": 0.0017444663681089878,
    "psnr": 27.580371856689453,
    "ms-ssim": 0.9844958186149597,
    "bpp": 0.454115829711473,
    "encoding_time": 0.8748717308044434,
    "decoding_time": 0.7703807353973389
}