{
    "image_name": "00005_TE_1336x872.png",
    "mse": 0.0009928803192451596,
    "psnr": 30.025653839111328,
    "ms-ssim": 0.991935133934021,
    "bpp": 0.20436191836510464,
    "encoding_time": 0.4240071773529053,
    "decoding_time": 0.3744165897369385
}