{
    "image_name": "00002_TE_2144x1424.png",
    "mse": 0.0010450583649799228,
    "psnr": 29.8037052154541,
    "ms-ssim": 0.9775635600090027,
    "bpp": 0.4592801442227067,
    "encoding_time": 0.8582413196563721,
    "decoding_time": 1.0744092464447021
}