{
    "image_name": "00003_TE_1944x1296.png",
    "mse": 0.0006556143634952605,
    "psnr": 31.8256778717041,
    "ms-ssim": 0.9880709052085876,
    "bpp": 0.314192450337855,
    "encoding_time": 0.5926899909973145,
    "decoding_time": 1.0563328266143799
}