{
    "image_name": "RGB_OR_1200x1200_080.png",
    "mse": 0.00015477268607355654,
    "psnr": 38.07006072998047,
    "ms-ssim": 0.9848873019218445,
    "bpp": 0.24153333333333332,
    "encoding_time": 0.32698583602905273,
    "decoding_time": 0.29320335388183594
}