{
    "image_name": "RGB_OR_1200x1200_046.png",
    "mse": 0.00032762708724476397,
    "psnr": 34.83040237426758,
    "ms-ssim": 0.9853560328483582,
    "bpp": 0.6987111111111111,
    "encoding_time": 0.28940558433532715,
    "decoding_time": 0.7950534820556641
}