{
    "image_name": "RGB_OR_1200x1200_079.png",
    "mse": 0.00015657373296562582,
    "psnr": 38.01800537109375,
    "ms-ssim": 0.9952636957168579,
    "bpp": 0.4776,
    "encoding_time": 0.2570617198944092,
    "decoding_time": 0.3427441120147705
}