{
    "image_name": "RGB_OR_1200x1200_026.png",
    "mse": 0.0003275521448813379,
    "psnr": 34.830352783203125,
    "ms-ssim": 0.991173505783081,
    "bpp": 1.030888888888889,
    "encoding_time": 0.2699432373046875,
    "decoding_time": 0.45910191535949707
}