{
    "image_name": "RGB_OR_1200x1200_067.png",
    "mse": 0.0002476187073625624,
    "psnr": 36.040794372558594,
    "ms-ssim": 0.9796323180198669,
    "bpp": 0.3894444444444444,
    "encoding_time": 0.29015541076660156,
    "decoding_time": 0.34332942962646484
}