{
    "image_name": "RGB_OR_1200x1200_025.png",
    "mse": 0.00013482132635544986,
    "psnr": 38.66244888305664,
    "ms-ssim": 0.9886012077331543,
    "bpp": 0.27095555555555556,
    "encoding_time": 0.2540559768676758,
    "decoding_time": 0.40791893005371094
}