{
    "image_name": "RGB_OR_1200x1200_100.png",
    "mse": 7.45025827200152e-05,
    "psnr": 41.23542022705078,
    "ms-ssim": 0.9892453551292419,
    "bpp": 0.1608,
    "encoding_time": 0.33760547637939453,
    "decoding_time": 0.2980306148529053
}