{
    "image_name": "RGB_OR_1200x1200_076.png",
    "mse": 0.0001320939336437732,
    "psnr": 38.75012969970703,
    "ms-ssim": 0.986342191696167,
    "bpp": 0.257,
    "encoding_time": 0.3535921573638916,
    "decoding_time": 0.3795647621154785
}