{
    "image_name": "RGB_OR_1200x1200_071.png",
    "mse": 0.00016990078438539058,
    "psnr": 37.665977478027344,
    "ms-ssim": 0.9839017391204834,
    "bpp": 0.27971111111111113,
    "encoding_time": 0.27275919914245605,
    "decoding_time": 0.3920865058898926
}