{
    "image_name": "RGB_OR_1200x1200_002.png",
    "mse": 7.524394459323958e-05,
    "psnr": 41.163551330566406,
    "ms-ssim": 0.9879862666130066,
    "bpp": 0.15666666666666668,
    "encoding_time": 0.3917503356933594,
    "decoding_time": 0.5839548110961914
}