{
    "image_name": "RGB_OR_1200x1200_028.png",
    "mse": 9.637480980018154e-05,
    "psnr": 40.104522705078125,
    "ms-ssim": 0.9890059232711792,
    "bpp": 0.20442222222222223,
    "encoding_time": 0.4197571277618408,
    "decoding_time": 0.3871948719024658
}