{
    "image_name": "RGB_OR_1200x1200_048.png",
    "mse": 0.00033985404297709465,
    "psnr": 34.67146301269531,
    "ms-ssim": 0.9864441752433777,
    "bpp": 0.8356,
    "encoding_time": 0.32660865783691406,
    "decoding_time": 0.445950984954834
}