{
    "image_name": "RGB_OR_1200x1200_031.png",
    "mse": 0.00025318298139609396,
    "psnr": 35.944969177246094,
    "ms-ssim": 0.9915369749069214,
    "bpp": 0.5961555555555555,
    "encoding_time": 0.276935338973999,
    "decoding_time": 0.46484994888305664
}