{
    "image_name": "RGB_OR_1200x1200_008.png",
    "mse": 0.0002870500029530376,
    "psnr": 35.401702880859375,
    "ms-ssim": 0.9869586825370789,
    "bpp": 0.6010666666666666,
    "encoding_time": 0.3443772792816162,
    "decoding_time": 0.5629103183746338
}