{
    "image_name": "RGB_OR_1200x1200_010.png",
    "mse": 0.0002191712410422042,
    "psnr": 36.56748962402344,
    "ms-ssim": 0.9849376678466797,
    "bpp": 0.42977777777777776,
    "encoding_time": 0.3468968868255615,
    "decoding_time": 0.37760424613952637
}