{
    "image_name": "RGB_OR_1200x1200_003.png",
    "mse": 0.00019358414283487946,
    "psnr": 37.103179931640625,
    "ms-ssim": 0.9887031316757202,
    "bpp": 0.42646666666666666,
    "encoding_time": 0.36476826667785645,
    "decoding_time": 0.38513612747192383
}