{
    "image_name": "RGB_OR_1200x1200_091.png",
    "mse": 0.0001451938587706536,
    "psnr": 38.35704803466797,
    "ms-ssim": 0.9943756461143494,
    "bpp": 0.37495555555555554,
    "encoding_time": 0.26710057258605957,
    "decoding_time": 0.3649904727935791
}