{
    "image_name": "RGB_OR_1200x1200_094.png",
    "mse": 0.00021897767146583647,
    "psnr": 36.57204818725586,
    "ms-ssim": 0.9919194579124451,
    "bpp": 0.6844222222222223,
    "encoding_time": 0.4228219985961914,
    "decoding_time": 0.2846369743347168
}