{
    "image_name": "RGB_OR_1200x1200_022.png",
    "mse": 0.00019895315926987678,
    "psnr": 36.985595703125,
    "ms-ssim": 0.9830095171928406,
    "bpp": 0.3668888888888889,
    "encoding_time": 0.25598716735839844,
    "decoding_time": 0.49445247650146484
}