{
    "image_name": "RGB_OR_1200x1200_018.png",
    "mse": 0.00035147086600773036,
    "psnr": 34.525596618652344,
    "ms-ssim": 0.9888501167297363,
    "bpp": 1.0535777777777777,
    "encoding_time": 0.7519466876983643,
    "decoding_time": 0.41762375831604004
}