{
    "image_name": "RGB_OR_1200x1200_093.png",
    "mse": 0.00014277298760134727,
    "psnr": 38.422645568847656,
    "ms-ssim": 0.9900858402252197,
    "bpp": 0.31091111111111114,
    "encoding_time": 0.339313268661499,
    "decoding_time": 0.3568291664123535
}