{
    "image_name": "RGB_OR_1200x1200_034.png",
    "mse": 0.0001257856929441914,
    "psnr": 38.96055603027344,
    "ms-ssim": 0.9905011057853699,
    "bpp": 0.3088444444444444,
    "encoding_time": 0.5946698188781738,
    "decoding_time": 0.6097967624664307
}