{
    "image_name": "RGB_OR_1200x1200_019.png",
    "mse": 0.00030030938796699047,
    "psnr": 35.20642852783203,
    "ms-ssim": 0.9854134321212769,
    "bpp": 0.47526666666666667,
    "encoding_time": 0.3235740661621094,
    "decoding_time": 0.321850061416626
}