{
    "image_name": "RGB_OR_1200x1200_021.png",
    "mse": 0.0001591386244399473,
    "psnr": 37.94792938232422,
    "ms-ssim": 0.9923911094665527,
    "bpp": 0.4072222222222222,
    "encoding_time": 0.2816131114959717,
    "decoding_time": 0.2783472537994385
}