{
    "image_name": "RGB_OR_1200x1200_099.png",
    "mse": 0.00024481836589984596,
    "psnr": 36.09021759033203,
    "ms-ssim": 0.9791347980499268,
    "bpp": 0.44062222222222225,
    "encoding_time": 0.40569090843200684,
    "decoding_time": 0.4054410457611084
}