{
    "image_name": "RGB_OR_1200x1200_097.png",
    "mse": 0.00016563796089030802,
    "psnr": 37.77604675292969,
    "ms-ssim": 0.9937725067138672,
    "bpp": 0.41817777777777776,
    "encoding_time": 0.3444218635559082,
    "decoding_time": 0.3316507339477539
}