{
    "image_name": "RGB_OR_1200x1200_024.png",
    "mse": 0.00031452099210582674,
    "psnr": 35.00620651245117,
    "ms-ssim": 0.9901953935623169,
    "bpp": 1.0285555555555554,
    "encoding_time": 0.4392974376678467,
    "decoding_time": 0.5415148735046387
}