{
    "image_name": "RGB_OR_1200x1200_004.png",
    "mse": 0.00011431265738792717,
    "psnr": 39.3702392578125,
    "ms-ssim": 0.9822254180908203,
    "bpp": 0.18668888888888888,
    "encoding_time": 0.38060569763183594,
    "decoding_time": 0.33779025077819824
}