{
    "image_name": "RGB_OR_1200x1200_082.png",
    "mse": 0.00046912895049899817,
    "psnr": 33.275569915771484,
    "ms-ssim": 0.9835898876190186,
    "bpp": 1.0057555555555555,
    "encoding_time": 0.25560569763183594,
    "decoding_time": 0.36415696144104004
}