{
    "image_name": "RGB_OR_1200x1200_069.png",
    "mse": 0.00019978203636128455,
    "psnr": 36.96839904785156,
    "ms-ssim": 0.9900029897689819,
    "bpp": 0.5275777777777778,
    "encoding_time": 0.4138009548187256,
    "decoding_time": 0.4852263927459717
}