{
    "image_name": "RGB_OR_1200x1200_049.png",
    "mse": 0.00016425047942902893,
    "psnr": 37.815189361572266,
    "ms-ssim": 0.9921419620513916,
    "bpp": 0.45913333333333334,
    "encoding_time": 0.5468318462371826,
    "decoding_time": 0.4504129886627197
}