{
    "image_name": "RGB_OR_1200x1200_051.png",
    "mse": 0.00014167367771733552,
    "psnr": 38.44904327392578,
    "ms-ssim": 0.9853309392929077,
    "bpp": 0.27042222222222223,
    "encoding_time": 0.3129465579986572,
    "decoding_time": 0.3248302936553955
}