{
    "image_name": "RGB_OR_1200x1200_059.png",
    "mse": 0.0004427288949955255,
    "psnr": 33.52727127075195,
    "ms-ssim": 0.9887454509735107,
    "bpp": 1.2893555555555556,
    "encoding_time": 0.353316068649292,
    "decoding_time": 0.4440276622772217
}