{
    "image_name": "RGB_OR_1200x1200_077.png",
    "mse": 0.000338638958055526,
    "psnr": 34.68698501586914,
    "ms-ssim": 0.9553207755088806,
    "bpp": 0.33144444444444443,
    "encoding_time": 0.47608447074890137,
    "decoding_time": 0.3984498977661133
}