{
    "image_name": "RGB_OR_1200x1200_086.png",
    "mse": 0.0004265300231054425,
    "psnr": 33.687705993652344,
    "ms-ssim": 0.9803583025932312,
    "bpp": 0.9385777777777777,
    "encoding_time": 0.3474767208099365,
    "decoding_time": 0.5249893665313721
}