{
    "image_name": "RGB_OR_1200x1200_036.png",
    "mse": 7.856498996261507e-05,
    "psnr": 40.979652404785156,
    "ms-ssim": 0.9848725199699402,
    "bpp": 0.11675555555555556,
    "encoding_time": 0.23023319244384766,
    "decoding_time": 0.28318095207214355
}