{
    "image_name": "RGB_OR_1200x1200_043.png",
    "mse": 0.00036338766221888363,
    "psnr": 34.38185119628906,
    "ms-ssim": 0.985609769821167,
    "bpp": 0.9692444444444445,
    "encoding_time": 0.3331568241119385,
    "decoding_time": 0.4703495502471924
}