{
    "image_name": "RGB_OR_1200x1200_023.png",
    "mse": 0.00026346385129727423,
    "psnr": 35.772216796875,
    "ms-ssim": 0.9884041547775269,
    "bpp": 0.6406888888888889,
    "encoding_time": 0.24770188331604004,
    "decoding_time": 0.4093661308288574
}