{
    "image_name": "RGB_OR_1200x1200_065.png",
    "mse": 0.0002869188319891691,
    "psnr": 35.402801513671875,
    "ms-ssim": 0.9823805689811707,
    "bpp": 0.6927111111111112,
    "encoding_time": 0.3292725086212158,
    "decoding_time": 0.3074343204498291
}