{
    "image_name": "RGB_OR_1200x1200_007.png",
    "mse": 0.0001970399171113968,
    "psnr": 37.02726364135742,
    "ms-ssim": 0.9914902448654175,
    "bpp": 0.5211111111111111,
    "encoding_time": 0.27521657943725586,
    "decoding_time": 0.43294310569763184
}