{
    "image_name": "RGB_OR_1200x1200_084.png",
    "mse": 8.798111230134964e-05,
    "psnr": 40.495365142822266,
    "ms-ssim": 0.980120837688446,
    "bpp": 0.12177777777777778,
    "encoding_time": 0.654958963394165,
    "decoding_time": 0.4853849411010742
}