{
    "image_name": "RGB_OR_1200x1200_035.png",
    "mse": 0.00023186730686575174,
    "psnr": 36.32355499267578,
    "ms-ssim": 0.9891995787620544,
    "bpp": 0.5854888888888888,
    "encoding_time": 0.3373892307281494,
    "decoding_time": 0.4456305503845215
}