{
    "image_name": "RGB_OR_1200x1200_062.png",
    "mse": 0.0004706380714196712,
    "psnr": 33.26178741455078,
    "ms-ssim": 0.988609254360199,
    "bpp": 1.2057333333333333,
    "encoding_time": 0.20363712310791016,
    "decoding_time": 0.3464515209197998
}