{
    "image_name": "RGB_OR_1200x1200_033.png",
    "mse": 0.00023533438798040152,
    "psnr": 36.26013946533203,
    "ms-ssim": 0.9869822859764099,
    "bpp": 0.5994888888888888,
    "encoding_time": 0.3850541114807129,
    "decoding_time": 0.32023143768310547
}