{
    "image_name": "RGB_OR_1200x1200_081.png",
    "mse": 0.00019433622946962714,
    "psnr": 37.08683776855469,
    "ms-ssim": 0.9918469190597534,
    "bpp": 0.4690888888888889,
    "encoding_time": 0.330183744430542,
    "decoding_time": 0.383603572845459
}