{
    "image_name": "RGB_OR_1200x1200_038.png",
    "mse": 0.00012981829058844596,
    "psnr": 38.8267936706543,
    "ms-ssim": 0.9888972640037537,
    "bpp": 0.27164444444444447,
    "encoding_time": 0.414562463760376,
    "decoding_time": 0.3980882167816162
}