{
    "image_name": "RGB_OR_1200x1200_092.png",
    "mse": 0.00014429441944230348,
    "psnr": 38.370391845703125,
    "ms-ssim": 0.9734873175621033,
    "bpp": 0.15817777777777778,
    "encoding_time": 0.4327409267425537,
    "decoding_time": 0.4167351722717285
}