{
    "image_name": "RGB_OR_1200x1200_013.png",
    "mse": 0.00017078191740438342,
    "psnr": 37.644039154052734,
    "ms-ssim": 0.990625262260437,
    "bpp": 0.4206,
    "encoding_time": 0.2533440589904785,
    "decoding_time": 0.5038237571716309
}