{
    "image_name": "RGB_OR_1200x1200_064.png",
    "mse": 0.0002408145955996588,
    "psnr": 36.1616325378418,
    "ms-ssim": 0.9911181926727295,
    "bpp": 0.6121111111111112,
    "encoding_time": 0.3077106475830078,
    "decoding_time": 0.361983060836792
}