{
    "image_name": "RGB_OR_1200x1200_047.png",
    "mse": 0.00032255082624033093,
    "psnr": 34.89744567871094,
    "ms-ssim": 0.9890167713165283,
    "bpp": 0.5855777777777778,
    "encoding_time": 0.2577173709869385,
    "decoding_time": 0.2999076843261719
}