{
    "image_name": "RGB_OR_1200x1200_073.png",
    "mse": 0.00010988213762175292,
    "psnr": 39.54806900024414,
    "ms-ssim": 0.9859983325004578,
    "bpp": 0.1837777777777778,
    "encoding_time": 0.2739870548248291,
    "decoding_time": 0.3128373622894287
}