{
    "image_name": "RGB_OR_1200x1200_011.png",
    "mse": 0.0002393808972556144,
    "psnr": 36.18806457519531,
    "ms-ssim": 0.9902817606925964,
    "bpp": 0.762,
    "encoding_time": 0.38582563400268555,
    "decoding_time": 0.3945505619049072
}