{
    "image_name": "RGB_OR_1200x1200_072.png",
    "mse": 0.0002395516785327345,
    "psnr": 36.183406829833984,
    "ms-ssim": 0.9913255572319031,
    "bpp": 0.7334,
    "encoding_time": 0.2851223945617676,
    "decoding_time": 0.4686238765716553
}