{
    "image_name": "RGB_OR_1200x1200_044.png",
    "mse": 0.00020348027464933693,
    "psnr": 36.889549255371094,
    "ms-ssim": 0.981977641582489,
    "bpp": 0.3856222222222222,
    "encoding_time": 0.37554073333740234,
    "decoding_time": 0.2901926040649414
}