{
    "image_name": "RGB_OR_1200x1200_016.png",
    "mse": 0.0003743876877706498,
    "psnr": 34.252593994140625,
    "ms-ssim": 0.9894708395004272,
    "bpp": 1.0727333333333333,
    "encoding_time": 0.2825052738189697,
    "decoding_time": 0.49449896812438965
}