{
    "image_name": "RGB_OR_1200x1200_083.png",
    "mse": 0.00015108034131117165,
    "psnr": 38.17127990722656,
    "ms-ssim": 0.9912521243095398,
    "bpp": 0.3348888888888889,
    "encoding_time": 0.2852752208709717,
    "decoding_time": 0.3846139907836914
}