{
    "image_name": "RGB_OR_1200x1200_055.png",
    "mse": 0.00016932816652115434,
    "psnr": 37.68123245239258,
    "ms-ssim": 0.9925117492675781,
    "bpp": 0.4714888888888889,
    "encoding_time": 0.34665799140930176,
    "decoding_time": 0.42677783966064453
}