{
    "image_name": "RGB_OR_1200x1200_057.png",
    "mse": 0.0001549295411678031,
    "psnr": 38.06415557861328,
    "ms-ssim": 0.9803630709648132,
    "bpp": 0.2464,
    "encoding_time": 0.3267076015472412,
    "decoding_time": 0.5812530517578125
}