{
    "image_name": "RGB_OR_1200x1200_045.png",
    "mse": 0.0001749264047248289,
    "psnr": 37.54254150390625,
    "ms-ssim": 0.9881016612052917,
    "bpp": 0.33675555555555553,
    "encoding_time": 0.29599785804748535,
    "decoding_time": 0.38028693199157715
}