{
    "image_name": "RGB_OR_1200x1200_096.png",
    "mse": 0.00026255252305418253,
    "psnr": 35.78776168823242,
    "ms-ssim": 0.9684544801712036,
    "bpp": 0.24884444444444445,
    "encoding_time": 0.32265710830688477,
    "decoding_time": 0.352189302444458
}