{
    "image_name": "RGB_OR_1200x1200_040.png",
    "mse": 0.0002329989365534857,
    "psnr": 36.30398941040039,
    "ms-ssim": 0.9862396121025085,
    "bpp": 0.4951333333333333,
    "encoding_time": 0.3714628219604492,
    "decoding_time": 0.34242868423461914
}