{
    "image_name": "RGB_OR_1200x1200_058.png",
    "mse": 0.0002553527301643044,
    "psnr": 35.908294677734375,
    "ms-ssim": 0.9901649355888367,
    "bpp": 0.44484444444444443,
    "encoding_time": 0.3891417980194092,
    "decoding_time": 0.5020315647125244
}