{
    "image_name": "RGB_OR_1200x1200_014.png",
    "mse": 0.0001366883225273341,
    "psnr": 38.6046142578125,
    "ms-ssim": 0.9922525882720947,
    "bpp": 0.33768888888888887,
    "encoding_time": 0.2750260829925537,
    "decoding_time": 0.3457164764404297
}