{
    "image_name": "RGB_OR_1200x1200_037.png",
    "mse": 0.0001791456015780568,
    "psnr": 37.43755340576172,
    "ms-ssim": 0.9840161800384521,
    "bpp": 0.3948,
    "encoding_time": 0.252150297164917,
    "decoding_time": 0.4239957332611084
}