{
    "image_name": "RGB_OR_1200x1200_066.png",
    "mse": 0.00020689371740445495,
    "psnr": 36.81635284423828,
    "ms-ssim": 0.989334225654602,
    "bpp": 0.36117777777777776,
    "encoding_time": 0.4627573490142822,
    "decoding_time": 0.5443422794342041
}