{
    "image_name": "RGB_OR_1200x1200_052.png",
    "mse": 0.0001926906406879425,
    "psnr": 37.1231689453125,
    "ms-ssim": 0.9916569590568542,
    "bpp": 0.5185777777777778,
    "encoding_time": 0.3663194179534912,
    "decoding_time": 0.32019877433776855
}