{
    "image_name": "RGB_OR_1200x1200_050.png",
    "mse": 0.0002303093788214028,
    "psnr": 36.35416793823242,
    "ms-ssim": 0.9828726649284363,
    "bpp": 0.44626666666666664,
    "encoding_time": 0.5354909896850586,
    "decoding_time": 0.3434321880340576
}