{
    "image_name": "RGB_OR_1200x1200_075.png",
    "mse": 0.00017403891251888126,
    "psnr": 37.563575744628906,
    "ms-ssim": 0.9801134467124939,
    "bpp": 0.35564444444444443,
    "encoding_time": 0.5300722122192383,
    "decoding_time": 0.5710752010345459
}