{
    "image_name": "RGB_OR_1200x1200_070.png",
    "mse": 0.00021160280448384583,
    "psnr": 36.71969223022461,
    "ms-ssim": 0.976996123790741,
    "bpp": 0.3834222222222222,
    "encoding_time": 0.4014270305633545,
    "decoding_time": 0.6088273525238037
}