{
    "image_name": "RGB_OR_1200x1200_090.png",
    "mse": 0.0004263404116500169,
    "psnr": 33.6897087097168,
    "ms-ssim": 0.98857182264328,
    "bpp": 0.9349333333333333,
    "encoding_time": 0.4428257942199707,
    "decoding_time": 0.5716507434844971
}