{
    "image_name": "RGB_OR_1200x1200_041.png",
    "mse": 0.00022775410616304725,
    "psnr": 36.40264129638672,
    "ms-ssim": 0.9876407980918884,
    "bpp": 0.49744444444444447,
    "encoding_time": 0.2541062831878662,
    "decoding_time": 0.4515860080718994
}