{
    "image_name": "RGB_OR_1200x1200_061.png",
    "mse": 0.00038980625686235726,
    "psnr": 34.07756805419922,
    "ms-ssim": 0.9896253943443298,
    "bpp": 0.8669333333333333,
    "encoding_time": 0.41330528259277344,
    "decoding_time": 0.4126589298248291
}