{
    "image_name": "RGB_OR_1200x1200_042.png",
    "mse": 0.00019430092652328312,
    "psnr": 37.089027404785156,
    "ms-ssim": 0.9851688742637634,
    "bpp": 0.39855555555555555,
    "encoding_time": 0.3554232120513916,
    "decoding_time": 0.6722276210784912
}