{
    "image_name": "RGB_OR_1200x1200_089.png",
    "mse": 0.0002764133387245238,
    "psnr": 35.56499099731445,
    "ms-ssim": 0.9809088706970215,
    "bpp": 0.6141333333333333,
    "encoding_time": 0.2788701057434082,
    "decoding_time": 0.4337332248687744
}