{
    "image_name": "RGB_OR_1200x1200_053.png",
    "mse": 8.550882193958387e-05,
    "psnr": 40.61731719970703,
    "ms-ssim": 0.9940788745880127,
    "bpp": 0.24124444444444446,
    "encoding_time": 0.396045446395874,
    "decoding_time": 0.4492785930633545
}