{
    "image_name": "RGB_OR_1200x1200_032.png",
    "mse": 0.0003756389778573066,
    "psnr": 34.23792266845703,
    "ms-ssim": 0.9861964583396912,
    "bpp": 0.7971777777777778,
    "encoding_time": 0.3548152446746826,
    "decoding_time": 0.5721249580383301
}