{
    "image_name": "RGB_OR_1200x1200_039.png",
    "mse": 0.0002253509737784043,
    "psnr": 36.447181701660156,
    "ms-ssim": 0.9862076044082642,
    "bpp": 0.5471777777777778,
    "encoding_time": 0.31176185607910156,
    "decoding_time": 0.5036196708679199
}