{
    "image_name": "RGB_OR_1200x1200_015.png",
    "mse": 6.28164125373587e-05,
    "psnr": 41.933860778808594,
    "ms-ssim": 0.9919720888137817,
    "bpp": 0.14851111111111112,
    "encoding_time": 0.39760684967041016,
    "decoding_time": 0.4108552932739258
}