{
    "image_name": "RGB_OR_1200x1200_087.png",
    "mse": 0.0004548390570562333,
    "psnr": 33.40922927856445,
    "ms-ssim": 0.9901189208030701,
    "bpp": 1.2785111111111112,
    "encoding_time": 0.32258152961730957,
    "decoding_time": 0.40950632095336914
}