{
    "image_name": "RGB_OR_1200x1200_001.png",
    "mse": 0.00013293512165546417,
    "psnr": 38.72370910644531,
    "ms-ssim": 0.9930299520492554,
    "bpp": 0.3479333333333333,
    "encoding_time": 0.4826161861419678,
    "decoding_time": 0.4421238899230957
}