{
    "image_name": "RGB_OR_1200x1200_020.png",
    "mse": 0.0003411099605727941,
    "psnr": 34.65543746948242,
    "ms-ssim": 0.9827197790145874,
    "bpp": 0.6664,
    "encoding_time": 0.3109116554260254,
    "decoding_time": 0.5278847217559814
}