{
    "image_name": "RGB_OR_1200x1200_056.png",
    "mse": 0.00011124731099698693,
    "psnr": 39.48893356323242,
    "ms-ssim": 0.9852739572525024,
    "bpp": 0.2114888888888889,
    "encoding_time": 0.4018888473510742,
    "decoding_time": 0.4456760883331299
}