{
    "image_name": "RGB_OR_1200x1200_068.png",
    "mse": 0.0001345587952528149,
    "psnr": 38.68946075439453,
    "ms-ssim": 0.9933223724365234,
    "bpp": 0.2926888888888889,
    "encoding_time": 0.44447946548461914,
    "decoding_time": 0.44939255714416504
}