{
    "image_name": "RGB_OR_1200x1200_063.png",
    "mse": 0.00013496690371539444,
    "psnr": 38.660465240478516,
    "ms-ssim": 0.9881938695907593,
    "bpp": 0.262,
    "encoding_time": 0.34227490425109863,
    "decoding_time": 0.4795818328857422
}