{
    "image_name": "RGB_OR_1200x1200_095.png",
    "mse": 0.00047135486965999007,
    "psnr": 33.25545120239258,
    "ms-ssim": 0.9862203598022461,
    "bpp": 1.2144,
    "encoding_time": 0.34949564933776855,
    "decoding_time": 0.34844136238098145
}