{
    "image_name": "RGB_OR_1200x1200_017.png",
    "mse": 0.0002204074990004301,
    "psnr": 36.54296112060547,
    "ms-ssim": 0.9909841418266296,
    "bpp": 0.5617555555555556,
    "encoding_time": 0.4360322952270508,
    "decoding_time": 0.41817545890808105
}