{
    "image_name": "RGB_OR_1200x1200_029.png",
    "mse": 0.00017591116193216294,
    "psnr": 37.51644515991211,
    "ms-ssim": 0.9871819019317627,
    "bpp": 0.38922222222222225,
    "encoding_time": 0.31012392044067383,
    "decoding_time": 0.46781277656555176
}