{
    "image_name": "RGB_OR_1200x1200_027.png",
    "mse": 0.00022359129798132926,
    "psnr": 36.48102951049805,
    "ms-ssim": 0.9876219630241394,
    "bpp": 0.5416444444444445,
    "encoding_time": 0.30496692657470703,
    "decoding_time": 0.3567948341369629
}