{
    "mean_loss": 0.17143636030785242,
    "mean_bpp": 0.16935866666666666,
    "mean_psnr": 30.774294815063477,
    "mean_msssim": 0.9792230635881424,
    "mean_msssim_dB": 16.82418489382895,
    "mean_enc_time": 0.5058280086517334,
    "mean_dec_time": 0.6872523760795594
}