{
    "image_name": "RGB_OR_1200x1200_047.png",
    "mse": 0.0013239587424322963,
    "psnr": 28.777055740356445,
    "ms-ssim": 0.9769885540008545,
    "bpp": 0.16726666666666667,
    "encoding_time": 0.830472469329834,
    "decoding_time": 0.9794654846191406
}