{
    "image_name": "RGB_OR_1200x1200_080.png",
    "mse": 0.0003810571797657758,
    "psnr": 34.17578125,
    "ms-ssim": 0.9818164706230164,
    "bpp": 0.1218,
    "encoding_time": 0.4801948070526123,
    "decoding_time": 0.5012390613555908
}