{
    "image_name": "RGB_OR_1200x1200_069.png",
    "mse": 0.0013105164980515838,
    "psnr": 28.82144546508789,
    "ms-ssim": 0.982941746711731,
    "bpp": 0.13106666666666666,
    "encoding_time": 0.3941378593444824,
    "decoding_time": 1.0323574542999268
}