{
    "image_name": "RGB_OR_1200x1200_064.png",
    "mse": 0.0011672243708744645,
    "psnr": 29.323640823364258,
    "ms-ssim": 0.98029625415802,
    "bpp": 0.20551111111111112,
    "encoding_time": 0.45987749099731445,
    "decoding_time": 0.6895558834075928
}