{
    "image_name": "RGB_OR_1200x1200_057.png",
    "mse": 0.00043325123260729015,
    "psnr": 33.61994934082031,
    "ms-ssim": 0.9785135984420776,
    "bpp": 0.12866666666666668,
    "encoding_time": 0.4847989082336426,
    "decoding_time": 0.569317102432251
}