{
    "image_name": "RGB_OR_1200x1200_022.png",
    "mse": 0.000537979940418154,
    "psnr": 32.6819953918457,
    "ms-ssim": 0.9789935350418091,
    "bpp": 0.16677777777777777,
    "encoding_time": 0.5067086219787598,
    "decoding_time": 0.5388228893280029
}