{
    "image_name": "RGB_OR_1200x1200_053.png",
    "mse": 0.00042604643385857344,
    "psnr": 33.692657470703125,
    "ms-ssim": 0.9911677241325378,
    "bpp": 0.07675555555555555,
    "encoding_time": 0.8455367088317871,
    "decoding_time": 0.5525844097137451
}