{
    "image_name": "RGB_OR_1200x1200_058.png",
    "mse": 0.0008281266782432795,
    "psnr": 30.81256675720215,
    "ms-ssim": 0.981264591217041,
    "bpp": 0.16177777777777777,
    "encoding_time": 0.3376636505126953,
    "decoding_time": 0.526127815246582
}