{
    "image_name": "RGB_OR_1200x1200_023.png",
    "mse": 0.0019358019344508648,
    "psnr": 27.12842559814453,
    "ms-ssim": 0.9800190925598145,
    "bpp": 0.1476,
    "encoding_time": 0.36614203453063965,
    "decoding_time": 0.8718318939208984
}