{
    "image_name": "RGB_OR_1200x1200_048.png",
    "mse": 0.001670348341576755,
    "psnr": 27.768760681152344,
    "ms-ssim": 0.971336305141449,
    "bpp": 0.24077777777777779,
    "encoding_time": 0.692887544631958,
    "decoding_time": 0.9636948108673096
}