{
    "image_name": "RGB_OR_1200x1200_072.png",
    "mse": 0.0017284242203459144,
    "psnr": 27.620380401611328,
    "ms-ssim": 0.9810022115707397,
    "bpp": 0.1940888888888889,
    "encoding_time": 0.4557321071624756,
    "decoding_time": 0.4850609302520752
}