{
    "image_name": "RGB_OR_1200x1200_078.png",
    "mse": 0.0005794038297608495,
    "psnr": 32.36066436767578,
    "ms-ssim": 0.9864801168441772,
    "bpp": 0.09915555555555555,
    "encoding_time": 0.6393225193023682,
    "decoding_time": 0.5910379886627197
}