{
    "image_name": "RGB_OR_1200x1200_037.png",
    "mse": 0.0006377010140568018,
    "psnr": 31.945205688476562,
    "ms-ssim": 0.9800359010696411,
    "bpp": 0.16004444444444443,
    "encoding_time": 0.36556124687194824,
    "decoding_time": 0.6440541744232178
}