{
    "image_name": "RGB_OR_1200x1200_098.png",
    "mse": 0.0023842044174671173,
    "psnr": 26.224390029907227,
    "ms-ssim": 0.9720701575279236,
    "bpp": 0.33382222222222224,
    "encoding_time": 0.7799544334411621,
    "decoding_time": 0.5992536544799805
}