{
    "image_name": "RGB_OR_1200x1200_068.png",
    "mse": 0.0005070170154795051,
    "psnr": 32.938926696777344,
    "ms-ssim": 0.9885663986206055,
    "bpp": 0.10988888888888888,
    "encoding_time": 0.5899074077606201,
    "decoding_time": 0.8736517429351807
}