{
    "image_name": "RGB_OR_1200x1200_040.png",
    "mse": 0.0009426623582839966,
    "psnr": 30.250507354736328,
    "ms-ssim": 0.9784823656082153,
    "bpp": 0.1779111111111111,
    "encoding_time": 0.6672818660736084,
    "decoding_time": 0.4866781234741211
}