{
    "image_name": "RGB_OR_1200x1200_001.png",
    "mse": 0.0007040514028631151,
    "psnr": 31.51542854309082,
    "ms-ssim": 0.9876984357833862,
    "bpp": 0.09793333333333333,
    "encoding_time": 0.45247697830200195,
    "decoding_time": 0.8862221240997314
}