{
    "image_name": "RGB_OR_1200x1200_016.png",
    "mse": 0.0023610370699316263,
    "psnr": 26.266681671142578,
    "ms-ssim": 0.9713578224182129,
    "bpp": 0.2755111111111111,
    "encoding_time": 0.32211875915527344,
    "decoding_time": 0.7650277614593506
}