{
    "image_name": "RGB_OR_1200x1200_030.png",
    "mse": 0.001265510800294578,
    "psnr": 28.97289276123047,
    "ms-ssim": 0.9728250503540039,
    "bpp": 0.24484444444444445,
    "encoding_time": 0.35754895210266113,
    "decoding_time": 0.48322439193725586
}