{
    "image_name": "RGB_OR_1200x1200_015.png",
    "mse": 0.00023277914442587644,
    "psnr": 36.30558776855469,
    "ms-ssim": 0.9907246828079224,
    "bpp": 0.046933333333333334,
    "encoding_time": 0.46976399421691895,
    "decoding_time": 0.5070769786834717
}