{
    "image_name": "RGB_OR_1200x1200_043.png",
    "mse": 0.0016794612165540457,
    "psnr": 27.745037078857422,
    "ms-ssim": 0.9683866500854492,
    "bpp": 0.3294888888888889,
    "encoding_time": 0.4436678886413574,
    "decoding_time": 0.569911003112793
}