{
    "image_name": "RGB_OR_1200x1200_061.png",
    "mse": 0.0017859204672276974,
    "psnr": 27.4782772064209,
    "ms-ssim": 0.9732894897460938,
    "bpp": 0.2690888888888889,
    "encoding_time": 0.5994865894317627,
    "decoding_time": 0.674802303314209
}