{
    "image_name": "RGB_OR_1200x1200_054.png",
    "mse": 0.0008506444864906371,
    "psnr": 30.696670532226562,
    "ms-ssim": 0.9817110300064087,
    "bpp": 0.1700222222222222,
    "encoding_time": 0.9993271827697754,
    "decoding_time": 0.5196676254272461
}