{
    "image_name": "RGB_OR_1200x1200_066.png",
    "mse": 0.0006108364323154092,
    "psnr": 32.131561279296875,
    "ms-ssim": 0.9836421012878418,
    "bpp": 0.11804444444444444,
    "encoding_time": 0.3084084987640381,
    "decoding_time": 0.7006640434265137
}