{
    "image_name": "RGB_OR_1200x1200_055.png",
    "mse": 0.0009331247420050204,
    "psnr": 30.294252395629883,
    "ms-ssim": 0.985275387763977,
    "bpp": 0.16564444444444446,
    "encoding_time": 0.3460872173309326,
    "decoding_time": 0.4078664779663086
}