{
    "image_name": "RGB_OR_1200x1200_073.png",
    "mse": 0.0003127361705992371,
    "psnr": 35.03248596191406,
    "ms-ssim": 0.9846221804618835,
    "bpp": 0.06284444444444444,
    "encoding_time": 0.29869532585144043,
    "decoding_time": 0.4862983226776123
}