{
    "image_name": "RGB_OR_1200x1200_045.png",
    "mse": 0.0006110654212534428,
    "psnr": 32.13072967529297,
    "ms-ssim": 0.9820737838745117,
    "bpp": 0.12186666666666666,
    "encoding_time": 0.6545448303222656,
    "decoding_time": 1.1640608310699463
}