{
    "image_name": "RGB_OR_1200x1200_027.png",
    "mse": 0.0011787287658080459,
    "psnr": 29.281089782714844,
    "ms-ssim": 0.9803211092948914,
    "bpp": 0.17846666666666666,
    "encoding_time": 0.5531289577484131,
    "decoding_time": 0.47026705741882324
}