{
    "image_name": "RGB_OR_1200x1200_039.png",
    "mse": 0.001059441245160997,
    "psnr": 29.744091033935547,
    "ms-ssim": 0.9772369861602783,
    "bpp": 0.20064444444444443,
    "encoding_time": 0.40962743759155273,
    "decoding_time": 0.7522881031036377
}