{
    "image_name": "RGB_OR_1200x1200_041.png",
    "mse": 0.0009775814833119512,
    "psnr": 30.09290313720703,
    "ms-ssim": 0.9794543981552124,
    "bpp": 0.16955555555555554,
    "encoding_time": 0.3623952865600586,
    "decoding_time": 0.5920343399047852
}