{
    "image_name": "RGB_OR_1200x1200_087.png",
    "mse": 0.0024625312071293592,
    "psnr": 26.083980560302734,
    "ms-ssim": 0.9660258293151855,
    "bpp": 0.3489555555555556,
    "encoding_time": 0.597161054611206,
    "decoding_time": 0.8317320346832275
}