{
    "image_name": "RGB_OR_1200x1200_017.png",
    "mse": 0.0009634425514377654,
    "psnr": 30.156076431274414,
    "ms-ssim": 0.9803623557090759,
    "bpp": 0.19964444444444446,
    "encoding_time": 0.7740933895111084,
    "decoding_time": 0.5909342765808105
}