{
    "image_name": "RGB_OR_1200x1200_018.png",
    "mse": 0.002769583836197853,
    "psnr": 25.573871612548828,
    "ms-ssim": 0.9746344089508057,
    "bpp": 0.2563111111111111,
    "encoding_time": 0.27155065536499023,
    "decoding_time": 0.5233700275421143
}