{
    "image_name": "RGB_OR_1200x1200_079.png",
    "mse": 0.0015105943894013762,
    "psnr": 28.204984664916992,
    "ms-ssim": 0.9892396330833435,
    "bpp": 0.10508888888888888,
    "encoding_time": 0.5204215049743652,
    "decoding_time": 0.8646607398986816
}