{
    "image_name": "RGB_OR_1200x1200_008.png",
    "mse": 0.0009485490736551583,
    "psnr": 30.22368049621582,
    "ms-ssim": 0.9742039442062378,
    "bpp": 0.22617777777777778,
    "encoding_time": 0.3976714611053467,
    "decoding_time": 0.8032557964324951
}