{
    "image_name": "RGB_OR_1200x1200_089.png",
    "mse": 0.0013127959100529552,
    "psnr": 28.81393051147461,
    "ms-ssim": 0.9740139245986938,
    "bpp": 0.20793333333333333,
    "encoding_time": 0.932220458984375,
    "decoding_time": 0.7775475978851318
}