{
    "image_name": "RGB_OR_1200x1200_099.png",
    "mse": 0.000761690316721797,
    "psnr": 31.175073623657227,
    "ms-ssim": 0.9737687110900879,
    "bpp": 0.20035555555555556,
    "encoding_time": 0.4500865936279297,
    "decoding_time": 0.8146741390228271
}