{
    "image_name": "RGB_OR_1200x1200_063.png",
    "mse": 0.00042010590550489724,
    "psnr": 33.75410079956055,
    "ms-ssim": 0.9847139120101929,
    "bpp": 0.09557777777777778,
    "encoding_time": 0.46434664726257324,
    "decoding_time": 0.7577011585235596
}