{
    "image_name": "RGB_OR_1200x1200_084.png",
    "mse": 0.00019711354980245233,
    "psnr": 37.024452209472656,
    "ms-ssim": 0.981596827507019,
    "bpp": 0.06437777777777778,
    "encoding_time": 0.39350342750549316,
    "decoding_time": 0.4888148307800293
}