{
    "image_name": "RGB_OR_1200x1200_026.png",
    "mse": 0.0029982540290802717,
    "psnr": 25.229446411132812,
    "ms-ssim": 0.9768521189689636,
    "bpp": 0.23802222222222222,
    "encoding_time": 0.7082858085632324,
    "decoding_time": 1.0606606006622314
}