{
    "image_name": "RGB_OR_1200x1200_031.png",
    "mse": 0.0009968552039936185,
    "psnr": 30.008127212524414,
    "ms-ssim": 0.9807888865470886,
    "bpp": 0.20075555555555555,
    "encoding_time": 0.3234570026397705,
    "decoding_time": 0.6223447322845459
}