{
    "image_name": "RGB_OR_1200x1200_002.png",
    "mse": 0.0003501293249428272,
    "psnr": 34.541683197021484,
    "ms-ssim": 0.9880282282829285,
    "bpp": 0.054533333333333336,
    "encoding_time": 0.6032898426055908,
    "decoding_time": 0.6397902965545654
}