{
    "image_name": "RGB_OR_1200x1200_065.png",
    "mse": 0.002167032565921545,
    "psnr": 26.638883590698242,
    "ms-ssim": 0.974092423915863,
    "bpp": 0.17066666666666666,
    "encoding_time": 0.6568171977996826,
    "decoding_time": 0.5161218643188477
}