{
    "image_name": "RGB_OR_1200x1200_070.png",
    "mse": 0.0005568409687839448,
    "psnr": 32.53263854980469,
    "ms-ssim": 0.9730058908462524,
    "bpp": 0.21777777777777776,
    "encoding_time": 0.6681830883026123,
    "decoding_time": 0.7811188697814941
}