{
    "image_name": "RGB_OR_1200x1200_096.png",
    "mse": 0.0004715937247965485,
    "psnr": 33.252593994140625,
    "ms-ssim": 0.969038724899292,
    "bpp": 0.1476,
    "encoding_time": 0.532501220703125,
    "decoding_time": 1.0203673839569092
}