{
    "image_name": "RGB_OR_1200x1200_036.png",
    "mse": 0.00016928005788940936,
    "psnr": 37.68116760253906,
    "ms-ssim": 0.9861898422241211,
    "bpp": 0.055577777777777775,
    "encoding_time": 0.3117945194244385,
    "decoding_time": 0.8326573371887207
}