{
    "image_name": "RGB_OR_1200x1200_086.png",
    "mse": 0.0011587196495383978,
    "psnr": 29.35549545288086,
    "ms-ssim": 0.9614100456237793,
    "bpp": 0.3772888888888889,
    "encoding_time": 0.4476475715637207,
    "decoding_time": 0.540966272354126
}