{
    "image_name": "RGB_OR_1200x1200_093.png",
    "mse": 0.000560537853743881,
    "psnr": 32.504798889160156,
    "ms-ssim": 0.9851329326629639,
    "bpp": 0.12684444444444445,
    "encoding_time": 0.6969685554504395,
    "decoding_time": 0.9127914905548096
}