{
    "image_name": "RGB_OR_1200x1200_051.png",
    "mse": 0.0004089037247467786,
    "psnr": 33.87026596069336,
    "ms-ssim": 0.981717586517334,
    "bpp": 0.12946666666666667,
    "encoding_time": 0.4737093448638916,
    "decoding_time": 0.45812439918518066
}