{
    "image_name": "RGB_OR_1200x1200_019.png",
    "mse": 0.0008726988453418016,
    "psnr": 30.585086822509766,
    "ms-ssim": 0.9789032340049744,
    "bpp": 0.16746666666666668,
    "encoding_time": 0.4371957778930664,
    "decoding_time": 0.6248211860656738
}