{
    "image_name": "RGB_OR_1200x1200_062.png",
    "mse": 0.0028583898674696684,
    "psnr": 25.436992645263672,
    "ms-ssim": 0.9682091474533081,
    "bpp": 0.34315555555555555,
    "encoding_time": 0.3700416088104248,
    "decoding_time": 0.6778097152709961
}