{
    "image_name": "RGB_OR_1200x1200_094.png",
    "mse": 0.0018177860183641315,
    "psnr": 27.401752471923828,
    "ms-ssim": 0.9824761152267456,
    "bpp": 0.16233333333333333,
    "encoding_time": 0.4636712074279785,
    "decoding_time": 0.7438201904296875
}