{
    "image_name": "RGB_OR_1200x1200_028.png",
    "mse": 0.00026214183890260756,
    "psnr": 35.79361343383789,
    "ms-ssim": 0.9869658946990967,
    "bpp": 0.10171111111111111,
    "encoding_time": 0.38767457008361816,
    "decoding_time": 0.658087968826294
}