{
    "image_name": "RGB_OR_1200x1200_095.png",
    "mse": 0.0030330142471939325,
    "psnr": 25.179302215576172,
    "ms-ssim": 0.9673037528991699,
    "bpp": 0.31506666666666666,
    "encoding_time": 0.3444485664367676,
    "decoding_time": 0.6040163040161133
}