{
    "image_name": "RGB_OR_1200x1200_090.png",
    "mse": 0.0021955559495836496,
    "psnr": 26.5820255279541,
    "ms-ssim": 0.972527265548706,
    "bpp": 0.27124444444444445,
    "encoding_time": 0.534360408782959,
    "decoding_time": 1.0337047576904297
}