{
    "image_name": "RGB_OR_1200x1200_056.png",
    "mse": 0.00033242584322579205,
    "psnr": 34.766475677490234,
    "ms-ssim": 0.9831142425537109,
    "bpp": 0.10608888888888889,
    "encoding_time": 0.4860665798187256,
    "decoding_time": 1.2059910297393799
}