{
    "image_name": "RGB_OR_1200x1200_097.png",
    "mse": 0.0009728131117299199,
    "psnr": 30.113819122314453,
    "ms-ssim": 0.9889674186706543,
    "bpp": 0.09882222222222223,
    "encoding_time": 0.42441868782043457,
    "decoding_time": 0.44694995880126953
}