{
    "image_name": "RGB_OR_1200x1200_009.png",
    "mse": 0.0004348721995484084,
    "psnr": 33.60318374633789,
    "ms-ssim": 0.989393413066864,
    "bpp": 0.08375555555555556,
    "encoding_time": 0.3462965488433838,
    "decoding_time": 1.2414846420288086
}