{
    "image_name": "RGB_OR_1200x1200_067.png",
    "mse": 0.000749759201426059,
    "psnr": 31.24313735961914,
    "ms-ssim": 0.975050151348114,
    "bpp": 0.14024444444444445,
    "encoding_time": 0.3650057315826416,
    "decoding_time": 0.7093100547790527
}