{
    "image_name": "RGB_OR_1200x1200_075.png",
    "mse": 0.0007448341930285096,
    "psnr": 31.272214889526367,
    "ms-ssim": 0.9776789546012878,
    "bpp": 0.13075555555555557,
    "encoding_time": 0.41925835609436035,
    "decoding_time": 0.6860263347625732
}