{
    "image_name": "RGB_OR_1200x1200_050.png",
    "mse": 0.0006626822287216783,
    "psnr": 31.77855110168457,
    "ms-ssim": 0.9755930304527283,
    "bpp": 0.1758,
    "encoding_time": 0.6453135013580322,
    "decoding_time": 0.40874147415161133
}