{
    "image_name": "RGB_OR_1200x1200_081.png",
    "mse": 0.0010905484668910503,
    "psnr": 29.618789672851562,
    "ms-ssim": 0.9843695163726807,
    "bpp": 0.13566666666666666,
    "encoding_time": 0.6164519786834717,
    "decoding_time": 0.5701813697814941
}