{
    "image_name": "RGB_OR_1200x1200_011.png",
    "mse": 0.00172137632034719,
    "psnr": 27.637920379638672,
    "ms-ssim": 0.9795944094657898,
    "bpp": 0.20457777777777778,
    "encoding_time": 0.3267350196838379,
    "decoding_time": 0.5129852294921875
}