{
    "image_name": "RGB_OR_1200x1200_060.png",
    "mse": 0.0006666892440989614,
    "psnr": 31.752717971801758,
    "ms-ssim": 0.9831013679504395,
    "bpp": 0.13362222222222223,
    "encoding_time": 0.42980432510375977,
    "decoding_time": 0.6618893146514893
}