{
    "image_name": "RGB_OR_1200x1200_071.png",
    "mse": 0.0006194905145093799,
    "psnr": 32.07099151611328,
    "ms-ssim": 0.981014609336853,
    "bpp": 0.08548888888888889,
    "encoding_time": 0.49512743949890137,
    "decoding_time": 0.7589426040649414
}