{
    "image_name": "RGB_OR_1200x1200_091.png",
    "mse": 0.000599909108132124,
    "psnr": 32.21358108520508,
    "ms-ssim": 0.9881030917167664,
    "bpp": 0.1228,
    "encoding_time": 0.3545980453491211,
    "decoding_time": 0.6388239860534668
}