{
    "image_name": "RGB_OR_1200x1200_076.png",
    "mse": 0.0007759631844237447,
    "psnr": 31.094223022460938,
    "ms-ssim": 0.9850829839706421,
    "bpp": 0.07791111111111111,
    "encoding_time": 0.9247620105743408,
    "decoding_time": 0.8472566604614258
}