{
    "image_name": "RGB_OR_1200x1200_092.png",
    "mse": 0.0003968493838328868,
    "psnr": 33.9997673034668,
    "ms-ssim": 0.9754334688186646,
    "bpp": 0.06744444444444445,
    "encoding_time": 0.7148017883300781,
    "decoding_time": 0.8432743549346924
}