{
    "image_name": "RGB_OR_1200x1200_003.png",
    "mse": 0.0009403169387951493,
    "psnr": 30.26142120361328,
    "ms-ssim": 0.9834300875663757,
    "bpp": 0.11775555555555556,
    "encoding_time": 0.5200016498565674,
    "decoding_time": 0.32200050354003906
}