{
    "image_name": "RGB_OR_1200x1200_052.png",
    "mse": 0.0009653106098994613,
    "psnr": 30.1474609375,
    "ms-ssim": 0.9822086095809937,
    "bpp": 0.1903111111111111,
    "encoding_time": 0.6838130950927734,
    "decoding_time": 0.607893705368042
}