{
    "image_name": "RGB_OR_1200x1200_005.png",
    "mse": 0.000726394122466445,
    "psnr": 31.380596160888672,
    "ms-ssim": 0.9781948924064636,
    "bpp": 0.18997777777777777,
    "encoding_time": 0.41798973083496094,
    "decoding_time": 0.4774627685546875
}