{
    "image_name": "RGB_OR_1200x1200_085.png",
    "mse": 0.000616876408457756,
    "psnr": 32.088993072509766,
    "ms-ssim": 0.9724398851394653,
    "bpp": 0.20522222222222222,
    "encoding_time": 0.5470173358917236,
    "decoding_time": 0.8290574550628662
}