{
    "image_name": "RGB_OR_1200x1200_044.png",
    "mse": 0.0005293967551551759,
    "psnr": 32.752403259277344,
    "ms-ssim": 0.9761356711387634,
    "bpp": 0.20064444444444443,
    "encoding_time": 0.6357424259185791,
    "decoding_time": 0.6802475452423096
}