{
    "image_name": "RGB_OR_1200x1200_074.png",
    "mse": 0.00029690851806662977,
    "psnr": 35.25572967529297,
    "ms-ssim": 0.9737505912780762,
    "bpp": 0.11371111111111111,
    "encoding_time": 0.8907721042633057,
    "decoding_time": 0.6186740398406982
}