{
    "image_name": "RGB_OR_1200x1200_013.png",
    "mse": 0.0008668284281156957,
    "psnr": 30.6146240234375,
    "ms-ssim": 0.9838017225265503,
    "bpp": 0.125,
    "encoding_time": 0.8487215042114258,
    "decoding_time": 0.9671094417572021
}