{
    "image_name": "RGB_OR_1200x1200_007.png",
    "mse": 0.0011367370607331395,
    "psnr": 29.438520431518555,
    "ms-ssim": 0.9837254285812378,
    "bpp": 0.14442222222222223,
    "encoding_time": 0.3971712589263916,
    "decoding_time": 0.7250180244445801
}