{
    "image_name": "RGB_OR_1200x1200_035.png",
    "mse": 0.0010675799567252398,
    "psnr": 29.71084213256836,
    "ms-ssim": 0.9795948266983032,
    "bpp": 0.17944444444444443,
    "encoding_time": 0.5567147731781006,
    "decoding_time": 1.0687005519866943
}