{
    "image_name": "RGB_OR_1200x1200_038.png",
    "mse": 0.0004271962388884276,
    "psnr": 33.68064498901367,
    "ms-ssim": 0.9853395819664001,
    "bpp": 0.11026666666666667,
    "encoding_time": 0.44657421112060547,
    "decoding_time": 0.849313497543335
}