{
    "image_name": "RGB_OR_1200x1200_042.png",
    "mse": 0.0006732071633450687,
    "psnr": 31.710439682006836,
    "ms-ssim": 0.9791613817214966,
    "bpp": 0.15668888888888888,
    "encoding_time": 0.6423683166503906,
    "decoding_time": 0.638216495513916
}