{
    "image_name": "RGB_OR_1200x1200_010.png",
    "mse": 0.0006119427853263915,
    "psnr": 32.124019622802734,
    "ms-ssim": 0.9778714179992676,
    "bpp": 0.1864888888888889,
    "encoding_time": 0.3574650287628174,
    "decoding_time": 0.4980473518371582
}