{
    "image_name": "RGB_OR_1200x1200_049.png",
    "mse": 0.0008202858734875917,
    "psnr": 30.853914260864258,
    "ms-ssim": 0.984554648399353,
    "bpp": 0.1497111111111111,
    "encoding_time": 0.5487821102142334,
    "decoding_time": 0.8938052654266357
}