{
    "image_name": "RGB_OR_1200x1200_059.png",
    "mse": 0.003555130213499069,
    "psnr": 24.489871978759766,
    "ms-ssim": 0.9680846929550171,
    "bpp": 0.2981333333333333,
    "encoding_time": 0.44849371910095215,
    "decoding_time": 0.5839011669158936
}