{
    "image_name": "RGB_OR_1200x1200_088.png",
    "mse": 0.0008521907730028033,
    "psnr": 30.688039779663086,
    "ms-ssim": 0.9808163642883301,
    "bpp": 0.1743111111111111,
    "encoding_time": 0.5117397308349609,
    "decoding_time": 0.5233547687530518
}