{
    "image_name": "RGB_OR_1200x1200_046.png",
    "mse": 0.001101856934837997,
    "psnr": 29.57382583618164,
    "ms-ssim": 0.9707767963409424,
    "bpp": 0.26208888888888887,
    "encoding_time": 0.37340331077575684,
    "decoding_time": 0.5664746761322021
}