{
    "image_name": "RGB_OR_1200x1200_100.png",
    "mse": 0.000230257777730003,
    "psnr": 36.35652160644531,
    "ms-ssim": 0.9889277219772339,
    "bpp": 0.09206666666666667,
    "encoding_time": 0.3682990074157715,
    "decoding_time": 0.49101948738098145
}