{
    "mean_loss": 1.0110716397607373,
    "mean_bpp": 1.0110541449652777,
    "mean_psnr": 37.7071967124939,
    "mean_msssim": 0.9904859736561775,
    "mean_msssim_dB": 20.216356503766075,
    "mean_enc_time": 0.16003099083900452,
    "mean_dec_time": 0.14794330795605978
}