{
    "image_name": "18.png",
    "mse": 0.00023935952049214393,
    "psnr": 36.18513107299805,
    "ms-ssim": 0.9894002676010132,
    "bpp": 1.332763671875,
    "encoding_time": 0.207780122756958,
    "decoding_time": 0.10345220565795898
}