{
    "image_name": "24.png",
    "mse": 0.0002061995619442314,
    "psnr": 36.831703186035156,
    "ms-ssim": 0.9930113554000854,
    "bpp": 1.3196614583333333,
    "encoding_time": 0.08689522743225098,
    "decoding_time": 0.2600667476654053
}