{
    "image_name": "22.png",
    "mse": 0.00020435907936189324,
    "psnr": 36.86980056762695,
    "ms-ssim": 0.9872297644615173,
    "bpp": 1.0673828125,
    "encoding_time": 0.08912515640258789,
    "decoding_time": 0.10861682891845703
}