{
    "image_name": "8.png",
    "mse": 0.0002506621240172535,
    "psnr": 35.98739242553711,
    "ms-ssim": 0.994572639465332,
    "bpp": 1.7347005208333333,
    "encoding_time": 0.21983861923217773,
    "decoding_time": 0.11100316047668457
}