{
    "image_name": "20.png",
    "mse": 0.0001264906459255144,
    "psnr": 38.949100494384766,
    "ms-ssim": 0.9910551905632019,
    "bpp": 0.6748046875,
    "encoding_time": 0.09834718704223633,
    "decoding_time": 0.27284884452819824
}