{
    "image_name": "17.png",
    "mse": 0.00014269414532463998,
    "psnr": 38.41938781738281,
    "ms-ssim": 0.9911607503890991,
    "bpp": 0.7045084635416666,
    "encoding_time": 0.0836496353149414,
    "decoding_time": 0.10902166366577148
}