{
    "image_name": "2.png",
    "mse": 0.00018220502533949912,
    "psnr": 37.365257263183594,
    "ms-ssim": 0.9823892116546631,
    "bpp": 0.77978515625,
    "encoding_time": 0.10417056083679199,
    "decoding_time": 0.21127033233642578
}