{
    "image_name": "16.png",
    "mse": 0.0001435176673112437,
    "psnr": 38.39189147949219,
    "ms-ssim": 0.9900449514389038,
    "bpp": 0.7835286458333334,
    "encoding_time": 0.30513882637023926,
    "decoding_time": 0.1046757698059082
}