{
    "image_name": "7.png",
    "mse": 0.00011215665290364996,
    "psnr": 39.45404815673828,
    "ms-ssim": 0.9942771792411804,
    "bpp": 0.6837565104166666,
    "encoding_time": 0.1847221851348877,
    "decoding_time": 0.1093740463256836
}