{
    "image_name": "21.png",
    "mse": 0.00017667983775027096,
    "psnr": 37.497283935546875,
    "ms-ssim": 0.9897918701171875,
    "bpp": 1.02978515625,
    "encoding_time": 0.2376546859741211,
    "decoding_time": 0.1112680435180664
}