{
    "image_name": "11.png",
    "mse": 0.00018204955267719924,
    "psnr": 37.36898422241211,
    "ms-ssim": 0.9900435209274292,
    "bpp": 1.0625813802083333,
    "encoding_time": 0.28089308738708496,
    "decoding_time": 0.13088345527648926
}