{
    "image_name": "15.png",
    "mse": 0.00014987634494900703,
    "psnr": 38.206111907958984,
    "ms-ssim": 0.9889520406723022,
    "bpp": 0.7274576822916666,
    "encoding_time": 0.08011364936828613,
    "decoding_time": 0.26046156883239746
}