{
    "image_name": "4.png",
    "mse": 0.0001655978267081082,
    "psnr": 37.77668762207031,
    "ms-ssim": 0.9875329732894897,
    "bpp": 0.7640787760416666,
    "encoding_time": 0.13893890380859375,
    "decoding_time": 0.09995698928833008
}