{
    "image_name": "23.png",
    "mse": 0.0001082686212612316,
    "psnr": 39.60551452636719,
    "ms-ssim": 0.9905920028686523,
    "bpp": 0.4391276041666667,
    "encoding_time": 0.21308040618896484,
    "decoding_time": 0.12121772766113281
}