{
    "image_name": "6.png",
    "mse": 0.00018451632058713585,
    "psnr": 37.31143569946289,
    "ms-ssim": 0.9909359812736511,
    "bpp": 1.176513671875,
    "encoding_time": 0.12104249000549316,
    "decoding_time": 0.20589971542358398
}