{
    "image_name": "9.png",
    "mse": 0.00012613147555384785,
    "psnr": 38.94694519042969,
    "ms-ssim": 0.9897031784057617,
    "bpp": 0.5463053385416666,
    "encoding_time": 0.11121153831481934,
    "decoding_time": 0.13729500770568848
}