{
    "image_name": "12.png",
    "mse": 0.00013424252392724156,
    "psnr": 38.68074417114258,
    "ms-ssim": 0.986809253692627,
    "bpp": 0.6153971354166666,
    "encoding_time": 0.14670872688293457,
    "decoding_time": 0.19680500030517578
}