{
    "image_name": "3.png",
    "mse": 9.866101027000695e-05,
    "psnr": 40.00165557861328,
    "ms-ssim": 0.9910403490066528,
    "bpp": 0.5404459635416666,
    "encoding_time": 0.11542153358459473,
    "decoding_time": 0.11435961723327637
}