{
    "image_name": "1.png",
    "mse": 0.00022786387125961483,
    "psnr": 36.39781951904297,
    "ms-ssim": 0.9939309358596802,
    "bpp": 1.6417643229166667,
    "encoding_time": 0.12263751029968262,
    "decoding_time": 0.22639107704162598
}