{
    "image_name": "19.png",
    "mse": 0.00017662160098552704,
    "psnr": 37.4981803894043,
    "ms-ssim": 0.9890570640563965,
    "bpp": 0.945556640625,
    "encoding_time": 0.15370559692382812,
    "decoding_time": 0.08658123016357422
}