{
    "image_name": "5.png",
    "mse": 0.00021586126240435988,
    "psnr": 36.632301330566406,
    "ms-ssim": 0.9950796961784363,
    "bpp": 1.5838216145833333,
    "encoding_time": 0.22034311294555664,
    "decoding_time": 0.18082308769226074
}