{
    "image_name": "14.png",
    "mse": 0.00022205307323019952,
    "psnr": 36.50969696044922,
    "ms-ssim": 0.9919540286064148,
    "bpp": 1.3418782552083333,
    "encoding_time": 0.2048799991607666,
    "decoding_time": 0.07456207275390625
}