{
    "mean_loss": 0.9045795260267078,
    "mean_bpp": 0.9041452739157846,
    "mean_psnr": 36.31964236934011,
    "mean_msssim": 0.9956574788907679,
    "mean_msssim_dB": 23.62258061746559,
    "mean_enc_time": 0.3645699838312661,
    "mean_dec_time": 0.40140631722240916
}