{
    "image_name": "todd-quackenbush-222.png",
    "mse": 0.0005803299136459827,
    "psnr": 32.354244232177734,
    "ms-ssim": 0.9935293197631836,
    "bpp": 1.376967856238927,
    "encoding_time": 0.09071850776672363,
    "decoding_time": 0.10520339012145996
}