{
    "image_name": "thong-vo-428.png",
    "mse": 0.0005391398444771767,
    "psnr": 32.67362594604492,
    "ms-ssim": 0.9954459071159363,
    "bpp": 1.167889761256209,
    "encoding_time": 0.2129673957824707,
    "decoding_time": 0.23399782180786133
}