{
    "image_name": "roberto-nickson-48063.png",
    "mse": 9.482220048084855e-05,
    "psnr": 40.17687225341797,
    "ms-ssim": 0.9960657954216003,
    "bpp": 0.6722756410256411,
    "encoding_time": 0.48254847526550293,
    "decoding_time": 0.48546314239501953
}