{
    "image_name": "paul-itkin-46101.png",
    "mse": 0.0015428058104589581,
    "psnr": 28.11288070678711,
    "ms-ssim": 0.9965988397598267,
    "bpp": 0.852869757174393,
    "encoding_time": 0.10771512985229492,
    "decoding_time": 0.1285536289215088
}