{
    "image_name": "felix-russell-saw-140699.png",
    "mse": 0.00013724499149248004,
    "psnr": 38.58580017089844,
    "ms-ssim": 0.9951213598251343,
    "bpp": 0.8845361431021809,
    "encoding_time": 0.4104330539703369,
    "decoding_time": 0.4220263957977295
}