{
    "image_name": "martin-wessely-211.png",
    "mse": 0.0009124256321229041,
    "psnr": 30.392353057861328,
    "ms-ssim": 0.9934101104736328,
    "bpp": 1.4898958333333334,
    "encoding_time": 0.13622641563415527,
    "decoding_time": 0.12367892265319824
}