{
    "image_name": "sergey-zolkin-1045.png",
    "mse": 0.00019280209380667657,
    "psnr": 37.121273040771484,
    "ms-ssim": 0.9966046810150146,
    "bpp": 0.7334134615384615,
    "encoding_time": 0.5208306312561035,
    "decoding_time": 0.47449254989624023
}