{
    "image_name": "todd-quackenbush-27493.png",
    "mse": 0.00010976190242217854,
    "psnr": 39.54774856567383,
    "ms-ssim": 0.9972653388977051,
    "bpp": 0.5154283639883833,
    "encoding_time": 0.3064882755279541,
    "decoding_time": 0.4473719596862793
}