{
    "image_name": "martyn-seddon-220.png",
    "mse": 0.00018943232134915888,
    "psnr": 37.196929931640625,
    "ms-ssim": 0.9951514005661011,
    "bpp": 1.008768315018315,
    "encoding_time": 0.4165220260620117,
    "decoding_time": 0.5535895824432373
}