{
    "image_name": "lobostudio-hamburg-75377.png",
    "mse": 0.00025460735196247697,
    "psnr": 35.92194366455078,
    "ms-ssim": 0.994145393371582,
    "bpp": 0.8692880036630036,
    "encoding_time": 0.43721747398376465,
    "decoding_time": 0.4595348834991455
}