{
    "image_name": "amy-zhang-15940.png",
    "mse": 0.0003426368348300457,
    "psnr": 34.6365966796875,
    "ms-ssim": 0.9954964518547058,
    "bpp": 1.015836279867138,
    "encoding_time": 0.23316287994384766,
    "decoding_time": 0.3289024829864502
}