{
    "image_name": "nomao-saeki-33553.png",
    "mse": 8.290903497254476e-05,
    "psnr": 40.7491569519043,
    "ms-ssim": 0.9955663084983826,
    "bpp": 0.8204726390922401,
    "encoding_time": 0.4021763801574707,
    "decoding_time": 0.47089695930480957
}