{
    "image_name": "allef-vinicius-109434.png",
    "mse": 0.0001536403433419764,
    "psnr": 38.0997200012207,
    "ms-ssim": 0.9939550161361694,
    "bpp": 1.0674679487179488,
    "encoding_time": 0.47298288345336914,
    "decoding_time": 0.5196025371551514
}