{
    "image_name": "alberto-montalesi-176097.png",
    "mse": 0.00013349624350667,
    "psnr": 38.704864501953125,
    "ms-ssim": 0.9906972646713257,
    "bpp": 0.9832171680117389,
    "encoding_time": 0.3931853771209717,
    "decoding_time": 0.4069993495941162
}