{
    "image_name": "jeremy-cai-1174.png",
    "mse": 0.00014259538147598505,
    "psnr": 38.42287063598633,
    "ms-ssim": 0.997744083404541,
    "bpp": 0.5831459151876439,
    "encoding_time": 0.39487409591674805,
    "decoding_time": 0.37435173988342285
}