{
    "image_name": "philipp-reiner-207.png",
    "mse": 0.0008147747139446437,
    "psnr": 30.883636474609375,
    "ms-ssim": 0.9933265447616577,
    "bpp": 1.2338024691358025,
    "encoding_time": 0.21159076690673828,
    "decoding_time": 0.21744060516357422
}