{
    "image_name": "schicka-307.png",
    "mse": 0.00010940919310087338,
    "psnr": 39.56132507324219,
    "ms-ssim": 0.9961857199668884,
    "bpp": 0.7169596354166666,
    "encoding_time": 0.06939291954040527,
    "decoding_time": 0.07782793045043945
}