{
    "image_name": "vita-vilcina-3055.png",
    "mse": 0.0006610120763070881,
    "psnr": 31.790992736816406,
    "ms-ssim": 0.9977496862411499,
    "bpp": 0.715219421101774,
    "encoding_time": 0.3317110538482666,
    "decoding_time": 0.36789441108703613
}