{
    "image_name": "michael-durana-82941.png",
    "mse": 0.00033557545975781977,
    "psnr": 34.726985931396484,
    "ms-ssim": 0.9960121512413025,
    "bpp": 0.7810897435897436,
    "encoding_time": 0.4285411834716797,
    "decoding_time": 0.49457406997680664
}