{
    "image_name": "stefan-kunze-26931.png",
    "mse": 0.0002939899277407676,
    "psnr": 35.29801940917969,
    "ms-ssim": 0.9962782263755798,
    "bpp": 0.8782461594732992,
    "encoding_time": 0.42072415351867676,
    "decoding_time": 0.45499706268310547
}