{
    "image_name": "juskteez-vu-1041.png",
    "mse": 0.0005853925831615925,
    "psnr": 32.31635284423828,
    "ms-ssim": 0.9937784075737,
    "bpp": 1.3912881463198532,
    "encoding_time": 0.28711724281311035,
    "decoding_time": 0.29610300064086914
}