{
    "image_name": "zugr-108.png",
    "mse": 9.240936924470589e-05,
    "psnr": 40.285240173339844,
    "ms-ssim": 0.996957540512085,
    "bpp": 0.5302655677655678,
    "encoding_time": 0.3761131763458252,
    "decoding_time": 0.42219018936157227
}