{
    "image_name": "alejandro-escamilla-6.png",
    "mse": 0.00030661089112982154,
    "psnr": 35.11855697631836,
    "ms-ssim": 0.9965810775756836,
    "bpp": 0.7136505787901419,
    "encoding_time": 0.3866703510284424,
    "decoding_time": 0.4435544013977051
}