{
    "image_name": "andrew-ruiz-376.png",
    "mse": 0.00020628093625418842,
    "psnr": 36.829715728759766,
    "ms-ssim": 0.9969296455383301,
    "bpp": 0.8032122520205731,
    "encoding_time": 0.394528865814209,
    "decoding_time": 0.5741217136383057
}