{
    "image_name": "kazuend-28556.png",
    "mse": 5.228816735325381e-05,
    "psnr": 42.71363830566406,
    "ms-ssim": 0.9969066977500916,
    "bpp": 0.5517513736263736,
    "encoding_time": 0.4351048469543457,
    "decoding_time": 0.5443763732910156
}