{
    "image_name": "wojciech-szaturski-3611.png",
    "mse": 0.00040534057188779116,
    "psnr": 33.90851974487305,
    "ms-ssim": 0.9959165453910828,
    "bpp": 0.9289366387001253,
    "encoding_time": 0.43648481369018555,
    "decoding_time": 0.49375367164611816
}