{
    "image_name": "daniel-robert-405.png",
    "mse": 0.00043056669528596103,
    "psnr": 33.647666931152344,
    "ms-ssim": 0.9951440691947937,
    "bpp": 1.1575860979462875,
    "encoding_time": 0.19514918327331543,
    "decoding_time": 0.22039318084716797
}