{
    "image_name": "davide-ragusa-716.png",
    "mse": 0.00012760759273078293,
    "psnr": 38.90012741088867,
    "ms-ssim": 0.9965841174125671,
    "bpp": 0.7549149601661799,
    "encoding_time": 0.34164953231811523,
    "decoding_time": 0.424485445022583
}