{
    "image_name": "clem-onojeghuo-33741.png",
    "mse": 0.00028379392460919917,
    "psnr": 35.450767517089844,
    "ms-ssim": 0.9953874349594116,
    "bpp": 1.077026098901099,
    "encoding_time": 0.42658162117004395,
    "decoding_time": 0.5251810550689697
}