{
    "image_name": "sergey-zolkin-21232.png",
    "mse": 6.12179865129292e-05,
    "psnr": 42.048583984375,
    "ms-ssim": 0.9968223571777344,
    "bpp": 0.6412814728459174,
    "encoding_time": 0.5333821773529053,
    "decoding_time": 0.35415101051330566
}