{
    "image_name": "ales-krivec-15949.png",
    "mse": 6.674646283499897e-05,
    "psnr": 41.67459487915039,
    "ms-ssim": 0.9971632957458496,
    "bpp": 0.5935264099326599,
    "encoding_time": 0.3439493179321289,
    "decoding_time": 0.3640122413635254
}