{
    "image_name": "dogancan-ozturan-395.png",
    "mse": 0.00019624795822892338,
    "psnr": 37.04508972167969,
    "ms-ssim": 0.9972111582756042,
    "bpp": 0.6907035755478662,
    "encoding_time": 0.5109348297119141,
    "decoding_time": 0.5380330085754395
}