{
    "image_name": "alexander-shustov-73.png",
    "mse": 0.0008127244655042887,
    "psnr": 30.89384651184082,
    "ms-ssim": 0.9954102039337158,
    "bpp": 1.3470449118295371,
    "encoding_time": 0.4544985294342041,
    "decoding_time": 0.47029995918273926
}