{
    "image_name": "veeterzy-82537.png",
    "mse": 0.00031964198569767177,
    "psnr": 34.93701171875,
    "ms-ssim": 0.9956396818161011,
    "bpp": 0.9782897144948756,
    "encoding_time": 0.5095207691192627,
    "decoding_time": 0.6615605354309082
}