{
    "image_name": "jared-erondu-21325.png",
    "mse": 0.0001171057447209023,
    "psnr": 39.26847457885742,
    "ms-ssim": 0.9957402944564819,
    "bpp": 0.8152014652014652,
    "encoding_time": 0.34967660903930664,
    "decoding_time": 0.418093204498291
}