{
    "image_name": "mullermarc-184.png",
    "mse": 0.00019869445532094687,
    "psnr": 36.993743896484375,
    "ms-ssim": 0.9971063137054443,
    "bpp": 0.8343490205553616,
    "encoding_time": 0.1875133514404297,
    "decoding_time": 0.2534451484680176
}