{
    "image_name": "19.png",
    "mse": 0.0003899660368915647,
    "psnr": 34.07558822631836,
    "ms-ssim": 0.9951345324516296,
    "bpp": 1.0159505208333333,
    "encoding_time": 0.13064002990722656,
    "decoding_time": 0.14346885681152344
}