{
    "image_name": "14.png",
    "mse": 0.000652032729703933,
    "psnr": 31.84872817993164,
    "ms-ssim": 0.9953742027282715,
    "bpp": 1.2254231770833333,
    "encoding_time": 0.30531811714172363,
    "decoding_time": 0.11880803108215332
}