{
    "image_name": "2.png",
    "mse": 0.000558600586373359,
    "psnr": 32.519012451171875,
    "ms-ssim": 0.9944026470184326,
    "bpp": 1.1602376302083333,
    "encoding_time": 0.20255661010742188,
    "decoding_time": 0.09485673904418945
}