{
    "image_name": "4.png",
    "mse": 0.0005654150736518204,
    "psnr": 32.46681594848633,
    "ms-ssim": 0.9951499700546265,
    "bpp": 1.0304361979166667,
    "encoding_time": 0.22512316703796387,
    "decoding_time": 0.08469533920288086
}