{
    "image_name": "24.png",
    "mse": 0.0008886870346032083,
    "psnr": 30.5064697265625,
    "ms-ssim": 0.9957119822502136,
    "bpp": 1.1295572916666667,
    "encoding_time": 0.0969085693359375,
    "decoding_time": 0.1121978759765625
}