{
    "image_name": "8.png",
    "mse": 0.0014448469737544656,
    "psnr": 28.397972106933594,
    "ms-ssim": 0.9955153465270996,
    "bpp": 1.205078125,
    "encoding_time": 0.09247994422912598,
    "decoding_time": 0.1531064510345459
}