{
    "image_name": "1.png",
    "mse": 0.000950351997744292,
    "psnr": 30.215425491333008,
    "ms-ssim": 0.9951834082603455,
    "bpp": 1.2565104166666667,
    "encoding_time": 0.08878517150878906,
    "decoding_time": 0.13452696800231934
}