{
    "image_name": "23.png",
    "mse": 0.0003407891490496695,
    "psnr": 34.65911865234375,
    "ms-ssim": 0.9961323142051697,
    "bpp": 0.7234700520833334,
    "encoding_time": 0.3511059284210205,
    "decoding_time": 0.1128244400024414
}