{
    "image_name": "22.png",
    "mse": 0.0005033494089730084,
    "psnr": 32.97038650512695,
    "ms-ssim": 0.9944555759429932,
    "bpp": 1.219970703125,
    "encoding_time": 0.08583307266235352,
    "decoding_time": 0.13445520401000977
}