{
    "image_name": "7.png",
    "mse": 0.0004791707033291459,
    "psnr": 33.18251037597656,
    "ms-ssim": 0.9969305396080017,
    "bpp": 0.7594401041666666,
    "encoding_time": 0.08161211013793945,
    "decoding_time": 0.10601472854614258
}