{
    "image_name": "11.png",
    "mse": 0.0006695176707580686,
    "psnr": 31.734703063964844,
    "ms-ssim": 0.9953470230102539,
    "bpp": 1.0911458333333333,
    "encoding_time": 0.1528148651123047,
    "decoding_time": 0.1413266658782959
}