{
    "image_name": "12.png",
    "mse": 0.0005919503746554255,
    "psnr": 32.26799774169922,
    "ms-ssim": 0.9954850673675537,
    "bpp": 0.917724609375,
    "encoding_time": 0.2372417449951172,
    "decoding_time": 0.1228797435760498
}