{
    "image_name": "17.png",
    "mse": 0.0003533949493430555,
    "psnr": 34.50178527832031,
    "ms-ssim": 0.9959065318107605,
    "bpp": 0.8626302083333334,
    "encoding_time": 0.19848012924194336,
    "decoding_time": 0.10168337821960449
}