{
    "image_name": "18.png",
    "mse": 0.0007733968668617308,
    "psnr": 31.109033584594727,
    "ms-ssim": 0.9944730997085571,
    "bpp": 1.2718912760416667,
    "encoding_time": 0.11115264892578125,
    "decoding_time": 0.12648725509643555
}