{
    "image_name": "5.png",
    "mse": 0.0008947435417212546,
    "psnr": 30.476091384887695,
    "ms-ssim": 0.9962040185928345,
    "bpp": 1.230712890625,
    "encoding_time": 0.09242939949035645,
    "decoding_time": 0.3065831661224365
}