{
    "image_name": "13.png",
    "mse": 0.0018706326372921467,
    "psnr": 27.277339935302734,
    "ms-ssim": 0.9938201904296875,
    "bpp": 1.471435546875,
    "encoding_time": 0.09512495994567871,
    "decoding_time": 0.2139596939086914
}