{
    "image_name": "15.png",
    "mse": 0.0006550184334628284,
    "psnr": 31.82992935180664,
    "ms-ssim": 0.99516361951828,
    "bpp": 0.9185384114583334,
    "encoding_time": 0.21573781967163086,
    "decoding_time": 0.12022256851196289
}