{
    "image_name": "9.png",
    "mse": 0.0005164323374629021,
    "psnr": 32.859134674072266,
    "ms-ssim": 0.9953280687332153,
    "bpp": 0.8077799479166666,
    "encoding_time": 0.13207435607910156,
    "decoding_time": 0.1177682876586914
}