{
    "image_name": "10.png",
    "mse": 0.0006077600992284715,
    "psnr": 32.15398025512695,
    "ms-ssim": 0.9955993890762329,
    "bpp": 0.8653157552083334,
    "encoding_time": 0.08724474906921387,
    "decoding_time": 0.15979814529418945
}