{
    "image_name": "20.png",
    "mse": 0.0007173913763836026,
    "psnr": 31.437057495117188,
    "ms-ssim": 0.9958467483520508,
    "bpp": 0.792724609375,
    "encoding_time": 0.0870060920715332,
    "decoding_time": 0.16318464279174805
}