{
    "image_name": "3.png",
    "mse": 0.00037978985346853733,
    "psnr": 34.19047546386719,
    "ms-ssim": 0.996385931968689,
    "bpp": 0.7506510416666666,
    "encoding_time": 0.08485054969787598,
    "decoding_time": 0.10794830322265625
}