{
    "mean_loss": 0.22282777871241763,
    "mean_bpp": 0.22088626382495677,
    "mean_psnr": 30.72136009030226,
    "mean_msssim": 0.9805848511253915,
    "mean_msssim_dB": 17.11859274951924,
    "mean_enc_time": 0.5667790261710562,
    "mean_dec_time": 0.6806675980730754
}