{
    "image_name": "ales-krivec-15949.png",
    "mse": 0.000393196998629719,
    "psnr": 34.039817810058594,
    "ms-ssim": 0.9877415895462036,
    "bpp": 0.1298795244107744,
    "encoding_time": 0.5805459022521973,
    "decoding_time": 0.7958438396453857
}