{
    "image_name": "daniel-robert-405.png",
    "mse": 0.0014093172503635287,
    "psnr": 28.506195068359375,
    "ms-ssim": 0.9768633842468262,
    "bpp": 0.3016998420221169,
    "encoding_time": 0.379652738571167,
    "decoding_time": 0.3160698413848877
}