{
    "image_name": "sergey-zolkin-1045.png",
    "mse": 0.0007440976332873106,
    "psnr": 31.276552200317383,
    "ms-ssim": 0.9844996333122253,
    "bpp": 0.17290521978021978,
    "encoding_time": 0.5517401695251465,
    "decoding_time": 0.9397642612457275
}