{
    "image_name": "roberto-nickson-48063.png",
    "mse": 0.00038761369069106877,
    "psnr": 34.101898193359375,
    "ms-ssim": 0.9856384992599487,
    "bpp": 0.11665521978021978,
    "encoding_time": 0.7139780521392822,
    "decoding_time": 0.8207066059112549
}