{
    "image_name": "alejandro-escamilla-6.png",
    "mse": 0.001014190842397511,
    "psnr": 29.93291664123535,
    "ms-ssim": 0.9844516515731812,
    "bpp": 0.17129154219566842,
    "encoding_time": 0.5344142913818359,
    "decoding_time": 0.6531367301940918
}