{
    "image_name": "mullermarc-184.png",
    "mse": 0.0007961795781739056,
    "psnr": 30.983304977416992,
    "ms-ssim": 0.9841183423995972,
    "bpp": 0.2309860667400467,
    "encoding_time": 0.276400089263916,
    "decoding_time": 0.5504553318023682
}