{
    "image_name": "jeremy-cai-1174.png",
    "mse": 0.0007206352893263102,
    "psnr": 31.415678024291992,
    "ms-ssim": 0.9889993667602539,
    "bpp": 0.1493835523641783,
    "encoding_time": 0.5493042469024658,
    "decoding_time": 0.5788912773132324
}