{
    "image_name": "zugr-108.png",
    "mse": 0.0004613746714312583,
    "psnr": 33.346885681152344,
    "ms-ssim": 0.9884008169174194,
    "bpp": 0.10950091575091575,
    "encoding_time": 0.5695657730102539,
    "decoding_time": 0.7700128555297852
}