{
    "image_name": "casey-fyfe-999.png",
    "mse": 0.0004737185954581946,
    "psnr": 33.23314666748047,
    "ms-ssim": 0.9734233617782593,
    "bpp": 0.2611557904411765,
    "encoding_time": 0.57761549949646,
    "decoding_time": 0.915332555770874
}