{
    "image_name": "todd-quackenbush-27493.png",
    "mse": 0.00044921861262992024,
    "psnr": 33.46320343017578,
    "ms-ssim": 0.9896735548973083,
    "bpp": 0.1059263068731849,
    "encoding_time": 0.7693338394165039,
    "decoding_time": 0.9077975749969482
}