{
    "image_name": "gian-reto-tarnutzer-45212.png",
    "mse": 0.0010464746737852693,
    "psnr": 29.797449111938477,
    "ms-ssim": 0.9768787622451782,
    "bpp": 0.3243156934306569,
    "encoding_time": 0.8248002529144287,
    "decoding_time": 0.8035502433776855
}