{
    "image_name": "sergey-zolkin-21232.png",
    "mse": 0.00030396765214391053,
    "psnr": 35.154518127441406,
    "ms-ssim": 0.9874272346496582,
    "bpp": 0.10418527658758396,
    "encoding_time": 0.8584365844726562,
    "decoding_time": 0.7648861408233643
}