{
    "image_name": "andrew-ruiz-376.png",
    "mse": 0.0008526280871592462,
    "psnr": 30.68596076965332,
    "ms-ssim": 0.9840132594108582,
    "bpp": 0.20650027553269654,
    "encoding_time": 0.846550464630127,
    "decoding_time": 1.0293889045715332
}