{
    "image_name": "jason-briscoe-149782.png",
    "mse": 0.0005454288912005723,
    "psnr": 32.622928619384766,
    "ms-ssim": 0.9924859404563904,
    "bpp": 0.08098672161172162,
    "encoding_time": 0.7531347274780273,
    "decoding_time": 1.1107025146484375
}