{
    "image_name": "martin-wessely-211.png",
    "mse": 0.002631906885653734,
    "psnr": 25.795053482055664,
    "ms-ssim": 0.9656418561935425,
    "bpp": 0.43442708333333335,
    "encoding_time": 0.23705649375915527,
    "decoding_time": 0.13416218757629395
}