{
    "image_name": "veeterzy-82537.png",
    "mse": 0.0012328471057116985,
    "psnr": 29.086360931396484,
    "ms-ssim": 0.978526771068573,
    "bpp": 0.2726253660322108,
    "encoding_time": 0.5708632469177246,
    "decoding_time": 0.6758987903594971
}