{
    "image_name": "allef-vinicius-109434.png",
    "mse": 0.0004591723554767668,
    "psnr": 33.36809539794922,
    "ms-ssim": 0.9733590483665466,
    "bpp": 0.18134157509157509,
    "encoding_time": 0.6029419898986816,
    "decoding_time": 0.8120605945587158
}