{
    "image_name": "dogancan-ozturan-395.png",
    "mse": 0.0009110838873311877,
    "psnr": 30.398578643798828,
    "ms-ssim": 0.9860787391662598,
    "bpp": 0.16557093425605537,
    "encoding_time": 0.816974401473999,
    "decoding_time": 1.028702974319458
}