{
    "image_name": "davide-ragusa-716.png",
    "mse": 0.0005677583976648748,
    "psnr": 32.44890213012695,
    "ms-ssim": 0.984689474105835,
    "bpp": 0.17084052941972352,
    "encoding_time": 0.5329856872558594,
    "decoding_time": 0.5358636379241943
}