{
    "image_name": "amy-zhang-15940.png",
    "mse": 0.0011354699963703752,
    "psnr": 29.443252563476562,
    "ms-ssim": 0.9790586233139038,
    "bpp": 0.26861673631201116,
    "encoding_time": 0.4385356903076172,
    "decoding_time": 0.3809025287628174
}