{
    "image_name": "alberto-montalesi-176097.png",
    "mse": 0.0004107491113245487,
    "psnr": 33.8508186340332,
    "ms-ssim": 0.9720448851585388,
    "bpp": 0.1622455062362436,
    "encoding_time": 0.6136431694030762,
    "decoding_time": 0.6396052837371826
}