{
    "image_name": "juskteez-vu-1041.png",
    "mse": 0.002103848149999976,
    "psnr": 26.767305374145508,
    "ms-ssim": 0.9687907695770264,
    "bpp": 0.4279303841529017,
    "encoding_time": 0.5994222164154053,
    "decoding_time": 0.580092191696167
}