{
    "image_name": "thong-vo-428.png",
    "mse": 0.0017944773426279426,
    "psnr": 27.45766830444336,
    "ms-ssim": 0.9767508506774902,
    "bpp": 0.3174811728889601,
    "encoding_time": 0.45264697074890137,
    "decoding_time": 0.3771533966064453
}