{
    "image_name": "jared-erondu-21325.png",
    "mse": 0.00043519417522475123,
    "psnr": 33.600467681884766,
    "ms-ssim": 0.9817254543304443,
    "bpp": 0.17168040293040293,
    "encoding_time": 0.5641164779663086,
    "decoding_time": 0.820418119430542
}