{
    "image_name": "todd-quackenbush-222.png",
    "mse": 0.0019427250372245908,
    "psnr": 27.11301040649414,
    "ms-ssim": 0.9705684185028076,
    "bpp": 0.33652239939255885,
    "encoding_time": 0.10534358024597168,
    "decoding_time": 0.17264127731323242
}