{
    "image_name": "kazuend-28556.png",
    "mse": 0.00032418599585071206,
    "psnr": 34.875343322753906,
    "ms-ssim": 0.9885532855987549,
    "bpp": 0.09854624542124542,
    "encoding_time": 0.7245182991027832,
    "decoding_time": 0.6938152313232422
}