{
    "image_name": "philipp-reiner-207.png",
    "mse": 0.0022510234266519547,
    "psnr": 26.473800659179688,
    "ms-ssim": 0.9730522036552429,
    "bpp": 0.32241975308641974,
    "encoding_time": 0.31232452392578125,
    "decoding_time": 0.5174214839935303
}