{
    "image_name": "paul-itkin-46101.png",
    "mse": 0.004523854237049818,
    "psnr": 23.443828582763672,
    "ms-ssim": 0.9835859537124634,
    "bpp": 0.23107064017660045,
    "encoding_time": 0.1619575023651123,
    "decoding_time": 0.11476564407348633
}