{
    "image_name": "philippe-wuyts-45997.png",
    "mse": 0.0010481028584763408,
    "psnr": 29.79073715209961,
    "ms-ssim": 0.9757238626480103,
    "bpp": 0.34603559101605874,
    "encoding_time": 0.49770188331604004,
    "decoding_time": 0.705589771270752
}