{
    "image_name": "wojciech-szaturski-3611.png",
    "mse": 0.0012795852962881327,
    "psnr": 28.925048828125,
    "ms-ssim": 0.9805415868759155,
    "bpp": 0.2363706768915379,
    "encoding_time": 0.7180531024932861,
    "decoding_time": 1.2740004062652588
}