{
    "image_name": "martyn-seddon-220.png",
    "mse": 0.000675600313115865,
    "psnr": 31.694971084594727,
    "ms-ssim": 0.9775093793869019,
    "bpp": 0.25911172161172163,
    "encoding_time": 0.5755796432495117,
    "decoding_time": 0.7108364105224609
}