{
    "image_name": "alexander-shustov-73.png",
    "mse": 0.0029124149587005377,
    "psnr": 25.355493545532227,
    "ms-ssim": 0.9708887338638306,
    "bpp": 0.3976281227038942,
    "encoding_time": 0.9370245933532715,
    "decoding_time": 0.9123589992523193
}