{
    "image_name": "nomao-saeki-33553.png",
    "mse": 0.0003483759064693004,
    "psnr": 34.56358337402344,
    "ms-ssim": 0.9811573028564453,
    "bpp": 0.13601528184480235,
    "encoding_time": 0.5047750473022461,
    "decoding_time": 0.7079477310180664
}