{
    "image_name": "vita-vilcina-3055.png",
    "mse": 0.0019770057406276464,
    "psnr": 27.03719711303711,
    "ms-ssim": 0.9887632131576538,
    "bpp": 0.19455054749172396,
    "encoding_time": 0.6036651134490967,
    "decoding_time": 0.7392041683197021
}