{
    "mean_loss": 0.7210051213847085,
    "mean_bpp": 0.720977783203125,
    "mean_psnr": 35.82975689570109,
    "mean_msssim": 0.985975461701552,
    "mean_msssim_dB": 18.5311142723664,
    "mean_enc_time": 0.1406614581743876,
    "mean_dec_time": 0.12484442194302876
}