{
    "image_name": "24.png",
    "mse": 0.0003301358374301344,
    "psnr": 34.79682159423828,
    "ms-ssim": 0.9888333678245544,
    "bpp": 0.9689127604166666,
    "encoding_time": 0.0923926830291748,
    "decoding_time": 0.11555743217468262
}