{
    "image_name": "5.png",
    "mse": 0.00035312416730448604,
    "psnr": 34.504940032958984,
    "ms-ssim": 0.9920344352722168,
    "bpp": 1.16357421875,
    "encoding_time": 0.13520050048828125,
    "decoding_time": 0.10769844055175781
}