{
    "image_name": "8.png",
    "mse": 0.000408639112720266,
    "psnr": 33.873085021972656,
    "ms-ssim": 0.9911748766899109,
    "bpp": 1.2642415364583333,
    "encoding_time": 0.16290664672851562,
    "decoding_time": 0.08548355102539062
}