{
    "image_name": "13.png",
    "mse": 0.0004759535368066281,
    "psnr": 33.2134895324707,
    "ms-ssim": 0.9892889261245728,
    "bpp": 1.6885579427083333,
    "encoding_time": 0.09521007537841797,
    "decoding_time": 0.12632250785827637
}