{
    "image_name": "21.png",
    "mse": 0.00027434623916633427,
    "psnr": 35.59702682495117,
    "ms-ssim": 0.9867161512374878,
    "bpp": 0.76513671875,
    "encoding_time": 0.1349036693572998,
    "decoding_time": 0.11795902252197266
}