{
    "image_name": "7.png",
    "mse": 0.0001719403953757137,
    "psnr": 37.61431121826172,
    "ms-ssim": 0.9921636581420898,
    "bpp": 0.471923828125,
    "encoding_time": 0.09919047355651855,
    "decoding_time": 0.10776042938232422
}