{
    "image_name": "6.png",
    "mse": 0.0002962704747915268,
    "psnr": 35.26509094238281,
    "ms-ssim": 0.9857462644577026,
    "bpp": 0.8595377604166666,
    "encoding_time": 0.09163045883178711,
    "decoding_time": 0.20297551155090332
}