{
    "image_name": "17.png",
    "mse": 0.0002128833730239421,
    "psnr": 36.69243621826172,
    "ms-ssim": 0.9870843887329102,
    "bpp": 0.483154296875,
    "encoding_time": 0.14876127243041992,
    "decoding_time": 0.1067957878112793
}