{
    "image_name": "15.png",
    "mse": 0.00022983926464803517,
    "psnr": 36.3622932434082,
    "ms-ssim": 0.9841423034667969,
    "bpp": 0.4833170572916667,
    "encoding_time": 0.09575104713439941,
    "decoding_time": 0.11018657684326172
}