{
    "image_name": "1.png",
    "mse": 0.0003870032960548997,
    "psnr": 34.107486724853516,
    "ms-ssim": 0.9901083707809448,
    "bpp": 1.2162272135416667,
    "encoding_time": 0.19758224487304688,
    "decoding_time": 0.129469633102417
}