{
    "image_name": "16.png",
    "mse": 0.00022607571736443788,
    "psnr": 36.43223571777344,
    "ms-ssim": 0.9846011400222778,
    "bpp": 0.5441080729166666,
    "encoding_time": 0.10576534271240234,
    "decoding_time": 0.1014714241027832
}