{
    "image_name": "20.png",
    "mse": 0.0001896156754810363,
    "psnr": 37.2005729675293,
    "ms-ssim": 0.9885589480400085,
    "bpp": 0.463134765625,
    "encoding_time": 0.12276983261108398,
    "decoding_time": 0.17136263847351074
}