{
    "image_name": "22.png",
    "mse": 0.00031936485902406275,
    "psnr": 34.94047546386719,
    "ms-ssim": 0.980506181716919,
    "bpp": 0.74072265625,
    "encoding_time": 0.0951375961303711,
    "decoding_time": 0.11168026924133301
}