{
    "image_name": "4.png",
    "mse": 0.0002485506411176175,
    "psnr": 36.024169921875,
    "ms-ssim": 0.9812479019165039,
    "bpp": 0.5096842447916666,
    "encoding_time": 0.14482688903808594,
    "decoding_time": 0.13549256324768066
}