{
    "image_name": "3.png",
    "mse": 0.00014890158490743488,
    "psnr": 38.23566818237305,
    "ms-ssim": 0.9873180389404297,
    "bpp": 0.3624674479166667,
    "encoding_time": 0.18381261825561523,
    "decoding_time": 0.0794825553894043
}