{
    "image_name": "19.png",
    "mse": 0.00027577372384257615,
    "psnr": 35.574615478515625,
    "ms-ssim": 0.9841243624687195,
    "bpp": 0.6504720052083334,
    "encoding_time": 0.12935900688171387,
    "decoding_time": 0.18694424629211426
}