{
    "image_name": "2.png",
    "mse": 0.00027227119426243007,
    "psnr": 35.62883377075195,
    "ms-ssim": 0.9736204147338867,
    "bpp": 0.49951171875,
    "encoding_time": 0.1612071990966797,
    "decoding_time": 0.10909199714660645
}