{
    "image_name": "14.png",
    "mse": 0.000358058896381408,
    "psnr": 34.44537353515625,
    "ms-ssim": 0.9868952035903931,
    "bpp": 0.9466959635416666,
    "encoding_time": 0.09175324440002441,
    "decoding_time": 0.2271127700805664
}