{
    "image_name": "18.png",
    "mse": 0.000369411165593192,
    "psnr": 34.309814453125,
    "ms-ssim": 0.9841738939285278,
    "bpp": 0.9752604166666666,
    "encoding_time": 0.20782899856567383,
    "decoding_time": 0.11393547058105469
}