{
    "image_name": "23.png",
    "mse": 0.00014972753706388175,
    "psnr": 38.20875549316406,
    "ms-ssim": 0.9872862100601196,
    "bpp": 0.30078125,
    "encoding_time": 0.39203310012817383,
    "decoding_time": 0.14385080337524414
}