{
    "image_name": "11.png",
    "mse": 0.0002950310299638659,
    "psnr": 35.28184127807617,
    "ms-ssim": 0.983723521232605,
    "bpp": 0.7392578125,
    "encoding_time": 0.09070920944213867,
    "decoding_time": 0.10703778266906738
}