{
    "image_name": "10.png",
    "mse": 0.00019057741155847907,
    "psnr": 37.17045593261719,
    "ms-ssim": 0.9860355257987976,
    "bpp": 0.414794921875,
    "encoding_time": 0.10064053535461426,
    "decoding_time": 0.10716032981872559
}