{
    "image_name": "12.png",
    "mse": 0.00019989660358987749,
    "psnr": 36.96405792236328,
    "ms-ssim": 0.9805631637573242,
    "bpp": 0.4066569010416667,
    "encoding_time": 0.20284342765808105,
    "decoding_time": 0.1028740406036377
}