{
    "mean_loss": 1.0323484510467504,
    "mean_bpp": 1.0318468042002176,
    "mean_psnr": 33.8890335559845,
    "mean_msssim": 0.9949835315346718,
    "mean_msssim_dB": 22.996019134837624,
    "mean_enc_time": 0.7571486085653305,
    "mean_dec_time": 0.9471427798271179
}