{
    "image_name": "00003_TE_1944x1296.png",
    "mse": 0.00023583663278259337,
    "psnr": 36.25469207763672,
    "ms-ssim": 0.9964487552642822,
    "bpp": 0.8479652491998171,
    "encoding_time": 0.8060302734375,
    "decoding_time": 0.899198055267334
}