{
    "image_name": "00011_TE_1744x1160.png",
    "mse": 0.0005217569996602833,
    "psnr": 32.815486907958984,
    "ms-ssim": 0.9957284331321716,
    "bpp": 1.2260677000949067,
    "encoding_time": 0.38189029693603516,
    "decoding_time": 0.5305671691894531
}