{
    "image_name": "00013_TE_1920x1280.png",
    "mse": 0.00023315937141887844,
    "psnr": 36.29948425292969,
    "ms-ssim": 0.9963051676750183,
    "bpp": 1.0032421875,
    "encoding_time": 0.45729923248291016,
    "decoding_time": 0.7348172664642334
}