{
    "image_name": "00002_TE_2144x1424.png",
    "mse": 0.0003653990861494094,
    "psnr": 34.358009338378906,
    "ms-ssim": 0.9935566782951355,
    "bpp": 1.34678433674325,
    "encoding_time": 0.6220047473907471,
    "decoding_time": 0.8919858932495117
}