{
    "image_name": "00005_TE_1336x872.png",
    "mse": 0.0003401754947844893,
    "psnr": 34.66828155517578,
    "ms-ssim": 0.9971786737442017,
    "bpp": 0.6168214030654288,
    "encoding_time": 0.266298770904541,
    "decoding_time": 0.3685789108276367
}