{
    "image_name": "00004_TE_1808x1352.png",
    "mse": 0.0006976581062190235,
    "psnr": 31.55587387084961,
    "ms-ssim": 0.9957207441329956,
    "bpp": 1.1781693459705713,
    "encoding_time": 0.9234116077423096,
    "decoding_time": 0.7475550174713135
}