{
    "image_name": "00014_TE_3680x2456.png",
    "mse": 0.00022807381174061447,
    "psnr": 36.395687103271484,
    "ms-ssim": 0.9963757991790771,
    "bpp": 0.8082105934003683,
    "encoding_time": 2.142533302307129,
    "decoding_time": 2.1897006034851074
}