{
    "image_name": "00016_TE_1744x2000.png",
    "mse": 0.00038598765968345106,
    "psnr": 34.12073516845703,
    "ms-ssim": 0.9833848476409912,
    "bpp": 1.4191743119266056,
    "encoding_time": 0.7025365829467773,
    "decoding_time": 1.3281221389770508
}