{
    "image_name": "00001_TE_2096x1400.png",
    "mse": 0.0007080123759806156,
    "psnr": 31.49202537536621,
    "ms-ssim": 0.9960329532623291,
    "bpp": 1.032639040348964,
    "encoding_time": 0.7190358638763428,
    "decoding_time": 0.9550998210906982
}