{
    "image_name": "00010_TE_2000x1128.png",
    "mse": 0.00020205164037179202,
    "psnr": 36.921424865722656,
    "ms-ssim": 0.9958195686340332,
    "bpp": 0.8744113475177305,
    "encoding_time": 0.5774626731872559,
    "decoding_time": 0.6707968711853027
}