{
    "image_name": "00008_TE_1912x1272.png",
    "mse": 0.0004638608079403639,
    "psnr": 33.32474136352539,
    "ms-ssim": 0.9954806566238403,
    "bpp": 0.9706586668771875,
    "encoding_time": 0.49295663833618164,
    "decoding_time": 0.7640852928161621
}