{
    "image_name": "00009_TE_1976x1312.png",
    "mse": 0.002561743138357997,
    "psnr": 25.912519454956055,
    "ms-ssim": 0.9934780597686768,
    "bpp": 1.41375777624173,
    "encoding_time": 0.49314284324645996,
    "decoding_time": 0.7771544456481934
}