{
    "image_name": "00015_TE_3680x2456.png",
    "mse": 0.0002554234233684838,
    "psnr": 35.90602493286133,
    "ms-ssim": 0.99686598777771,
    "bpp": 0.7247557003257329,
    "encoding_time": 2.0039970874786377,
    "decoding_time": 2.656083345413208
}