{
    "image_name": "00007_TE_1472x976.png",
    "mse": 0.00028187333373352885,
    "psnr": 35.48048782348633,
    "ms-ssim": 0.9966604709625244,
    "bpp": 0.838493406985032,
    "encoding_time": 0.26142024993896484,
    "decoding_time": 0.34325671195983887
}