{
    "image_name": "00012_TE_1512x2016.png",
    "mse": 0.000414352398365736,
    "psnr": 33.81306076049805,
    "ms-ssim": 0.9935219287872314,
    "bpp": 1.3925946921978667,
    "encoding_time": 0.6093668937683105,
    "decoding_time": 0.6941237449645996
}