{
    "image_name": "00006_TE_1544x1120.png",
    "mse": 0.0005110434722155333,
    "psnr": 32.906002044677734,
    "ms-ssim": 0.99717777967453,
    "bpp": 0.8158031088082901,
    "encoding_time": 0.6549906730651855,
    "decoding_time": 0.6031591892242432
}