{
    "image_name": "00013_TE_1920x1280.png",
    "mse": 0.0003881887823808938,
    "psnr": 34.095375061035156,
    "ms-ssim": 0.98149174451828,
    "bpp": 0.4254427083333333,
    "encoding_time": 0.681412935256958,
    "decoding_time": 0.9774830341339111
}