{
    "image_name": "00014_TE_3680x2456.png",
    "mse": 0.0002872328332159668,
    "psnr": 35.39862060546875,
    "ms-ssim": 0.9811569452285767,
    "bpp": 0.29399164424302504,
    "encoding_time": 2.3062403202056885,
    "decoding_time": 2.6182045936584473
}