{
    "image_name": "00006_TE_1544x1120.png",
    "mse": 0.00040009908843785524,
    "psnr": 33.965206146240234,
    "ms-ssim": 0.991980254650116,
    "bpp": 0.5338267949666914,
    "encoding_time": 0.837395191192627,
    "decoding_time": 0.8181331157684326
}