{
    "image_name": "00004_TE_1808x1352.png",
    "mse": 0.0005550251808017492,
    "psnr": 32.547576904296875,
    "ms-ssim": 0.9856045246124268,
    "bpp": 0.6508221186573807,
    "encoding_time": 1.2623276710510254,
    "decoding_time": 0.6960799694061279
}