{
    "image_name": "00005_TE_1336x872.png",
    "mse": 0.0002522509021218866,
    "psnr": 35.960777282714844,
    "ms-ssim": 0.9927601218223572,
    "bpp": 0.23389001812887986,
    "encoding_time": 0.5810017585754395,
    "decoding_time": 0.7825353145599365
}