{
    "image_name": "00003_TE_1944x1296.png",
    "mse": 0.00031974390731193125,
    "psnr": 34.93597412109375,
    "ms-ssim": 0.9853076934814453,
    "bpp": 0.3084895595183661,
    "encoding_time": 0.9239857196807861,
    "decoding_time": 1.0069918632507324
}