{
    "image_name": "00010_TE_2000x1128.png",
    "mse": 0.00028037320589646697,
    "psnr": 35.50336837768555,
    "ms-ssim": 0.9783557653427124,
    "bpp": 0.23363120567375886,
    "encoding_time": 1.0714035034179688,
    "decoding_time": 0.8637609481811523
}