{
    "image_name": "00002_TE_2144x1424.png",
    "mse": 0.00045438241795636714,
    "psnr": 33.41400146484375,
    "ms-ssim": 0.9646357893943787,
    "bpp": 0.4357076974677176,
    "encoding_time": 0.8833696842193604,
    "decoding_time": 1.110919713973999
}