{
    "image_name": "00016_TE_1744x2000.png",
    "mse": 0.0006268130382522941,
    "psnr": 32.02018737792969,
    "ms-ssim": 0.9322757720947266,
    "bpp": 0.1769816513761468,
    "encoding_time": 1.0987119674682617,
    "decoding_time": 1.368701457977295
}