{
    "image_name": "00015_TE_3680x2456.png",
    "mse": 0.00025613728212192655,
    "psnr": 35.893951416015625,
    "ms-ssim": 0.9883026480674744,
    "bpp": 0.29433508001699477,
    "encoding_time": 2.7132046222686768,
    "decoding_time": 2.2213027477264404
}