{
    "image_name": "00001_TE_2096x1400.png",
    "mse": 0.0005453880876302719,
    "psnr": 32.62274932861328,
    "ms-ssim": 0.989040732383728,
    "bpp": 0.673413304252999,
    "encoding_time": 1.068648099899292,
    "decoding_time": 1.4666647911071777
}