{
    "image_name": "00008_TE_1912x1272.png",
    "mse": 0.0004383432969916612,
    "psnr": 33.56929397583008,
    "ms-ssim": 0.9791995882987976,
    "bpp": 0.4678561090497618,
    "encoding_time": 0.9630050659179688,
    "decoding_time": 0.906048059463501
}