{
    "image_name": "00007_TE_1472x976.png",
    "mse": 0.00031808888888917863,
    "psnr": 34.95768737792969,
    "ms-ssim": 0.9863011240959167,
    "bpp": 0.2820073057733428,
    "encoding_time": 0.8792734146118164,
    "decoding_time": 1.129389762878418
}