{
    "image_name": "00011_TE_1744x1160.png",
    "mse": 0.0005930409533903003,
    "psnr": 32.26005935668945,
    "ms-ssim": 0.9854316115379333,
    "bpp": 0.6526415691236951,
    "encoding_time": 0.7132852077484131,
    "decoding_time": 1.0488779544830322
}