{
    "image_name": "00012_TE_1512x2016.png",
    "mse": 0.0006235467735677958,
    "psnr": 32.04237365722656,
    "ms-ssim": 0.956831693649292,
    "bpp": 0.4318153187200806,
    "encoding_time": 0.8255429267883301,
    "decoding_time": 0.9708514213562012
}