{
    "mean_loss": 0.5891291135583925,
    "mean_bpp": 0.5884756633310272,
    "mean_psnr": 34.8427477580745,
    "mean_msssim": 0.9934654977263474,
    "mean_msssim_dB": 21.847874865896806,
    "mean_enc_time": 0.5406409705557474,
    "mean_dec_time": 0.6426889082280601
}