{
    "image_name": "jared-erondu-21325.png",
    "mse": 0.0001617254310986027,
    "psnr": 37.87898254394531,
    "ms-ssim": 0.9937219619750977,
    "bpp": 0.539514652014652,
    "encoding_time": 0.5367801189422607,
    "decoding_time": 0.6674525737762451
}