{
    "image_name": "todd-quackenbush-222.png",
    "mse": 0.0008204031037166715,
    "psnr": 30.853221893310547,
    "ms-ssim": 0.989865243434906,
    "bpp": 0.8910149329283725,
    "encoding_time": 0.09703516960144043,
    "decoding_time": 0.10119080543518066
}