{
    "image_name": "gian-reto-tarnutzer-45212.png",
    "mse": 0.0004325760237406939,
    "psnr": 33.62657928466797,
    "ms-ssim": 0.9934368133544922,
    "bpp": 0.7662180656934306,
    "encoding_time": 0.4371914863586426,
    "decoding_time": 0.7815537452697754
}