{
    "image_name": "lobostudio-hamburg-75377.png",
    "mse": 0.00030858267564326525,
    "psnr": 35.090667724609375,
    "ms-ssim": 0.9918105006217957,
    "bpp": 0.5649038461538461,
    "encoding_time": 0.7527763843536377,
    "decoding_time": 0.5750465393066406
}