{
    "image_name": "jason-briscoe-149782.png",
    "mse": 0.00015524822811130434,
    "psnr": 38.05516815185547,
    "ms-ssim": 0.9968231916427612,
    "bpp": 0.2340315934065934,
    "encoding_time": 0.752044677734375,
    "decoding_time": 0.9404418468475342
}