{
    "image_name": "martin-wessely-211.png",
    "mse": 0.0013105636462569237,
    "psnr": 28.821353912353516,
    "ms-ssim": 0.9893723726272583,
    "bpp": 1.02171875,
    "encoding_time": 0.18619084358215332,
    "decoding_time": 0.13260769844055176
}