{
    "image_name": "jeremy-cai-1174.png",
    "mse": 0.0002252835110994056,
    "psnr": 36.44921112060547,
    "ms-ssim": 0.9964858293533325,
    "bpp": 0.35539899742582304,
    "encoding_time": 0.40352749824523926,
    "decoding_time": 1.084697961807251
}