{
    "image_name": "roberto-nickson-48063.png",
    "mse": 0.00012597942259162664,
    "psnr": 38.95368194580078,
    "ms-ssim": 0.9942836165428162,
    "bpp": 0.40670787545787546,
    "encoding_time": 0.6613168716430664,
    "decoding_time": 0.9039890766143799
}