{
    "image_name": "andrew-ruiz-376.png",
    "mse": 0.00029011734295636415,
    "psnr": 35.35598373413086,
    "ms-ssim": 0.9952074289321899,
    "bpp": 0.5158660911094783,
    "encoding_time": 0.738875150680542,
    "decoding_time": 1.0685312747955322
}