{
    "image_name": "alexander-shustov-73.png",
    "mse": 0.0012180161429569125,
    "psnr": 29.139062881469727,
    "ms-ssim": 0.9921929240226746,
    "bpp": 0.9271330822924321,
    "encoding_time": 0.9036495685577393,
    "decoding_time": 0.7360541820526123
}