{
    "image_name": "michael-durana-82941.png",
    "mse": 0.00048752594739198685,
    "psnr": 33.10860061645508,
    "ms-ssim": 0.9940848350524902,
    "bpp": 0.5042467948717949,
    "encoding_time": 0.5830237865447998,
    "decoding_time": 0.7657246589660645
}