{
    "image_name": "benjamin-sloth-lindgreen-705.png",
    "mse": 0.0004892425495199859,
    "psnr": 33.093910217285156,
    "ms-ssim": 0.9926080107688904,
    "bpp": 0.6771749084249085,
    "encoding_time": 0.5227651596069336,
    "decoding_time": 0.8680601119995117
}