{
    "image_name": "thong-vo-428.png",
    "mse": 0.000767844554502517,
    "psnr": 31.14004898071289,
    "ms-ssim": 0.9928638339042664,
    "bpp": 0.7740746675212306,
    "encoding_time": 0.2808699607849121,
    "decoding_time": 0.445481538772583
}