{
    "image_name": "alejandro-escamilla-6.png",
    "mse": 0.0003359414986334741,
    "psnr": 34.72279357910156,
    "ms-ssim": 0.9948984980583191,
    "bpp": 0.46703463405526513,
    "encoding_time": 0.5841941833496094,
    "decoding_time": 0.4792637825012207
}