{
    "image_name": "casey-fyfe-999.png",
    "mse": 0.000235458675888367,
    "psnr": 36.25820541381836,
    "ms-ssim": 0.9895800352096558,
    "bpp": 0.7471392463235295,
    "encoding_time": 0.5269351005554199,
    "decoding_time": 0.652036190032959
}