{
    "image_name": "amy-zhang-15940.png",
    "mse": 0.0005067807505838573,
    "psnr": 32.9419059753418,
    "ms-ssim": 0.9930238127708435,
    "bpp": 0.673266902389371,
    "encoding_time": 0.403217077255249,
    "decoding_time": 0.44398999214172363
}