{
    "image_name": "felix-russell-saw-140699.png",
    "mse": 0.00018220682977698743,
    "psnr": 37.363182067871094,
    "ms-ssim": 0.9930487871170044,
    "bpp": 0.5731144327370743,
    "encoding_time": 0.5176513195037842,
    "decoding_time": 0.8069310188293457
}