{
    "image_name": "dogancan-ozturan-395.png",
    "mse": 0.00028789619682356715,
    "psnr": 35.38949203491211,
    "ms-ssim": 0.9956307411193848,
    "bpp": 0.4312110726643599,
    "encoding_time": 0.6310710906982422,
    "decoding_time": 0.9047155380249023
}