{
    "image_name": "veeterzy-82537.png",
    "mse": 0.00045316366595216095,
    "psnr": 33.425697326660156,
    "ms-ssim": 0.993270754814148,
    "bpp": 0.6394125183016105,
    "encoding_time": 0.6976065635681152,
    "decoding_time": 0.9708395004272461
}