{
    "image_name": "alberto-montalesi-176097.png",
    "mse": 0.00016074179438874125,
    "psnr": 37.905174255371094,
    "ms-ssim": 0.9881064295768738,
    "bpp": 0.6788563829787234,
    "encoding_time": 0.4420351982116699,
    "decoding_time": 0.505582332611084
}