{
    "image_name": "ales-krivec-15949.png",
    "mse": 9.739676170283929e-05,
    "psnr": 40.059452056884766,
    "ms-ssim": 0.9956377744674683,
    "bpp": 0.3442760942760943,
    "encoding_time": 0.7863180637359619,
    "decoding_time": 0.604771614074707
}