{
    "image_name": "paul-itkin-46101.png",
    "mse": 0.0022919438779354095,
    "psnr": 26.395999908447266,
    "ms-ssim": 0.9945836067199707,
    "bpp": 0.5455849889624724,
    "encoding_time": 0.11227869987487793,
    "decoding_time": 0.14073824882507324
}