{
    "image_name": "wojciech-szaturski-3611.png",
    "mse": 0.0005906486185267568,
    "psnr": 32.277591705322266,
    "ms-ssim": 0.9936577677726746,
    "bpp": 0.6318605975475494,
    "encoding_time": 0.7464931011199951,
    "decoding_time": 0.8351235389709473
}