{
    "image_name": "sergey-zolkin-21232.png",
    "mse": 8.906433504307643e-05,
    "psnr": 40.44720458984375,
    "ms-ssim": 0.9952090978622437,
    "bpp": 0.3797786491846962,
    "encoding_time": 0.972628116607666,
    "decoding_time": 0.45261502265930176
}