{
    "image_name": "allef-vinicius-109434.png",
    "mse": 0.00020697095897048712,
    "psnr": 36.81493377685547,
    "ms-ssim": 0.9908835291862488,
    "bpp": 0.6755265567765568,
    "encoding_time": 0.6635940074920654,
    "decoding_time": 0.6966900825500488
}