{
    "image_name": "philippe-wuyts-45997.png",
    "mse": 0.0004658724064938724,
    "psnr": 33.306209564208984,
    "ms-ssim": 0.9925040602684021,
    "bpp": 0.8064979151791045,
    "encoding_time": 0.5489940643310547,
    "decoding_time": 0.711181640625
}