{
    "image_name": "mullermarc-184.png",
    "mse": 0.0002938642574008554,
    "psnr": 35.302669525146484,
    "ms-ssim": 0.9953752756118774,
    "bpp": 0.5605161659820845,
    "encoding_time": 0.47896766662597656,
    "decoding_time": 0.4894089698791504
}