{
    "image_name": "kazuend-28556.png",
    "mse": 7.836818986106664e-05,
    "psnr": 40.990013122558594,
    "ms-ssim": 0.9953943490982056,
    "bpp": 0.318246336996337,
    "encoding_time": 0.5855448246002197,
    "decoding_time": 1.0582325458526611
}