{
    "image_name": "martyn-seddon-220.png",
    "mse": 0.00027819452225230634,
    "psnr": 35.53720474243164,
    "ms-ssim": 0.9924643039703369,
    "bpp": 0.6903044871794872,
    "encoding_time": 0.5547771453857422,
    "decoding_time": 0.6278622150421143
}