{
    "image_name": "clem-onojeghuo-33741.png",
    "mse": 0.0004035174788441509,
    "psnr": 33.927921295166016,
    "ms-ssim": 0.9930752515792847,
    "bpp": 0.683459249084249,
    "encoding_time": 1.2049598693847656,
    "decoding_time": 0.7451257705688477
}