{
    "image_name": "juskteez-vu-1041.png",
    "mse": 0.0008261763141490519,
    "psnr": 30.822771072387695,
    "ms-ssim": 0.9906660914421082,
    "bpp": 0.9742451743560534,
    "encoding_time": 0.4724462032318115,
    "decoding_time": 0.5388402938842773
}