{
    "image_name": "davide-ragusa-716.png",
    "mse": 0.00019092560978606343,
    "psnr": 37.16334915161133,
    "ms-ssim": 0.9947940707206726,
    "bpp": 0.4832713872993386,
    "encoding_time": 0.46629929542541504,
    "decoding_time": 0.7176413536071777
}