{
    "image_name": "nomao-saeki-33553.png",
    "mse": 0.00012005115422653034,
    "psnr": 39.16147994995117,
    "ms-ssim": 0.9934602975845337,
    "bpp": 0.533915172035139,
    "encoding_time": 0.4960362911224365,
    "decoding_time": 0.6811857223510742
}