{
    "image_name": "zugr-108.png",
    "mse": 0.0001259580603800714,
    "psnr": 38.95500564575195,
    "ms-ssim": 0.9956316947937012,
    "bpp": 0.30902014652014653,
    "encoding_time": 0.5454180240631104,
    "decoding_time": 0.6637158393859863
}