{
    "mean_loss": 0.41700559292957523,
    "mean_bpp": 0.4161075555555555,
    "mean_psnr": 33.70080675125122,
    "mean_msssim": 0.9910196262598038,
    "mean_msssim_dB": 20.46705588730546,
    "mean_enc_time": 0.5466990852355957,
    "mean_dec_time": 0.7262945342063903
}