{
    "image_name": "RGB_OR_1200x1200_044.png",
    "mse": 0.00024923920864239335,
    "psnr": 36.01244354248047,
    "ms-ssim": 0.9897691607475281,
    "bpp": 0.47786666666666666,
    "encoding_time": 0.41905665397644043,
    "decoding_time": 0.7605686187744141
}