{
    "image_name": "RGB_OR_1200x1200_100.png",
    "mse": 0.0001027387916110456,
    "psnr": 39.85432434082031,
    "ms-ssim": 0.9952545166015625,
    "bpp": 0.23386666666666667,
    "encoding_time": 0.3727753162384033,
    "decoding_time": 0.49842381477355957
}