{
    "image_name": "RGB_OR_1200x1200_094.png",
    "mse": 0.0010144277475774288,
    "psnr": 29.93206024169922,
    "ms-ssim": 0.9920870661735535,
    "bpp": 0.36602222222222225,
    "encoding_time": 0.7635838985443115,
    "decoding_time": 0.5816941261291504
}