{
    "image_name": "RGB_OR_1200x1200_025.png",
    "mse": 0.00026432194863446057,
    "psnr": 35.75815963745117,
    "ms-ssim": 0.9928018450737,
    "bpp": 0.2718,
    "encoding_time": 0.4975292682647705,
    "decoding_time": 0.756267786026001
}