{
    "image_name": "RGB_OR_1200x1200_076.png",
    "mse": 0.0003706413845065981,
    "psnr": 34.295860290527344,
    "ms-ssim": 0.9914058446884155,
    "bpp": 0.2501333333333333,
    "encoding_time": 0.5196571350097656,
    "decoding_time": 0.6069488525390625
}