{
    "image_name": "RGB_OR_1200x1200_009.png",
    "mse": 0.00019445594807621092,
    "psnr": 37.084632873535156,
    "ms-ssim": 0.9949958324432373,
    "bpp": 0.22024444444444444,
    "encoding_time": 0.7019379138946533,
    "decoding_time": 0.6513733863830566
}