{
    "image_name": "RGB_OR_1200x1200_020.png",
    "mse": 0.0005506637971848249,
    "psnr": 32.581214904785156,
    "ms-ssim": 0.9881727695465088,
    "bpp": 0.5893555555555555,
    "encoding_time": 0.4574453830718994,
    "decoding_time": 0.47782039642333984
}