{
    "image_name": "RGB_OR_1200x1200_054.png",
    "mse": 0.0003709660086315125,
    "psnr": 34.293113708496094,
    "ms-ssim": 0.992630660533905,
    "bpp": 0.4006,
    "encoding_time": 0.7273643016815186,
    "decoding_time": 0.6449484825134277
}