{
    "image_name": "RGB_OR_1200x1200_018.png",
    "mse": 0.001573350396938622,
    "psnr": 28.028406143188477,
    "ms-ssim": 0.9899657964706421,
    "bpp": 0.5659111111111111,
    "encoding_time": 0.8806335926055908,
    "decoding_time": 0.7269339561462402
}