{
    "image_name": "RGB_OR_1200x1200_075.png",
    "mse": 0.00041903392411768436,
    "psnr": 33.764862060546875,
    "ms-ssim": 0.9892477989196777,
    "bpp": 0.39864444444444447,
    "encoding_time": 0.49391913414001465,
    "decoding_time": 0.9806389808654785
}