{
    "image_name": "RGB_OR_1200x1200_017.png",
    "mse": 0.0004637875535991043,
    "psnr": 33.32505798339844,
    "ms-ssim": 0.9919440746307373,
    "bpp": 0.42773333333333335,
    "encoding_time": 0.6738765239715576,
    "decoding_time": 0.541149377822876
}