{
    "image_name": "RGB_OR_1200x1200_089.png",
    "mse": 0.000733701279386878,
    "psnr": 31.33733367919922,
    "ms-ssim": 0.9893441200256348,
    "bpp": 0.5311111111111111,
    "encoding_time": 0.38588666915893555,
    "decoding_time": 0.5707323551177979
}