{
    "image_name": "RGB_OR_1200x1200_045.png",
    "mse": 0.00028904961072839797,
    "psnr": 35.37240219116211,
    "ms-ssim": 0.9911803007125854,
    "bpp": 0.31506666666666666,
    "encoding_time": 0.6350691318511963,
    "decoding_time": 1.0272040367126465
}