{
    "image_name": "RGB_OR_1200x1200_073.png",
    "mse": 0.0001705811155261472,
    "psnr": 37.651790618896484,
    "ms-ssim": 0.9912335872650146,
    "bpp": 0.24077777777777779,
    "encoding_time": 0.5983843803405762,
    "decoding_time": 1.000279188156128
}