{
    "image_name": "RGB_OR_1200x1200_024.png",
    "mse": 0.001705556409433484,
    "psnr": 27.678279876708984,
    "ms-ssim": 0.9900658130645752,
    "bpp": 0.5013111111111112,
    "encoding_time": 0.42912983894348145,
    "decoding_time": 0.7127809524536133
}