{
    "image_name": "RGB_OR_1200x1200_032.png",
    "mse": 0.0007046826649457216,
    "psnr": 31.512372970581055,
    "ms-ssim": 0.9884904623031616,
    "bpp": 0.6031333333333333,
    "encoding_time": 0.49026036262512207,
    "decoding_time": 0.7889056205749512
}