{
    "image_name": "RGB_OR_1200x1200_063.png",
    "mse": 0.0002318196347914636,
    "psnr": 36.32636642456055,
    "ms-ssim": 0.991908073425293,
    "bpp": 0.2715111111111111,
    "encoding_time": 0.3399372100830078,
    "decoding_time": 0.5516648292541504
}