{
    "image_name": "RGB_OR_1200x1200_096.png",
    "mse": 0.0002583816822152585,
    "psnr": 35.85667419433594,
    "ms-ssim": 0.986470103263855,
    "bpp": 0.4971111111111111,
    "encoding_time": 0.4948151111602783,
    "decoding_time": 0.9560098648071289
}