{
    "image_name": "RGB_OR_1200x1200_005.png",
    "mse": 0.0003886949853040278,
    "psnr": 34.089439392089844,
    "ms-ssim": 0.9905725717544556,
    "bpp": 0.4452,
    "encoding_time": 0.530806303024292,
    "decoding_time": 0.5980432033538818
}