{
    "image_name": "RGB_OR_1200x1200_051.png",
    "mse": 0.00017254985868930817,
    "psnr": 37.59883117675781,
    "ms-ssim": 0.991357684135437,
    "bpp": 0.34115555555555555,
    "encoding_time": 0.3406658172607422,
    "decoding_time": 0.5008552074432373
}