{
    "image_name": "RGB_OR_1200x1200_042.png",
    "mse": 0.0003222946834284812,
    "psnr": 34.90073776245117,
    "ms-ssim": 0.9908413887023926,
    "bpp": 0.4123777777777778,
    "encoding_time": 0.4971046447753906,
    "decoding_time": 0.5255856513977051
}