{
    "image_name": "RGB_OR_1200x1200_098.png",
    "mse": 0.0011837236816063523,
    "psnr": 29.262989044189453,
    "ms-ssim": 0.9900829792022705,
    "bpp": 0.6693111111111111,
    "encoding_time": 0.3522629737854004,
    "decoding_time": 0.5115253925323486
}