{
    "image_name": "RGB_OR_1200x1200_047.png",
    "mse": 0.0006593280122615397,
    "psnr": 31.800933837890625,
    "ms-ssim": 0.9902094602584839,
    "bpp": 0.4293777777777778,
    "encoding_time": 0.909106969833374,
    "decoding_time": 0.4733695983886719
}