{
    "image_name": "RGB_OR_1200x1200_046.png",
    "mse": 0.0005527985049411654,
    "psnr": 32.56452178955078,
    "ms-ssim": 0.9883717894554138,
    "bpp": 0.6029777777777777,
    "encoding_time": 0.5041244029998779,
    "decoding_time": 0.5197091102600098
}