{
    "image_name": "RGB_OR_1200x1200_008.png",
    "mse": 0.0004796510620508343,
    "psnr": 33.17939758300781,
    "ms-ssim": 0.9901041984558105,
    "bpp": 0.5297111111111111,
    "encoding_time": 0.5237360000610352,
    "decoding_time": 0.9491288661956787
}