{
    "image_name": "RGB_OR_1200x1200_069.png",
    "mse": 0.0006739465752616525,
    "psnr": 31.705690383911133,
    "ms-ssim": 0.992186427116394,
    "bpp": 0.3436,
    "encoding_time": 0.5438764095306396,
    "decoding_time": 0.7373707294464111
}