{
    "image_name": "RGB_OR_1200x1200_068.png",
    "mse": 0.0002649467787705362,
    "psnr": 35.75796127319336,
    "ms-ssim": 0.9953197836875916,
    "bpp": 0.2608888888888889,
    "encoding_time": 0.373974084854126,
    "decoding_time": 0.6330137252807617
}