{
    "image_name": "RGB_OR_1200x1200_048.png",
    "mse": 0.0008700666367076337,
    "psnr": 30.598024368286133,
    "ms-ssim": 0.9883955717086792,
    "bpp": 0.5806222222222223,
    "encoding_time": 0.4918856620788574,
    "decoding_time": 0.6681029796600342
}