{
    "image_name": "RGB_OR_1200x1200_057.png",
    "mse": 0.00021518609719350934,
    "psnr": 36.64692306518555,
    "ms-ssim": 0.991078794002533,
    "bpp": 0.39086666666666664,
    "encoding_time": 0.44844794273376465,
    "decoding_time": 0.5117015838623047
}