{
    "image_name": "RGB_OR_1200x1200_031.png",
    "mse": 0.00048164528561756015,
    "psnr": 33.16230392456055,
    "ms-ssim": 0.9925636053085327,
    "bpp": 0.44153333333333333,
    "encoding_time": 0.8745553493499756,
    "decoding_time": 0.6715171337127686
}