{
    "image_name": "RGB_OR_1200x1200_040.png",
    "mse": 0.0004626804729923606,
    "psnr": 33.33576202392578,
    "ms-ssim": 0.9909986257553101,
    "bpp": 0.44526666666666664,
    "encoding_time": 0.5009651184082031,
    "decoding_time": 0.7570445537567139
}