{
    "image_name": "RGB_OR_1200x1200_064.png",
    "mse": 0.0005523551953956485,
    "psnr": 32.567970275878906,
    "ms-ssim": 0.9922332763671875,
    "bpp": 0.4452,
    "encoding_time": 0.5539355278015137,
    "decoding_time": 0.6777036190032959
}