{
    "image_name": "RGB_OR_1200x1200_095.png",
    "mse": 0.001650337828323245,
    "psnr": 27.821014404296875,
    "ms-ssim": 0.9869408011436462,
    "bpp": 0.6986,
    "encoding_time": 0.6341934204101562,
    "decoding_time": 0.8886001110076904
}