{
    "image_name": "RGB_OR_1200x1200_091.png",
    "mse": 0.0002761708456091583,
    "psnr": 35.576263427734375,
    "ms-ssim": 0.9951657652854919,
    "bpp": 0.27411111111111114,
    "encoding_time": 0.7486057281494141,
    "decoding_time": 0.7217562198638916
}