{
    "image_name": "RGB_OR_1200x1200_038.png",
    "mse": 0.00020506537111941725,
    "psnr": 36.85573959350586,
    "ms-ssim": 0.993047833442688,
    "bpp": 0.28886666666666666,
    "encoding_time": 0.9793825149536133,
    "decoding_time": 1.201801061630249
}