{
    "image_name": "RGB_OR_1200x1200_010.png",
    "mse": 0.00031220592791214585,
    "psnr": 35.03794479370117,
    "ms-ssim": 0.9912309646606445,
    "bpp": 0.4587555555555556,
    "encoding_time": 0.43666815757751465,
    "decoding_time": 0.77522873878479
}