{
    "image_name": "RGB_OR_1200x1200_071.png",
    "mse": 0.0003320563118904829,
    "psnr": 34.77214050292969,
    "ms-ssim": 0.9908237457275391,
    "bpp": 0.34015555555555554,
    "encoding_time": 0.4086437225341797,
    "decoding_time": 0.4422738552093506
}