{
    "image_name": "RGB_OR_1200x1200_016.png",
    "mse": 0.0013175546191632748,
    "psnr": 28.79779815673828,
    "ms-ssim": 0.9886481761932373,
    "bpp": 0.6062666666666666,
    "encoding_time": 0.44150567054748535,
    "decoding_time": 0.550389289855957
}