{
    "image_name": "RGB_OR_1200x1200_021.png",
    "mse": 0.0005189026123844087,
    "psnr": 32.838714599609375,
    "ms-ssim": 0.9939903616905212,
    "bpp": 0.26593333333333335,
    "encoding_time": 0.43172168731689453,
    "decoding_time": 0.9134771823883057
}