{
    "image_name": "RGB_OR_1200x1200_007.png",
    "mse": 0.0005466318689286709,
    "psnr": 32.613372802734375,
    "ms-ssim": 0.9927114844322205,
    "bpp": 0.33924444444444446,
    "encoding_time": 1.0397017002105713,
    "decoding_time": 1.0348424911499023
}