{
    "image_name": "RGB_OR_1200x1200_072.png",
    "mse": 0.0009422308066859841,
    "psnr": 30.25299644470215,
    "ms-ssim": 0.9919556379318237,
    "bpp": 0.4298444444444444,
    "encoding_time": 1.024465799331665,
    "decoding_time": 0.8486723899841309
}