{
    "image_name": "RGB_OR_1200x1200_041.png",
    "mse": 0.0004840056353714317,
    "psnr": 33.140602111816406,
    "ms-ssim": 0.9913443922996521,
    "bpp": 0.42346666666666666,
    "encoding_time": 0.44246459007263184,
    "decoding_time": 0.45354247093200684
}