{
    "image_name": "RGB_OR_1200x1200_049.png",
    "mse": 0.0003900303563568741,
    "psnr": 34.07361602783203,
    "ms-ssim": 0.9930520057678223,
    "bpp": 0.3325777777777778,
    "encoding_time": 0.8924250602722168,
    "decoding_time": 0.8974008560180664
}