{
    "image_name": "RGB_OR_1200x1200_067.png",
    "mse": 0.00043220320367254317,
    "psnr": 33.630592346191406,
    "ms-ssim": 0.9881798624992371,
    "bpp": 0.42615555555555557,
    "encoding_time": 0.600902795791626,
    "decoding_time": 0.9328055381774902
}