{
    "image_name": "RGB_OR_1200x1200_059.png",
    "mse": 0.0019611679017543793,
    "psnr": 27.072345733642578,
    "ms-ssim": 0.9875501394271851,
    "bpp": 0.6712444444444444,
    "encoding_time": 0.7161962985992432,
    "decoding_time": 0.8038017749786377
}