{
    "image_name": "RGB_OR_1200x1200_092.png",
    "mse": 0.00023911363678053021,
    "psnr": 36.19095230102539,
    "ms-ssim": 0.9869492053985596,
    "bpp": 0.36617777777777777,
    "encoding_time": 0.33895277976989746,
    "decoding_time": 0.7487342357635498
}