{
    "image_name": "RGB_OR_1200x1200_083.png",
    "mse": 0.00035850872518494725,
    "psnr": 34.43962860107422,
    "ms-ssim": 0.9933678507804871,
    "bpp": 0.2803333333333333,
    "encoding_time": 0.34752964973449707,
    "decoding_time": 0.7255229949951172
}