{
    "image_name": "RGB_OR_1200x1200_090.png",
    "mse": 0.001039357390254736,
    "psnr": 29.82716178894043,
    "ms-ssim": 0.9893954992294312,
    "bpp": 0.6069777777777777,
    "encoding_time": 0.5259056091308594,
    "decoding_time": 0.5600471496582031
}