{
    "image_name": "RGB_OR_1200x1200_085.png",
    "mse": 0.00028433528495952487,
    "psnr": 35.4425048828125,
    "ms-ssim": 0.9883381724357605,
    "bpp": 0.5251333333333333,
    "encoding_time": 0.5853900909423828,
    "decoding_time": 0.6621077060699463
}