{
    "image_name": "RGB_OR_1200x1200_077.png",
    "mse": 0.00028564364765770733,
    "psnr": 35.42251205444336,
    "ms-ssim": 0.9829566478729248,
    "bpp": 0.7034,
    "encoding_time": 0.4371821880340576,
    "decoding_time": 0.6665315628051758
}