{
    "image_name": "RGB_OR_1200x1200_084.png",
    "mse": 0.00010996322089340538,
    "psnr": 39.537837982177734,
    "ms-ssim": 0.9905446767807007,
    "bpp": 0.2942444444444444,
    "encoding_time": 0.3471713066101074,
    "decoding_time": 0.7216658592224121
}