{
    "image_name": "RGB_OR_1200x1200_099.png",
    "mse": 0.0004046446701977402,
    "psnr": 33.91564178466797,
    "ms-ssim": 0.988895058631897,
    "bpp": 0.5025111111111111,
    "encoding_time": 0.4558408260345459,
    "decoding_time": 0.6975133419036865
}