{
    "image_name": "RGB_OR_1200x1200_004.png",
    "mse": 0.0002026227448368445,
    "psnr": 36.90646743774414,
    "ms-ssim": 0.9912382960319519,
    "bpp": 0.30446666666666666,
    "encoding_time": 0.7829098701477051,
    "decoding_time": 0.6376521587371826
}