{
    "image_name": "RGB_OR_1200x1200_097.png",
    "mse": 0.0004747334460262209,
    "psnr": 33.22362518310547,
    "ms-ssim": 0.9939729571342468,
    "bpp": 0.2501777777777778,
    "encoding_time": 0.5224645137786865,
    "decoding_time": 0.8690080642700195
}