{
    "image_name": "RGB_OR_1200x1200_026.png",
    "mse": 0.0017474096966907382,
    "psnr": 27.572919845581055,
    "ms-ssim": 0.9906290769577026,
    "bpp": 0.5159555555555555,
    "encoding_time": 0.7529387474060059,
    "decoding_time": 0.8329949378967285
}