{
    "image_name": "RGB_OR_1200x1200_028.png",
    "mse": 0.00011875666677951813,
    "psnr": 39.20824432373047,
    "ms-ssim": 0.9939979314804077,
    "bpp": 0.2577111111111111,
    "encoding_time": 0.5586113929748535,
    "decoding_time": 1.271552562713623
}