{
    "image_name": "RGB_OR_1200x1200_074.png",
    "mse": 0.00016242409765254706,
    "psnr": 37.86115264892578,
    "ms-ssim": 0.9879827499389648,
    "bpp": 0.4274222222222222,
    "encoding_time": 0.5902016162872314,
    "decoding_time": 1.077514410018921
}