{
    "image_name": "RGB_OR_1200x1200_088.png",
    "mse": 0.00040540494956076145,
    "psnr": 33.90742492675781,
    "ms-ssim": 0.9923765063285828,
    "bpp": 0.41904444444444444,
    "encoding_time": 0.3140702247619629,
    "decoding_time": 0.6211569309234619
}