{
    "image_name": "RGB_OR_1200x1200_039.png",
    "mse": 0.0005522932624444366,
    "psnr": 32.56817626953125,
    "ms-ssim": 0.990861177444458,
    "bpp": 0.4633555555555556,
    "encoding_time": 0.4991316795349121,
    "decoding_time": 0.5152912139892578
}