{
    "image_name": "RGB_OR_1200x1200_001.png",
    "mse": 0.00036424348945729434,
    "psnr": 34.371177673339844,
    "ms-ssim": 0.9943349361419678,
    "bpp": 0.2434888888888889,
    "encoding_time": 0.7856616973876953,
    "decoding_time": 0.7172493934631348
}