{
    "image_name": "RGB_OR_1200x1200_082.png",
    "mse": 0.0010047126561403275,
    "psnr": 29.97417449951172,
    "ms-ssim": 0.9855064153671265,
    "bpp": 0.7546222222222222,
    "encoding_time": 0.3696005344390869,
    "decoding_time": 0.6767377853393555
}