{
    "image_name": "RGB_OR_1200x1200_080.png",
    "mse": 0.00019889982650056481,
    "psnr": 36.98687744140625,
    "ms-ssim": 0.9910445213317871,
    "bpp": 0.33015555555555554,
    "encoding_time": 0.3508307933807373,
    "decoding_time": 0.9430458545684814
}