{
    "image_name": "RGB_OR_1200x1200_019.png",
    "mse": 0.000463013508124277,
    "psnr": 33.33198547363281,
    "ms-ssim": 0.9907271265983582,
    "bpp": 0.43535555555555555,
    "encoding_time": 0.5332105159759521,
    "decoding_time": 0.6541168689727783
}