{
    "image_name": "RGB_OR_1200x1200_012.png",
    "mse": 0.00044432643335312605,
    "psnr": 33.510868072509766,
    "ms-ssim": 0.991943359375,
    "bpp": 0.30104444444444445,
    "encoding_time": 0.3500845432281494,
    "decoding_time": 0.48270726203918457
}