{
    "image_name": "RGB_OR_1200x1200_079.png",
    "mse": 0.0007463408983312547,
    "psnr": 31.26344871520996,
    "ms-ssim": 0.9948829412460327,
    "bpp": 0.23473333333333332,
    "encoding_time": 0.3462538719177246,
    "decoding_time": 0.47233009338378906
}