{
    "image_name": "RGB_OR_1200x1200_002.png",
    "mse": 0.00020696493447758257,
    "psnr": 36.81401824951172,
    "ms-ssim": 0.9933152198791504,
    "bpp": 0.18575555555555556,
    "encoding_time": 0.6579630374908447,
    "decoding_time": 0.9270005226135254
}