{
    "image_name": "RGB_OR_1200x1200_037.png",
    "mse": 0.00032693936373107135,
    "psnr": 34.83833694458008,
    "ms-ssim": 0.9915668964385986,
    "bpp": 0.4008,
    "encoding_time": 0.48950958251953125,
    "decoding_time": 0.7786760330200195
}