{
    "image_name": "RGB_OR_1200x1200_033.png",
    "mse": 0.0006076006102375686,
    "psnr": 32.15476989746094,
    "ms-ssim": 0.9909515380859375,
    "bpp": 0.4782,
    "encoding_time": 0.3189105987548828,
    "decoding_time": 0.5267841815948486
}