{
    "image_name": "RGB_OR_1200x1200_011.png",
    "mse": 0.0009952355176210403,
    "psnr": 30.015417098999023,
    "ms-ssim": 0.9914190173149109,
    "bpp": 0.4514,
    "encoding_time": 0.48072361946105957,
    "decoding_time": 0.45314812660217285
}