{
    "image_name": "RGB_OR_1200x1200_030.png",
    "mse": 0.0006223141099326313,
    "psnr": 32.05124282836914,
    "ms-ssim": 0.9889974594116211,
    "bpp": 0.5656,
    "encoding_time": 0.3814558982849121,
    "decoding_time": 0.7306089401245117
}