{
    "image_name": "RGB_OR_1200x1200_036.png",
    "mse": 9.46996224229224e-05,
    "psnr": 40.17961883544922,
    "ms-ssim": 0.9928919672966003,
    "bpp": 0.22784444444444443,
    "encoding_time": 0.5211107730865479,
    "decoding_time": 0.6705348491668701
}