{
    "image_name": "RGB_OR_1200x1200_062.png",
    "mse": 0.0014963881112635136,
    "psnr": 28.245859146118164,
    "ms-ssim": 0.988100528717041,
    "bpp": 0.7210666666666666,
    "encoding_time": 0.3258190155029297,
    "decoding_time": 0.5661053657531738
}