{
    "image_name": "RGB_OR_1200x1200_060.png",
    "mse": 0.00033271440770477057,
    "psnr": 34.76323699951172,
    "ms-ssim": 0.9921932220458984,
    "bpp": 0.33515555555555554,
    "encoding_time": 0.5995156764984131,
    "decoding_time": 0.5800063610076904
}