{
    "image_name": "RGB_OR_1200x1200_015.png",
    "mse": 0.00012189197150291875,
    "psnr": 39.095359802246094,
    "ms-ssim": 0.9943393468856812,
    "bpp": 0.14622222222222223,
    "encoding_time": 0.7193934917449951,
    "decoding_time": 0.6766698360443115
}