{
    "image_name": "RGB_OR_1200x1200_013.png",
    "mse": 0.00041781371692195535,
    "psnr": 33.777244567871094,
    "ms-ssim": 0.9925907850265503,
    "bpp": 0.3144222222222222,
    "encoding_time": 0.7404613494873047,
    "decoding_time": 0.7600853443145752
}