{
    "image_name": "RGB_OR_1200x1200_086.png",
    "mse": 0.000641482649371028,
    "psnr": 31.919633865356445,
    "ms-ssim": 0.9857488870620728,
    "bpp": 0.7976888888888889,
    "encoding_time": 0.5014362335205078,
    "decoding_time": 0.750173807144165
}