{
    "image_name": "RGB_OR_1200x1200_035.png",
    "mse": 0.0005750661948695779,
    "psnr": 32.393558502197266,
    "ms-ssim": 0.9910320043563843,
    "bpp": 0.4140666666666667,
    "encoding_time": 0.42668819427490234,
    "decoding_time": 0.4157402515411377
}