{
    "image_name": "RGB_OR_1200x1200_034.png",
    "mse": 0.0002898043894674629,
    "psnr": 35.35985565185547,
    "ms-ssim": 0.9942590594291687,
    "bpp": 0.27213333333333334,
    "encoding_time": 0.3665785789489746,
    "decoding_time": 0.531606912612915
}