{
    "image_name": "RGB_OR_1200x1200_066.png",
    "mse": 0.00030353409238159657,
    "psnr": 35.160194396972656,
    "ms-ssim": 0.9914839267730713,
    "bpp": 0.30102222222222225,
    "encoding_time": 0.5041604042053223,
    "decoding_time": 0.8818519115447998
}