{
    "image_name": "RGB_OR_1200x1200_006.png",
    "mse": 0.00027715388569049537,
    "psnr": 35.553428649902344,
    "ms-ssim": 0.9875518083572388,
    "bpp": 0.5234222222222222,
    "encoding_time": 0.5619518756866455,
    "decoding_time": 1.0464653968811035
}