{
    "image_name": "RGB_OR_1200x1200_056.png",
    "mse": 0.00015131256077438593,
    "psnr": 38.165218353271484,
    "ms-ssim": 0.991705596446991,
    "bpp": 0.2955111111111111,
    "encoding_time": 0.710904598236084,
    "decoding_time": 0.5305767059326172
}