{
    "image_name": "RGB_OR_1200x1200_065.png",
    "mse": 0.0011311313137412071,
    "psnr": 29.460037231445312,
    "ms-ssim": 0.9880836009979248,
    "bpp": 0.4779333333333333,
    "encoding_time": 0.8684899806976318,
    "decoding_time": 0.653839111328125
}