{
    "image_name": "RGB_OR_1200x1200_023.png",
    "mse": 0.0009371930500492454,
    "psnr": 30.275989532470703,
    "ms-ssim": 0.9912919998168945,
    "bpp": 0.41113333333333335,
    "encoding_time": 0.37605738639831543,
    "decoding_time": 0.5750076770782471
}