{
    "image_name": "RGB_OR_1200x1200_081.png",
    "mse": 0.00047465594252571464,
    "psnr": 33.22443389892578,
    "ms-ssim": 0.9932675361633301,
    "bpp": 0.33044444444444443,
    "encoding_time": 0.40405964851379395,
    "decoding_time": 1.0294413566589355
}