{
    "image_name": "RGB_OR_1200x1200_055.png",
    "mse": 0.00038958515506237745,
    "psnr": 34.07976150512695,
    "ms-ssim": 0.994002103805542,
    "bpp": 0.3619777777777778,
    "encoding_time": 0.5707011222839355,
    "decoding_time": 0.5274872779846191
}