{
    "image_name": "RGB_OR_1200x1200_050.png",
    "mse": 0.00035268336068838835,
    "psnr": 34.510833740234375,
    "ms-ssim": 0.9888164401054382,
    "bpp": 0.459,
    "encoding_time": 1.2436890602111816,
    "decoding_time": 0.9141130447387695
}