{
    "image_name": "RGB_OR_1200x1200_027.png",
    "mse": 0.0006091346149332821,
    "psnr": 32.14384841918945,
    "ms-ssim": 0.9920070171356201,
    "bpp": 0.4182888888888889,
    "encoding_time": 0.4529125690460205,
    "decoding_time": 0.42081642150878906
}