{
    "image_name": "RGB_OR_1200x1200_003.png",
    "mse": 0.000486227945657447,
    "psnr": 33.12025451660156,
    "ms-ssim": 0.9924252033233643,
    "bpp": 0.3255777777777778,
    "encoding_time": 0.6868541240692139,
    "decoding_time": 0.8873496055603027
}