{
    "mean_loss": 0.13794722469096715,
    "mean_bpp": 0.1347608888888889,
    "mean_psnr": 28.1438826751709,
    "mean_msssim": 0.9681366419792176,
    "mean_msssim_dB": 14.967084566251017,
    "mean_enc_time": 0.3798361873626709,
    "mean_dec_time": 0.4463322377204895
}