{
    "image_name": "RGB_OR_1200x1200_012.png",
    "mse": 0.0015904981410130858,
    "psnr": 27.981172561645508,
    "ms-ssim": 0.9759304523468018,
    "bpp": 0.10131111111111112,
    "encoding_time": 0.3373124599456787,
    "decoding_time": 0.5004167556762695
}