{
    "image_name": "RGB_OR_1200x1200_002.png",
    "mse": 0.000893027929123491,
    "psnr": 30.485198974609375,
    "ms-ssim": 0.9837755560874939,
    "bpp": 0.061,
    "encoding_time": 0.4151122570037842,
    "decoding_time": 0.46964120864868164
}