{
    "image_name": "RGB_OR_1200x1200_007.png",
    "mse": 0.0020382970105856657,
    "psnr": 26.904403686523438,
    "ms-ssim": 0.9739992618560791,
    "bpp": 0.12464444444444445,
    "encoding_time": 0.544522762298584,
    "decoding_time": 0.43399739265441895
}