{
    "image_name": "RGB_OR_1200x1200_019.png",
    "mse": 0.0014971401542425156,
    "psnr": 28.24365997314453,
    "ms-ssim": 0.9684954881668091,
    "bpp": 0.1338,
    "encoding_time": 0.40009379386901855,
    "decoding_time": 0.3124678134918213
}