{
    "image_name": "RGB_OR_1200x1200_100.png",
    "mse": 0.0006116800359450281,
    "psnr": 32.13661575317383,
    "ms-ssim": 0.9821733236312866,
    "bpp": 0.07526666666666666,
    "encoding_time": 0.26299357414245605,
    "decoding_time": 0.31812047958374023
}