{
    "image_name": "RGB_OR_1200x1200_085.png",
    "mse": 0.001080034882761538,
    "psnr": 29.66056251525879,
    "ms-ssim": 0.9581229090690613,
    "bpp": 0.15375555555555556,
    "encoding_time": 0.3472151756286621,
    "decoding_time": 0.31760191917419434
}