{
    "image_name": "RGB_OR_1200x1200_005.png",
    "mse": 0.0015015334356576204,
    "psnr": 28.230836868286133,
    "ms-ssim": 0.9645614624023438,
    "bpp": 0.1487111111111111,
    "encoding_time": 0.40700340270996094,
    "decoding_time": 0.4846153259277344
}