{
    "image_name": "RGB_OR_1200x1200_051.png",
    "mse": 0.0007172842160798609,
    "psnr": 31.43561553955078,
    "ms-ssim": 0.9734804630279541,
    "bpp": 0.1076,
    "encoding_time": 0.49867939949035645,
    "decoding_time": 0.3952181339263916
}