{
    "image_name": "RGB_OR_1200x1200_099.png",
    "mse": 0.001195736462250352,
    "psnr": 29.218965530395508,
    "ms-ssim": 0.9590301513671875,
    "bpp": 0.14626666666666666,
    "encoding_time": 0.41078782081604004,
    "decoding_time": 0.6328170299530029
}