{
    "image_name": "RGB_OR_1200x1200_004.png",
    "mse": 0.0009733301121741533,
    "psnr": 30.111419677734375,
    "ms-ssim": 0.9764592051506042,
    "bpp": 0.06997777777777778,
    "encoding_time": 0.27832746505737305,
    "decoding_time": 0.39730262756347656
}