{
    "image_name": "RGB_OR_1200x1200_072.png",
    "mse": 0.0027135261334478855,
    "psnr": 25.6628360748291,
    "ms-ssim": 0.9691058993339539,
    "bpp": 0.16402222222222224,
    "encoding_time": 0.3359847068786621,
    "decoding_time": 0.45184969902038574
}