{
    "image_name": "RGB_OR_1200x1200_032.png",
    "mse": 0.002026360249146819,
    "psnr": 26.93022346496582,
    "ms-ssim": 0.9544638991355896,
    "bpp": 0.1988,
    "encoding_time": 0.47824645042419434,
    "decoding_time": 0.47479248046875
}