{
    "image_name": "RGB_OR_1200x1200_023.png",
    "mse": 0.0031404232140630484,
    "psnr": 25.028406143188477,
    "ms-ssim": 0.9709736108779907,
    "bpp": 0.13446666666666668,
    "encoding_time": 0.4293203353881836,
    "decoding_time": 0.6619429588317871
}