{
    "image_name": "RGB_OR_1200x1200_042.png",
    "mse": 0.001166395959444344,
    "psnr": 29.327096939086914,
    "ms-ssim": 0.9693846702575684,
    "bpp": 0.12517777777777778,
    "encoding_time": 0.42072200775146484,
    "decoding_time": 0.5930378437042236
}