{
    "image_name": "RGB_OR_1200x1200_062.png",
    "mse": 0.0041898260824382305,
    "psnr": 23.776742935180664,
    "ms-ssim": 0.9469560384750366,
    "bpp": 0.2432888888888889,
    "encoding_time": 0.5585613250732422,
    "decoding_time": 0.42122888565063477
}