{
    "image_name": "RGB_OR_1200x1200_087.png",
    "mse": 0.0034949667751789093,
    "psnr": 24.56403923034668,
    "ms-ssim": 0.9440848231315613,
    "bpp": 0.24582222222222222,
    "encoding_time": 0.3915266990661621,
    "decoding_time": 0.31627798080444336
}