{
    "image_name": "RGB_OR_1200x1200_008.png",
    "mse": 0.00168191350530833,
    "psnr": 27.738597869873047,
    "ms-ssim": 0.9586746096611023,
    "bpp": 0.1650888888888889,
    "encoding_time": 0.404003381729126,
    "decoding_time": 0.3829934597015381
}