{
    "image_name": "RGB_OR_1200x1200_096.png",
    "mse": 0.0007959312642924488,
    "psnr": 30.98460578918457,
    "ms-ssim": 0.9569582343101501,
    "bpp": 0.1002,
    "encoding_time": 0.2671318054199219,
    "decoding_time": 0.37409090995788574
}