{
    "image_name": "RGB_OR_1200x1200_093.png",
    "mse": 0.0011832889867946506,
    "psnr": 29.265920639038086,
    "ms-ssim": 0.9769595861434937,
    "bpp": 0.09691111111111111,
    "encoding_time": 0.2524707317352295,
    "decoding_time": 0.41861462593078613
}