{
    "image_name": "RGB_OR_1200x1200_017.png",
    "mse": 0.0017166204052045941,
    "psnr": 27.649917602539062,
    "ms-ssim": 0.9678226709365845,
    "bpp": 0.15553333333333333,
    "encoding_time": 0.3621037006378174,
    "decoding_time": 0.41164302825927734
}