{
    "image_name": "RGB_OR_1200x1200_058.png",
    "mse": 0.0014529392356052995,
    "psnr": 28.37388038635254,
    "ms-ssim": 0.9718548059463501,
    "bpp": 0.1300888888888889,
    "encoding_time": 0.4516770839691162,
    "decoding_time": 0.5707621574401855
}