{
    "image_name": "RGB_OR_1200x1200_014.png",
    "mse": 0.0013984135584905744,
    "psnr": 28.539892196655273,
    "ms-ssim": 0.979766845703125,
    "bpp": 0.1039111111111111,
    "encoding_time": 0.44782185554504395,
    "decoding_time": 0.5578680038452148
}