{
    "image_name": "RGB_OR_1200x1200_080.png",
    "mse": 0.0008817857597023249,
    "psnr": 30.539871215820312,
    "ms-ssim": 0.9734043478965759,
    "bpp": 0.09877777777777778,
    "encoding_time": 0.3356912136077881,
    "decoding_time": 0.525815486907959
}