{
    "image_name": "RGB_OR_1200x1200_056.png",
    "mse": 0.0005485382280312479,
    "psnr": 32.59776306152344,
    "ms-ssim": 0.975665271282196,
    "bpp": 0.08151111111111112,
    "encoding_time": 0.26645994186401367,
    "decoding_time": 0.2695155143737793
}