{
    "image_name": "RGB_OR_1200x1200_039.png",
    "mse": 0.0017953915521502495,
    "psnr": 27.455276489257812,
    "ms-ssim": 0.9637317657470703,
    "bpp": 0.15944444444444444,
    "encoding_time": 0.45094943046569824,
    "decoding_time": 0.5004539489746094
}