{
    "image_name": "RGB_OR_1200x1200_048.png",
    "mse": 0.002480424242094159,
    "psnr": 26.052553176879883,
    "ms-ssim": 0.9568865299224854,
    "bpp": 0.18504444444444446,
    "encoding_time": 0.5124647617340088,
    "decoding_time": 0.8734009265899658
}