{
    "image_name": "RGB_OR_1200x1200_030.png",
    "mse": 0.0019857543520629406,
    "psnr": 27.01797103881836,
    "ms-ssim": 0.9580880403518677,
    "bpp": 0.18837777777777778,
    "encoding_time": 0.4631354808807373,
    "decoding_time": 0.40866994857788086
}