{
    "image_name": "RGB_OR_1200x1200_097.png",
    "mse": 0.0017227109055966139,
    "psnr": 27.634567260742188,
    "ms-ssim": 0.9842955470085144,
    "bpp": 0.10064444444444444,
    "encoding_time": 0.27602672576904297,
    "decoding_time": 0.5173907279968262
}