{
    "image_name": "RGB_OR_1200x1200_060.png",
    "mse": 0.0013690164778381586,
    "psnr": 28.63239860534668,
    "ms-ssim": 0.9756978750228882,
    "bpp": 0.11873333333333333,
    "encoding_time": 0.3464806079864502,
    "decoding_time": 0.49131250381469727
}