{
    "image_name": "RGB_OR_1200x1200_069.png",
    "mse": 0.002209800761193037,
    "psnr": 26.554128646850586,
    "ms-ssim": 0.9739682674407959,
    "bpp": 0.11895555555555555,
    "encoding_time": 0.42845988273620605,
    "decoding_time": 0.34065842628479004
}