{
    "image_name": "RGB_OR_1200x1200_090.png",
    "mse": 0.003581821219995618,
    "psnr": 24.457382202148438,
    "ms-ssim": 0.9548029899597168,
    "bpp": 0.20662222222222223,
    "encoding_time": 0.35528111457824707,
    "decoding_time": 0.38361072540283203
}