{
    "image_name": "RGB_OR_1200x1200_028.png",
    "mse": 0.0005667529767379165,
    "psnr": 32.45637130737305,
    "ms-ssim": 0.9797832369804382,
    "bpp": 0.08828888888888889,
    "encoding_time": 0.3923990726470947,
    "decoding_time": 0.34398508071899414
}