{
    "image_name": "RGB_OR_1200x1200_057.png",
    "mse": 0.000994339119642973,
    "psnr": 30.019073486328125,
    "ms-ssim": 0.9682819247245789,
    "bpp": 0.09422222222222222,
    "encoding_time": 0.5144078731536865,
    "decoding_time": 0.6351714134216309
}