{
    "image_name": "RGB_OR_1200x1200_018.png",
    "mse": 0.0038961705286055803,
    "psnr": 24.092256546020508,
    "ms-ssim": 0.9587573409080505,
    "bpp": 0.1968,
    "encoding_time": 0.31827282905578613,
    "decoding_time": 0.5683774948120117
}