{
    "image_name": "RGB_OR_1200x1200_086.png",
    "mse": 0.0016551691805943847,
    "psnr": 27.8082218170166,
    "ms-ssim": 0.9337908625602722,
    "bpp": 0.25422222222222224,
    "encoding_time": 0.5216889381408691,
    "decoding_time": 0.5250544548034668
}