{
    "image_name": "RGB_OR_1200x1200_045.png",
    "mse": 0.0012494822731241584,
    "psnr": 29.028156280517578,
    "ms-ssim": 0.9742588996887207,
    "bpp": 0.12084444444444445,
    "encoding_time": 0.29576778411865234,
    "decoding_time": 0.41831183433532715
}