{
    "image_name": "RGB_OR_1200x1200_021.png",
    "mse": 0.0018164539942517877,
    "psnr": 27.404834747314453,
    "ms-ssim": 0.9810821413993835,
    "bpp": 0.1046,
    "encoding_time": 0.4117145538330078,
    "decoding_time": 0.4918832778930664
}