{
    "image_name": "RGB_OR_1200x1200_076.png",
    "mse": 0.001624893513508141,
    "psnr": 27.88849639892578,
    "ms-ssim": 0.9800130724906921,
    "bpp": 0.0794,
    "encoding_time": 0.5648860931396484,
    "decoding_time": 0.45874738693237305
}