{
    "image_name": "RGB_OR_1200x1200_046.png",
    "mse": 0.001876562717370689,
    "psnr": 27.263690948486328,
    "ms-ssim": 0.9532222747802734,
    "bpp": 0.19224444444444444,
    "encoding_time": 0.3132791519165039,
    "decoding_time": 0.37366461753845215
}