{
    "image_name": "RGB_OR_1200x1200_077.png",
    "mse": 0.0009646699763834476,
    "psnr": 30.15044403076172,
    "ms-ssim": 0.9348526000976562,
    "bpp": 0.1268,
    "encoding_time": 0.4061551094055176,
    "decoding_time": 0.4880411624908447
}