{
    "image_name": "RGB_OR_1200x1200_061.png",
    "mse": 0.0027079058345407248,
    "psnr": 25.671506881713867,
    "ms-ssim": 0.9583867788314819,
    "bpp": 0.21106666666666668,
    "encoding_time": 0.36642956733703613,
    "decoding_time": 0.37287354469299316
}