{
    "image_name": "RGB_OR_1200x1200_092.png",
    "mse": 0.0012289882870391011,
    "psnr": 29.10077667236328,
    "ms-ssim": 0.9692246317863464,
    "bpp": 0.06724444444444444,
    "encoding_time": 0.30021047592163086,
    "decoding_time": 0.34731197357177734
}