{
    "image_name": "RGB_OR_1200x1200_071.png",
    "mse": 0.0014468509471043944,
    "psnr": 28.3925838470459,
    "ms-ssim": 0.9750835299491882,
    "bpp": 0.08882222222222222,
    "encoding_time": 0.26206040382385254,
    "decoding_time": 0.26885271072387695
}