{
    "image_name": "RGB_OR_1200x1200_073.png",
    "mse": 0.0008093424839898944,
    "psnr": 30.912630081176758,
    "ms-ssim": 0.9803342223167419,
    "bpp": 0.06704444444444445,
    "encoding_time": 0.32241201400756836,
    "decoding_time": 0.37934207916259766
}