{
    "image_name": "RGB_OR_1200x1200_066.png",
    "mse": 0.001097710570320487,
    "psnr": 29.590442657470703,
    "ms-ssim": 0.9763103723526001,
    "bpp": 0.12715555555555555,
    "encoding_time": 0.3244786262512207,
    "decoding_time": 0.4077334403991699
}