{
    "image_name": "RGB_OR_1200x1200_049.png",
    "mse": 0.0016062970971688628,
    "psnr": 27.93798065185547,
    "ms-ssim": 0.9754216074943542,
    "bpp": 0.13397777777777778,
    "encoding_time": 0.3526895046234131,
    "decoding_time": 0.44890713691711426
}