{
    "image_name": "RGB_OR_1200x1200_091.png",
    "mse": 0.0009163209469988942,
    "psnr": 30.375717163085938,
    "ms-ssim": 0.9811741709709167,
    "bpp": 0.11186666666666667,
    "encoding_time": 0.3081047534942627,
    "decoding_time": 0.3506331443786621
}