{
    "image_name": "RGB_OR_1200x1200_024.png",
    "mse": 0.0037518341559916735,
    "psnr": 24.25609588623047,
    "ms-ssim": 0.9634039402008057,
    "bpp": 0.1776,
    "encoding_time": 0.40879225730895996,
    "decoding_time": 0.4389457702636719
}