{
    "image_name": "RGB_OR_1200x1200_053.png",
    "mse": 0.0011285410728305578,
    "psnr": 29.471590042114258,
    "ms-ssim": 0.9861130714416504,
    "bpp": 0.08393333333333333,
    "encoding_time": 0.49423861503601074,
    "decoding_time": 0.43208765983581543
}