{
    "image_name": "RGB_OR_1200x1200_094.png",
    "mse": 0.0027884948067367077,
    "psnr": 25.544395446777344,
    "ms-ssim": 0.9730121493339539,
    "bpp": 0.1386888888888889,
    "encoding_time": 0.5004560947418213,
    "decoding_time": 0.5693135261535645
}