{
    "image_name": "RGB_OR_1200x1200_079.png",
    "mse": 0.0025937387254089117,
    "psnr": 25.858535766601562,
    "ms-ssim": 0.983207106590271,
    "bpp": 0.10433333333333333,
    "encoding_time": 0.30707406997680664,
    "decoding_time": 0.5794422626495361
}