{
    "image_name": "RGB_OR_1200x1200_040.png",
    "mse": 0.001780040212906897,
    "psnr": 27.492633819580078,
    "ms-ssim": 0.9665637016296387,
    "bpp": 0.13753333333333334,
    "encoding_time": 0.39736199378967285,
    "decoding_time": 0.6350955963134766
}