{
    "image_name": "RGB_OR_1200x1200_011.png",
    "mse": 0.002583789872005582,
    "psnr": 25.875396728515625,
    "ms-ssim": 0.9673749804496765,
    "bpp": 0.16395555555555555,
    "encoding_time": 0.5147464275360107,
    "decoding_time": 0.566753625869751
}