{
    "image_name": "RGB_OR_1200x1200_015.png",
    "mse": 0.0009640227654017508,
    "psnr": 30.153337478637695,
    "ms-ssim": 0.9870771765708923,
    "bpp": 0.06171111111111111,
    "encoding_time": 0.4344172477722168,
    "decoding_time": 0.2968902587890625
}