{
    "image_name": "RGB_OR_1200x1200_001.png",
    "mse": 0.0011701625771820545,
    "psnr": 29.31266212463379,
    "ms-ssim": 0.982397735118866,
    "bpp": 0.09257777777777777,
    "encoding_time": 0.2665119171142578,
    "decoding_time": 0.3706197738647461
}