{
    "image_name": "RGB_OR_1200x1200_081.png",
    "mse": 0.0018881607102230191,
    "psnr": 27.236799240112305,
    "ms-ssim": 0.9753355383872986,
    "bpp": 0.12246666666666667,
    "encoding_time": 0.32618260383605957,
    "decoding_time": 0.36714839935302734
}