{
    "image_name": "RGB_OR_1200x1200_003.png",
    "mse": 0.0013894152361899614,
    "psnr": 28.56772232055664,
    "ms-ssim": 0.9765409231185913,
    "bpp": 0.10395555555555555,
    "encoding_time": 0.2555251121520996,
    "decoding_time": 0.4342358112335205
}