{
    "image_name": "RGB_OR_1200x1200_027.png",
    "mse": 0.0019670063629746437,
    "psnr": 27.058982849121094,
    "ms-ssim": 0.9692351818084717,
    "bpp": 0.133,
    "encoding_time": 0.38173723220825195,
    "decoding_time": 0.5590932369232178
}