{
    "image_name": "RGB_OR_1200x1200_088.png",
    "mse": 0.0016827748622745275,
    "psnr": 27.736448287963867,
    "ms-ssim": 0.9694868922233582,
    "bpp": 0.14186666666666667,
    "encoding_time": 0.4149971008300781,
    "decoding_time": 0.6472508907318115
}