{
    "image_name": "RGB_OR_1200x1200_065.png",
    "mse": 0.0031997363548725843,
    "psnr": 24.947019577026367,
    "ms-ssim": 0.9631295204162598,
    "bpp": 0.13633333333333333,
    "encoding_time": 0.3028726577758789,
    "decoding_time": 0.5058004856109619
}