{
    "image_name": "RGB_OR_1200x1200_013.png",
    "mse": 0.001717213075608015,
    "psnr": 27.648025512695312,
    "ms-ssim": 0.9761125445365906,
    "bpp": 0.1108,
    "encoding_time": 0.3063690662384033,
    "decoding_time": 0.49826765060424805
}