{
    "image_name": "RGB_OR_1200x1200_059.png",
    "mse": 0.00488793570548296,
    "psnr": 23.107580184936523,
    "ms-ssim": 0.9504731893539429,
    "bpp": 0.22402222222222223,
    "encoding_time": 0.25682592391967773,
    "decoding_time": 0.527026891708374
}