{
    "image_name": "RGB_OR_1200x1200_043.png",
    "mse": 0.0025189360603690147,
    "psnr": 25.985572814941406,
    "ms-ssim": 0.946884036064148,
    "bpp": 0.227,
    "encoding_time": 0.27372288703918457,
    "decoding_time": 0.32736706733703613
}