{
    "image_name": "RGB_OR_1200x1200_025.png",
    "mse": 0.0010973335010930896,
    "psnr": 29.591819763183594,
    "ms-ssim": 0.9786543846130371,
    "bpp": 0.09455555555555556,
    "encoding_time": 0.35110926628112793,
    "decoding_time": 0.39858388900756836
}