{
    "image_name": "RGB_OR_1200x1200_009.png",
    "mse": 0.0010023788781836629,
    "psnr": 29.984302520751953,
    "ms-ssim": 0.9846757650375366,
    "bpp": 0.07888888888888888,
    "encoding_time": 0.3959667682647705,
    "decoding_time": 0.31473875045776367
}