{
    "image_name": "RGB_OR_1200x1200_055.png",
    "mse": 0.0016557376366108656,
    "psnr": 27.806495666503906,
    "ms-ssim": 0.9767650365829468,
    "bpp": 0.13737777777777777,
    "encoding_time": 0.3322455883026123,
    "decoding_time": 0.42665934562683105
}