{
    "image_name": "RGB_OR_1200x1200_074.png",
    "mse": 0.0006829210906289518,
    "psnr": 31.648496627807617,
    "ms-ssim": 0.9624621868133545,
    "bpp": 0.08215555555555555,
    "encoding_time": 0.40979576110839844,
    "decoding_time": 0.4378821849822998
}