{
    "image_name": "RGB_OR_1200x1200_098.png",
    "mse": 0.003545145271345973,
    "psnr": 24.50216293334961,
    "ms-ssim": 0.9542347192764282,
    "bpp": 0.2542,
    "encoding_time": 0.28826332092285156,
    "decoding_time": 0.47602343559265137
}