{
    "image_name": "RGB_OR_1200x1200_036.png",
    "mse": 0.0008907027659006417,
    "psnr": 30.496505737304688,
    "ms-ssim": 0.9814513921737671,
    "bpp": 0.06282222222222222,
    "encoding_time": 0.34960293769836426,
    "decoding_time": 0.4967362880706787
}