{
    "image_name": "RGB_OR_1200x1200_067.png",
    "mse": 0.0015924726612865925,
    "psnr": 27.9759521484375,
    "ms-ssim": 0.9650919437408447,
    "bpp": 0.1121111111111111,
    "encoding_time": 0.26796984672546387,
    "decoding_time": 0.35954999923706055
}