{
    "image_name": "RGB_OR_1200x1200_070.png",
    "mse": 0.001146538881585002,
    "psnr": 29.401559829711914,
    "ms-ssim": 0.9563577175140381,
    "bpp": 0.14551111111111112,
    "encoding_time": 0.3412659168243408,
    "decoding_time": 0.46065282821655273
}