{
    "image_name": "RGB_OR_1200x1200_029.png",
    "mse": 0.0012058410793542862,
    "psnr": 29.182392120361328,
    "ms-ssim": 0.9727964401245117,
    "bpp": 0.12402222222222223,
    "encoding_time": 0.39592576026916504,
    "decoding_time": 0.41007399559020996
}