{
    "image_name": "RGB_OR_1200x1200_037.png",
    "mse": 0.0012391401687636971,
    "psnr": 29.06430435180664,
    "ms-ssim": 0.9685420989990234,
    "bpp": 0.12826666666666667,
    "encoding_time": 0.406435489654541,
    "decoding_time": 0.4780247211456299
}