{
    "image_name": "RGB_OR_1200x1200_041.png",
    "mse": 0.0017664162442088127,
    "psnr": 27.52596092224121,
    "ms-ssim": 0.9686626195907593,
    "bpp": 0.1332888888888889,
    "encoding_time": 0.40166568756103516,
    "decoding_time": 0.38831400871276855
}