{
    "image_name": "RGB_OR_1200x1200_082.png",
    "mse": 0.002771811792626977,
    "psnr": 25.570310592651367,
    "ms-ssim": 0.9392119646072388,
    "bpp": 0.24066666666666667,
    "encoding_time": 0.5244150161743164,
    "decoding_time": 0.5229146480560303
}