{
    "image_name": "RGB_OR_1200x1200_034.png",
    "mse": 0.0008215275593101978,
    "psnr": 30.84712791442871,
    "ms-ssim": 0.9799661636352539,
    "bpp": 0.0937111111111111,
    "encoding_time": 0.33187031745910645,
    "decoding_time": 0.383089542388916
}