{
    "image_name": "RGB_OR_1200x1200_064.png",
    "mse": 0.001803925377316773,
    "psnr": 27.434946060180664,
    "ms-ssim": 0.9687556028366089,
    "bpp": 0.16124444444444444,
    "encoding_time": 0.3308267593383789,
    "decoding_time": 0.4320101737976074
}