{
    "image_name": "RGB_OR_1200x1200_089.png",
    "mse": 0.001852904912084341,
    "psnr": 27.31852149963379,
    "ms-ssim": 0.9601399302482605,
    "bpp": 0.15366666666666667,
    "encoding_time": 0.357022762298584,
    "decoding_time": 0.27939653396606445
}