{
    "image_name": "RGB_OR_1200x1200_020.png",
    "mse": 0.001590736210346222,
    "psnr": 27.980419158935547,
    "ms-ssim": 0.9529330134391785,
    "bpp": 0.18464444444444444,
    "encoding_time": 0.5487675666809082,
    "decoding_time": 0.5045247077941895
}