{
    "image_name": "RGB_OR_1200x1200_047.png",
    "mse": 0.0021912427619099617,
    "psnr": 26.590572357177734,
    "ms-ssim": 0.9656662940979004,
    "bpp": 0.13848888888888888,
    "encoding_time": 0.3683507442474365,
    "decoding_time": 0.43719029426574707
}