{
    "image_name": "RGB_OR_1200x1200_050.png",
    "mse": 0.0015254153404384851,
    "psnr": 28.162487030029297,
    "ms-ssim": 0.9633139371871948,
    "bpp": 0.1322,
    "encoding_time": 0.4849586486816406,
    "decoding_time": 0.39029693603515625
}