{
    "image_name": "RGB_OR_1200x1200_038.png",
    "mse": 0.0009017048287205398,
    "psnr": 30.443605422973633,
    "ms-ssim": 0.9778536558151245,
    "bpp": 0.09891111111111112,
    "encoding_time": 0.44091033935546875,
    "decoding_time": 0.5997185707092285
}