{
    "image_name": "RGB_OR_1200x1200_083.png",
    "mse": 0.0015591406263411045,
    "psnr": 28.06764030456543,
    "ms-ssim": 0.9788011908531189,
    "bpp": 0.09582222222222223,
    "encoding_time": 0.4546701908111572,
    "decoding_time": 0.36707568168640137
}