{
    "image_name": "RGB_OR_1200x1200_022.png",
    "mse": 0.0012795425718650222,
    "psnr": 28.92513656616211,
    "ms-ssim": 0.9677550196647644,
    "bpp": 0.14344444444444446,
    "encoding_time": 0.39919304847717285,
    "decoding_time": 0.40717244148254395
}