{
    "image_name": "RGB_OR_1200x1200_026.png",
    "mse": 0.00426911935210228,
    "psnr": 23.69538116455078,
    "ms-ssim": 0.9627963900566101,
    "bpp": 0.1922888888888889,
    "encoding_time": 0.3751091957092285,
    "decoding_time": 0.5938420295715332
}