{
    "image_name": "RGB_OR_1200x1200_054.png",
    "mse": 0.0015076752752065659,
    "psnr": 28.213760375976562,
    "ms-ssim": 0.9718620777130127,
    "bpp": 0.1380888888888889,
    "encoding_time": 0.37637805938720703,
    "decoding_time": 0.29099512100219727
}