{
    "image_name": "RGB_OR_1200x1200_035.png",
    "mse": 0.0018463799497112632,
    "psnr": 27.33378791809082,
    "ms-ssim": 0.9683715105056763,
    "bpp": 0.14551111111111112,
    "encoding_time": 0.2534503936767578,
    "decoding_time": 0.3442058563232422
}