{
    "image_name": "RGB_OR_1200x1200_095.png",
    "mse": 0.004275583662092686,
    "psnr": 23.688888549804688,
    "ms-ssim": 0.9483088850975037,
    "bpp": 0.22846666666666668,
    "encoding_time": 0.3193678855895996,
    "decoding_time": 0.4427509307861328
}