{
    "image_name": "RGB_OR_1200x1200_006.png",
    "mse": 0.0007674408261664212,
    "psnr": 31.142698287963867,
    "ms-ssim": 0.9528762698173523,
    "bpp": 0.11033333333333334,
    "encoding_time": 0.35277342796325684,
    "decoding_time": 0.3313591480255127
}