{
    "image_name": "RGB_OR_1200x1200_044.png",
    "mse": 0.0009598848992027342,
    "psnr": 30.17205810546875,
    "ms-ssim": 0.9629553556442261,
    "bpp": 0.14551111111111112,
    "encoding_time": 0.23178339004516602,
    "decoding_time": 0.3388338088989258
}