{
    "image_name": "RGB_OR_1200x1200_084.png",
    "mse": 0.00049258628860116,
    "psnr": 33.064422607421875,
    "ms-ssim": 0.9756404757499695,
    "bpp": 0.053533333333333336,
    "encoding_time": 0.3488452434539795,
    "decoding_time": 0.48134636878967285
}