{
    "mean_loss": 0.13429367440133455,
    "mean_bpp": 0.13421666666666668,
    "mean_psnr": 31.840241680145265,
    "mean_msssim": 0.9621302700042724,
    "mean_msssim_dB": 14.217077913086332,
    "mean_enc_time": 0.794800934791565,
    "mean_dec_time": 0.9319935965538025
}