{
    "image_name": "RGB_OR_1200x1200_015.png",
    "mse": 0.00017162153380922973,
    "psnr": 37.62337112426758,
    "ms-ssim": 0.9845600128173828,
    "bpp": 0.030244444444444445,
    "encoding_time": 1.299943208694458,
    "decoding_time": 1.1084263324737549
}