{
    "image_name": "RGB_OR_1200x1200_097.png",
    "mse": 0.000545262242667377,
    "psnr": 32.62358474731445,
    "ms-ssim": 0.9893136024475098,
    "bpp": 0.12866666666666668,
    "encoding_time": 0.8245744705200195,
    "decoding_time": 0.6202528476715088
}