{
    "image_name": "RGB_OR_1200x1200_035.png",
    "mse": 0.0008893176564015448,
    "psnr": 30.503345489501953,
    "ms-ssim": 0.9650744795799255,
    "bpp": 0.14608888888888888,
    "encoding_time": 0.8179380893707275,
    "decoding_time": 1.1823928356170654
}