{
    "image_name": "RGB_OR_1200x1200_041.png",
    "mse": 0.0007482664659619331,
    "psnr": 31.251976013183594,
    "ms-ssim": 0.9638469219207764,
    "bpp": 0.13197777777777778,
    "encoding_time": 0.5018236637115479,
    "decoding_time": 0.904247522354126
}