{
    "image_name": "RGB_OR_1200x1200_052.png",
    "mse": 0.0007365208002738655,
    "psnr": 31.320964813232422,
    "ms-ssim": 0.9704709053039551,
    "bpp": 0.16982222222222224,
    "encoding_time": 0.8263862133026123,
    "decoding_time": 1.0884132385253906
}