{
    "image_name": "RGB_OR_1200x1200_053.png",
    "mse": 0.0002862367546185851,
    "psnr": 35.4140739440918,
    "ms-ssim": 0.9860266447067261,
    "bpp": 0.06866666666666667,
    "encoding_time": 0.7896053791046143,
    "decoding_time": 0.6365208625793457
}