{
    "image_name": "RGB_OR_1200x1200_068.png",
    "mse": 0.0004211931664030999,
    "psnr": 33.74616241455078,
    "ms-ssim": 0.9783354997634888,
    "bpp": 0.08077777777777778,
    "encoding_time": 0.6084656715393066,
    "decoding_time": 1.0831782817840576
}