{
    "image_name": "RGB_OR_1200x1200_058.png",
    "mse": 0.0007094403845258057,
    "psnr": 31.483055114746094,
    "ms-ssim": 0.9730961322784424,
    "bpp": 0.1376888888888889,
    "encoding_time": 0.8984475135803223,
    "decoding_time": 0.9217212200164795
}