{
    "image_name": "RGB_OR_1200x1200_022.png",
    "mse": 0.0005412653554230928,
    "psnr": 32.65576934814453,
    "ms-ssim": 0.9522022008895874,
    "bpp": 0.10124444444444444,
    "encoding_time": 0.7196834087371826,
    "decoding_time": 0.5421140193939209
}