{
    "image_name": "RGB_OR_1200x1200_076.png",
    "mse": 0.0003403515729587525,
    "psnr": 34.66472625732422,
    "ms-ssim": 0.9744623899459839,
    "bpp": 0.0696,
    "encoding_time": 1.0649638175964355,
    "decoding_time": 0.9758648872375488
}