{
    "image_name": "RGB_OR_1200x1200_092.png",
    "mse": 0.00027710621361620724,
    "psnr": 35.55390930175781,
    "ms-ssim": 0.9696338176727295,
    "bpp": 0.04264444444444444,
    "encoding_time": 0.9094803333282471,
    "decoding_time": 1.2890830039978027
}