{
    "image_name": "RGB_OR_1200x1200_056.png",
    "mse": 0.0003205154789611697,
    "psnr": 34.92399215698242,
    "ms-ssim": 0.966407060623169,
    "bpp": 0.05957777777777778,
    "encoding_time": 1.0052595138549805,
    "decoding_time": 0.947361946105957
}