{
    "image_name": "RGB_OR_1200x1200_008.png",
    "mse": 0.0009687105775810778,
    "psnr": 30.1325740814209,
    "ms-ssim": 0.9477667808532715,
    "bpp": 0.14522222222222222,
    "encoding_time": 0.49660587310791016,
    "decoding_time": 0.7278156280517578
}