{
    "image_name": "RGB_OR_1200x1200_013.png",
    "mse": 0.0006185510428622365,
    "psnr": 32.0772705078125,
    "ms-ssim": 0.9786938428878784,
    "bpp": 0.12,
    "encoding_time": 0.7862093448638916,
    "decoding_time": 1.2267787456512451
}