{
    "image_name": "RGB_OR_1200x1200_071.png",
    "mse": 0.0004240445850882679,
    "psnr": 33.71254348754883,
    "ms-ssim": 0.9752781391143799,
    "bpp": 0.07437777777777778,
    "encoding_time": 0.8030683994293213,
    "decoding_time": 1.003847599029541
}