{
    "image_name": "RGB_OR_1200x1200_077.png",
    "mse": 0.0005787152913399041,
    "psnr": 32.36602020263672,
    "ms-ssim": 0.9089557528495789,
    "bpp": 0.038955555555555556,
    "encoding_time": 0.6904301643371582,
    "decoding_time": 1.2689049243927002
}