{
    "image_name": "RGB_OR_1200x1200_087.png",
    "mse": 0.0020579076372087,
    "psnr": 26.86308479309082,
    "ms-ssim": 0.9464277029037476,
    "bpp": 0.32106666666666667,
    "encoding_time": 0.6735615730285645,
    "decoding_time": 0.7366092205047607
}