{
    "image_name": "RGB_OR_1200x1200_084.png",
    "mse": 0.00016436433361377567,
    "psnr": 37.80873107910156,
    "ms-ssim": 0.972680926322937,
    "bpp": 0.026977777777777778,
    "encoding_time": 1.0311305522918701,
    "decoding_time": 0.946317195892334
}