{
    "image_name": "RGB_OR_1200x1200_018.png",
    "mse": 0.001567661645822227,
    "psnr": 28.043895721435547,
    "ms-ssim": 0.9604324102401733,
    "bpp": 0.3131333333333333,
    "encoding_time": 1.0945727825164795,
    "decoding_time": 1.4100637435913086
}