{
    "image_name": "RGB_OR_1200x1200_064.png",
    "mse": 0.0009095858549699187,
    "psnr": 30.405580520629883,
    "ms-ssim": 0.9674772024154663,
    "bpp": 0.18835555555555555,
    "encoding_time": 0.5028815269470215,
    "decoding_time": 1.1079609394073486
}