{
    "image_name": "RGB_OR_1200x1200_063.png",
    "mse": 0.00041300110751762986,
    "psnr": 33.82719039916992,
    "ms-ssim": 0.9751564860343933,
    "bpp": 0.06504444444444445,
    "encoding_time": 0.6741089820861816,
    "decoding_time": 1.0430092811584473
}