{
    "image_name": "RGB_OR_1200x1200_019.png",
    "mse": 0.0007360783638432622,
    "psnr": 31.323251724243164,
    "ms-ssim": 0.9668728113174438,
    "bpp": 0.1326,
    "encoding_time": 0.7725582122802734,
    "decoding_time": 0.7116823196411133
}