{
    "image_name": "RGB_OR_1200x1200_051.png",
    "mse": 0.0004007224924862385,
    "psnr": 33.95757293701172,
    "ms-ssim": 0.9664167761802673,
    "bpp": 0.08197777777777777,
    "encoding_time": 1.1271946430206299,
    "decoding_time": 1.0105504989624023
}