{
    "image_name": "RGB_OR_1200x1200_060.png",
    "mse": 0.0005412623286247253,
    "psnr": 32.65606689453125,
    "ms-ssim": 0.970397412776947,
    "bpp": 0.09786666666666667,
    "encoding_time": 0.6804382801055908,
    "decoding_time": 0.7301375865936279
}