{
    "image_name": "RGB_OR_1200x1200_089.png",
    "mse": 0.0009552478441037238,
    "psnr": 30.193029403686523,
    "ms-ssim": 0.9491426944732666,
    "bpp": 0.159,
    "encoding_time": 0.5532376766204834,
    "decoding_time": 0.7802228927612305
}