{
    "image_name": "RGB_OR_1200x1200_040.png",
    "mse": 0.0007449248805642128,
    "psnr": 31.271997451782227,
    "ms-ssim": 0.9579112529754639,
    "bpp": 0.12266666666666666,
    "encoding_time": 0.9960980415344238,
    "decoding_time": 1.023367166519165
}