{
    "image_name": "RGB_OR_1200x1200_004.png",
    "mse": 0.0002658705343492329,
    "psnr": 35.7320442199707,
    "ms-ssim": 0.9722169637680054,
    "bpp": 0.04051111111111111,
    "encoding_time": 0.4586904048919678,
    "decoding_time": 0.543175220489502
}