{
    "image_name": "RGB_OR_1200x1200_006.png",
    "mse": 0.0005066714365966618,
    "psnr": 32.94232940673828,
    "ms-ssim": 0.9285681247711182,
    "bpp": 0.035,
    "encoding_time": 1.092240810394287,
    "decoding_time": 1.2312850952148438
}