{
    "image_name": "RGB_OR_1200x1200_083.png",
    "mse": 0.00047899922356009483,
    "psnr": 33.185359954833984,
    "ms-ssim": 0.9775206446647644,
    "bpp": 0.09351111111111111,
    "encoding_time": 0.6930038928985596,
    "decoding_time": 1.1499359607696533
}