{
    "image_name": "RGB_OR_1200x1200_048.png",
    "mse": 0.0012745599960908294,
    "psnr": 28.942272186279297,
    "ms-ssim": 0.9588131904602051,
    "bpp": 0.22393333333333335,
    "encoding_time": 0.5191688537597656,
    "decoding_time": 1.0132172107696533
}