{
    "image_name": "RGB_OR_1200x1200_045.png",
    "mse": 0.0004884430672973394,
    "psnr": 33.101104736328125,
    "ms-ssim": 0.9707098007202148,
    "bpp": 0.09126666666666666,
    "encoding_time": 0.6557738780975342,
    "decoding_time": 0.680307149887085
}