{
    "image_name": "RGB_OR_1200x1200_070.png",
    "mse": 0.000605938897933811,
    "psnr": 32.16650390625,
    "ms-ssim": 0.9236177206039429,
    "bpp": 0.07775555555555555,
    "encoding_time": 1.1074423789978027,
    "decoding_time": 0.9718976020812988
}