{
    "image_name": "RGB_OR_1200x1200_098.png",
    "mse": 0.0016852057306095958,
    "psnr": 27.730079650878906,
    "ms-ssim": 0.9650279879570007,
    "bpp": 0.36088888888888887,
    "encoding_time": 0.8480706214904785,
    "decoding_time": 0.8836462497711182
}