{
    "image_name": "RGB_OR_1200x1200_034.png",
    "mse": 0.00045293147559277713,
    "psnr": 33.42753982543945,
    "ms-ssim": 0.9681967496871948,
    "bpp": 0.07504444444444444,
    "encoding_time": 0.5506064891815186,
    "decoding_time": 0.8999536037445068
}