{
    "image_name": "RGB_OR_1200x1200_017.png",
    "mse": 0.0008663404732942581,
    "psnr": 30.61660385131836,
    "ms-ssim": 0.9634954333305359,
    "bpp": 0.15488888888888888,
    "encoding_time": 0.8285067081451416,
    "decoding_time": 1.0631601810455322
}