{
    "image_name": "RGB_OR_1200x1200_086.png",
    "mse": 0.0015962232137098908,
    "psnr": 27.965591430664062,
    "ms-ssim": 0.8929116129875183,
    "bpp": 0.16197777777777778,
    "encoding_time": 1.192537546157837,
    "decoding_time": 0.6300408840179443
}