{
    "image_name": "RGB_OR_1200x1200_067.png",
    "mse": 0.0006632962031289935,
    "psnr": 31.77459144592285,
    "ms-ssim": 0.959484338760376,
    "bpp": 0.09004444444444444,
    "encoding_time": 0.9734771251678467,
    "decoding_time": 0.8835783004760742
}