{
    "image_name": "RGB_OR_1200x1200_012.png",
    "mse": 0.0006216303445398808,
    "psnr": 32.055877685546875,
    "ms-ssim": 0.9757696390151978,
    "bpp": 0.10093333333333333,
    "encoding_time": 0.6903996467590332,
    "decoding_time": 0.84828782081604
}