{
    "image_name": "RGB_OR_1200x1200_021.png",
    "mse": 0.0005260969046503305,
    "psnr": 32.77903747558594,
    "ms-ssim": 0.9804233908653259,
    "bpp": 0.10904444444444444,
    "encoding_time": 0.5296883583068848,
    "decoding_time": 1.2058544158935547
}