{
    "image_name": "RGB_OR_1200x1200_055.png",
    "mse": 0.0006082670879550278,
    "psnr": 32.14990234375,
    "ms-ssim": 0.9739033579826355,
    "bpp": 0.1546,
    "encoding_time": 0.7474269866943359,
    "decoding_time": 1.143106460571289
}