{
    "image_name": "RGB_OR_1200x1200_094.png",
    "mse": 0.0009866927284747362,
    "psnr": 30.052566528320312,
    "ms-ssim": 0.9732484817504883,
    "bpp": 0.19011111111111112,
    "encoding_time": 0.7363080978393555,
    "decoding_time": 0.9487605094909668
}