{
    "image_name": "RGB_OR_1200x1200_079.png",
    "mse": 0.0006519678281620145,
    "psnr": 31.84954261779785,
    "ms-ssim": 0.9870254397392273,
    "bpp": 0.14386666666666667,
    "encoding_time": 0.7629861831665039,
    "decoding_time": 1.2905173301696777
}