{
    "image_name": "RGB_OR_1200x1200_020.png",
    "mse": 0.0010852047707885504,
    "psnr": 29.639911651611328,
    "ms-ssim": 0.9339160919189453,
    "bpp": 0.1484,
    "encoding_time": 0.7613976001739502,
    "decoding_time": 1.0183472633361816
}