{
    "image_name": "RGB_OR_1200x1200_014.png",
    "mse": 0.00048053343198262155,
    "psnr": 33.17150115966797,
    "ms-ssim": 0.9785209894180298,
    "bpp": 0.08846666666666667,
    "encoding_time": 0.9232308864593506,
    "decoding_time": 0.7312984466552734
}