{
    "image_name": "RGB_OR_1200x1200_069.png",
    "mse": 0.0007388725061900914,
    "psnr": 31.306833267211914,
    "ms-ssim": 0.9769473075866699,
    "bpp": 0.14486666666666667,
    "encoding_time": 0.6791157722473145,
    "decoding_time": 0.7391417026519775
}