{
    "image_name": "RGB_OR_1200x1200_082.png",
    "mse": 0.0017240537563338876,
    "psnr": 27.631393432617188,
    "ms-ssim": 0.9223109483718872,
    "bpp": 0.24364444444444444,
    "encoding_time": 0.8757121562957764,
    "decoding_time": 1.0824627876281738
}