{
    "image_name": "RGB_OR_1200x1200_093.png",
    "mse": 0.0004900420899502933,
    "psnr": 33.086082458496094,
    "ms-ssim": 0.9649385809898376,
    "bpp": 0.07055555555555555,
    "encoding_time": 0.6783607006072998,
    "decoding_time": 0.9037930965423584
}