{
    "image_name": "RGB_OR_1200x1200_037.png",
    "mse": 0.0005921733099967241,
    "psnr": 32.26621627807617,
    "ms-ssim": 0.9557525515556335,
    "bpp": 0.09191111111111111,
    "encoding_time": 0.4405386447906494,
    "decoding_time": 0.719623327255249
}