{
    "image_name": "RGB_OR_1200x1200_073.png",
    "mse": 0.00023413970484398305,
    "psnr": 36.28289794921875,
    "ms-ssim": 0.9782165884971619,
    "bpp": 0.04315555555555556,
    "encoding_time": 0.8617491722106934,
    "decoding_time": 1.2672455310821533
}