{
    "image_name": "RGB_OR_1200x1200_002.png",
    "mse": 0.00020647744531743228,
    "psnr": 36.82522201538086,
    "ms-ssim": 0.9788574576377869,
    "bpp": 0.036,
    "encoding_time": 0.744459867477417,
    "decoding_time": 0.790358304977417
}