{
    "image_name": "RGB_OR_1200x1200_038.png",
    "mse": 0.0003780184779316187,
    "psnr": 34.21039581298828,
    "ms-ssim": 0.9713660478591919,
    "bpp": 0.07286666666666666,
    "encoding_time": 0.5702073574066162,
    "decoding_time": 0.8865091800689697
}