{
    "image_name": "RGB_OR_1200x1200_029.png",
    "mse": 0.0005603079916909337,
    "psnr": 32.50614547729492,
    "ms-ssim": 0.961580753326416,
    "bpp": 0.10564444444444444,
    "encoding_time": 0.8617417812347412,
    "decoding_time": 0.7384600639343262
}