{
    "image_name": "RGB_OR_1200x1200_009.png",
    "mse": 0.0002756038447842002,
    "psnr": 35.57770538330078,
    "ms-ssim": 0.9804112315177917,
    "bpp": 0.06253333333333333,
    "encoding_time": 0.822796106338501,
    "decoding_time": 0.9205906391143799
}