{
    "image_name": "RGB_OR_1200x1200_057.png",
    "mse": 0.0004017834144178778,
    "psnr": 33.946563720703125,
    "ms-ssim": 0.9486985206604004,
    "bpp": 0.044977777777777776,
    "encoding_time": 0.9402427673339844,
    "decoding_time": 1.1385958194732666
}