{
    "image_name": "RGB_OR_1200x1200_062.png",
    "mse": 0.0019334842218086123,
    "psnr": 27.133712768554688,
    "ms-ssim": 0.9444674849510193,
    "bpp": 0.3446444444444444,
    "encoding_time": 0.6476700305938721,
    "decoding_time": 0.8611729145050049
}