{
    "image_name": "RGB_OR_1200x1200_074.png",
    "mse": 0.0003166432725265622,
    "psnr": 34.977603912353516,
    "ms-ssim": 0.9463790655136108,
    "bpp": 0.033466666666666665,
    "encoding_time": 0.9600620269775391,
    "decoding_time": 0.8427112102508545
}