{
    "image_name": "RGB_OR_1200x1200_016.png",
    "mse": 0.0016937677282840014,
    "psnr": 27.70832061767578,
    "ms-ssim": 0.9527586698532104,
    "bpp": 0.2732222222222222,
    "encoding_time": 0.6226096153259277,
    "decoding_time": 0.7829582691192627
}