{
    "image_name": "RGB_OR_1200x1200_088.png",
    "mse": 0.0007002456113696098,
    "psnr": 31.53995132446289,
    "ms-ssim": 0.966555118560791,
    "bpp": 0.13895555555555555,
    "encoding_time": 0.6217453479766846,
    "decoding_time": 1.4233314990997314
}