{
    "image_name": "RGB_OR_1200x1200_081.png",
    "mse": 0.0006362127023749053,
    "psnr": 31.95537567138672,
    "ms-ssim": 0.9772178530693054,
    "bpp": 0.13377777777777777,
    "encoding_time": 0.35355114936828613,
    "decoding_time": 0.528005838394165
}