{
    "image_name": "RGB_OR_1200x1200_031.png",
    "mse": 0.0009263830143027008,
    "psnr": 30.326143264770508,
    "ms-ssim": 0.9581831693649292,
    "bpp": 0.1385111111111111,
    "encoding_time": 0.5668339729309082,
    "decoding_time": 0.8421399593353271
}