{
    "image_name": "RGB_OR_1200x1200_032.png",
    "mse": 0.0012573442654684186,
    "psnr": 29.001123428344727,
    "ms-ssim": 0.947999119758606,
    "bpp": 0.19126666666666667,
    "encoding_time": 0.9397063255310059,
    "decoding_time": 0.7904713153839111
}