{
    "image_name": "RGB_OR_1200x1200_066.png",
    "mse": 0.0005066983867436647,
    "psnr": 32.941856384277344,
    "ms-ssim": 0.9770293235778809,
    "bpp": 0.09777777777777778,
    "encoding_time": 0.8762447834014893,
    "decoding_time": 0.9606268405914307
}