{
    "image_name": "RGB_OR_1200x1200_095.png",
    "mse": 0.0018915509572252631,
    "psnr": 27.228923797607422,
    "ms-ssim": 0.9429604411125183,
    "bpp": 0.32682222222222224,
    "encoding_time": 0.876201868057251,
    "decoding_time": 1.1472187042236328
}