{
    "image_name": "RGB_OR_1200x1200_085.png",
    "mse": 0.0006880041328258812,
    "psnr": 31.61621856689453,
    "ms-ssim": 0.945409893989563,
    "bpp": 0.11006666666666666,
    "encoding_time": 0.8729074001312256,
    "decoding_time": 0.7810494899749756
}