{
    "image_name": "RGB_OR_1200x1200_033.png",
    "mse": 0.0009247794514521956,
    "psnr": 30.333507537841797,
    "ms-ssim": 0.9463613033294678,
    "bpp": 0.15288888888888888,
    "encoding_time": 0.8675425052642822,
    "decoding_time": 0.961737871170044
}