{
    "image_name": "RGB_OR_1200x1200_026.png",
    "mse": 0.0015208508120849729,
    "psnr": 28.175556182861328,
    "ms-ssim": 0.9645795822143555,
    "bpp": 0.29773333333333335,
    "encoding_time": 0.6034846305847168,
    "decoding_time": 0.7546818256378174
}