{
    "image_name": "RGB_OR_1200x1200_090.png",
    "mse": 0.0014448800357058644,
    "psnr": 28.397811889648438,
    "ms-ssim": 0.953040599822998,
    "bpp": 0.2569777777777778,
    "encoding_time": 1.0789644718170166,
    "decoding_time": 1.188807487487793
}