{
    "image_name": "RGB_OR_1200x1200_001.png",
    "mse": 0.0004821390612050891,
    "psnr": 33.156272888183594,
    "ms-ssim": 0.9800255298614502,
    "bpp": 0.08697777777777778,
    "encoding_time": 0.7530605792999268,
    "decoding_time": 1.2545580863952637
}