{
    "image_name": "RGB_OR_1200x1200_024.png",
    "mse": 0.001564047415740788,
    "psnr": 28.053842544555664,
    "ms-ssim": 0.9663028120994568,
    "bpp": 0.29146666666666665,
    "encoding_time": 0.7666499614715576,
    "decoding_time": 0.6522748470306396
}