{
    "image_name": "RGB_OR_1200x1200_007.png",
    "mse": 0.0007418868481181562,
    "psnr": 31.28908920288086,
    "ms-ssim": 0.9741781949996948,
    "bpp": 0.14137777777777777,
    "encoding_time": 0.7033276557922363,
    "decoding_time": 0.7314200401306152
}