{
    "image_name": "RGB_OR_1200x1200_028.png",
    "mse": 0.0002728394465520978,
    "psnr": 35.62022399902344,
    "ms-ssim": 0.9703075885772705,
    "bpp": 0.053177777777777775,
    "encoding_time": 1.2803122997283936,
    "decoding_time": 1.1783816814422607
}