{
    "image_name": "RGB_OR_1200x1200_091.png",
    "mse": 0.0005253379349596798,
    "psnr": 32.788822174072266,
    "ms-ssim": 0.9800105094909668,
    "bpp": 0.10371111111111112,
    "encoding_time": 0.7625930309295654,
    "decoding_time": 0.6568279266357422
}