{
    "image_name": "RGB_OR_1200x1200_043.png",
    "mse": 0.0015298969810828567,
    "psnr": 28.149639129638672,
    "ms-ssim": 0.9345721006393433,
    "bpp": 0.25055555555555553,
    "encoding_time": 0.40386390686035156,
    "decoding_time": 0.7881934642791748
}