{
    "image_name": "RGB_OR_1200x1200_036.png",
    "mse": 0.00015261166845448315,
    "psnr": 38.12776184082031,
    "ms-ssim": 0.9769636392593384,
    "bpp": 0.025133333333333334,
    "encoding_time": 1.0053200721740723,
    "decoding_time": 0.9823019504547119
}