{
    "image_name": "RGB_OR_1200x1200_099.png",
    "mse": 0.000730797415599227,
    "psnr": 31.354415893554688,
    "ms-ssim": 0.9318716526031494,
    "bpp": 0.09691111111111111,
    "encoding_time": 0.843163251876831,
    "decoding_time": 0.7854454517364502
}