{
    "image_name": "RGB_OR_1200x1200_054.png",
    "mse": 0.0006710042944177985,
    "psnr": 31.724960327148438,
    "ms-ssim": 0.9681681990623474,
    "bpp": 0.1383111111111111,
    "encoding_time": 0.8152315616607666,
    "decoding_time": 0.9352977275848389
}