{
    "image_name": "RGB_OR_1200x1200_049.png",
    "mse": 0.0006343370769172907,
    "psnr": 31.968076705932617,
    "ms-ssim": 0.975244402885437,
    "bpp": 0.12753333333333333,
    "encoding_time": 0.5295722484588623,
    "decoding_time": 0.9471666812896729
}