{
    "image_name": "RGB_OR_1200x1200_023.png",
    "mse": 0.0008899861131794751,
    "psnr": 30.500200271606445,
    "ms-ssim": 0.9768161773681641,
    "bpp": 0.18466666666666667,
    "encoding_time": 0.678138256072998,
    "decoding_time": 0.6980850696563721
}