{
    "image_name": "RGB_OR_1200x1200_046.png",
    "mse": 0.0011236907448619604,
    "psnr": 29.488414764404297,
    "ms-ssim": 0.9444186091423035,
    "bpp": 0.18393333333333334,
    "encoding_time": 0.4747743606567383,
    "decoding_time": 0.9901828765869141
}