{
    "image_name": "RGB_OR_1200x1200_027.png",
    "mse": 0.0008096157107502222,
    "psnr": 30.910327911376953,
    "ms-ssim": 0.9618927836418152,
    "bpp": 0.15275555555555556,
    "encoding_time": 0.8996262550354004,
    "decoding_time": 1.479705810546875
}