{
    "image_name": "RGB_OR_1200x1200_078.png",
    "mse": 0.0003928127698600292,
    "psnr": 34.04417419433594,
    "ms-ssim": 0.9823355078697205,
    "bpp": 0.09526666666666667,
    "encoding_time": 0.7597732543945312,
    "decoding_time": 0.7469222545623779
}