{
    "image_name": "RGB_OR_1200x1200_065.png",
    "mse": 0.001060227514244616,
    "psnr": 29.740856170654297,
    "ms-ssim": 0.9648844599723816,
    "bpp": 0.19506666666666667,
    "encoding_time": 0.5166218280792236,
    "decoding_time": 0.5151035785675049
}