{
    "image_name": "RGB_OR_1200x1200_030.png",
    "mse": 0.001152661396190524,
    "psnr": 29.378454208374023,
    "ms-ssim": 0.9585434794425964,
    "bpp": 0.20197777777777778,
    "encoding_time": 1.2234582901000977,
    "decoding_time": 0.9600250720977783
}