{
    "image_name": "RGB_OR_1200x1200_005.png",
    "mse": 0.0007293905946426094,
    "psnr": 31.36285400390625,
    "ms-ssim": 0.9546808004379272,
    "bpp": 0.12593333333333334,
    "encoding_time": 1.1553423404693604,
    "decoding_time": 0.9483132362365723
}