{
    "image_name": "RGB_OR_1200x1200_059.png",
    "mse": 0.0019752259831875563,
    "psnr": 27.041061401367188,
    "ms-ssim": 0.9596942663192749,
    "bpp": 0.3808888888888889,
    "encoding_time": 1.0946509838104248,
    "decoding_time": 1.2202959060668945
}