{
    "image_name": "RGB_OR_1200x1200_025.png",
    "mse": 0.0003817726392298937,
    "psnr": 34.16779327392578,
    "ms-ssim": 0.9726548194885254,
    "bpp": 0.06984444444444445,
    "encoding_time": 1.2996790409088135,
    "decoding_time": 1.141791820526123
}