{
    "image_name": "RGB_OR_1200x1200_042.png",
    "mse": 0.0005923360586166382,
    "psnr": 32.26471710205078,
    "ms-ssim": 0.9603323340415955,
    "bpp": 0.10628888888888889,
    "encoding_time": 0.6761696338653564,
    "decoding_time": 0.968942403793335
}