{
    "image_name": "RGB_OR_1200x1200_003.png",
    "mse": 0.00060289166867733,
    "psnr": 32.18852233886719,
    "ms-ssim": 0.9729599952697754,
    "bpp": 0.10497777777777778,
    "encoding_time": 0.6737141609191895,
    "decoding_time": 0.5664725303649902
}