{
    "mean_loss": 0.185784432299551,
    "mean_bpp": 0.18571733333333335,
    "mean_psnr": 32.31850471496582,
    "mean_msssim": 0.9681567758321762,
    "mean_msssim_dB": 14.969829658274513,
    "mean_enc_time": 0.3583817434310913,
    "mean_dec_time": 0.4015827131271362
}