{
    "image_name": "RGB_OR_1200x1200_055.png",
    "mse": 0.0005324602243490517,
    "psnr": 32.72692108154297,
    "ms-ssim": 0.9786328077316284,
    "bpp": 0.19473333333333334,
    "encoding_time": 0.35564446449279785,
    "decoding_time": 0.39907407760620117
}