{
    "image_name": "RGB_OR_1200x1200_007.png",
    "mse": 0.0006709694280289114,
    "psnr": 31.724637985229492,
    "ms-ssim": 0.9778997302055359,
    "bpp": 0.19564444444444445,
    "encoding_time": 0.34126973152160645,
    "decoding_time": 0.33182644844055176
}