{
    "image_name": "RGB_OR_1200x1200_017.png",
    "mse": 0.0007415250292979181,
    "psnr": 31.29147720336914,
    "ms-ssim": 0.971071183681488,
    "bpp": 0.2096888888888889,
    "encoding_time": 0.29810404777526855,
    "decoding_time": 0.3968071937561035
}