{
    "image_name": "RGB_OR_1200x1200_067.png",
    "mse": 0.0006232474697753787,
    "psnr": 32.044647216796875,
    "ms-ssim": 0.9645508527755737,
    "bpp": 0.13466666666666666,
    "encoding_time": 0.27141332626342773,
    "decoding_time": 0.40242719650268555
}