{
    "image_name": "RGB_OR_1200x1200_026.png",
    "mse": 0.0012561347102746367,
    "psnr": 29.00541877746582,
    "ms-ssim": 0.9716131687164307,
    "bpp": 0.4018,
    "encoding_time": 0.3456742763519287,
    "decoding_time": 0.4221005439758301
}