{
    "image_name": "RGB_OR_1200x1200_100.png",
    "mse": 0.00019573551253415644,
    "psnr": 37.065277099609375,
    "ms-ssim": 0.9715778827667236,
    "bpp": 0.05566666666666667,
    "encoding_time": 0.39176392555236816,
    "decoding_time": 0.2964494228363037
}