{
    "image_name": "RGB_OR_1200x1200_015.png",
    "mse": 0.00025250911130569875,
    "psnr": 35.954315185546875,
    "ms-ssim": 0.9851672053337097,
    "bpp": 0.0632,
    "encoding_time": 0.5633106231689453,
    "decoding_time": 0.4434034824371338
}