{
    "image_name": "RGB_OR_1200x1200_065.png",
    "mse": 0.0009064831538125873,
    "psnr": 30.41987419128418,
    "ms-ssim": 0.9692077040672302,
    "bpp": 0.2665111111111111,
    "encoding_time": 0.4470794200897217,
    "decoding_time": 0.5357427597045898
}