{
    "image_name": "RGB_OR_1200x1200_093.png",
    "mse": 0.00040842845919542015,
    "psnr": 33.87727355957031,
    "ms-ssim": 0.9720498323440552,
    "bpp": 0.10553333333333334,
    "encoding_time": 0.3066120147705078,
    "decoding_time": 0.5041215419769287
}