{
    "image_name": "RGB_OR_1200x1200_070.png",
    "mse": 0.0005437643267214298,
    "psnr": 32.63618087768555,
    "ms-ssim": 0.9348723888397217,
    "bpp": 0.11426666666666667,
    "encoding_time": 0.3944966793060303,
    "decoding_time": 0.48945045471191406
}