{
    "image_name": "RGB_OR_1200x1200_036.png",
    "mse": 0.00015439165872521698,
    "psnr": 38.07977294921875,
    "ms-ssim": 0.9789696931838989,
    "bpp": 0.054266666666666664,
    "encoding_time": 0.3363833427429199,
    "decoding_time": 0.36908888816833496
}