{
    "image_name": "RGB_OR_1200x1200_014.png",
    "mse": 0.0004811261023860425,
    "psnr": 33.166282653808594,
    "ms-ssim": 0.9812411069869995,
    "bpp": 0.13115555555555555,
    "encoding_time": 0.3402109146118164,
    "decoding_time": 0.5038743019104004
}