{
    "image_name": "RGB_OR_1200x1200_040.png",
    "mse": 0.0006522653857246041,
    "psnr": 31.848093032836914,
    "ms-ssim": 0.9645327925682068,
    "bpp": 0.16915555555555556,
    "encoding_time": 0.2966916561126709,
    "decoding_time": 0.3583505153656006
}