{
    "image_name": "RGB_OR_1200x1200_028.png",
    "mse": 0.0002516172535251826,
    "psnr": 35.97163772583008,
    "ms-ssim": 0.974888026714325,
    "bpp": 0.08046666666666667,
    "encoding_time": 0.29460859298706055,
    "decoding_time": 0.4891629219055176
}