{
    "image_name": "RGB_OR_1200x1200_031.png",
    "mse": 0.0007744519389234483,
    "psnr": 31.10284996032715,
    "ms-ssim": 0.9685549736022949,
    "bpp": 0.20024444444444445,
    "encoding_time": 0.2741968631744385,
    "decoding_time": 0.31116414070129395
}