{
    "image_name": "RGB_OR_1200x1200_016.png",
    "mse": 0.0013976454501971602,
    "psnr": 28.542285919189453,
    "ms-ssim": 0.9632352590560913,
    "bpp": 0.36735555555555555,
    "encoding_time": 0.3673970699310303,
    "decoding_time": 0.44061899185180664
}