{
    "image_name": "RGB_OR_1200x1200_025.png",
    "mse": 0.00034937236341647804,
    "psnr": 34.551368713378906,
    "ms-ssim": 0.9768012762069702,
    "bpp": 0.10873333333333333,
    "encoding_time": 0.3003499507904053,
    "decoding_time": 0.29857802391052246
}