{
    "image_name": "RGB_OR_1200x1200_034.png",
    "mse": 0.0003873810055665672,
    "psnr": 34.10424041748047,
    "ms-ssim": 0.97437584400177,
    "bpp": 0.11193333333333333,
    "encoding_time": 0.2859489917755127,
    "decoding_time": 0.4056870937347412
}