{
    "image_name": "RGB_OR_1200x1200_095.png",
    "mse": 0.001572514302097261,
    "psnr": 28.030807495117188,
    "ms-ssim": 0.9555012583732605,
    "bpp": 0.4315111111111111,
    "encoding_time": 0.5117437839508057,
    "decoding_time": 0.4618344306945801
}