{
    "image_name": "RGB_OR_1200x1200_052.png",
    "mse": 0.0006296032224781811,
    "psnr": 32.00082015991211,
    "ms-ssim": 0.9760016202926636,
    "bpp": 0.21622222222222223,
    "encoding_time": 0.37664103507995605,
    "decoding_time": 0.39613795280456543
}