{
    "image_name": "RGB_OR_1200x1200_066.png",
    "mse": 0.00046841602306813,
    "psnr": 33.2818717956543,
    "ms-ssim": 0.9790939092636108,
    "bpp": 0.14766666666666667,
    "encoding_time": 0.3004028797149658,
    "decoding_time": 0.4624135494232178
}