{
    "image_name": "RGB_OR_1200x1200_051.png",
    "mse": 0.00036628879024647176,
    "psnr": 34.34729766845703,
    "ms-ssim": 0.9705144762992859,
    "bpp": 0.11022222222222222,
    "encoding_time": 0.5094311237335205,
    "decoding_time": 0.5346708297729492
}