{
    "image_name": "RGB_OR_1200x1200_083.png",
    "mse": 0.00041787666850723326,
    "psnr": 33.77676773071289,
    "ms-ssim": 0.9807707071304321,
    "bpp": 0.13235555555555556,
    "encoding_time": 0.3948490619659424,
    "decoding_time": 0.3917043209075928
}