{
    "image_name": "RGB_OR_1200x1200_022.png",
    "mse": 0.00048520107520744205,
    "psnr": 33.129398345947266,
    "ms-ssim": 0.9605357050895691,
    "bpp": 0.14513333333333334,
    "encoding_time": 0.3634181022644043,
    "decoding_time": 0.3457057476043701
}