{
    "image_name": "RGB_OR_1200x1200_059.png",
    "mse": 0.0016129071591421962,
    "psnr": 27.9206600189209,
    "ms-ssim": 0.9677368998527527,
    "bpp": 0.4935111111111111,
    "encoding_time": 0.3993217945098877,
    "decoding_time": 0.35030603408813477
}