{
    "image_name": "RGB_OR_1200x1200_058.png",
    "mse": 0.0006394808879122138,
    "psnr": 31.933080673217773,
    "ms-ssim": 0.9769203066825867,
    "bpp": 0.17706666666666668,
    "encoding_time": 0.373445987701416,
    "decoding_time": 0.3401920795440674
}