{
    "image_name": "RGB_OR_1200x1200_076.png",
    "mse": 0.00032767211087048054,
    "psnr": 34.82854461669922,
    "ms-ssim": 0.9767796397209167,
    "bpp": 0.1062,
    "encoding_time": 0.3649420738220215,
    "decoding_time": 0.38593578338623047
}