{
    "image_name": "RGB_OR_1200x1200_049.png",
    "mse": 0.0005492210621014237,
    "psnr": 32.59306335449219,
    "ms-ssim": 0.9797050356864929,
    "bpp": 0.18151111111111112,
    "encoding_time": 0.2917056083679199,
    "decoding_time": 0.3652634620666504
}