{
    "image_name": "RGB_OR_1200x1200_019.png",
    "mse": 0.0006726012798026204,
    "psnr": 31.713956832885742,
    "ms-ssim": 0.9705514907836914,
    "bpp": 0.17373333333333332,
    "encoding_time": 0.2816462516784668,
    "decoding_time": 0.32427453994750977
}