{
    "image_name": "RGB_OR_1200x1200_008.png",
    "mse": 0.0008318143663927913,
    "psnr": 30.793094635009766,
    "ms-ssim": 0.9581068754196167,
    "bpp": 0.19684444444444443,
    "encoding_time": 0.33302998542785645,
    "decoding_time": 0.36331748962402344
}