{
    "image_name": "RGB_OR_1200x1200_024.png",
    "mse": 0.0012536966241896152,
    "psnr": 29.013593673706055,
    "ms-ssim": 0.9722217321395874,
    "bpp": 0.39486666666666664,
    "encoding_time": 0.3941338062286377,
    "decoding_time": 0.34157657623291016
}