{
    "image_name": "RGB_OR_1200x1200_001.png",
    "mse": 0.00042246442171745,
    "psnr": 33.72877502441406,
    "ms-ssim": 0.9831401109695435,
    "bpp": 0.1297111111111111,
    "encoding_time": 0.4461636543273926,
    "decoding_time": 0.481370210647583
}