{
    "image_name": "RGB_OR_1200x1200_081.png",
    "mse": 0.0005815091426484287,
    "psnr": 32.34467315673828,
    "ms-ssim": 0.9801594614982605,
    "bpp": 0.18668888888888888,
    "encoding_time": 0.2988853454589844,
    "decoding_time": 0.4593677520751953
}