{
    "image_name": "RGB_OR_1200x1200_089.png",
    "mse": 0.0008152866503223777,
    "psnr": 30.88026237487793,
    "ms-ssim": 0.9570018649101257,
    "bpp": 0.2172,
    "encoding_time": 0.40141773223876953,
    "decoding_time": 0.506784200668335
}