{
    "image_name": "RGB_OR_1200x1200_079.png",
    "mse": 0.0005780908977612853,
    "psnr": 32.370731353759766,
    "ms-ssim": 0.9888729453086853,
    "bpp": 0.19957777777777777,
    "encoding_time": 0.3019585609436035,
    "decoding_time": 0.32969212532043457
}