{
    "image_name": "RGB_OR_1200x1200_098.png",
    "mse": 0.0014001585077494383,
    "psnr": 28.534257888793945,
    "ms-ssim": 0.9729453921318054,
    "bpp": 0.4509111111111111,
    "encoding_time": 0.3588137626647949,
    "decoding_time": 0.4852938652038574
}