{
    "image_name": "RGB_OR_1200x1200_060.png",
    "mse": 0.0004881250497419387,
    "psnr": 33.10414123535156,
    "ms-ssim": 0.9747214317321777,
    "bpp": 0.1396888888888889,
    "encoding_time": 0.2765836715698242,
    "decoding_time": 0.2788982391357422
}