{
    "image_name": "RGB_OR_1200x1200_068.png",
    "mse": 0.0003482643805909902,
    "psnr": 34.57175064086914,
    "ms-ssim": 0.9824069738388062,
    "bpp": 0.11548888888888889,
    "encoding_time": 0.4032909870147705,
    "decoding_time": 0.35524678230285645
}