{
    "image_name": "RGB_OR_1200x1200_023.png",
    "mse": 0.0007828172529116273,
    "psnr": 31.056331634521484,
    "ms-ssim": 0.9791446924209595,
    "bpp": 0.2511333333333333,
    "encoding_time": 0.2864563465118408,
    "decoding_time": 0.3461880683898926
}