{
    "image_name": "RGB_OR_1200x1200_042.png",
    "mse": 0.0005235144635662436,
    "psnr": 32.80043411254883,
    "ms-ssim": 0.9664806723594666,
    "bpp": 0.14602222222222222,
    "encoding_time": 0.3749258518218994,
    "decoding_time": 0.3900644779205322
}