{
    "image_name": "RGB_OR_1200x1200_050.png",
    "mse": 0.0006152475252747536,
    "psnr": 32.1005859375,
    "ms-ssim": 0.9650666117668152,
    "bpp": 0.1588,
    "encoding_time": 0.526564359664917,
    "decoding_time": 0.40128183364868164
}