{
    "image_name": "RGB_OR_1200x1200_030.png",
    "mse": 0.0010089038405567408,
    "psnr": 29.955875396728516,
    "ms-ssim": 0.965274453163147,
    "bpp": 0.2598666666666667,
    "encoding_time": 0.4116687774658203,
    "decoding_time": 0.4433002471923828
}