{
    "image_name": "RGB_OR_1200x1200_069.png",
    "mse": 0.0006548885139636695,
    "psnr": 31.830463409423828,
    "ms-ssim": 0.9788793325424194,
    "bpp": 0.20148888888888888,
    "encoding_time": 0.39659976959228516,
    "decoding_time": 0.5057239532470703
}