{
    "image_name": "RGB_OR_1200x1200_072.png",
    "mse": 0.0008684558561071754,
    "psnr": 30.606555938720703,
    "ms-ssim": 0.9767786860466003,
    "bpp": 0.28804444444444444,
    "encoding_time": 0.27759814262390137,
    "decoding_time": 0.3822002410888672
}