{
    "image_name": "RGB_OR_1200x1200_011.png",
    "mse": 0.0009213925222866237,
    "psnr": 30.349769592285156,
    "ms-ssim": 0.9711238145828247,
    "bpp": 0.28373333333333334,
    "encoding_time": 0.30847597122192383,
    "decoding_time": 0.31661200523376465
}