{
    "image_name": "RGB_OR_1200x1200_061.png",
    "mse": 0.0011921091936528683,
    "psnr": 29.2320499420166,
    "ms-ssim": 0.9676012396812439,
    "bpp": 0.3248888888888889,
    "encoding_time": 0.30840635299682617,
    "decoding_time": 0.334855318069458
}