{
    "image_name": "RGB_OR_1200x1200_003.png",
    "mse": 0.0005413471953943372,
    "psnr": 32.65471267700195,
    "ms-ssim": 0.9766035079956055,
    "bpp": 0.14884444444444445,
    "encoding_time": 0.38820505142211914,
    "decoding_time": 0.39880943298339844
}