{
    "image_name": "RGB_OR_1200x1200_044.png",
    "mse": 0.0005264346254989505,
    "psnr": 32.776607513427734,
    "ms-ssim": 0.9529752731323242,
    "bpp": 0.14424444444444445,
    "encoding_time": 0.30951929092407227,
    "decoding_time": 0.32224249839782715
}