{
    "image_name": "RGB_OR_1200x1200_004.png",
    "mse": 0.00026122547569684684,
    "psnr": 35.80877685546875,
    "ms-ssim": 0.9743661880493164,
    "bpp": 0.07608888888888889,
    "encoding_time": 0.3503758907318115,
    "decoding_time": 0.33813047409057617
}