{
    "image_name": "RGB_OR_1200x1200_085.png",
    "mse": 0.0006068198708817363,
    "psnr": 32.16029357910156,
    "ms-ssim": 0.9529706239700317,
    "bpp": 0.14931111111111112,
    "encoding_time": 0.4967215061187744,
    "decoding_time": 0.470797061920166
}