{
    "image_name": "RGB_OR_1200x1200_018.png",
    "mse": 0.0012884008465334773,
    "psnr": 28.895164489746094,
    "ms-ssim": 0.9666672945022583,
    "bpp": 0.408,
    "encoding_time": 0.37395548820495605,
    "decoding_time": 0.38128232955932617
}