{
    "image_name": "RGB_OR_1200x1200_027.png",
    "mse": 0.0006988720269873738,
    "psnr": 31.54806900024414,
    "ms-ssim": 0.9677419662475586,
    "bpp": 0.20042222222222222,
    "encoding_time": 0.321962833404541,
    "decoding_time": 0.48859381675720215
}