{
    "image_name": "RGB_OR_1200x1200_053.png",
    "mse": 0.00035707466304302216,
    "psnr": 34.45231628417969,
    "ms-ssim": 0.9872258901596069,
    "bpp": 0.10384444444444445,
    "encoding_time": 0.3277411460876465,
    "decoding_time": 0.3969845771789551
}