{
    "image_name": "RGB_OR_1200x1200_020.png",
    "mse": 0.0009401879506185651,
    "psnr": 30.262126922607422,
    "ms-ssim": 0.9468874335289001,
    "bpp": 0.2069111111111111,
    "encoding_time": 0.3719954490661621,
    "decoding_time": 0.3430054187774658
}