{
    "image_name": "RGB_OR_1200x1200_064.png",
    "mse": 0.000772317813243717,
    "psnr": 31.115175247192383,
    "ms-ssim": 0.9734296798706055,
    "bpp": 0.2398,
    "encoding_time": 0.41356635093688965,
    "decoding_time": 0.27788805961608887
}