{
    "image_name": "RGB_OR_1200x1200_091.png",
    "mse": 0.0004559325461741537,
    "psnr": 33.3985481262207,
    "ms-ssim": 0.9828073382377625,
    "bpp": 0.14733333333333334,
    "encoding_time": 0.31919360160827637,
    "decoding_time": 0.2537860870361328
}