{
    "image_name": "RGB_OR_1200x1200_084.png",
    "mse": 0.0001836213341448456,
    "psnr": 37.33056640625,
    "ms-ssim": 0.9738831520080566,
    "bpp": 0.05057777777777778,
    "encoding_time": 0.3706667423248291,
    "decoding_time": 0.3559567928314209
}