{
    "image_name": "RGB_OR_1200x1200_054.png",
    "mse": 0.0005927202291786671,
    "psnr": 32.2633171081543,
    "ms-ssim": 0.9731454849243164,
    "bpp": 0.18155555555555555,
    "encoding_time": 0.34758758544921875,
    "decoding_time": 0.36354970932006836
}