{
    "image_name": "RGB_OR_1200x1200_035.png",
    "mse": 0.0007693465449847281,
    "psnr": 31.13162612915039,
    "ms-ssim": 0.9715216159820557,
    "bpp": 0.20626666666666665,
    "encoding_time": 0.4395296573638916,
    "decoding_time": 0.4639091491699219
}