{
    "image_name": "RGB_OR_1200x1200_057.png",
    "mse": 0.00038718379801139235,
    "psnr": 34.10663604736328,
    "ms-ssim": 0.9558157324790955,
    "bpp": 0.0758,
    "encoding_time": 0.4121274948120117,
    "decoding_time": 0.41034412384033203
}