{
    "image_name": "RGB_OR_1200x1200_087.png",
    "mse": 0.0016851200489327312,
    "psnr": 27.73051643371582,
    "ms-ssim": 0.9601219892501831,
    "bpp": 0.43124444444444443,
    "encoding_time": 0.3382456302642822,
    "decoding_time": 0.29638171195983887
}