{
    "image_name": "RGB_OR_1200x1200_039.png",
    "mse": 0.0007185061112977564,
    "psnr": 31.428110122680664,
    "ms-ssim": 0.9564175009727478,
    "bpp": 0.1824888888888889,
    "encoding_time": 0.35727667808532715,
    "decoding_time": 0.5895626544952393
}