{
    "image_name": "RGB_OR_1200x1200_038.png",
    "mse": 0.0003561931662261486,
    "psnr": 34.46832275390625,
    "ms-ssim": 0.9752783179283142,
    "bpp": 0.1114,
    "encoding_time": 0.3216373920440674,
    "decoding_time": 0.33724284172058105
}