{
    "image_name": "RGB_OR_1200x1200_082.png",
    "mse": 0.0014409393770620227,
    "psnr": 28.409753799438477,
    "ms-ssim": 0.9412473440170288,
    "bpp": 0.32868888888888886,
    "encoding_time": 0.29358696937561035,
    "decoding_time": 0.3244493007659912
}