{
    "image_name": "RGB_OR_1200x1200_009.png",
    "mse": 0.00025611434830352664,
    "psnr": 35.89508056640625,
    "ms-ssim": 0.9829563498497009,
    "bpp": 0.09128888888888889,
    "encoding_time": 0.2733950614929199,
    "decoding_time": 0.4448084831237793
}