{
    "image_name": "RGB_OR_1200x1200_033.png",
    "mse": 0.0007749410578981042,
    "psnr": 31.10040283203125,
    "ms-ssim": 0.9580408334732056,
    "bpp": 0.21242222222222223,
    "encoding_time": 0.3660295009613037,
    "decoding_time": 0.40782642364501953
}