{
    "image_name": "RGB_OR_1200x1200_077.png",
    "mse": 0.0005661660106852651,
    "psnr": 32.46088790893555,
    "ms-ssim": 0.9121226072311401,
    "bpp": 0.07073333333333333,
    "encoding_time": 0.2886345386505127,
    "decoding_time": 0.394350528717041
}