{
    "image_name": "RGB_OR_1200x1200_097.png",
    "mse": 0.0005091260536573827,
    "psnr": 32.921051025390625,
    "ms-ssim": 0.9897346496582031,
    "bpp": 0.17128888888888888,
    "encoding_time": 0.310344934463501,
    "decoding_time": 0.3704714775085449
}