{
    "image_name": "RGB_OR_1200x1200_092.png",
    "mse": 0.0002685023646336049,
    "psnr": 35.69102478027344,
    "ms-ssim": 0.9698101878166199,
    "bpp": 0.07404444444444444,
    "encoding_time": 0.38918066024780273,
    "decoding_time": 0.42017030715942383
}