{
    "image_name": "RGB_OR_1200x1200_048.png",
    "mse": 0.0010872679995372891,
    "psnr": 29.63168716430664,
    "ms-ssim": 0.9655895233154297,
    "bpp": 0.30104444444444445,
    "encoding_time": 0.22961711883544922,
    "decoding_time": 0.43299126625061035
}