{
    "image_name": "RGB_OR_1200x1200_032.png",
    "mse": 0.0010917166946455836,
    "psnr": 29.61376190185547,
    "ms-ssim": 0.956993043422699,
    "bpp": 0.2590222222222222,
    "encoding_time": 0.36649608612060547,
    "decoding_time": 0.6140155792236328
}