{
    "image_name": "RGB_OR_1200x1200_002.png",
    "mse": 0.0001949577999766916,
    "psnr": 37.07280731201172,
    "ms-ssim": 0.9810380935668945,
    "bpp": 0.06848888888888889,
    "encoding_time": 0.4767792224884033,
    "decoding_time": 0.4068002700805664
}