{
    "image_name": "RGB_OR_1200x1200_029.png",
    "mse": 0.0005046332953497767,
    "psnr": 32.95947265625,
    "ms-ssim": 0.9674191474914551,
    "bpp": 0.1439111111111111,
    "encoding_time": 0.3604114055633545,
    "decoding_time": 0.3770310878753662
}