{
    "image_name": "RGB_OR_1200x1200_088.png",
    "mse": 0.0006056696875020862,
    "psnr": 32.16883087158203,
    "ms-ssim": 0.9719191789627075,
    "bpp": 0.1882,
    "encoding_time": 0.4456615447998047,
    "decoding_time": 0.4010448455810547
}