{
    "image_name": "RGB_OR_1200x1200_074.png",
    "mse": 0.0003239723155274987,
    "psnr": 34.87873840332031,
    "ms-ssim": 0.9505209922790527,
    "bpp": 0.05862222222222222,
    "encoding_time": 0.3708987236022949,
    "decoding_time": 0.48209714889526367
}