{
    "image_name": "RGB_OR_1200x1200_046.png",
    "mse": 0.0009464906179346144,
    "psnr": 30.233060836791992,
    "ms-ssim": 0.9555320143699646,
    "bpp": 0.24388888888888888,
    "encoding_time": 0.38736772537231445,
    "decoding_time": 0.3353698253631592
}