{
    "image_name": "RGB_OR_1200x1200_006.png",
    "mse": 0.0005008007865399122,
    "psnr": 32.99238586425781,
    "ms-ssim": 0.9320367574691772,
    "bpp": 0.06024444444444445,
    "encoding_time": 0.41089868545532227,
    "decoding_time": 0.49063897132873535
}