{
    "image_name": "RGB_OR_1200x1200_094.png",
    "mse": 0.0008825144614093006,
    "psnr": 30.536863327026367,
    "ms-ssim": 0.9773690700531006,
    "bpp": 0.2617333333333333,
    "encoding_time": 0.43850016593933105,
    "decoding_time": 0.30963754653930664
}