{
    "image_name": "RGB_OR_1200x1200_013.png",
    "mse": 0.0005416517960838974,
    "psnr": 32.65243911743164,
    "ms-ssim": 0.9818381071090698,
    "bpp": 0.16895555555555555,
    "encoding_time": 0.45142698287963867,
    "decoding_time": 0.6783039569854736
}