{
    "image_name": "RGB_OR_1200x1200_045.png",
    "mse": 0.00046067548100836575,
    "psnr": 33.35514450073242,
    "ms-ssim": 0.9739443063735962,
    "bpp": 0.13695555555555555,
    "encoding_time": 0.3040313720703125,
    "decoding_time": 0.4275321960449219
}