{
    "image_name": "RGB_OR_1200x1200_063.png",
    "mse": 0.0003607578109949827,
    "psnr": 34.4140739440918,
    "ms-ssim": 0.9788205027580261,
    "bpp": 0.09933333333333333,
    "encoding_time": 0.30479979515075684,
    "decoding_time": 0.6158170700073242
}