{
    "image_name": "RGB_OR_1200x1200_005.png",
    "mse": 0.0006209100247360766,
    "psnr": 32.061153411865234,
    "ms-ssim": 0.9635605216026306,
    "bpp": 0.1774888888888889,
    "encoding_time": 0.3937699794769287,
    "decoding_time": 0.47019505500793457
}