{
    "image_name": "RGB_OR_1200x1200_086.png",
    "mse": 0.001343273906968534,
    "psnr": 28.714277267456055,
    "ms-ssim": 0.9186598658561707,
    "bpp": 0.23844444444444443,
    "encoding_time": 0.4660210609436035,
    "decoding_time": 0.4329044818878174
}