{
    "image_name": "RGB_OR_1200x1200_090.png",
    "mse": 0.0012672890443354845,
    "psnr": 28.96681022644043,
    "ms-ssim": 0.9625641703605652,
    "bpp": 0.34044444444444444,
    "encoding_time": 0.4053773880004883,
    "decoding_time": 0.34766578674316406
}