{
    "image_name": "RGB_OR_1200x1200_096.png",
    "mse": 0.00046508514788001776,
    "psnr": 33.313568115234375,
    "ms-ssim": 0.9507800936698914,
    "bpp": 0.08817777777777777,
    "encoding_time": 0.40932369232177734,
    "decoding_time": 0.5318658351898193
}