{
    "image_name": "RGB_OR_1200x1200_010.png",
    "mse": 0.000580419902689755,
    "psnr": 32.353302001953125,
    "ms-ssim": 0.9556773900985718,
    "bpp": 0.13844444444444445,
    "encoding_time": 0.3005027770996094,
    "decoding_time": 0.4316270351409912
}