{
    "image_name": "RGB_OR_1200x1200_047.png",
    "mse": 0.0008820164366625249,
    "psnr": 30.539188385009766,
    "ms-ssim": 0.9722196459770203,
    "bpp": 0.2089111111111111,
    "encoding_time": 0.2931990623474121,
    "decoding_time": 0.35607409477233887
}