{
    "image_name": "RGB_OR_1200x1200_075.png",
    "mse": 0.00048728365800343454,
    "psnr": 33.111446380615234,
    "ms-ssim": 0.9615787267684937,
    "bpp": 0.12982222222222223,
    "encoding_time": 0.39391088485717773,
    "decoding_time": 0.3390944004058838
}