{
    "image_name": "RGB_OR_1200x1200_080.png",
    "mse": 0.0003620936768129468,
    "psnr": 34.39764404296875,
    "ms-ssim": 0.9658462405204773,
    "bpp": 0.08582222222222222,
    "encoding_time": 0.3439011573791504,
    "decoding_time": 0.2935357093811035
}