{
    "image_name": "RGB_OR_1200x1200_078.png",
    "mse": 0.0003762335982173681,
    "psnr": 34.23103332519531,
    "ms-ssim": 0.983728289604187,
    "bpp": 0.12875555555555557,
    "encoding_time": 0.3091874122619629,
    "decoding_time": 0.36153435707092285
}