{
    "mean_loss": 0.4309546329437362,
    "mean_bpp": 0.43004777777777775,
    "mean_psnr": 33.67255313873291,
    "mean_msssim": 0.9909314483404159,
    "mean_msssim_dB": 20.424620686705815,
    "mean_enc_time": 0.43941454410552977,
    "mean_dec_time": 0.5538291263580323
}