{
    "image_name": "RGB_OR_1200x1200_100.png",
    "mse": 0.0001077471679309383,
    "psnr": 39.6458740234375,
    "ms-ssim": 0.9952649474143982,
    "bpp": 0.24557777777777778,
    "encoding_time": 0.5186514854431152,
    "decoding_time": 0.4347414970397949
}