{
    "image_name": "RGB_OR_1200x1200_006.png",
    "mse": 0.00028129227575846016,
    "psnr": 35.4892578125,
    "ms-ssim": 0.9875604510307312,
    "bpp": 0.5317333333333333,
    "encoding_time": 0.32310986518859863,
    "decoding_time": 0.37833094596862793
}