{
    "image_name": "RGB_OR_1200x1200_016.png",
    "mse": 0.0013116189511492848,
    "psnr": 28.817794799804688,
    "ms-ssim": 0.988584041595459,
    "bpp": 0.6151333333333333,
    "encoding_time": 0.38892054557800293,
    "decoding_time": 0.7246139049530029
}