{
    "image_name": "RGB_OR_1200x1200_045.png",
    "mse": 0.0002796849876176566,
    "psnr": 35.515830993652344,
    "ms-ssim": 0.991112470626831,
    "bpp": 0.3471111111111111,
    "encoding_time": 0.4858212471008301,
    "decoding_time": 0.3622555732727051
}