{
    "image_name": "RGB_OR_1200x1200_056.png",
    "mse": 0.00015697481285315007,
    "psnr": 38.007568359375,
    "ms-ssim": 0.991618812084198,
    "bpp": 0.30264444444444444,
    "encoding_time": 0.3125178813934326,
    "decoding_time": 0.7618005275726318
}