{
    "image_name": "RGB_OR_1200x1200_009.png",
    "mse": 0.0001854052534326911,
    "psnr": 37.29075622558594,
    "ms-ssim": 0.9950093626976013,
    "bpp": 0.23484444444444444,
    "encoding_time": 0.48590731620788574,
    "decoding_time": 0.5295000076293945
}