{
    "image_name": "RGB_OR_1200x1200_099.png",
    "mse": 0.0004124747356399894,
    "psnr": 33.833160400390625,
    "ms-ssim": 0.9887356758117676,
    "bpp": 0.5144666666666666,
    "encoding_time": 0.41132593154907227,
    "decoding_time": 0.5411434173583984
}