{
    "image_name": "RGB_OR_1200x1200_030.png",
    "mse": 0.0006404893938452005,
    "psnr": 31.92630958557129,
    "ms-ssim": 0.9887639284133911,
    "bpp": 0.5731111111111111,
    "encoding_time": 0.7343785762786865,
    "decoding_time": 0.7457718849182129
}