{
    "image_name": "RGB_OR_1200x1200_044.png",
    "mse": 0.0002477519738022238,
    "psnr": 36.03874969482422,
    "ms-ssim": 0.9896973371505737,
    "bpp": 0.485,
    "encoding_time": 0.3615565299987793,
    "decoding_time": 0.457324743270874
}