{
    "image_name": "RGB_OR_1200x1200_010.png",
    "mse": 0.0003170017444062978,
    "psnr": 34.97167205810547,
    "ms-ssim": 0.991087794303894,
    "bpp": 0.4673555555555556,
    "encoding_time": 0.3759644031524658,
    "decoding_time": 0.4051182270050049
}