{
    "image_name": "RGB_OR_1200x1200_088.png",
    "mse": 0.0004068039997946471,
    "psnr": 33.893463134765625,
    "ms-ssim": 0.9922880530357361,
    "bpp": 0.43206666666666665,
    "encoding_time": 0.3259854316711426,
    "decoding_time": 0.4023447036743164
}