{
    "image_name": "RGB_OR_1200x1200_080.png",
    "mse": 0.000179715731064789,
    "psnr": 37.42570877075195,
    "ms-ssim": 0.9909752607345581,
    "bpp": 0.3430888888888889,
    "encoding_time": 0.4615786075592041,
    "decoding_time": 0.5918240547180176
}