{
    "image_name": "RGB_OR_1200x1200_007.png",
    "mse": 0.0005746620008721948,
    "psnr": 32.396583557128906,
    "ms-ssim": 0.9925408363342285,
    "bpp": 0.35386666666666666,
    "encoding_time": 0.38254570960998535,
    "decoding_time": 0.3601419925689697
}