{
    "image_name": "RGB_OR_1200x1200_033.png",
    "mse": 0.0005994555540382862,
    "psnr": 32.21339416503906,
    "ms-ssim": 0.9908543825149536,
    "bpp": 0.4892888888888889,
    "encoding_time": 0.6611533164978027,
    "decoding_time": 0.7876124382019043
}