{
    "image_name": "RGB_OR_1200x1200_068.png",
    "mse": 0.0002554341917857528,
    "psnr": 35.91566467285156,
    "ms-ssim": 0.995337963104248,
    "bpp": 0.27382222222222224,
    "encoding_time": 0.6594858169555664,
    "decoding_time": 0.47696638107299805
}