{
    "image_name": "RGB_OR_1200x1200_072.png",
    "mse": 0.0009403866133652627,
    "psnr": 30.261219024658203,
    "ms-ssim": 0.991767406463623,
    "bpp": 0.44937777777777776,
    "encoding_time": 0.38175368309020996,
    "decoding_time": 0.37035322189331055
}