{
    "image_name": "RGB_OR_1200x1200_083.png",
    "mse": 0.00037031969986855984,
    "psnr": 34.299407958984375,
    "ms-ssim": 0.9932705760002136,
    "bpp": 0.2937111111111111,
    "encoding_time": 0.4181094169616699,
    "decoding_time": 0.56817626953125
}