{
    "image_name": "RGB_OR_1200x1200_076.png",
    "mse": 0.0003716791688930243,
    "psnr": 34.28364562988281,
    "ms-ssim": 0.9913849234580994,
    "bpp": 0.26864444444444446,
    "encoding_time": 0.42729735374450684,
    "decoding_time": 0.5840389728546143
}