{
    "image_name": "RGB_OR_1200x1200_008.png",
    "mse": 0.00047351207467727363,
    "psnr": 33.23503112792969,
    "ms-ssim": 0.9899454116821289,
    "bpp": 0.5352222222222223,
    "encoding_time": 0.6018862724304199,
    "decoding_time": 0.8139972686767578
}