{
    "image_name": "RGB_OR_1200x1200_074.png",
    "mse": 0.00016995595069602132,
    "psnr": 37.66645050048828,
    "ms-ssim": 0.9879015684127808,
    "bpp": 0.44075555555555557,
    "encoding_time": 0.26006150245666504,
    "decoding_time": 0.3064079284667969
}