{
    "image_name": "RGB_OR_1200x1200_096.png",
    "mse": 0.0002573882811702788,
    "psnr": 35.87376403808594,
    "ms-ssim": 0.9863349795341492,
    "bpp": 0.5049333333333333,
    "encoding_time": 0.5075075626373291,
    "decoding_time": 0.4507744312286377
}