{
    "image_name": "RGB_OR_1200x1200_014.png",
    "mse": 0.00030763138784095645,
    "psnr": 35.10186004638672,
    "ms-ssim": 0.9938060641288757,
    "bpp": 0.28375555555555554,
    "encoding_time": 0.36946725845336914,
    "decoding_time": 0.5971755981445312
}