{
    "image_name": "RGB_OR_1200x1200_031.png",
    "mse": 0.0004868234391324222,
    "psnr": 33.115848541259766,
    "ms-ssim": 0.9924695491790771,
    "bpp": 0.45842222222222223,
    "encoding_time": 0.5475239753723145,
    "decoding_time": 0.5379164218902588
}