{
    "image_name": "RGB_OR_1200x1200_052.png",
    "mse": 0.00041174274520017207,
    "psnr": 33.84040069580078,
    "ms-ssim": 0.9927791357040405,
    "bpp": 0.41344444444444445,
    "encoding_time": 0.3942837715148926,
    "decoding_time": 0.970930814743042
}