{
    "image_name": "RGB_OR_1200x1200_085.png",
    "mse": 0.0002934821241069585,
    "psnr": 35.30571746826172,
    "ms-ssim": 0.9881950616836548,
    "bpp": 0.5361555555555556,
    "encoding_time": 0.5191633701324463,
    "decoding_time": 0.504558801651001
}