{
    "image_name": "RGB_OR_1200x1200_078.png",
    "mse": 0.00028893223498016596,
    "psnr": 35.37364959716797,
    "ms-ssim": 0.992694079875946,
    "bpp": 0.27244444444444443,
    "encoding_time": 0.4066183567047119,
    "decoding_time": 0.3798348903656006
}