{
    "image_name": "RGB_OR_1200x1200_015.png",
    "mse": 0.00012198871991131455,
    "psnr": 39.09319305419922,
    "ms-ssim": 0.9942237138748169,
    "bpp": 0.17206666666666667,
    "encoding_time": 0.31214261054992676,
    "decoding_time": 0.673607587814331
}