{
    "image_name": "RGB_OR_1200x1200_004.png",
    "mse": 0.00019804398471023887,
    "psnr": 37.00575256347656,
    "ms-ssim": 0.9911834597587585,
    "bpp": 0.31877777777777777,
    "encoding_time": 0.33844757080078125,
    "decoding_time": 0.37015199661254883
}