{
    "image_name": "RGB_OR_1200x1200_048.png",
    "mse": 0.0008619693107903004,
    "psnr": 30.63886260986328,
    "ms-ssim": 0.9882802963256836,
    "bpp": 0.5926666666666667,
    "encoding_time": 0.35392022132873535,
    "decoding_time": 0.5253713130950928
}