{
    "image_name": "RGB_OR_1200x1200_084.png",
    "mse": 0.00010051880963146687,
    "psnr": 39.92360305786133,
    "ms-ssim": 0.9906095266342163,
    "bpp": 0.3136,
    "encoding_time": 0.4318232536315918,
    "decoding_time": 0.8717532157897949
}