{
    "image_name": "RGB_OR_1200x1200_020.png",
    "mse": 0.0005539318663068116,
    "psnr": 32.55585479736328,
    "ms-ssim": 0.9880528450012207,
    "bpp": 0.5968222222222223,
    "encoding_time": 0.5381677150726318,
    "decoding_time": 0.5670144557952881
}