{
    "image_name": "RGB_OR_1200x1200_077.png",
    "mse": 0.0002858056395780295,
    "psnr": 35.420772552490234,
    "ms-ssim": 0.9828059077262878,
    "bpp": 0.7215555555555555,
    "encoding_time": 0.36232829093933105,
    "decoding_time": 0.6028707027435303
}