{
    "image_name": "RGB_OR_1200x1200_036.png",
    "mse": 0.00010457589814905077,
    "psnr": 39.75552749633789,
    "ms-ssim": 0.9927541613578796,
    "bpp": 0.24433333333333335,
    "encoding_time": 0.32208895683288574,
    "decoding_time": 0.7192304134368896
}