{
    "image_name": "RGB_OR_1200x1200_035.png",
    "mse": 0.000579129729885608,
    "psnr": 32.362762451171875,
    "ms-ssim": 0.990860641002655,
    "bpp": 0.4285777777777778,
    "encoding_time": 0.40983057022094727,
    "decoding_time": 0.5942707061767578
}