{
    "image_name": "RGB_OR_1200x1200_075.png",
    "mse": 0.00041844809311442077,
    "psnr": 33.77127456665039,
    "ms-ssim": 0.9893493056297302,
    "bpp": 0.41664444444444443,
    "encoding_time": 0.39836621284484863,
    "decoding_time": 0.6947612762451172
}