{
    "image_name": "RGB_OR_1200x1200_093.png",
    "mse": 0.0002563279413152486,
    "psnr": 35.895545959472656,
    "ms-ssim": 0.9937825202941895,
    "bpp": 0.3184666666666667,
    "encoding_time": 0.3779618740081787,
    "decoding_time": 0.37459802627563477
}