{
    "image_name": "RGB_OR_1200x1200_050.png",
    "mse": 0.0003652961167972535,
    "psnr": 34.359188079833984,
    "ms-ssim": 0.9887814521789551,
    "bpp": 0.47988888888888886,
    "encoding_time": 1.0254826545715332,
    "decoding_time": 0.48039817810058594
}