{
    "image_name": "RGB_OR_1200x1200_039.png",
    "mse": 0.0005377805209718645,
    "psnr": 32.68392562866211,
    "ms-ssim": 0.9907270669937134,
    "bpp": 0.48057777777777777,
    "encoding_time": 0.4916701316833496,
    "decoding_time": 0.7975382804870605
}