{
    "image_name": "RGB_OR_1200x1200_060.png",
    "mse": 0.000325102562783286,
    "psnr": 34.864524841308594,
    "ms-ssim": 0.992165207862854,
    "bpp": 0.34942222222222225,
    "encoding_time": 0.6087706089019775,
    "decoding_time": 0.5942976474761963
}