{
    "image_name": "RGB_OR_1200x1200_090.png",
    "mse": 0.0010917141335085034,
    "psnr": 29.614013671875,
    "ms-ssim": 0.9891977310180664,
    "bpp": 0.6214222222222222,
    "encoding_time": 0.6282095909118652,
    "decoding_time": 0.4505605697631836
}