{
    "image_name": "RGB_OR_1200x1200_013.png",
    "mse": 0.00040734774665907025,
    "psnr": 33.88710403442383,
    "ms-ssim": 0.9925040602684021,
    "bpp": 0.33064444444444446,
    "encoding_time": 0.4189615249633789,
    "decoding_time": 0.6848728656768799
}