{
    "image_name": "RGB_OR_1200x1200_019.png",
    "mse": 0.0004757590068038553,
    "psnr": 33.21468734741211,
    "ms-ssim": 0.9906150102615356,
    "bpp": 0.4419111111111111,
    "encoding_time": 0.29642176628112793,
    "decoding_time": 0.4863593578338623
}