{
    "image_name": "RGB_OR_1200x1200_023.png",
    "mse": 0.000935975112952292,
    "psnr": 30.281526565551758,
    "ms-ssim": 0.9912325739860535,
    "bpp": 0.42946666666666666,
    "encoding_time": 0.30535054206848145,
    "decoding_time": 0.9162492752075195
}