{
    "image_name": "RGB_OR_1200x1200_047.png",
    "mse": 0.0006708244909532368,
    "psnr": 31.726043701171875,
    "ms-ssim": 0.9900712370872498,
    "bpp": 0.45444444444444443,
    "encoding_time": 0.3263216018676758,
    "decoding_time": 0.5113770961761475
}