{
    "image_name": "RGB_OR_1200x1200_025.png",
    "mse": 0.00025361828738823533,
    "psnr": 35.93680953979492,
    "ms-ssim": 0.9927760362625122,
    "bpp": 0.29206666666666664,
    "encoding_time": 0.36979079246520996,
    "decoding_time": 0.4882831573486328
}