{
    "image_name": "RGB_OR_1200x1200_095.png",
    "mse": 0.001648071687668562,
    "psnr": 27.826913833618164,
    "ms-ssim": 0.9868381023406982,
    "bpp": 0.7103555555555555,
    "encoding_time": 0.47771334648132324,
    "decoding_time": 0.3923366069793701
}