{
    "image_name": "RGB_OR_1200x1200_026.png",
    "mse": 0.0017206191550940275,
    "psnr": 27.640056610107422,
    "ms-ssim": 0.9905408620834351,
    "bpp": 0.5344222222222222,
    "encoding_time": 0.34783220291137695,
    "decoding_time": 0.41027069091796875
}