{
    "image_name": "RGB_OR_1200x1200_062.png",
    "mse": 0.0014850517036393285,
    "psnr": 28.27889060974121,
    "ms-ssim": 0.9879924654960632,
    "bpp": 0.7247333333333333,
    "encoding_time": 0.38604068756103516,
    "decoding_time": 0.40595078468322754
}