{
    "image_name": "RGB_OR_1200x1200_069.png",
    "mse": 0.0006714148912578821,
    "psnr": 31.721832275390625,
    "ms-ssim": 0.9920913577079773,
    "bpp": 0.3633777777777778,
    "encoding_time": 0.2612309455871582,
    "decoding_time": 0.5459511280059814
}