{
    "image_name": "RGB_OR_1200x1200_067.png",
    "mse": 0.00041409576078876853,
    "psnr": 33.816162109375,
    "ms-ssim": 0.9881259202957153,
    "bpp": 0.44253333333333333,
    "encoding_time": 0.5662686824798584,
    "decoding_time": 0.3859415054321289
}