{
    "image_name": "RGB_OR_1200x1200_071.png",
    "mse": 0.0003431617806199938,
    "psnr": 34.62909698486328,
    "ms-ssim": 0.990749716758728,
    "bpp": 0.36004444444444444,
    "encoding_time": 0.48457980155944824,
    "decoding_time": 0.7299718856811523
}