{
    "image_name": "RGB_OR_1200x1200_022.png",
    "mse": 0.0002820443769451231,
    "psnr": 35.477630615234375,
    "ms-ssim": 0.9908291697502136,
    "bpp": 0.4335333333333333,
    "encoding_time": 0.4060828685760498,
    "decoding_time": 0.5968189239501953
}