{
    "image_name": "RGB_OR_1200x1200_065.png",
    "mse": 0.00111382978502661,
    "psnr": 29.526639938354492,
    "ms-ssim": 0.9881058931350708,
    "bpp": 0.4994222222222222,
    "encoding_time": 0.3597378730773926,
    "decoding_time": 0.4480133056640625
}