{
    "image_name": "RGB_OR_1200x1200_021.png",
    "mse": 0.0005153697566129267,
    "psnr": 32.86890411376953,
    "ms-ssim": 0.9939345121383667,
    "bpp": 0.2854,
    "encoding_time": 0.26282429695129395,
    "decoding_time": 0.672778844833374
}