{
    "image_name": "RGB_OR_1200x1200_058.png",
    "mse": 0.000398397067328915,
    "psnr": 33.9837760925293,
    "ms-ssim": 0.991442859172821,
    "bpp": 0.3927555555555556,
    "encoding_time": 0.43134236335754395,
    "decoding_time": 0.6893248558044434
}