{
    "image_name": "RGB_OR_1200x1200_002.png",
    "mse": 0.0002066369925159961,
    "psnr": 36.822227478027344,
    "ms-ssim": 0.9932150840759277,
    "bpp": 0.2020888888888889,
    "encoding_time": 0.4743356704711914,
    "decoding_time": 0.5874340534210205
}