{
    "image_name": "RGB_OR_1200x1200_043.png",
    "mse": 0.0009181159548461437,
    "psnr": 30.365083694458008,
    "ms-ssim": 0.9878391623497009,
    "bpp": 0.6963333333333334,
    "encoding_time": 0.5769333839416504,
    "decoding_time": 0.6189131736755371
}