{
    "image_name": "RGB_OR_1200x1200_018.png",
    "mse": 0.0015513405669480562,
    "psnr": 28.089204788208008,
    "ms-ssim": 0.9898340106010437,
    "bpp": 0.5816222222222223,
    "encoding_time": 0.3277738094329834,
    "decoding_time": 0.44265198707580566
}