{
    "image_name": "RGB_OR_1200x1200_081.png",
    "mse": 0.0005118352710269392,
    "psnr": 32.898094177246094,
    "ms-ssim": 0.9930490255355835,
    "bpp": 0.3506,
    "encoding_time": 0.38833069801330566,
    "decoding_time": 0.4590725898742676
}