{
    "image_name": "RGB_OR_1200x1200_012.png",
    "mse": 0.0004611377080436796,
    "psnr": 33.3497200012207,
    "ms-ssim": 0.99178546667099,
    "bpp": 0.31524444444444444,
    "encoding_time": 0.38112688064575195,
    "decoding_time": 0.4261770248413086
}