{
    "image_name": "RGB_OR_1200x1200_087.png",
    "mse": 0.0013691489584743977,
    "psnr": 28.631263732910156,
    "ms-ssim": 0.9871048927307129,
    "bpp": 0.7295111111111111,
    "encoding_time": 0.5021700859069824,
    "decoding_time": 0.5654001235961914
}