{
    "image_name": "RGB_OR_1200x1200_024.png",
    "mse": 0.0016838922165334225,
    "psnr": 27.733367919921875,
    "ms-ssim": 0.9900469779968262,
    "bpp": 0.5194888888888889,
    "encoding_time": 0.2809946537017822,
    "decoding_time": 0.7476716041564941
}