{
    "image_name": "RGB_OR_1200x1200_011.png",
    "mse": 0.0009788013994693756,
    "psnr": 30.08769416809082,
    "ms-ssim": 0.9913603067398071,
    "bpp": 0.46926666666666667,
    "encoding_time": 0.3324472904205322,
    "decoding_time": 0.6616857051849365
}