{
    "image_name": "RGB_OR_1200x1200_057.png",
    "mse": 0.00020417579798959196,
    "psnr": 36.8737907409668,
    "ms-ssim": 0.9910259246826172,
    "bpp": 0.40182222222222225,
    "encoding_time": 0.5025849342346191,
    "decoding_time": 0.6073479652404785
}