{
    "image_name": "RGB_OR_1200x1200_092.png",
    "mse": 0.0002501315320841968,
    "psnr": 35.997005462646484,
    "ms-ssim": 0.9870400428771973,
    "bpp": 0.40055555555555555,
    "encoding_time": 0.5256218910217285,
    "decoding_time": 0.8336377143859863
}