{
    "image_name": "RGB_OR_1200x1200_094.png",
    "mse": 0.0010193665511906147,
    "psnr": 29.911457061767578,
    "ms-ssim": 0.9919928312301636,
    "bpp": 0.3882888888888889,
    "encoding_time": 0.8716166019439697,
    "decoding_time": 0.6757228374481201
}