{
    "image_name": "RGB_OR_1200x1200_091.png",
    "mse": 0.00029431277653202415,
    "psnr": 35.30058288574219,
    "ms-ssim": 0.9949934482574463,
    "bpp": 0.2892,
    "encoding_time": 0.33321046829223633,
    "decoding_time": 0.48479151725769043
}