{
    "image_name": "RGB_OR_1200x1200_037.png",
    "mse": 0.00033243463258259,
    "psnr": 34.766326904296875,
    "ms-ssim": 0.9914379119873047,
    "bpp": 0.41586666666666666,
    "encoding_time": 0.4710521697998047,
    "decoding_time": 0.6074450016021729
}