{
    "image_name": "RGB_OR_1200x1200_097.png",
    "mse": 0.0004893938894383609,
    "psnr": 33.091957092285156,
    "ms-ssim": 0.9938406944274902,
    "bpp": 0.25984444444444443,
    "encoding_time": 0.3069944381713867,
    "decoding_time": 0.6150567531585693
}