{
    "image_name": "RGB_OR_1200x1200_029.png",
    "mse": 0.0003473191463854164,
    "psnr": 34.57721710205078,
    "ms-ssim": 0.9924184679985046,
    "bpp": 0.37895555555555555,
    "encoding_time": 0.2905735969543457,
    "decoding_time": 0.5197749137878418
}