{
    "image_name": "RGB_OR_1200x1200_034.png",
    "mse": 0.00029001617804169655,
    "psnr": 35.356971740722656,
    "ms-ssim": 0.9942301511764526,
    "bpp": 0.2846888888888889,
    "encoding_time": 0.2983858585357666,
    "decoding_time": 0.3889427185058594
}