{
    "image_name": "RGB_OR_1200x1200_070.png",
    "mse": 0.00027407286688685417,
    "psnr": 35.60138702392578,
    "ms-ssim": 0.9898682832717896,
    "bpp": 0.5450444444444444,
    "encoding_time": 0.5958945751190186,
    "decoding_time": 0.5679597854614258
}