{
    "image_name": "RGB_OR_1200x1200_079.png",
    "mse": 0.0007142380345612764,
    "psnr": 31.454044342041016,
    "ms-ssim": 0.9948064684867859,
    "bpp": 0.25575555555555557,
    "encoding_time": 0.49665379524230957,
    "decoding_time": 0.7234785556793213
}