{
    "image_name": "RGB_OR_1200x1200_082.png",
    "mse": 0.0009875328978523612,
    "psnr": 30.04928970336914,
    "ms-ssim": 0.9853526949882507,
    "bpp": 0.7578,
    "encoding_time": 0.39554476737976074,
    "decoding_time": 0.4321146011352539
}