{
    "image_name": "RGB_OR_1200x1200_054.png",
    "mse": 0.0003792816132772714,
    "psnr": 34.19837951660156,
    "ms-ssim": 0.9925236701965332,
    "bpp": 0.4100888888888889,
    "encoding_time": 0.26291513442993164,
    "decoding_time": 0.43256306648254395
}