{
    "image_name": "RGB_OR_1200x1200_032.png",
    "mse": 0.0007186655420809984,
    "psnr": 31.42719078063965,
    "ms-ssim": 0.9882241487503052,
    "bpp": 0.6130666666666666,
    "encoding_time": 0.5332915782928467,
    "decoding_time": 0.5753860473632812
}