{
    "image_name": "RGB_OR_1200x1200_059.png",
    "mse": 0.001913319225423038,
    "psnr": 27.179304122924805,
    "ms-ssim": 0.9875338077545166,
    "bpp": 0.6900666666666667,
    "encoding_time": 0.4455146789550781,
    "decoding_time": 0.498110294342041
}