{
    "image_name": "RGB_OR_1200x1200_038.png",
    "mse": 0.0002168112841900438,
    "psnr": 36.61491394042969,
    "ms-ssim": 0.9929771423339844,
    "bpp": 0.3078666666666667,
    "encoding_time": 0.4022369384765625,
    "decoding_time": 0.30642223358154297
}