{
    "image_name": "RGB_OR_1200x1200_017.png",
    "mse": 0.0004555112973321229,
    "psnr": 33.403263092041016,
    "ms-ssim": 0.9918469786643982,
    "bpp": 0.4391111111111111,
    "encoding_time": 0.5374457836151123,
    "decoding_time": 0.41800999641418457
}