{
    "image_name": "RGB_OR_1200x1200_040.png",
    "mse": 0.00044892015284858644,
    "psnr": 33.466705322265625,
    "ms-ssim": 0.9908971786499023,
    "bpp": 0.45482222222222224,
    "encoding_time": 0.3187103271484375,
    "decoding_time": 0.6053507328033447
}