{
    "image_name": "RGB_OR_1200x1200_061.png",
    "mse": 0.000898652127943933,
    "psnr": 30.458280563354492,
    "ms-ssim": 0.9893914461135864,
    "bpp": 0.5944222222222222,
    "encoding_time": 0.5981690883636475,
    "decoding_time": 0.5469701290130615
}