{
    "image_name": "RGB_OR_1200x1200_003.png",
    "mse": 0.0004904921515844762,
    "psnr": 33.08268356323242,
    "ms-ssim": 0.9923830032348633,
    "bpp": 0.3391777777777778,
    "encoding_time": 0.3969149589538574,
    "decoding_time": 0.400662899017334
}