{
    "image_name": "RGB_OR_1200x1200_001.png",
    "mse": 0.0003679684305097908,
    "psnr": 34.32682800292969,
    "ms-ssim": 0.9943094253540039,
    "bpp": 0.26397777777777776,
    "encoding_time": 0.4275805950164795,
    "decoding_time": 0.8033649921417236
}