{
    "image_name": "RGB_OR_1200x1200_051.png",
    "mse": 0.0001811383117455989,
    "psnr": 37.390113830566406,
    "ms-ssim": 0.9912848472595215,
    "bpp": 0.35175555555555554,
    "encoding_time": 0.38022708892822266,
    "decoding_time": 0.3214869499206543
}