{
    "image_name": "RGB_OR_1200x1200_049.png",
    "mse": 0.0003913019609171897,
    "psnr": 34.06165313720703,
    "ms-ssim": 0.9930073618888855,
    "bpp": 0.3564222222222222,
    "encoding_time": 0.46011900901794434,
    "decoding_time": 0.7001912593841553
}