{
    "image_name": "RGB_OR_1200x1200_089.png",
    "mse": 0.0007338077994063497,
    "psnr": 31.337053298950195,
    "ms-ssim": 0.9891785383224487,
    "bpp": 0.5365555555555556,
    "encoding_time": 0.3876817226409912,
    "decoding_time": 0.8092601299285889
}