{
    "image_name": "RGB_OR_1200x1200_073.png",
    "mse": 0.00017595673853065819,
    "psnr": 37.519832611083984,
    "ms-ssim": 0.9912364482879639,
    "bpp": 0.26035555555555556,
    "encoding_time": 0.436603307723999,
    "decoding_time": 0.7465596199035645
}