{
    "image_name": "RGB_OR_1200x1200_055.png",
    "mse": 0.00040257934597320855,
    "psnr": 33.938167572021484,
    "ms-ssim": 0.9938938021659851,
    "bpp": 0.3665111111111111,
    "encoding_time": 0.5305123329162598,
    "decoding_time": 0.4852306842803955
}