{
    "image_name": "RGB_OR_1200x1200_064.png",
    "mse": 0.0005606384365819395,
    "psnr": 32.504051208496094,
    "ms-ssim": 0.9922350645065308,
    "bpp": 0.4502,
    "encoding_time": 0.34584879875183105,
    "decoding_time": 0.4675941467285156
}