{
    "image_name": "RGB_OR_1200x1200_053.png",
    "mse": 0.0002004079578910023,
    "psnr": 36.954368591308594,
    "ms-ssim": 0.9950417876243591,
    "bpp": 0.19915555555555556,
    "encoding_time": 0.40248537063598633,
    "decoding_time": 0.6972055435180664
}