{
    "image_name": "RGB_OR_1200x1200_027.png",
    "mse": 0.0006145628867670894,
    "psnr": 32.10541915893555,
    "ms-ssim": 0.991899847984314,
    "bpp": 0.42213333333333336,
    "encoding_time": 0.4334683418273926,
    "decoding_time": 0.3536689281463623
}