{
    "mean_loss": 0.7258311685686363,
    "mean_bpp": 0.7250721969222081,
    "mean_psnr": 32.34409475326538,
    "mean_msssim": 0.9924102835357189,
    "mean_msssim_dB": 21.19774448122729,
    "mean_enc_time": 0.7817681729793549,
    "mean_dec_time": 1.0193253308534622
}