{
    "image_name": "00007_TE_1472x976.png",
    "mse": 0.00041492460877634585,
    "psnr": 33.80762481689453,
    "ms-ssim": 0.9948387145996094,
    "bpp": 0.5830586243763364,
    "encoding_time": 0.5119433403015137,
    "decoding_time": 0.40978312492370605
}