{
    "image_name": "00013_TE_1920x1280.png",
    "mse": 0.0003460625885054469,
    "psnr": 34.59209442138672,
    "ms-ssim": 0.9937281608581543,
    "bpp": 0.7302604166666666,
    "encoding_time": 0.5096144676208496,
    "decoding_time": 0.6127004623413086
}