{
    "image_name": "00001_TE_2096x1400.png",
    "mse": 0.0010640426771715283,
    "psnr": 29.72511863708496,
    "ms-ssim": 0.993687629699707,
    "bpp": 0.7247437295528899,
    "encoding_time": 0.4776475429534912,
    "decoding_time": 0.9150209426879883
}