{
    "image_name": "00008_TE_1912x1272.png",
    "mse": 0.0006493835244327784,
    "psnr": 31.866287231445312,
    "ms-ssim": 0.9930740594863892,
    "bpp": 0.704810399726323,
    "encoding_time": 0.754425048828125,
    "decoding_time": 0.805241584777832
}