{
    "image_name": "00015_TE_3680x2456.png",
    "mse": 0.00039064622251316905,
    "psnr": 34.068206787109375,
    "ms-ssim": 0.9949671030044556,
    "bpp": 0.4750141622999575,
    "encoding_time": 1.912781000137329,
    "decoding_time": 2.5631489753723145
}