{
    "image_name": "00011_TE_1744x1160.png",
    "mse": 0.0007620679098181427,
    "psnr": 31.173200607299805,
    "ms-ssim": 0.9929723143577576,
    "bpp": 0.868348623853211,
    "encoding_time": 0.6760284900665283,
    "decoding_time": 0.858992338180542
}