{
    "image_name": "00004_TE_1808x1352.png",
    "mse": 0.0009799033869057894,
    "psnr": 30.08263397216797,
    "ms-ssim": 0.9931217432022095,
    "bpp": 0.8301042048489291,
    "encoding_time": 0.8805804252624512,
    "decoding_time": 0.6650180816650391
}