{
    "image_name": "00002_TE_2144x1424.png",
    "mse": 0.000535993545781821,
    "psnr": 32.698570251464844,
    "ms-ssim": 0.989776611328125,
    "bpp": 0.9404138017776287,
    "encoding_time": 0.70993971824646,
    "decoding_time": 0.9296822547912598
}