{
    "image_name": "00016_TE_1744x2000.png",
    "mse": 0.0004489404091145843,
    "psnr": 33.466400146484375,
    "ms-ssim": 0.979156494140625,
    "bpp": 1.0324128440366973,
    "encoding_time": 0.9971635341644287,
    "decoding_time": 1.2390880584716797
}