{
    "image_name": "00009_TE_1976x1312.png",
    "mse": 0.003337798174470663,
    "psnr": 24.763778686523438,
    "ms-ssim": 0.9902809858322144,
    "bpp": 1.016478226523156,
    "encoding_time": 0.5184154510498047,
    "decoding_time": 0.8391549587249756
}