{
    "image_name": "00003_TE_1944x1296.png",
    "mse": 0.0003492319374345243,
    "psnr": 34.554988861083984,
    "ms-ssim": 0.9943985342979431,
    "bpp": 0.5874231570390692,
    "encoding_time": 0.6853382587432861,
    "decoding_time": 1.0666277408599854
}