{
    "image_name": "00010_TE_2000x1128.png",
    "mse": 0.0002896360820159316,
    "psnr": 35.36339569091797,
    "ms-ssim": 0.9935476183891296,
    "bpp": 0.5987092198581561,
    "encoding_time": 0.5675177574157715,
    "decoding_time": 0.7847118377685547
}