{
    "image_name": "00005_TE_1336x872.png",
    "mse": 0.0004698648990597576,
    "psnr": 33.26890563964844,
    "ms-ssim": 0.9956804513931274,
    "bpp": 0.3957314728341482,
    "encoding_time": 0.38813209533691406,
    "decoding_time": 0.4979398250579834
}