{
    "image_name": "00012_TE_1512x2016.png",
    "mse": 0.0005875256611034274,
    "psnr": 32.300376892089844,
    "ms-ssim": 0.9896158576011658,
    "bpp": 0.9750146972369195,
    "encoding_time": 0.6664106845855713,
    "decoding_time": 1.0400230884552002
}