{
    "image_name": "00006_TE_1544x1120.png",
    "mse": 0.0007642980781383812,
    "psnr": 31.160812377929688,
    "ms-ssim": 0.9954415559768677,
    "bpp": 0.5888971132494448,
    "encoding_time": 0.39915013313293457,
    "decoding_time": 0.5295107364654541
}