{
    "mean_loss": 0.32046304655964947,
    "mean_bpp": 0.3203828394997402,
    "mean_psnr": 31.311129927635193,
    "mean_msssim": 0.9658197276294231,
    "mean_msssim_dB": 14.662244808614124,
    "mean_enc_time": 0.843342050909996,
    "mean_dec_time": 1.0047599971294403
}