{
    "image_name": "00008_TE_1912x1272.png",
    "mse": 0.0008251604740507901,
    "psnr": 30.827903747558594,
    "ms-ssim": 0.9577454328536987,
    "bpp": 0.26692718612668087,
    "encoding_time": 0.5179908275604248,
    "decoding_time": 0.95224928855896
}