{
    "image_name": "00013_TE_1920x1280.png",
    "mse": 0.0006935739074833691,
    "psnr": 31.58111572265625,
    "ms-ssim": 0.9662882089614868,
    "bpp": 0.29098958333333336,
    "encoding_time": 0.5020630359649658,
    "decoding_time": 0.599090576171875
}