{
    "image_name": "00012_TE_1512x2016.png",
    "mse": 0.001011430285871029,
    "psnr": 29.945188522338867,
    "ms-ssim": 0.925482451915741,
    "bpp": 0.25553245989753925,
    "encoding_time": 0.537036657333374,
    "decoding_time": 0.6926178932189941
}