{
    "image_name": "00016_TE_1744x2000.png",
    "mse": 0.000766162178479135,
    "psnr": 31.149812698364258,
    "ms-ssim": 0.9135972261428833,
    "bpp": 0.10670642201834862,
    "encoding_time": 0.6663916110992432,
    "decoding_time": 1.3057787418365479
}