{
    "image_name": "00006_TE_1544x1120.png",
    "mse": 0.0007639967952854931,
    "psnr": 31.16190528869629,
    "ms-ssim": 0.984393835067749,
    "bpp": 0.382420429311621,
    "encoding_time": 0.48902034759521484,
    "decoding_time": 0.7275636196136475
}