{
    "image_name": "00002_TE_2144x1424.png",
    "mse": 0.0007787668146193027,
    "psnr": 31.07923698425293,
    "ms-ssim": 0.9437973499298096,
    "bpp": 0.2871038068086534,
    "encoding_time": 0.9250950813293457,
    "decoding_time": 1.0293793678283691
}