{
    "image_name": "00009_TE_1976x1312.png",
    "mse": 0.001952068298123777,
    "psnr": 27.092212677001953,
    "ms-ssim": 0.9729112982749939,
    "bpp": 0.8486348375629506,
    "encoding_time": 0.48808789253234863,
    "decoding_time": 0.6174147129058838
}