{
    "image_name": "00007_TE_1472x976.png",
    "mse": 0.000519162742421031,
    "psnr": 32.836708068847656,
    "ms-ssim": 0.9804210066795349,
    "bpp": 0.2540983606557377,
    "encoding_time": 0.35310840606689453,
    "decoding_time": 0.44893622398376465
}