{
    "image_name": "00001_TE_2096x1400.png",
    "mse": 0.000998572213575244,
    "psnr": 30.000627517700195,
    "ms-ssim": 0.9810646772384644,
    "bpp": 0.48029443838604147,
    "encoding_time": 0.6708712577819824,
    "decoding_time": 1.2350811958312988
}