{
    "image_name": "00004_TE_1808x1352.png",
    "mse": 0.0010296168038621545,
    "psnr": 29.86831283569336,
    "ms-ssim": 0.9736970663070679,
    "bpp": 0.4644054039901555,
    "encoding_time": 1.2619707584381104,
    "decoding_time": 1.2198081016540527
}