{
    "image_name": "00010_TE_2000x1128.png",
    "mse": 0.00047218051622621715,
    "psnr": 33.247520446777344,
    "ms-ssim": 0.9641071557998657,
    "bpp": 0.16808510638297872,
    "encoding_time": 0.588507890701294,
    "decoding_time": 0.9290940761566162
}