{
    "image_name": "00005_TE_1336x872.png",
    "mse": 0.0004273099184501916,
    "psnr": 33.68048095703125,
    "ms-ssim": 0.9895853996276855,
    "bpp": 0.21889249024886007,
    "encoding_time": 0.44285082817077637,
    "decoding_time": 0.38545751571655273
}