{
    "image_name": "00011_TE_1744x1160.png",
    "mse": 0.0010700024431571364,
    "psnr": 29.701385498046875,
    "ms-ssim": 0.974366307258606,
    "bpp": 0.441584941474217,
    "encoding_time": 0.4870889186859131,
    "decoding_time": 0.7908940315246582
}