{
    "image_name": "00003_TE_1944x1296.png",
    "mse": 0.0005434755585156381,
    "psnr": 32.63907241821289,
    "ms-ssim": 0.9763318300247192,
    "bpp": 0.23182441700960219,
    "encoding_time": 0.5611090660095215,
    "decoding_time": 0.7953445911407471
}