{
    "image_name": "00015_TE_3680x2456.png",
    "mse": 0.00047084488323889673,
    "psnr": 33.259620666503906,
    "ms-ssim": 0.9800865054130554,
    "bpp": 0.22346693102959922,
    "encoding_time": 2.296203851699829,
    "decoding_time": 2.1338117122650146
}