{
    "image_name": "00014_TE_3680x2456.png",
    "mse": 0.0005108057521283627,
    "psnr": 32.90697479248047,
    "ms-ssim": 0.9692398905754089,
    "bpp": 0.20515861775952415,
    "encoding_time": 2.7060763835906982,
    "decoding_time": 2.2136383056640625
}