{
    "mean_loss": 0.24927551373010726,
    "mean_bpp": 0.24917941623263887,
    "mean_psnr": 30.57247757911682,
    "mean_msssim": 0.9532902215917906,
    "mean_msssim_dB": 13.305921930059476,
    "mean_enc_time": 0.12590653697649637,
    "mean_dec_time": 0.1350787878036499
}