{
    "image_name": "23.png",
    "mse": 0.00041713312384672463,
    "psnr": 33.78473663330078,
    "ms-ssim": 0.9659570455551147,
    "bpp": 0.12166341145833333,
    "encoding_time": 0.40793585777282715,
    "decoding_time": 0.10015249252319336
}