{
    "image_name": "10.png",
    "mse": 0.0005639702430926263,
    "psnr": 32.47795486450195,
    "ms-ssim": 0.9610413312911987,
    "bpp": 0.15714518229166666,
    "encoding_time": 0.08777427673339844,
    "decoding_time": 0.16026568412780762
}