{
    "image_name": "20.png",
    "mse": 0.0005969270714558661,
    "psnr": 32.23487091064453,
    "ms-ssim": 0.9678651094436646,
    "bpp": 0.15535481770833334,
    "encoding_time": 0.15445613861083984,
    "decoding_time": 0.07536125183105469
}