{
    "image_name": "22.png",
    "mse": 0.001056126900948584,
    "psnr": 29.757591247558594,
    "ms-ssim": 0.9301325678825378,
    "bpp": 0.21419270833333334,
    "encoding_time": 0.10184288024902344,
    "decoding_time": 0.16087865829467773
}