{
    "image_name": "24.png",
    "mse": 0.0012452591909095645,
    "psnr": 29.04357147216797,
    "ms-ssim": 0.9551675319671631,
    "bpp": 0.3585611979166667,
    "encoding_time": 0.10396099090576172,
    "decoding_time": 0.14654803276062012
}