{
    "image_name": "11.png",
    "mse": 0.0010136780329048634,
    "psnr": 29.935588836669922,
    "ms-ssim": 0.9406956434249878,
    "bpp": 0.23575846354166666,
    "encoding_time": 0.13428282737731934,
    "decoding_time": 0.13298344612121582
}