{
    "image_name": "8.png",
    "mse": 0.0015290965093299747,
    "psnr": 28.151844024658203,
    "ms-ssim": 0.9684673547744751,
    "bpp": 0.4877115885416667,
    "encoding_time": 0.07978153228759766,
    "decoding_time": 0.10367298126220703
}