{
    "image_name": "6.png",
    "mse": 0.001140959677286446,
    "psnr": 29.422819137573242,
    "ms-ssim": 0.945634126663208,
    "bpp": 0.2925618489583333,
    "encoding_time": 0.19842290878295898,
    "decoding_time": 0.13508987426757812
}