{
    "image_name": "2.png",
    "mse": 0.0007665305747650564,
    "psnr": 31.14754867553711,
    "ms-ssim": 0.9198836088180542,
    "bpp": 0.13639322916666666,
    "encoding_time": 0.08408021926879883,
    "decoding_time": 0.10169124603271484
}