{
    "image_name": "14.png",
    "mse": 0.0012853890657424927,
    "psnr": 28.90542221069336,
    "ms-ssim": 0.9461660385131836,
    "bpp": 0.31201171875,
    "encoding_time": 0.07932400703430176,
    "decoding_time": 0.1027679443359375
}