{
    "image_name": "18.png",
    "mse": 0.0013277448015287519,
    "psnr": 28.764453887939453,
    "ms-ssim": 0.9463046789169312,
    "bpp": 0.3430989583333333,
    "encoding_time": 0.10684800148010254,
    "decoding_time": 0.20065569877624512
}