{
    "image_name": "19.png",
    "mse": 0.0008906311122700572,
    "psnr": 30.496627807617188,
    "ms-ssim": 0.9456623792648315,
    "bpp": 0.19449869791666666,
    "encoding_time": 0.08047652244567871,
    "decoding_time": 0.2159721851348877
}