{
    "image_name": "21.png",
    "mse": 0.001013045315630734,
    "psnr": 29.9381103515625,
    "ms-ssim": 0.9646579623222351,
    "bpp": 0.275634765625,
    "encoding_time": 0.09344053268432617,
    "decoding_time": 0.12987637519836426
}