{
    "image_name": "12.png",
    "mse": 0.0005799437058158219,
    "psnr": 32.35649871826172,
    "ms-ssim": 0.9421261548995972,
    "bpp": 0.13118489583333334,
    "encoding_time": 0.14489197731018066,
    "decoding_time": 0.12466549873352051
}