{
    "image_name": "1.png",
    "mse": 0.0016018665628507733,
    "psnr": 27.950286865234375,
    "ms-ssim": 0.9562736749649048,
    "bpp": 0.3946126302083333,
    "encoding_time": 0.12562775611877441,
    "decoding_time": 0.09267449378967285
}