{
    "image_name": "13.png",
    "mse": 0.0021824922878295183,
    "psnr": 26.607728958129883,
    "ms-ssim": 0.945073127746582,
    "bpp": 0.5936686197916666,
    "encoding_time": 0.08411478996276855,
    "decoding_time": 0.15189886093139648
}