{
    "image_name": "9.png",
    "mse": 0.0005076716188341379,
    "psnr": 32.93325424194336,
    "ms-ssim": 0.9725269079208374,
    "bpp": 0.14998372395833334,
    "encoding_time": 0.08191871643066406,
    "decoding_time": 0.10617852210998535
}