{
    "image_name": "15.png",
    "mse": 0.0006880526198074222,
    "psnr": 31.6158504486084,
    "ms-ssim": 0.9549655914306641,
    "bpp": 0.15437825520833334,
    "encoding_time": 0.09589028358459473,
    "decoding_time": 0.18220067024230957
}