{
    "image_name": "4.png",
    "mse": 0.0007338596624322236,
    "psnr": 31.33660888671875,
    "ms-ssim": 0.940367579460144,
    "bpp": 0.156494140625,
    "encoding_time": 0.21801114082336426,
    "decoding_time": 0.17603182792663574
}