{
    "image_name": "3.png",
    "mse": 0.00047258188715204597,
    "psnr": 33.243743896484375,
    "ms-ssim": 0.965018630027771,
    "bpp": 0.13004557291666666,
    "encoding_time": 0.08744621276855469,
    "decoding_time": 0.11090230941772461
}