{
    "mean_loss": 0.7373529680114492,
    "mean_bpp": 0.7373250325520834,
    "mean_psnr": 35.74852148691813,
    "mean_msssim": 0.9854733074704806,
    "mean_msssim_dB": 18.378332556049113,
    "mean_enc_time": 0.14055517315864563,
    "mean_dec_time": 0.14593411485354105
}