{
    "image_name": "11.png",
    "mse": 0.0002978648408316076,
    "psnr": 35.240901947021484,
    "ms-ssim": 0.9833958148956299,
    "bpp": 0.7565104166666666,
    "encoding_time": 0.13490962982177734,
    "decoding_time": 0.10492777824401855
}