{
    "image_name": "18.png",
    "mse": 0.0003804156731348485,
    "psnr": 34.1824951171875,
    "ms-ssim": 0.9836475253105164,
    "bpp": 0.98046875,
    "encoding_time": 0.10463261604309082,
    "decoding_time": 0.17214131355285645
}