{
    "image_name": "16.png",
    "mse": 0.0002300938795087859,
    "psnr": 36.35633850097656,
    "ms-ssim": 0.9843116998672485,
    "bpp": 0.55224609375,
    "encoding_time": 0.1014404296875,
    "decoding_time": 0.1198720932006836
}