{
    "image_name": "10.png",
    "mse": 0.0001926727854879573,
    "psnr": 37.123191833496094,
    "ms-ssim": 0.9854493141174316,
    "bpp": 0.436279296875,
    "encoding_time": 0.09007406234741211,
    "decoding_time": 0.07906532287597656
}