{
    "image_name": "20.png",
    "mse": 0.00019260933913756162,
    "psnr": 37.13346862792969,
    "ms-ssim": 0.9883176684379578,
    "bpp": 0.4842936197916667,
    "encoding_time": 0.21408462524414062,
    "decoding_time": 0.13345813751220703
}