{
    "image_name": "4.png",
    "mse": 0.00025607721181586385,
    "psnr": 35.8943977355957,
    "ms-ssim": 0.9805862307548523,
    "bpp": 0.520751953125,
    "encoding_time": 0.0986776351928711,
    "decoding_time": 0.13043427467346191
}