{
    "image_name": "19.png",
    "mse": 0.00028001342434436083,
    "psnr": 35.50899124145508,
    "ms-ssim": 0.9837514758110046,
    "bpp": 0.6685384114583334,
    "encoding_time": 0.11901426315307617,
    "decoding_time": 0.13893628120422363
}