{
    "image_name": "17.png",
    "mse": 0.0002165213954867795,
    "psnr": 36.61878204345703,
    "ms-ssim": 0.986710250377655,
    "bpp": 0.5008138020833334,
    "encoding_time": 0.12652826309204102,
    "decoding_time": 0.3092176914215088
}