{
    "image_name": "15.png",
    "mse": 0.00022884897771291435,
    "psnr": 36.38075637817383,
    "ms-ssim": 0.9837042093276978,
    "bpp": 0.5056966145833334,
    "encoding_time": 0.09150314331054688,
    "decoding_time": 0.1133575439453125
}