{
    "image_name": "12.png",
    "mse": 0.0002021451509790495,
    "psnr": 36.916595458984375,
    "ms-ssim": 0.9799299240112305,
    "bpp": 0.4239908854166667,
    "encoding_time": 0.09875893592834473,
    "decoding_time": 0.1139380931854248
}