{
    "image_name": "8.png",
    "mse": 0.00041430353303439915,
    "psnr": 33.81359100341797,
    "ms-ssim": 0.9909777641296387,
    "bpp": 1.2998860677083333,
    "encoding_time": 0.09852957725524902,
    "decoding_time": 0.3206315040588379
}