{
    "image_name": "1.png",
    "mse": 0.00039446857408620417,
    "psnr": 34.02580642700195,
    "ms-ssim": 0.9896272420883179,
    "bpp": 1.2305501302083333,
    "encoding_time": 0.22661256790161133,
    "decoding_time": 0.14994001388549805
}