{
    "image_name": "2.png",
    "mse": 0.00028340451535768807,
    "psnr": 35.456512451171875,
    "ms-ssim": 0.9717812538146973,
    "bpp": 0.5074055989583334,
    "encoding_time": 0.07965779304504395,
    "decoding_time": 0.22322702407836914
}