{
    "image_name": "22.png",
    "mse": 0.0003256445925217122,
    "psnr": 34.855712890625,
    "ms-ssim": 0.9798893332481384,
    "bpp": 0.7516276041666666,
    "encoding_time": 0.16699624061584473,
    "decoding_time": 0.1463465690612793
}