{
    "image_name": "9.png",
    "mse": 0.00017700532043818384,
    "psnr": 37.48762512207031,
    "ms-ssim": 0.9872301816940308,
    "bpp": 0.4033203125,
    "encoding_time": 0.17345833778381348,
    "decoding_time": 0.08771800994873047
}