{
    "image_name": "14.png",
    "mse": 0.0003657385823316872,
    "psnr": 34.35253143310547,
    "ms-ssim": 0.9863361716270447,
    "bpp": 0.9700520833333334,
    "encoding_time": 0.18287348747253418,
    "decoding_time": 0.11444807052612305
}