{
    "image_name": "6.png",
    "mse": 0.00030497476109303534,
    "psnr": 35.139652252197266,
    "ms-ssim": 0.9853954315185547,
    "bpp": 0.86962890625,
    "encoding_time": 0.1030893325805664,
    "decoding_time": 0.10793137550354004
}