{
    "image_name": "21.png",
    "mse": 0.00028037556330673397,
    "psnr": 35.503265380859375,
    "ms-ssim": 0.9862973690032959,
    "bpp": 0.7724609375,
    "encoding_time": 0.1319270133972168,
    "decoding_time": 0.1211247444152832
}