{
    "image_name": "13.png",
    "mse": 0.0005092475330457091,
    "psnr": 32.919593811035156,
    "ms-ssim": 0.9885579347610474,
    "bpp": 1.66455078125,
    "encoding_time": 0.09653472900390625,
    "decoding_time": 0.11300969123840332
}