{
    "image_name": "5.png",
    "mse": 0.00036078502307645977,
    "psnr": 34.413116455078125,
    "ms-ssim": 0.9917299151420593,
    "bpp": 1.2005208333333333,
    "encoding_time": 0.20436692237854004,
    "decoding_time": 0.12115335464477539
}