{
    "image_name": "24.png",
    "mse": 0.00033566475030966103,
    "psnr": 34.72499084472656,
    "ms-ssim": 0.9883766174316406,
    "bpp": 0.98388671875,
    "encoding_time": 0.15149760246276855,
    "decoding_time": 0.11253070831298828
}