{
    "image_name": "3.png",
    "mse": 0.00015014596283435822,
    "psnr": 38.198246002197266,
    "ms-ssim": 0.9867150187492371,
    "bpp": 0.387451171875,
    "encoding_time": 0.2133321762084961,
    "decoding_time": 0.24115872383117676
}