{
    "image_name": "23.png",
    "mse": 0.0001525769184809178,
    "psnr": 38.128116607666016,
    "ms-ssim": 0.9868131875991821,
    "bpp": 0.316650390625,
    "encoding_time": 0.2757742404937744,
    "decoding_time": 0.11685466766357422
}