{
    "mean_loss": 0.4339995101754092,
    "mean_bpp": 0.4330929710667142,
    "mean_psnr": 33.739683988617685,
    "mean_msssim": 0.9909346089130495,
    "mean_msssim_dB": 20.426134554139406,
    "mean_enc_time": 0.5627515606763887,
    "mean_dec_time": 0.6325928525226873
}