{
    "image_name": "wojciech-szaturski-3611.png",
    "mse": 0.0007649879553355277,
    "psnr": 31.156375885009766,
    "ms-ssim": 0.9908434748649597,
    "bpp": 0.4563410652594814,
    "encoding_time": 0.7025952339172363,
    "decoding_time": 0.7752883434295654
}