{
    "image_name": "daniel-robert-405.png",
    "mse": 0.0007802201434969902,
    "psnr": 31.071422576904297,
    "ms-ssim": 0.9895353317260742,
    "bpp": 0.5724612954186414,
    "encoding_time": 0.39164113998413086,
    "decoding_time": 0.49547863006591797
}