{
    "image_name": "philippe-wuyts-45997.png",
    "mse": 0.0006058584549464285,
    "psnr": 32.16773223876953,
    "ms-ssim": 0.9894033670425415,
    "bpp": 0.6183254660080371,
    "encoding_time": 0.6415150165557861,
    "decoding_time": 0.661421537399292
}