{
    "image_name": "martin-wessely-211.png",
    "mse": 0.0016644902061671019,
    "psnr": 27.783903121948242,
    "ms-ssim": 0.9848918914794922,
    "bpp": 0.7855208333333333,
    "encoding_time": 0.20125484466552734,
    "decoding_time": 0.1444687843322754
}