{
    "image_name": "kazuend-28556.png",
    "mse": 0.00010250798368360847,
    "psnr": 39.83989715576172,
    "ms-ssim": 0.9938068389892578,
    "bpp": 0.21046245421245421,
    "encoding_time": 0.6599276065826416,
    "decoding_time": 0.8031370639801025
}