{
    "image_name": "juskteez-vu-1041.png",
    "mse": 0.0010798380244523287,
    "psnr": 29.661502838134766,
    "ms-ssim": 0.9867827296257019,
    "bpp": 0.7674329472818177,
    "encoding_time": 0.5051465034484863,
    "decoding_time": 0.5422494411468506
}