{
    "image_name": "thong-vo-428.png",
    "mse": 0.0010035826126113534,
    "psnr": 29.97922706604004,
    "ms-ssim": 0.9898387789726257,
    "bpp": 0.5869251722480372,
    "encoding_time": 0.49770259857177734,
    "decoding_time": 0.52278733253479
}