{
    "image_name": "philipp-reiner-207.png",
    "mse": 0.0014016659697517753,
    "psnr": 28.529821395874023,
    "ms-ssim": 0.9867128729820251,
    "bpp": 0.6107407407407407,
    "encoding_time": 0.2616603374481201,
    "decoding_time": 0.4438464641571045
}