{
    "image_name": "zugr-108.png",
    "mse": 0.00016125422553159297,
    "psnr": 37.891822814941406,
    "ms-ssim": 0.9942913055419922,
    "bpp": 0.2158768315018315,
    "encoding_time": 0.5682682991027832,
    "decoding_time": 0.7248661518096924
}