{
    "image_name": "todd-quackenbush-222.png",
    "mse": 0.0010798030998557806,
    "psnr": 29.661083221435547,
    "ms-ssim": 0.9859649538993835,
    "bpp": 0.6596810933940774,
    "encoding_time": 0.2192389965057373,
    "decoding_time": 0.07574677467346191
}