{
    "image_name": "alexander-shustov-73.png",
    "mse": 0.0015874507371336222,
    "psnr": 27.989517211914062,
    "ms-ssim": 0.9884732961654663,
    "bpp": 0.7199669360764144,
    "encoding_time": 0.7577559947967529,
    "decoding_time": 0.7752196788787842
}