{
    "image_name": "clem-onojeghuo-33741.png",
    "mse": 0.0005314319278113544,
    "psnr": 32.735382080078125,
    "ms-ssim": 0.9902281165122986,
    "bpp": 0.5041437728937729,
    "encoding_time": 0.618175745010376,
    "decoding_time": 0.8155844211578369
}