{
    "image_name": "roberto-nickson-48063.png",
    "mse": 0.00015928442007862031,
    "psnr": 37.94370651245117,
    "ms-ssim": 0.9922672510147095,
    "bpp": 0.272275641025641,
    "encoding_time": 0.655017614364624,
    "decoding_time": 1.0019097328186035
}