{
    "image_name": "vita-vilcina-3055.png",
    "mse": 0.0010517698246985674,
    "psnr": 29.775503158569336,
    "ms-ssim": 0.9952821731567383,
    "bpp": 0.35062105650340947,
    "encoding_time": 0.5827908515930176,
    "decoding_time": 1.0480186939239502
}