{
    "image_name": "felix-russell-saw-140699.png",
    "mse": 0.00022584495309274644,
    "psnr": 36.43561553955078,
    "ms-ssim": 0.9904305934906006,
    "bpp": 0.4148943886302377,
    "encoding_time": 0.4931161403656006,
    "decoding_time": 0.582160472869873
}