{
    "image_name": "michael-durana-82941.png",
    "mse": 0.0006231654551811516,
    "psnr": 32.045249938964844,
    "ms-ssim": 0.9918688535690308,
    "bpp": 0.36821199633699636,
    "encoding_time": 0.7047388553619385,
    "decoding_time": 0.7317266464233398
}