{
    "image_name": "lobostudio-hamburg-75377.png",
    "mse": 0.00035950521123595536,
    "psnr": 34.428836822509766,
    "ms-ssim": 0.9891189336776733,
    "bpp": 0.4011790293040293,
    "encoding_time": 0.5898411273956299,
    "decoding_time": 0.6505608558654785
}