{
    "image_name": "stefan-kunze-26931.png",
    "mse": 0.0005542928702197969,
    "psnr": 32.552852630615234,
    "ms-ssim": 0.9920288920402527,
    "bpp": 0.45376508778346747,
    "encoding_time": 0.700624942779541,
    "decoding_time": 0.6661074161529541
}