{
    "image_name": "davide-ragusa-716.png",
    "mse": 0.0002576089755166322,
    "psnr": 35.869956970214844,
    "ms-ssim": 0.9926972389221191,
    "bpp": 0.34970353450540004,
    "encoding_time": 0.5962493419647217,
    "decoding_time": 0.5938372611999512
}