{
    "image_name": "dogancan-ozturan-395.png",
    "mse": 0.0003987289092037827,
    "psnr": 33.98008346557617,
    "ms-ssim": 0.9938759803771973,
    "bpp": 0.31392156862745096,
    "encoding_time": 0.6542184352874756,
    "decoding_time": 0.8149845600128174
}