{
    "image_name": "alejandro-escamilla-6.png",
    "mse": 0.0004274855018593371,
    "psnr": 33.67926025390625,
    "ms-ssim": 0.992783784866333,
    "bpp": 0.3386855862584018,
    "encoding_time": 0.6723425388336182,
    "decoding_time": 0.6437749862670898
}