{
    "image_name": "schicka-307.png",
    "mse": 0.00019325147150084376,
    "psnr": 37.10902786254883,
    "ms-ssim": 0.992055356502533,
    "bpp": 0.3211263020833333,
    "encoding_time": 0.08902168273925781,
    "decoding_time": 0.05838608741760254
}