{
    "image_name": "amy-zhang-15940.png",
    "mse": 0.0006462983437813818,
    "psnr": 31.88765525817871,
    "ms-ssim": 0.9903110265731812,
    "bpp": 0.5046394514089789,
    "encoding_time": 0.3393681049346924,
    "decoding_time": 0.3647642135620117
}