{
    "image_name": "nomao-saeki-33553.png",
    "mse": 0.00015966585488058627,
    "psnr": 37.9342155456543,
    "ms-ssim": 0.9905949831008911,
    "bpp": 0.3525118960468521,
    "encoding_time": 0.5919458866119385,
    "decoding_time": 0.5977139472961426
}