{
    "image_name": "casey-fyfe-999.png",
    "mse": 0.00028647392173297703,
    "psnr": 35.41023254394531,
    "ms-ssim": 0.9860125780105591,
    "bpp": 0.5264131433823529,
    "encoding_time": 0.657935619354248,
    "decoding_time": 0.8312509059906006
}