{
    "image_name": "jeremy-cai-1174.png",
    "mse": 0.0003056291025131941,
    "psnr": 35.13092041015625,
    "ms-ssim": 0.9952149391174316,
    "bpp": 0.26595312288307815,
    "encoding_time": 0.6050429344177246,
    "decoding_time": 0.7175662517547607
}