{
    "image_name": "todd-quackenbush-27493.png",
    "mse": 0.00020721930195577443,
    "psnr": 36.81057357788086,
    "ms-ssim": 0.994671106338501,
    "bpp": 0.20586277831558566,
    "encoding_time": 0.5214881896972656,
    "decoding_time": 0.7437353134155273
}