{
    "image_name": "alberto-montalesi-176097.png",
    "mse": 0.00019042186613660306,
    "psnr": 37.1746940612793,
    "ms-ssim": 0.984447181224823,
    "bpp": 0.4578480374174615,
    "encoding_time": 0.7292265892028809,
    "decoding_time": 0.7562282085418701
}