{
    "image_name": "andrew-ruiz-376.png",
    "mse": 0.00039515786920674145,
    "psnr": 34.0190544128418,
    "ms-ssim": 0.9931547045707703,
    "bpp": 0.3847010470242469,
    "encoding_time": 0.7603232860565186,
    "decoding_time": 0.7995226383209229
}