{
    "image_name": "gian-reto-tarnutzer-45212.png",
    "mse": 0.0005584459868259728,
    "psnr": 32.52015686035156,
    "ms-ssim": 0.9904279708862305,
    "bpp": 0.5901459854014599,
    "encoding_time": 0.5857973098754883,
    "decoding_time": 0.7216460704803467
}