{
    "image_name": "sergey-zolkin-1045.png",
    "mse": 0.0003568415704648942,
    "psnr": 34.46063232421875,
    "ms-ssim": 0.9928195476531982,
    "bpp": 0.3307234432234432,
    "encoding_time": 1.1268081665039062,
    "decoding_time": 0.8705341815948486
}