{
    "image_name": "allef-vinicius-109434.png",
    "mse": 0.00024400107213295996,
    "psnr": 36.10358810424805,
    "ms-ssim": 0.9875873327255249,
    "bpp": 0.48256639194139195,
    "encoding_time": 0.5254027843475342,
    "decoding_time": 0.6361656188964844
}