{
    "image_name": "paul-itkin-46101.png",
    "mse": 0.0029314535204321146,
    "psnr": 25.3275146484375,
    "ms-ssim": 0.9923783540725708,
    "bpp": 0.41230684326710815,
    "encoding_time": 0.13501453399658203,
    "decoding_time": 0.11757087707519531
}