{
    "image_name": "veeterzy-82537.png",
    "mse": 0.0005829164874739945,
    "psnr": 32.33457946777344,
    "ms-ssim": 0.9904868602752686,
    "bpp": 0.4806231698389458,
    "encoding_time": 0.7824661731719971,
    "decoding_time": 0.8832993507385254
}