{
    "image_name": "jason-briscoe-149782.png",
    "mse": 0.00021405222651083022,
    "psnr": 36.669593811035156,
    "ms-ssim": 0.995840311050415,
    "bpp": 0.1633356227106227,
    "encoding_time": 0.9519286155700684,
    "decoding_time": 0.8862307071685791
}