{
    "image_name": "sergey-zolkin-21232.png",
    "mse": 0.00011987286416115239,
    "psnr": 39.17064666748047,
    "ms-ssim": 0.9934132099151611,
    "bpp": 0.24690759890384412,
    "encoding_time": 0.6059203147888184,
    "decoding_time": 0.5708410739898682
}