{
    "image_name": "mullermarc-184.png",
    "mse": 0.00040264218114316463,
    "psnr": 33.93883514404297,
    "ms-ssim": 0.9932904243469238,
    "bpp": 0.4243514367276079,
    "encoding_time": 0.30936169624328613,
    "decoding_time": 0.24364423751831055
}