{
    "mean_loss": 0.3184092090314526,
    "mean_bpp": 0.3183762222222223,
    "mean_psnr": 35.33219663619995,
    "mean_msssim": 0.981545684337616,
    "mean_msssim_dB": 17.339020550232362,
    "mean_enc_time": 0.7575918745994568,
    "mean_dec_time": 0.8429915690422058
}