{
    "image_name": "RGB_OR_1200x1200_019.png",
    "mse": 0.00038806747761555016,
    "psnr": 34.096824645996094,
    "ms-ssim": 0.9807229042053223,
    "bpp": 0.2874,
    "encoding_time": 0.6509060859680176,
    "decoding_time": 0.868736982345581
}