{
    "image_name": "RGB_OR_1200x1200_016.png",
    "mse": 0.000608297938015312,
    "psnr": 32.14955520629883,
    "ms-ssim": 0.9836251139640808,
    "bpp": 0.73,
    "encoding_time": 0.9914076328277588,
    "decoding_time": 0.8089752197265625
}