{
    "image_name": "RGB_OR_1200x1200_071.png",
    "mse": 0.00021777109941467643,
    "psnr": 36.59584045410156,
    "ms-ssim": 0.9818539023399353,
    "bpp": 0.15966666666666668,
    "encoding_time": 1.2670512199401855,
    "decoding_time": 1.090057611465454
}