{
    "image_name": "RGB_OR_1200x1200_057.png",
    "mse": 0.00021394643408712,
    "psnr": 36.67201232910156,
    "ms-ssim": 0.9730356931686401,
    "bpp": 0.12862222222222222,
    "encoding_time": 0.7203333377838135,
    "decoding_time": 1.005326747894287
}