{
    "image_name": "RGB_OR_1200x1200_036.png",
    "mse": 9.328322630608454e-05,
    "psnr": 40.242950439453125,
    "ms-ssim": 0.9827940464019775,
    "bpp": 0.04982222222222222,
    "encoding_time": 0.6516344547271729,
    "decoding_time": 1.0427203178405762
}