{
    "image_name": "RGB_OR_1200x1200_017.png",
    "mse": 0.0003324925492051989,
    "psnr": 34.765602111816406,
    "ms-ssim": 0.9866334199905396,
    "bpp": 0.37704444444444446,
    "encoding_time": 0.795569658279419,
    "decoding_time": 0.7054314613342285
}