{
    "image_name": "RGB_OR_1200x1200_099.png",
    "mse": 0.0003408993361517787,
    "psnr": 34.65763854980469,
    "ms-ssim": 0.9697762727737427,
    "bpp": 0.2636,
    "encoding_time": 0.46920299530029297,
    "decoding_time": 1.18505859375
}