{
    "image_name": "RGB_OR_1200x1200_098.png",
    "mse": 0.0006076893187128007,
    "psnr": 32.154296875,
    "ms-ssim": 0.9884445667266846,
    "bpp": 0.7960444444444444,
    "encoding_time": 0.5203828811645508,
    "decoding_time": 1.4018137454986572
}