{
    "image_name": "RGB_OR_1200x1200_085.png",
    "mse": 0.0003399606794118881,
    "psnr": 34.67007064819336,
    "ms-ssim": 0.9711317420005798,
    "bpp": 0.2556222222222222,
    "encoding_time": 1.0833430290222168,
    "decoding_time": 0.6534109115600586
}