{
    "image_name": "RGB_OR_1200x1200_082.png",
    "mse": 0.0007177325896918774,
    "psnr": 31.43273162841797,
    "ms-ssim": 0.9733179807662964,
    "bpp": 0.6674888888888889,
    "encoding_time": 1.070847511291504,
    "decoding_time": 1.0738601684570312
}