{
    "image_name": "RGB_OR_1200x1200_056.png",
    "mse": 0.00014572653162758797,
    "psnr": 38.32672119140625,
    "ms-ssim": 0.9818261861801147,
    "bpp": 0.13255555555555557,
    "encoding_time": 0.7116727828979492,
    "decoding_time": 0.7465410232543945
}