{
    "image_name": "RGB_OR_1200x1200_100.png",
    "mse": 0.00010964953253278509,
    "psnr": 39.57082748413086,
    "ms-ssim": 0.9843470454216003,
    "bpp": 0.08766666666666667,
    "encoding_time": 0.5371849536895752,
    "decoding_time": 0.7713701725006104
}