{
    "image_name": "RGB_OR_1200x1200_039.png",
    "mse": 0.0003462567110545933,
    "psnr": 34.590248107910156,
    "ms-ssim": 0.978827178478241,
    "bpp": 0.3373111111111111,
    "encoding_time": 0.6100537776947021,
    "decoding_time": 0.952279806137085
}