{
    "image_name": "RGB_OR_1200x1200_034.png",
    "mse": 0.0001836464216466993,
    "psnr": 37.32923889160156,
    "ms-ssim": 0.9864190816879272,
    "bpp": 0.1920888888888889,
    "encoding_time": 1.256080150604248,
    "decoding_time": 0.7456145286560059
}