{
    "image_name": "RGB_OR_1200x1200_012.png",
    "mse": 0.00025108715635724366,
    "psnr": 35.97963333129883,
    "ms-ssim": 0.986677885055542,
    "bpp": 0.25951111111111114,
    "encoding_time": 0.7961444854736328,
    "decoding_time": 0.584202766418457
}