{
    "image_name": "RGB_OR_1200x1200_003.png",
    "mse": 0.0002770950668491423,
    "psnr": 35.553932189941406,
    "ms-ssim": 0.9850741624832153,
    "bpp": 0.24711111111111111,
    "encoding_time": 0.947507381439209,
    "decoding_time": 0.7584700584411621
}