{
    "image_name": "RGB_OR_1200x1200_040.png",
    "mse": 0.00033780033118091524,
    "psnr": 34.69796371459961,
    "ms-ssim": 0.9799064993858337,
    "bpp": 0.2969111111111111,
    "encoding_time": 0.5929052829742432,
    "decoding_time": 0.6410562992095947
}