{
    "image_name": "RGB_OR_1200x1200_043.png",
    "mse": 0.000565764494240284,
    "psnr": 32.463905334472656,
    "ms-ssim": 0.9772162437438965,
    "bpp": 0.6646666666666666,
    "encoding_time": 0.5608301162719727,
    "decoding_time": 1.0201096534729004
}