{
    "image_name": "RGB_OR_1200x1200_025.png",
    "mse": 0.00017741088231559843,
    "psnr": 37.479736328125,
    "ms-ssim": 0.9855228662490845,
    "bpp": 0.15464444444444445,
    "encoding_time": 0.8175992965698242,
    "decoding_time": 0.7385804653167725
}