{
    "image_name": "RGB_OR_1200x1200_002.png",
    "mse": 9.953590779332444e-05,
    "psnr": 39.96482849121094,
    "ms-ssim": 0.9857005476951599,
    "bpp": 0.0787111111111111,
    "encoding_time": 0.7926349639892578,
    "decoding_time": 1.079111099243164
}