{
    "image_name": "RGB_OR_1200x1200_042.png",
    "mse": 0.0002666437649168074,
    "psnr": 35.72075653076172,
    "ms-ssim": 0.9800964593887329,
    "bpp": 0.24382222222222222,
    "encoding_time": 0.7943747043609619,
    "decoding_time": 0.9047112464904785
}