{
    "image_name": "RGB_OR_1200x1200_086.png",
    "mse": 0.0006513528642244637,
    "psnr": 31.853525161743164,
    "ms-ssim": 0.9661206007003784,
    "bpp": 0.5841777777777778,
    "encoding_time": 0.9374740123748779,
    "decoding_time": 0.8469133377075195
}