{
    "image_name": "RGB_OR_1200x1200_095.png",
    "mse": 0.0007480779313482344,
    "psnr": 31.253101348876953,
    "ms-ssim": 0.9782587885856628,
    "bpp": 0.7998,
    "encoding_time": 0.7014777660369873,
    "decoding_time": 1.0790414810180664
}