{
    "image_name": "RGB_OR_1200x1200_089.png",
    "mse": 0.00041526154382154346,
    "psnr": 33.803733825683594,
    "ms-ssim": 0.9734501242637634,
    "bpp": 0.38764444444444446,
    "encoding_time": 0.7029638290405273,
    "decoding_time": 1.057697057723999
}