{
    "image_name": "RGB_OR_1200x1200_020.png",
    "mse": 0.0004969558212906122,
    "psnr": 33.02578353881836,
    "ms-ssim": 0.9727606773376465,
    "bpp": 0.41004444444444443,
    "encoding_time": 0.461993932723999,
    "decoding_time": 0.6807863712310791
}