{
    "image_name": "RGB_OR_1200x1200_052.png",
    "mse": 0.00027817944646812975,
    "psnr": 35.536678314208984,
    "ms-ssim": 0.9878261089324951,
    "bpp": 0.35173333333333334,
    "encoding_time": 0.47486066818237305,
    "decoding_time": 0.702486515045166
}