{
    "image_name": "RGB_OR_1200x1200_065.png",
    "mse": 0.00044270209036767483,
    "psnr": 33.526546478271484,
    "ms-ssim": 0.9787251353263855,
    "bpp": 0.4405777777777778,
    "encoding_time": 1.1002793312072754,
    "decoding_time": 0.5027828216552734
}