{
    "image_name": "RGB_OR_1200x1200_049.png",
    "mse": 0.00024723424576222897,
    "psnr": 36.04765319824219,
    "ms-ssim": 0.9892926216125488,
    "bpp": 0.2909111111111111,
    "encoding_time": 0.8139791488647461,
    "decoding_time": 0.702404260635376
}