{
    "image_name": "RGB_OR_1200x1200_083.png",
    "mse": 0.0002154704270651564,
    "psnr": 36.64067840576172,
    "ms-ssim": 0.9883775115013123,
    "bpp": 0.20355555555555555,
    "encoding_time": 0.7860403060913086,
    "decoding_time": 0.8200438022613525
}