{
    "image_name": "RGB_OR_1200x1200_078.png",
    "mse": 0.00016962201334536076,
    "psnr": 37.67338943481445,
    "ms-ssim": 0.989189088344574,
    "bpp": 0.18697777777777777,
    "encoding_time": 0.674630880355835,
    "decoding_time": 0.8453595638275146
}