{
    "image_name": "RGB_OR_1200x1200_079.png",
    "mse": 0.0002394904149696231,
    "psnr": 36.18402099609375,
    "ms-ssim": 0.9939785003662109,
    "bpp": 0.3062888888888889,
    "encoding_time": 0.8070015907287598,
    "decoding_time": 0.7927353382110596
}