{
    "image_name": "RGB_OR_1200x1200_013.png",
    "mse": 0.00024655740708112717,
    "psnr": 36.0584602355957,
    "ms-ssim": 0.988373875617981,
    "bpp": 0.27084444444444444,
    "encoding_time": 1.1105129718780518,
    "decoding_time": 0.7342424392700195
}