{
    "image_name": "RGB_OR_1200x1200_026.png",
    "mse": 0.0005628960207104683,
    "psnr": 32.485862731933594,
    "ms-ssim": 0.9867956042289734,
    "bpp": 0.6777111111111112,
    "encoding_time": 0.9326736927032471,
    "decoding_time": 0.9638397693634033
}