{
    "image_name": "RGB_OR_1200x1200_038.png",
    "mse": 0.00017233140533789992,
    "psnr": 37.60490036010742,
    "ms-ssim": 0.9855779409408569,
    "bpp": 0.15711111111111112,
    "encoding_time": 1.0039660930633545,
    "decoding_time": 0.7845022678375244
}