{
    "image_name": "RGB_OR_1200x1200_045.png",
    "mse": 0.00023966091976035386,
    "psnr": 36.18238830566406,
    "ms-ssim": 0.9842748641967773,
    "bpp": 0.19342222222222222,
    "encoding_time": 0.46127772331237793,
    "decoding_time": 0.626539945602417
}