{
    "image_name": "RGB_OR_1200x1200_068.png",
    "mse": 0.0001915817119879648,
    "psnr": 37.16056823730469,
    "ms-ssim": 0.9904559850692749,
    "bpp": 0.1796222222222222,
    "encoding_time": 0.6035196781158447,
    "decoding_time": 0.9016923904418945
}