{
    "image_name": "RGB_OR_1200x1200_067.png",
    "mse": 0.00033311761217191815,
    "psnr": 34.75764465332031,
    "ms-ssim": 0.9749870300292969,
    "bpp": 0.22857777777777777,
    "encoding_time": 0.7471768856048584,
    "decoding_time": 0.669121265411377
}