{
    "image_name": "RGB_OR_1200x1200_051.png",
    "mse": 0.00019150016305502504,
    "psnr": 37.14924240112305,
    "ms-ssim": 0.9811930656433105,
    "bpp": 0.1672,
    "encoding_time": 0.6279895305633545,
    "decoding_time": 1.0912878513336182
}