{
    "image_name": "RGB_OR_1200x1200_070.png",
    "mse": 0.0003041218442376703,
    "psnr": 35.151123046875,
    "ms-ssim": 0.9628190398216248,
    "bpp": 0.2134,
    "encoding_time": 0.7209277153015137,
    "decoding_time": 1.082582712173462
}