{
    "image_name": "RGB_OR_1200x1200_064.png",
    "mse": 0.0003484904009383172,
    "psnr": 34.56263732910156,
    "ms-ssim": 0.9866421222686768,
    "bpp": 0.41833333333333333,
    "encoding_time": 0.6268377304077148,
    "decoding_time": 0.6672673225402832
}