{
    "image_name": "RGB_OR_1200x1200_080.png",
    "mse": 0.00020002337987534702,
    "psnr": 36.96260452270508,
    "ms-ssim": 0.9800475835800171,
    "bpp": 0.14028888888888888,
    "encoding_time": 0.5957112312316895,
    "decoding_time": 0.9692502021789551
}