{
    "image_name": "RGB_OR_1200x1200_058.png",
    "mse": 0.0003409020428080112,
    "psnr": 34.657936096191406,
    "ms-ssim": 0.9866378307342529,
    "bpp": 0.2909555555555556,
    "encoding_time": 0.6515495777130127,
    "decoding_time": 0.8122920989990234
}