{
    "image_name": "RGB_OR_1200x1200_041.png",
    "mse": 0.0003317601222079247,
    "psnr": 34.776084899902344,
    "ms-ssim": 0.9823018312454224,
    "bpp": 0.3065777777777778,
    "encoding_time": 0.8719925880432129,
    "decoding_time": 0.529670000076294
}