{
    "image_name": "RGB_OR_1200x1200_011.png",
    "mse": 0.0004173392371740192,
    "psnr": 33.782325744628906,
    "ms-ssim": 0.9856650233268738,
    "bpp": 0.49202222222222225,
    "encoding_time": 0.7922205924987793,
    "decoding_time": 1.1485824584960938
}