{
    "image_name": "RGB_OR_1200x1200_088.png",
    "mse": 0.0002946234308183193,
    "psnr": 35.28923034667969,
    "ms-ssim": 0.9838427901268005,
    "bpp": 0.3071111111111111,
    "encoding_time": 0.4469935894012451,
    "decoding_time": 0.5539908409118652
}