{
    "image_name": "RGB_OR_1200x1200_063.png",
    "mse": 0.000191238519619219,
    "psnr": 37.15704345703125,
    "ms-ssim": 0.9854153394699097,
    "bpp": 0.14926666666666666,
    "encoding_time": 0.4531724452972412,
    "decoding_time": 1.117171287536621
}