{
    "image_name": "RGB_OR_1200x1200_030.png",
    "mse": 0.0005069712642580271,
    "psnr": 32.93909454345703,
    "ms-ssim": 0.9814776182174683,
    "bpp": 0.47095555555555557,
    "encoding_time": 0.6179661750793457,
    "decoding_time": 0.9994964599609375
}