{
    "image_name": "RGB_OR_1200x1200_050.png",
    "mse": 0.0003213790769223124,
    "psnr": 34.913021087646484,
    "ms-ssim": 0.9784319400787354,
    "bpp": 0.2819111111111111,
    "encoding_time": 1.2130250930786133,
    "decoding_time": 0.9988162517547607
}