{
    "image_name": "RGB_OR_1200x1200_066.png",
    "mse": 0.0002613549295347184,
    "psnr": 35.80702590942383,
    "ms-ssim": 0.9868752956390381,
    "bpp": 0.19982222222222223,
    "encoding_time": 0.7192387580871582,
    "decoding_time": 0.8054962158203125
}