{
    "image_name": "RGB_OR_1200x1200_010.png",
    "mse": 0.00030926495674066246,
    "psnr": 35.07868957519531,
    "ms-ssim": 0.9762930870056152,
    "bpp": 0.24833333333333332,
    "encoding_time": 0.7899463176727295,
    "decoding_time": 0.5390074253082275
}