{
    "image_name": "RGB_OR_1200x1200_053.png",
    "mse": 0.00011478279338916764,
    "psnr": 39.35433578491211,
    "ms-ssim": 0.9927458167076111,
    "bpp": 0.13642222222222222,
    "encoding_time": 0.5895376205444336,
    "decoding_time": 0.7876238822937012
}