{
    "image_name": "RGB_OR_1200x1200_069.png",
    "mse": 0.000300241430522874,
    "psnr": 35.20697784423828,
    "ms-ssim": 0.9872307181358337,
    "bpp": 0.32713333333333333,
    "encoding_time": 0.6253149509429932,
    "decoding_time": 0.771291971206665
}