{
    "image_name": "RGB_OR_1200x1200_033.png",
    "mse": 0.0003576524613890797,
    "psnr": 34.45037078857422,
    "ms-ssim": 0.980104923248291,
    "bpp": 0.39266666666666666,
    "encoding_time": 0.7603347301483154,
    "decoding_time": 0.6170423030853271
}