{
    "image_name": "RGB_OR_1200x1200_047.png",
    "mse": 0.000489675032440573,
    "psnr": 33.08953094482422,
    "ms-ssim": 0.9843937158584595,
    "bpp": 0.3579777777777778,
    "encoding_time": 0.8088512420654297,
    "decoding_time": 0.7668640613555908
}