{
    "image_name": "RGB_OR_1200x1200_062.png",
    "mse": 0.0007382041658274829,
    "psnr": 31.31063461303711,
    "ms-ssim": 0.9812464714050293,
    "bpp": 0.8236222222222223,
    "encoding_time": 1.2260892391204834,
    "decoding_time": 0.6346268653869629
}