{
    "image_name": "RGB_OR_1200x1200_009.png",
    "mse": 0.00013227338786236942,
    "psnr": 38.74653625488281,
    "ms-ssim": 0.9892634153366089,
    "bpp": 0.1288,
    "encoding_time": 0.654578685760498,
    "decoding_time": 0.6806154251098633
}