{
    "image_name": "RGB_OR_1200x1200_024.png",
    "mse": 0.0005673141567967832,
    "psnr": 32.45218276977539,
    "ms-ssim": 0.9861578941345215,
    "bpp": 0.6830444444444445,
    "encoding_time": 0.6987018585205078,
    "decoding_time": 1.068983793258667
}