{
    "image_name": "RGB_OR_1200x1200_048.png",
    "mse": 0.0005281104822643101,
    "psnr": 32.762367248535156,
    "ms-ssim": 0.9808024168014526,
    "bpp": 0.5406888888888889,
    "encoding_time": 0.7854251861572266,
    "decoding_time": 0.8148910999298096
}