{
    "image_name": "RGB_OR_1200x1200_096.png",
    "mse": 0.00031507812673226,
    "psnr": 34.99892044067383,
    "ms-ssim": 0.9614946246147156,
    "bpp": 0.14233333333333334,
    "encoding_time": 0.5635411739349365,
    "decoding_time": 0.8265297412872314
}