{
    "image_name": "RGB_OR_1200x1200_092.png",
    "mse": 0.00017181584553327411,
    "psnr": 37.617095947265625,
    "ms-ssim": 0.972366213798523,
    "bpp": 0.07388888888888889,
    "encoding_time": 0.8261492252349854,
    "decoding_time": 0.8293032646179199
}