{
    "image_name": "RGB_OR_1200x1200_081.png",
    "mse": 0.0002731967542786151,
    "psnr": 35.61506652832031,
    "ms-ssim": 0.9889418482780457,
    "bpp": 0.28255555555555556,
    "encoding_time": 0.7409546375274658,
    "decoding_time": 0.7783105373382568
}