{
    "image_name": "RGB_OR_1200x1200_059.png",
    "mse": 0.0007429262041114271,
    "psnr": 31.28404426574707,
    "ms-ssim": 0.9832419753074646,
    "bpp": 0.8766888888888889,
    "encoding_time": 0.6979293823242188,
    "decoding_time": 0.6833710670471191
}