{
    "image_name": "RGB_OR_1200x1200_006.png",
    "mse": 0.0003969065146520734,
    "psnr": 33.999549865722656,
    "ms-ssim": 0.9459818601608276,
    "bpp": 0.09148888888888888,
    "encoding_time": 0.6809670925140381,
    "decoding_time": 0.9826366901397705
}