{
    "image_name": "RGB_OR_1200x1200_004.png",
    "mse": 0.00014800173812545836,
    "psnr": 38.261390686035156,
    "ms-ssim": 0.9793030619621277,
    "bpp": 0.09404444444444444,
    "encoding_time": 0.9714879989624023,
    "decoding_time": 0.7153506278991699
}