{
    "image_name": "RGB_OR_1200x1200_029.png",
    "mse": 0.0002463723358232528,
    "psnr": 36.0618782043457,
    "ms-ssim": 0.9816662073135376,
    "bpp": 0.23864444444444444,
    "encoding_time": 0.8619065284729004,
    "decoding_time": 0.5280563831329346
}