{
    "image_name": "RGB_OR_1200x1200_087.png",
    "mse": 0.0007417351007461548,
    "psnr": 31.290176391601562,
    "ms-ssim": 0.9833968877792358,
    "bpp": 0.8677111111111111,
    "encoding_time": 1.000413417816162,
    "decoding_time": 0.7630112171173096
}