{
    "image_name": "RGB_OR_1200x1200_090.png",
    "mse": 0.0006340283434838057,
    "psnr": 31.970502853393555,
    "ms-ssim": 0.9817295074462891,
    "bpp": 0.5946,
    "encoding_time": 0.9031391143798828,
    "decoding_time": 0.6932206153869629
}