{
    "image_name": "RGB_OR_1200x1200_001.png",
    "mse": 0.00019620450621005148,
    "psnr": 37.043121337890625,
    "ms-ssim": 0.9907121062278748,
    "bpp": 0.21022222222222223,
    "encoding_time": 0.9447808265686035,
    "decoding_time": 1.0375268459320068
}