{
    "image_name": "RGB_OR_1200x1200_097.png",
    "mse": 0.0002329197886865586,
    "psnr": 36.30374526977539,
    "ms-ssim": 0.9928449392318726,
    "bpp": 0.2572,
    "encoding_time": 0.5231277942657471,
    "decoding_time": 0.8719723224639893
}