{
    "image_name": "RGB_OR_1200x1200_005.png",
    "mse": 0.0003007009217981249,
    "psnr": 35.200592041015625,
    "ms-ssim": 0.9808465838432312,
    "bpp": 0.30844444444444447,
    "encoding_time": 0.8497459888458252,
    "decoding_time": 0.5665004253387451
}