{
    "image_name": "RGB_OR_1200x1200_044.png",
    "mse": 0.000286269118078053,
    "psnr": 35.41376876831055,
    "ms-ssim": 0.9738332629203796,
    "bpp": 0.24342222222222223,
    "encoding_time": 0.5777146816253662,
    "decoding_time": 0.6171128749847412
}