{
    "image_name": "RGB_OR_1200x1200_021.png",
    "mse": 0.00023024647089187056,
    "psnr": 36.35361862182617,
    "ms-ssim": 0.9898155927658081,
    "bpp": 0.24253333333333332,
    "encoding_time": 0.9759871959686279,
    "decoding_time": 1.0199055671691895
}