{
    "image_name": "RGB_OR_1200x1200_074.png",
    "mse": 0.00020821070938836783,
    "psnr": 36.789180755615234,
    "ms-ssim": 0.9642015695571899,
    "bpp": 0.08377777777777778,
    "encoding_time": 0.6957516670227051,
    "decoding_time": 1.1009941101074219
}