{
    "image_name": "RGB_OR_1200x1200_014.png",
    "mse": 0.00020292343106120825,
    "psnr": 36.899566650390625,
    "ms-ssim": 0.9896565675735474,
    "bpp": 0.20024444444444445,
    "encoding_time": 0.9159343242645264,
    "decoding_time": 0.7813913822174072
}