{
    "image_name": "RGB_OR_1200x1200_032.png",
    "mse": 0.0005529231857508421,
    "psnr": 32.563228607177734,
    "ms-ssim": 0.9785327911376953,
    "bpp": 0.49593333333333334,
    "encoding_time": 0.7007830142974854,
    "decoding_time": 1.0868911743164062
}