{
    "image_name": "RGB_OR_1200x1200_018.png",
    "mse": 0.0005838931538164616,
    "psnr": 32.32745361328125,
    "ms-ssim": 0.9833881258964539,
    "bpp": 0.7110444444444445,
    "encoding_time": 0.6733124256134033,
    "decoding_time": 0.7827720642089844
}