{
    "image_name": "RGB_OR_1200x1200_072.png",
    "mse": 0.0003840464632958174,
    "psnr": 34.141868591308594,
    "ms-ssim": 0.987754762172699,
    "bpp": 0.47255555555555556,
    "encoding_time": 0.6835906505584717,
    "decoding_time": 1.1470253467559814
}