{
    "image_name": "RGB_OR_1200x1200_015.png",
    "mse": 8.465193241136149e-05,
    "psnr": 40.65837860107422,
    "ms-ssim": 0.9902461767196655,
    "bpp": 0.06684444444444444,
    "encoding_time": 0.8463153839111328,
    "decoding_time": 1.0737395286560059
}