{
    "image_name": "RGB_OR_1200x1200_091.png",
    "mse": 0.00020681832393165678,
    "psnr": 36.828216552734375,
    "ms-ssim": 0.9917681217193604,
    "bpp": 0.23371111111111112,
    "encoding_time": 0.8312444686889648,
    "decoding_time": 0.7966094017028809
}