{
    "image_name": "RGB_OR_1200x1200_061.png",
    "mse": 0.0005899769021198153,
    "psnr": 32.282440185546875,
    "ms-ssim": 0.9837942123413086,
    "bpp": 0.5732666666666667,
    "encoding_time": 1.0467185974121094,
    "decoding_time": 0.8443794250488281
}