{
    "image_name": "RGB_OR_1200x1200_073.png",
    "mse": 0.00013497118197847158,
    "psnr": 38.661014556884766,
    "ms-ssim": 0.9839808940887451,
    "bpp": 0.0898888888888889,
    "encoding_time": 0.7196686267852783,
    "decoding_time": 0.7536318302154541
}