{
    "image_name": "RGB_OR_1200x1200_035.png",
    "mse": 0.00034798134583979845,
    "psnr": 34.56821060180664,
    "ms-ssim": 0.9853346347808838,
    "bpp": 0.37653333333333333,
    "encoding_time": 0.6223070621490479,
    "decoding_time": 1.1274795532226562
}