{
    "image_name": "RGB_OR_1200x1200_077.png",
    "mse": 0.0004550183948595077,
    "psnr": 33.40746307373047,
    "ms-ssim": 0.9282436370849609,
    "bpp": 0.11417777777777778,
    "encoding_time": 0.8341107368469238,
    "decoding_time": 0.9913778305053711
}