{
    "image_name": "RGB_OR_1200x1200_037.png",
    "mse": 0.00025701685808598995,
    "psnr": 35.87889862060547,
    "ms-ssim": 0.978131890296936,
    "bpp": 0.2382,
    "encoding_time": 0.9861533641815186,
    "decoding_time": 0.9511067867279053
}