{
    "image_name": "RGB_OR_1200x1200_055.png",
    "mse": 0.00024187636154238135,
    "psnr": 36.14178466796875,
    "ms-ssim": 0.9890801906585693,
    "bpp": 0.3110888888888889,
    "encoding_time": 0.9190304279327393,
    "decoding_time": 0.9630439281463623
}