{
    "image_name": "RGB_OR_1200x1200_076.png",
    "mse": 0.00017288862727582455,
    "psnr": 37.590492248535156,
    "ms-ssim": 0.9841516017913818,
    "bpp": 0.14502222222222222,
    "encoding_time": 0.7925131320953369,
    "decoding_time": 0.6078414916992188
}