{
    "image_name": "RGB_OR_1200x1200_023.png",
    "mse": 0.00038345440407283604,
    "psnr": 34.14794158935547,
    "ms-ssim": 0.9858059883117676,
    "bpp": 0.3977333333333333,
    "encoding_time": 1.0523836612701416,
    "decoding_time": 0.6813290119171143
}