{
    "image_name": "martyn-seddon-220.png",
    "mse": 0.0005109714693389833,
    "psnr": 32.90568542480469,
    "ms-ssim": 0.9471952319145203,
    "bpp": 0.1461309523809524,
    "encoding_time": 0.7811534404754639,
    "decoding_time": 1.3222670555114746
}