{
    "image_name": "mullermarc-184.png",
    "mse": 0.0004796725988853723,
    "psnr": 33.17973327636719,
    "ms-ssim": 0.9751269221305847,
    "bpp": 0.18570520908838717,
    "encoding_time": 0.9322447776794434,
    "decoding_time": 0.9867477416992188
}