{
    "image_name": "benjamin-sloth-lindgreen-705.png",
    "mse": 0.0007045071688480675,
    "psnr": 31.513526916503906,
    "ms-ssim": 0.9619337916374207,
    "bpp": 0.21336996336996336,
    "encoding_time": 0.8862342834472656,
    "decoding_time": 0.8614749908447266
}