{
    "image_name": "ales-krivec-15949.png",
    "mse": 0.00020926269644405693,
    "psnr": 36.766807556152344,
    "ms-ssim": 0.9836052656173706,
    "bpp": 0.09035669191919192,
    "encoding_time": 1.1033215522766113,
    "decoding_time": 0.9981582164764404
}