{
    "image_name": "michael-durana-82941.png",
    "mse": 0.00047953412286005914,
    "psnr": 33.18033981323242,
    "ms-ssim": 0.9741886854171753,
    "bpp": 0.17411858974358974,
    "encoding_time": 1.0630149841308594,
    "decoding_time": 1.0254452228546143
}