{
    "image_name": "lobostudio-hamburg-75377.png",
    "mse": 0.00046079527237452567,
    "psnr": 33.351806640625,
    "ms-ssim": 0.9600175619125366,
    "bpp": 0.06280906593406593,
    "encoding_time": 0.7620763778686523,
    "decoding_time": 0.8813774585723877
}