{
    "image_name": "stefan-kunze-26931.png",
    "mse": 0.0006402662256732583,
    "psnr": 31.92782974243164,
    "ms-ssim": 0.9708011150360107,
    "bpp": 0.2179384601316752,
    "encoding_time": 1.3019721508026123,
    "decoding_time": 0.8755466938018799
}