{
    "image_name": "paul-itkin-46101.png",
    "mse": 0.001091419835574925,
    "psnr": 29.615243911743164,
    "ms-ssim": 0.987675666809082,
    "bpp": 0.5410596026490067,
    "encoding_time": 0.33348631858825684,
    "decoding_time": 0.611616849899292
}