{
    "image_name": "philipp-reiner-207.png",
    "mse": 0.0010160115780308843,
    "psnr": 29.925750732421875,
    "ms-ssim": 0.9601845741271973,
    "bpp": 0.37180246913580245,
    "encoding_time": 0.8461260795593262,
    "decoding_time": 0.8654036521911621
}