{
    "image_name": "kazuend-28556.png",
    "mse": 0.00015409338811878115,
    "psnr": 38.08692932128906,
    "ms-ssim": 0.9800928831100464,
    "bpp": 0.044413919413919416,
    "encoding_time": 0.9263949394226074,
    "decoding_time": 1.487377643585205
}