{
    "image_name": "wojciech-szaturski-3611.png",
    "mse": 0.0006477149436250329,
    "psnr": 31.877910614013672,
    "ms-ssim": 0.9688221216201782,
    "bpp": 0.25835921187502375,
    "encoding_time": 1.177680492401123,
    "decoding_time": 1.1580312252044678
}