{
    "image_name": "amy-zhang-15940.png",
    "mse": 0.0007036392344161868,
    "psnr": 31.51892852783203,
    "ms-ssim": 0.9615732431411743,
    "bpp": 0.21388621022179363,
    "encoding_time": 0.5270321369171143,
    "decoding_time": 0.7367992401123047
}