{
    "image_name": "felix-russell-saw-140699.png",
    "mse": 0.00028239889070391655,
    "psnr": 35.47474670410156,
    "ms-ssim": 0.9671982526779175,
    "bpp": 0.09470619946091645,
    "encoding_time": 0.8254313468933105,
    "decoding_time": 1.2672157287597656
}