{
    "image_name": "dogancan-ozturan-395.png",
    "mse": 0.0003345975710544735,
    "psnr": 34.738670349121094,
    "ms-ssim": 0.9815782308578491,
    "bpp": 0.1560322952710496,
    "encoding_time": 0.7431185245513916,
    "decoding_time": 1.1433007717132568
}