{
    "image_name": "nomao-saeki-33553.png",
    "mse": 0.00023679013247601688,
    "psnr": 36.23339080810547,
    "ms-ssim": 0.9708797335624695,
    "bpp": 0.07235999267935578,
    "encoding_time": 1.361858606338501,
    "decoding_time": 1.1945264339447021
}