{
    "image_name": "jason-briscoe-149782.png",
    "mse": 0.0001363777118967846,
    "psnr": 38.61272048950195,
    "ms-ssim": 0.9889510869979858,
    "bpp": 0.06280906593406593,
    "encoding_time": 0.9288210868835449,
    "decoding_time": 1.3615226745605469
}