{
    "image_name": "daniel-robert-405.png",
    "mse": 0.0008252518018707633,
    "psnr": 30.827835083007812,
    "ms-ssim": 0.9649946689605713,
    "bpp": 0.27505845181674565,
    "encoding_time": 0.6222100257873535,
    "decoding_time": 0.6568036079406738
}