{
    "image_name": "philippe-wuyts-45997.png",
    "mse": 0.0007662068819627166,
    "psnr": 31.149681091308594,
    "ms-ssim": 0.9582570791244507,
    "bpp": 0.2742654387628032,
    "encoding_time": 0.9729533195495605,
    "decoding_time": 1.2224884033203125
}