{
    "image_name": "juskteez-vu-1041.png",
    "mse": 0.0011875034542754292,
    "psnr": 29.248910903930664,
    "ms-ssim": 0.9454364776611328,
    "bpp": 0.40469742421365734,
    "encoding_time": 0.857755184173584,
    "decoding_time": 0.6035327911376953
}