{
    "image_name": "jared-erondu-21325.png",
    "mse": 0.00029320461908355355,
    "psnr": 35.309730529785156,
    "ms-ssim": 0.9616836309432983,
    "bpp": 0.08499313186813187,
    "encoding_time": 0.8107898235321045,
    "decoding_time": 0.9194760322570801
}