{
    "image_name": "veeterzy-82537.png",
    "mse": 0.0007057038019411266,
    "psnr": 31.506139755249023,
    "ms-ssim": 0.9738154411315918,
    "bpp": 0.25150988286969256,
    "encoding_time": 0.9744277000427246,
    "decoding_time": 1.019075870513916
}