{
    "image_name": "clem-onojeghuo-33741.png",
    "mse": 0.0005841105012223125,
    "psnr": 32.32581329345703,
    "ms-ssim": 0.9648810625076294,
    "bpp": 0.20535714285714285,
    "encoding_time": 1.0315942764282227,
    "decoding_time": 1.0287973880767822
}