{
    "image_name": "sergey-zolkin-21232.png",
    "mse": 0.0001430492557119578,
    "psnr": 38.41027069091797,
    "ms-ssim": 0.9803376197814941,
    "bpp": 0.05363694630753935,
    "encoding_time": 1.1315054893493652,
    "decoding_time": 1.0514729022979736
}