{
    "image_name": "gian-reto-tarnutzer-45212.png",
    "mse": 0.000747089390642941,
    "psnr": 31.25899314880371,
    "ms-ssim": 0.9606226682662964,
    "bpp": 0.2606751824817518,
    "encoding_time": 0.6923971176147461,
    "decoding_time": 1.0041472911834717
}