{
    "image_name": "todd-quackenbush-27493.png",
    "mse": 0.00020255567505955696,
    "psnr": 36.90872573852539,
    "ms-ssim": 0.9866353869438171,
    "bpp": 0.08317703291384318,
    "encoding_time": 1.2001667022705078,
    "decoding_time": 1.2131543159484863
}