{
    "image_name": "vita-vilcina-3055.png",
    "mse": 0.0005786865367554128,
    "psnr": 32.36612319946289,
    "ms-ssim": 0.9913805723190308,
    "bpp": 0.2701807995925643,
    "encoding_time": 0.6373147964477539,
    "decoding_time": 0.8580124378204346
}