{
    "image_name": "sergey-zolkin-1045.png",
    "mse": 0.00037049391539767385,
    "psnr": 34.29752731323242,
    "ms-ssim": 0.9762935638427734,
    "bpp": 0.14142628205128205,
    "encoding_time": 1.2747375965118408,
    "decoding_time": 1.074094533920288
}