{
    "image_name": "schicka-307.png",
    "mse": 0.0002948438632301986,
    "psnr": 35.284854888916016,
    "ms-ssim": 0.9697522521018982,
    "bpp": 0.09195963541666667,
    "encoding_time": 0.6616134643554688,
    "decoding_time": 0.5872595310211182
}