{
    "image_name": "casey-fyfe-999.png",
    "mse": 0.0004485892422962934,
    "psnr": 33.469444274902344,
    "ms-ssim": 0.9408382177352905,
    "bpp": 0.04966681985294118,
    "encoding_time": 1.0899152755737305,
    "decoding_time": 1.0797035694122314
}