{
    "image_name": "zugr-108.png",
    "mse": 0.00019236245134379715,
    "psnr": 37.13056182861328,
    "ms-ssim": 0.9854254722595215,
    "bpp": 0.07896062271062271,
    "encoding_time": 0.775179386138916,
    "decoding_time": 0.9647417068481445
}