{
    "image_name": "roberto-nickson-48063.png",
    "mse": 0.00021142259356565773,
    "psnr": 36.72242736816406,
    "ms-ssim": 0.976698637008667,
    "bpp": 0.058104395604395606,
    "encoding_time": 0.9236629009246826,
    "decoding_time": 1.149773359298706
}