{
    "image_name": "andrew-ruiz-376.png",
    "mse": 0.00045176863204687834,
    "psnr": 33.439144134521484,
    "ms-ssim": 0.979777991771698,
    "bpp": 0.18332108743570905,
    "encoding_time": 1.0425963401794434,
    "decoding_time": 0.947141170501709
}