{
    "image_name": "alberto-montalesi-176097.png",
    "mse": 0.0002898808743339032,
    "psnr": 35.35870361328125,
    "ms-ssim": 0.955722987651825,
    "bpp": 0.061640223771093176,
    "encoding_time": 1.107459545135498,
    "decoding_time": 0.9798712730407715
}