{
    "image_name": "davide-ragusa-716.png",
    "mse": 0.000324308784911409,
    "psnr": 34.87457275390625,
    "ms-ssim": 0.9724089503288269,
    "bpp": 0.10455959951292113,
    "encoding_time": 1.0071327686309814,
    "decoding_time": 1.3575561046600342
}