{
    "image_name": "martin-wessely-211.png",
    "mse": 0.0015670597786083817,
    "psnr": 28.045475006103516,
    "ms-ssim": 0.9567896127700806,
    "bpp": 0.5196875,
    "encoding_time": 0.4252891540527344,
    "decoding_time": 0.5390846729278564
}