{
    "mean_loss": 0.19561340231536203,
    "mean_bpp": 0.1955597777777778,
    "mean_psnr": 33.326179580688475,
    "mean_msssim": 0.9723110264539718,
    "mean_msssim_dB": 15.576931436245438,
    "mean_enc_time": 0.5985219240188598,
    "mean_dec_time": 0.8349698758125306
}