{
    "image_name": "RGB_OR_1200x1200_002.png",
    "mse": 0.00015025761967990547,
    "psnr": 38.195465087890625,
    "ms-ssim": 0.9821665287017822,
    "bpp": 0.05017777777777778,
    "encoding_time": 0.804607629776001,
    "decoding_time": 0.7489504814147949
}