{
    "image_name": "RGB_OR_1200x1200_085.png",
    "mse": 0.0005063185817562044,
    "psnr": 32.94498062133789,
    "ms-ssim": 0.9586502909660339,
    "bpp": 0.1572888888888889,
    "encoding_time": 0.3251161575317383,
    "decoding_time": 0.6345221996307373
}