{
    "image_name": "RGB_OR_1200x1200_029.png",
    "mse": 0.0003960297617595643,
    "psnr": 34.00895690917969,
    "ms-ssim": 0.9718929529190063,
    "bpp": 0.1492888888888889,
    "encoding_time": 0.40521931648254395,
    "decoding_time": 0.6699178218841553
}