{
    "image_name": "RGB_OR_1200x1200_062.png",
    "mse": 0.0012822590069845319,
    "psnr": 28.915922164916992,
    "ms-ssim": 0.9650864005088806,
    "bpp": 0.5107111111111111,
    "encoding_time": 0.9274842739105225,
    "decoding_time": 0.6528534889221191
}