{
    "image_name": "RGB_OR_1200x1200_068.png",
    "mse": 0.000299727835226804,
    "psnr": 35.22313690185547,
    "ms-ssim": 0.9848453998565674,
    "bpp": 0.11435555555555556,
    "encoding_time": 0.5308635234832764,
    "decoding_time": 0.8764255046844482
}