{
    "image_name": "RGB_OR_1200x1200_096.png",
    "mse": 0.00040286729927174747,
    "psnr": 33.93511962890625,
    "ms-ssim": 0.9534015655517578,
    "bpp": 0.08746666666666666,
    "encoding_time": 0.5788869857788086,
    "decoding_time": 1.098189115524292
}