{
    "image_name": "RGB_OR_1200x1200_036.png",
    "mse": 0.00012160162441432476,
    "psnr": 39.10483932495117,
    "ms-ssim": 0.9797891974449158,
    "bpp": 0.032155555555555555,
    "encoding_time": 0.7824492454528809,
    "decoding_time": 0.5795798301696777
}