{
    "image_name": "RGB_OR_1200x1200_025.png",
    "mse": 0.0002727538230828941,
    "psnr": 35.62212371826172,
    "ms-ssim": 0.9793893694877625,
    "bpp": 0.09773333333333334,
    "encoding_time": 0.39197230339050293,
    "decoding_time": 0.9953813552856445
}