{
    "image_name": "RGB_OR_1200x1200_053.png",
    "mse": 0.00019226230506319553,
    "psnr": 37.1330451965332,
    "ms-ssim": 0.9897300004959106,
    "bpp": 0.09204444444444444,
    "encoding_time": 0.46349048614501953,
    "decoding_time": 0.5123069286346436
}