{
    "image_name": "RGB_OR_1200x1200_061.png",
    "mse": 0.0009633672889322042,
    "psnr": 30.156585693359375,
    "ms-ssim": 0.9730648994445801,
    "bpp": 0.36117777777777776,
    "encoding_time": 0.3374195098876953,
    "decoding_time": 0.7839882373809814
}