{
    "image_name": "RGB_OR_1200x1200_049.png",
    "mse": 0.0004256807151250541,
    "psnr": 33.69594955444336,
    "ms-ssim": 0.9830836653709412,
    "bpp": 0.1827777777777778,
    "encoding_time": 0.45537900924682617,
    "decoding_time": 0.5070693492889404
}