{
    "image_name": "RGB_OR_1200x1200_072.png",
    "mse": 0.000668457243591547,
    "psnr": 31.741296768188477,
    "ms-ssim": 0.9804526567459106,
    "bpp": 0.3045333333333333,
    "encoding_time": 0.961838960647583,
    "decoding_time": 0.7337963581085205
}