{
    "image_name": "RGB_OR_1200x1200_004.png",
    "mse": 0.00020665991178248078,
    "psnr": 36.82168197631836,
    "ms-ssim": 0.9754959940910339,
    "bpp": 0.05708888888888889,
    "encoding_time": 0.3200986385345459,
    "decoding_time": 0.5564529895782471
}