{
    "image_name": "RGB_OR_1200x1200_046.png",
    "mse": 0.0007823659689165652,
    "psnr": 31.05889129638672,
    "ms-ssim": 0.96202552318573,
    "bpp": 0.2721777777777778,
    "encoding_time": 0.626744270324707,
    "decoding_time": 0.9721662998199463
}