{
    "image_name": "RGB_OR_1200x1200_084.png",
    "mse": 0.00013555119221564382,
    "psnr": 38.63916015625,
    "ms-ssim": 0.9753484725952148,
    "bpp": 0.03537777777777778,
    "encoding_time": 0.5771293640136719,
    "decoding_time": 1.0920987129211426
}