{
    "image_name": "RGB_OR_1200x1200_011.png",
    "mse": 0.0007279590936377645,
    "psnr": 31.371601104736328,
    "ms-ssim": 0.9759182929992676,
    "bpp": 0.3100888888888889,
    "encoding_time": 0.6443536281585693,
    "decoding_time": 1.2481114864349365
}