{
    "image_name": "RGB_OR_1200x1200_081.png",
    "mse": 0.0004386382643133402,
    "psnr": 33.56669616699219,
    "ms-ssim": 0.983527421951294,
    "bpp": 0.18315555555555554,
    "encoding_time": 0.5517189502716064,
    "decoding_time": 0.5700356960296631
}