{
    "image_name": "RGB_OR_1200x1200_086.png",
    "mse": 0.0011214445112273097,
    "psnr": 29.497299194335938,
    "ms-ssim": 0.9330363273620605,
    "bpp": 0.2924222222222222,
    "encoding_time": 0.585486650466919,
    "decoding_time": 0.613976001739502
}