{
    "image_name": "RGB_OR_1200x1200_043.png",
    "mse": 0.0010171295143663883,
    "psnr": 29.920730590820312,
    "ms-ssim": 0.9580483436584473,
    "bpp": 0.39011111111111113,
    "encoding_time": 0.6936478614807129,
    "decoding_time": 1.2622442245483398
}