{
    "image_name": "RGB_OR_1200x1200_073.png",
    "mse": 0.000182703384780325,
    "psnr": 37.355525970458984,
    "ms-ssim": 0.9811074137687683,
    "bpp": 0.05853333333333333,
    "encoding_time": 0.5456032752990723,
    "decoding_time": 0.8494915962219238
}