{
    "image_name": "RGB_OR_1200x1200_007.png",
    "mse": 0.0005014127818867564,
    "psnr": 32.98698806762695,
    "ms-ssim": 0.9819694757461548,
    "bpp": 0.20364444444444443,
    "encoding_time": 0.456221342086792,
    "decoding_time": 0.893824577331543
}