{
    "image_name": "RGB_OR_1200x1200_031.png",
    "mse": 0.0006413464434444904,
    "psnr": 31.92015838623047,
    "ms-ssim": 0.9742777347564697,
    "bpp": 0.2162888888888889,
    "encoding_time": 0.6449887752532959,
    "decoding_time": 1.121194839477539
}