{
    "image_name": "RGB_OR_1200x1200_055.png",
    "mse": 0.00041244731983169913,
    "psnr": 33.83311462402344,
    "ms-ssim": 0.9817714095115662,
    "bpp": 0.20726666666666665,
    "encoding_time": 0.6607215404510498,
    "decoding_time": 0.7644617557525635
}