{
    "image_name": "RGB_OR_1200x1200_048.png",
    "mse": 0.0008769282139837742,
    "psnr": 30.564334869384766,
    "ms-ssim": 0.970728874206543,
    "bpp": 0.33035555555555557,
    "encoding_time": 0.8643062114715576,
    "decoding_time": 1.39467453956604
}