{
    "image_name": "RGB_OR_1200x1200_090.png",
    "mse": 0.0010155257768929005,
    "psnr": 29.927724838256836,
    "ms-ssim": 0.968342661857605,
    "bpp": 0.3658888888888889,
    "encoding_time": 0.7051377296447754,
    "decoding_time": 0.6755266189575195
}