{
    "image_name": "RGB_OR_1200x1200_064.png",
    "mse": 0.0006107242661528289,
    "psnr": 32.13303756713867,
    "ms-ssim": 0.9774702787399292,
    "bpp": 0.2660222222222222,
    "encoding_time": 0.40526890754699707,
    "decoding_time": 0.5206954479217529
}