{
    "image_name": "RGB_OR_1200x1200_079.png",
    "mse": 0.00042604090413078666,
    "psnr": 33.693138122558594,
    "ms-ssim": 0.9909044504165649,
    "bpp": 0.20013333333333333,
    "encoding_time": 0.5187528133392334,
    "decoding_time": 1.0077495574951172
}