{
    "image_name": "RGB_OR_1200x1200_003.png",
    "mse": 0.0004356376884970814,
    "psnr": 33.595333099365234,
    "ms-ssim": 0.9792499542236328,
    "bpp": 0.1502,
    "encoding_time": 0.6339890956878662,
    "decoding_time": 1.0590333938598633
}