{
    "image_name": "RGB_OR_1200x1200_035.png",
    "mse": 0.0006060423911549151,
    "psnr": 32.16602325439453,
    "ms-ssim": 0.9762205481529236,
    "bpp": 0.22217777777777778,
    "encoding_time": 0.7444469928741455,
    "decoding_time": 1.0856494903564453
}