{
    "image_name": "RGB_OR_1200x1200_078.png",
    "mse": 0.0002689477987587452,
    "psnr": 35.682682037353516,
    "ms-ssim": 0.9860879778862,
    "bpp": 0.1264222222222222,
    "encoding_time": 0.7463364601135254,
    "decoding_time": 0.7884559631347656
}