{
    "image_name": "RGB_OR_1200x1200_077.png",
    "mse": 0.0005360323120839894,
    "psnr": 32.6981201171875,
    "ms-ssim": 0.911858081817627,
    "bpp": 0.05293333333333333,
    "encoding_time": 1.0472524166107178,
    "decoding_time": 0.9831788539886475
}