{
    "image_name": "RGB_OR_1200x1200_008.png",
    "mse": 0.0006881272420287132,
    "psnr": 31.61549186706543,
    "ms-ssim": 0.9640382528305054,
    "bpp": 0.21777777777777776,
    "encoding_time": 0.7538940906524658,
    "decoding_time": 1.107346773147583
}