{
    "image_name": "RGB_OR_1200x1200_095.png",
    "mse": 0.0012760977260768414,
    "psnr": 28.93669891357422,
    "ms-ssim": 0.9619497656822205,
    "bpp": 0.4878222222222222,
    "encoding_time": 0.6958327293395996,
    "decoding_time": 1.1093130111694336
}