{
    "image_name": "RGB_OR_1200x1200_052.png",
    "mse": 0.0004853247955907136,
    "psnr": 33.12837219238281,
    "ms-ssim": 0.9798123240470886,
    "bpp": 0.23162222222222223,
    "encoding_time": 0.7756915092468262,
    "decoding_time": 0.9281511306762695
}