{
    "image_name": "RGB_OR_1200x1200_040.png",
    "mse": 0.0005362518131732941,
    "psnr": 32.696189880371094,
    "ms-ssim": 0.9689384698867798,
    "bpp": 0.17742222222222223,
    "encoding_time": 0.41201138496398926,
    "decoding_time": 0.8582944869995117
}