{
    "image_name": "RGB_OR_1200x1200_076.png",
    "mse": 0.00025522528449073434,
    "psnr": 35.90964889526367,
    "ms-ssim": 0.9794340133666992,
    "bpp": 0.09413333333333333,
    "encoding_time": 0.819347620010376,
    "decoding_time": 0.6354923248291016
}