{
    "image_name": "RGB_OR_1200x1200_056.png",
    "mse": 0.00022715922386851162,
    "psnr": 36.41220474243164,
    "ms-ssim": 0.9744247198104858,
    "bpp": 0.08384444444444444,
    "encoding_time": 0.7198889255523682,
    "decoding_time": 1.0944418907165527
}