{
    "image_name": "RGB_OR_1200x1200_039.png",
    "mse": 0.0005878179799765348,
    "psnr": 32.29832077026367,
    "ms-ssim": 0.9630082845687866,
    "bpp": 0.19126666666666667,
    "encoding_time": 0.5794649124145508,
    "decoding_time": 0.9784214496612549
}