{
    "image_name": "RGB_OR_1200x1200_042.png",
    "mse": 0.00041913529275916517,
    "psnr": 33.763954162597656,
    "ms-ssim": 0.9706369638442993,
    "bpp": 0.1511111111111111,
    "encoding_time": 0.8600788116455078,
    "decoding_time": 1.1446318626403809
}