{
    "image_name": "RGB_OR_1200x1200_100.png",
    "mse": 0.0001723636669339612,
    "psnr": 37.61761474609375,
    "ms-ssim": 0.9751591682434082,
    "bpp": 0.048911111111111114,
    "encoding_time": 0.3657994270324707,
    "decoding_time": 1.094238519668579
}