{
    "image_name": "RGB_OR_1200x1200_083.png",
    "mse": 0.00034037939622066915,
    "psnr": 34.664188385009766,
    "ms-ssim": 0.9830609560012817,
    "bpp": 0.1292222222222222,
    "encoding_time": 0.42078351974487305,
    "decoding_time": 0.569582462310791
}