{
    "image_name": "RGB_OR_1200x1200_001.png",
    "mse": 0.0003342987038195133,
    "psnr": 34.741519927978516,
    "ms-ssim": 0.9852495193481445,
    "bpp": 0.12688888888888888,
    "encoding_time": 0.7884562015533447,
    "decoding_time": 0.9168989658355713
}