{
    "image_name": "RGB_OR_1200x1200_016.png",
    "mse": 0.00111424142960459,
    "psnr": 29.525358200073242,
    "ms-ssim": 0.9700004458427429,
    "bpp": 0.42924444444444443,
    "encoding_time": 0.3403143882751465,
    "decoding_time": 0.9728066921234131
}