{
    "image_name": "RGB_OR_1200x1200_099.png",
    "mse": 0.0005325034726411104,
    "psnr": 32.72631072998047,
    "ms-ssim": 0.9515792727470398,
    "bpp": 0.14853333333333332,
    "encoding_time": 0.3916745185852051,
    "decoding_time": 0.48445940017700195
}