{
    "image_name": "RGB_OR_1200x1200_094.png",
    "mse": 0.0006505430210381746,
    "psnr": 31.858882904052734,
    "ms-ssim": 0.9812531471252441,
    "bpp": 0.2760666666666667,
    "encoding_time": 0.722710132598877,
    "decoding_time": 0.693772554397583
}