{
    "image_name": "RGB_OR_1200x1200_015.png",
    "mse": 0.00012943937326781452,
    "psnr": 38.8369255065918,
    "ms-ssim": 0.9871782660484314,
    "bpp": 0.04066666666666666,
    "encoding_time": 0.7811968326568604,
    "decoding_time": 0.621382474899292
}