{
    "image_name": "RGB_OR_1200x1200_020.png",
    "mse": 0.0007859222241677344,
    "psnr": 31.039501190185547,
    "ms-ssim": 0.9543585181236267,
    "bpp": 0.22962222222222223,
    "encoding_time": 0.603499174118042,
    "decoding_time": 0.8509762287139893
}