{
    "image_name": "RGB_OR_1200x1200_012.png",
    "mse": 0.00042639728053472936,
    "psnr": 33.689266204833984,
    "ms-ssim": 0.981804370880127,
    "bpp": 0.1526888888888889,
    "encoding_time": 0.6567401885986328,
    "decoding_time": 0.9535548686981201
}