{
    "image_name": "RGB_OR_1200x1200_075.png",
    "mse": 0.00038892729207873344,
    "psnr": 34.087440490722656,
    "ms-ssim": 0.9665637016296387,
    "bpp": 0.13426666666666667,
    "encoding_time": 0.701812744140625,
    "decoding_time": 0.5552978515625
}