{
    "image_name": "RGB_OR_1200x1200_092.png",
    "mse": 0.00021542434114962816,
    "psnr": 36.642303466796875,
    "ms-ssim": 0.9711143970489502,
    "bpp": 0.05073333333333333,
    "encoding_time": 0.6165571212768555,
    "decoding_time": 0.6881437301635742
}