{
    "image_name": "RGB_OR_1200x1200_018.png",
    "mse": 0.0010194226633757353,
    "psnr": 29.910999298095703,
    "ms-ssim": 0.9728004336357117,
    "bpp": 0.45797777777777776,
    "encoding_time": 0.7905266284942627,
    "decoding_time": 0.9029059410095215
}