{
    "image_name": "RGB_OR_1200x1200_069.png",
    "mse": 0.0005033757188357413,
    "psnr": 32.97014617919922,
    "ms-ssim": 0.9824557304382324,
    "bpp": 0.20475555555555555,
    "encoding_time": 0.4528920650482178,
    "decoding_time": 0.8719277381896973
}