{
    "image_name": "RGB_OR_1200x1200_091.png",
    "mse": 0.00035152252530679107,
    "psnr": 34.53050994873047,
    "ms-ssim": 0.9864654541015625,
    "bpp": 0.14777777777777779,
    "encoding_time": 0.7723634243011475,
    "decoding_time": 0.6679296493530273
}