{
    "image_name": "RGB_OR_1200x1200_045.png",
    "mse": 0.0003603141230996698,
    "psnr": 34.41872024536133,
    "ms-ssim": 0.9775935411453247,
    "bpp": 0.12384444444444444,
    "encoding_time": 0.36275744438171387,
    "decoding_time": 0.7122843265533447
}