{
    "image_name": "RGB_OR_1200x1200_005.png",
    "mse": 0.0004963879473507404,
    "psnr": 33.03061294555664,
    "ms-ssim": 0.9694136381149292,
    "bpp": 0.1877111111111111,
    "encoding_time": 0.9056591987609863,
    "decoding_time": 0.750734806060791
}