{
    "image_name": "RGB_OR_1200x1200_098.png",
    "mse": 0.0010990533046424389,
    "psnr": 29.58465576171875,
    "ms-ssim": 0.9781914949417114,
    "bpp": 0.5121777777777777,
    "encoding_time": 0.4599926471710205,
    "decoding_time": 0.599109411239624
}