{
    "image_name": "RGB_OR_1200x1200_065.png",
    "mse": 0.0007251544157043099,
    "psnr": 31.388227462768555,
    "ms-ssim": 0.9722802042961121,
    "bpp": 0.2793111111111111,
    "encoding_time": 0.37189817428588867,
    "decoding_time": 0.9251670837402344
}