{
    "image_name": "RGB_OR_1200x1200_010.png",
    "mse": 0.00047769342199899256,
    "psnr": 33.19660949707031,
    "ms-ssim": 0.9613242149353027,
    "bpp": 0.1438222222222222,
    "encoding_time": 0.3357269763946533,
    "decoding_time": 0.475022554397583
}