{
    "image_name": "RGB_OR_1200x1200_059.png",
    "mse": 0.0012844611192122102,
    "psnr": 28.908525466918945,
    "ms-ssim": 0.97288978099823,
    "bpp": 0.5632,
    "encoding_time": 0.5958459377288818,
    "decoding_time": 0.7294285297393799
}