{
    "image_name": "RGB_OR_1200x1200_051.png",
    "mse": 0.0002896605583373457,
    "psnr": 35.36214828491211,
    "ms-ssim": 0.9739898443222046,
    "bpp": 0.11033333333333334,
    "encoding_time": 0.5412955284118652,
    "decoding_time": 0.6091246604919434
}