{
    "image_name": "RGB_OR_1200x1200_050.png",
    "mse": 0.0005075742956250906,
    "psnr": 32.93406677246094,
    "ms-ssim": 0.9696555137634277,
    "bpp": 0.16935555555555556,
    "encoding_time": 0.8048949241638184,
    "decoding_time": 0.6065330505371094
}