{
    "image_name": "RGB_OR_1200x1200_057.png",
    "mse": 0.00031090190168470144,
    "psnr": 35.0556755065918,
    "ms-ssim": 0.9610854983329773,
    "bpp": 0.06984444444444445,
    "encoding_time": 0.5436880588531494,
    "decoding_time": 0.818051815032959
}