{
    "image_name": "RGB_OR_1200x1200_030.png",
    "mse": 0.0008162229205481708,
    "psnr": 30.87527084350586,
    "ms-ssim": 0.9705328941345215,
    "bpp": 0.28813333333333335,
    "encoding_time": 0.37481069564819336,
    "decoding_time": 0.6438794136047363
}