{
    "image_name": "RGB_OR_1200x1200_026.png",
    "mse": 0.0009902515448629856,
    "psnr": 30.037044525146484,
    "ms-ssim": 0.9768592715263367,
    "bpp": 0.43293333333333334,
    "encoding_time": 0.36168670654296875,
    "decoding_time": 1.105895757675171
}