{
    "image_name": "RGB_OR_1200x1200_017.png",
    "mse": 0.0005808082059957087,
    "psnr": 32.35055160522461,
    "ms-ssim": 0.9765933752059937,
    "bpp": 0.23042222222222222,
    "encoding_time": 0.43001484870910645,
    "decoding_time": 0.6590385437011719
}