{
    "image_name": "RGB_OR_1200x1200_088.png",
    "mse": 0.00048348723794333637,
    "psnr": 33.14539337158203,
    "ms-ssim": 0.9754774570465088,
    "bpp": 0.19442222222222222,
    "encoding_time": 0.6314942836761475,
    "decoding_time": 1.1891567707061768
}