{
    "image_name": "RGB_OR_1200x1200_014.png",
    "mse": 0.0003341189294587821,
    "psnr": 34.744285583496094,
    "ms-ssim": 0.9845010042190552,
    "bpp": 0.12486666666666667,
    "encoding_time": 0.5321173667907715,
    "decoding_time": 1.2065200805664062
}