{
    "image_name": "RGB_OR_1200x1200_024.png",
    "mse": 0.0010106335394084454,
    "psnr": 29.948898315429688,
    "ms-ssim": 0.9771966934204102,
    "bpp": 0.43606666666666666,
    "encoding_time": 1.0021929740905762,
    "decoding_time": 0.6972072124481201
}