{
    "image_name": "RGB_OR_1200x1200_047.png",
    "mse": 0.0007410147227346897,
    "psnr": 31.294313430786133,
    "ms-ssim": 0.9761576056480408,
    "bpp": 0.2146888888888889,
    "encoding_time": 0.7004845142364502,
    "decoding_time": 0.6952662467956543
}