{
    "image_name": "RGB_OR_1200x1200_080.png",
    "mse": 0.0002917175297625363,
    "psnr": 35.33236312866211,
    "ms-ssim": 0.9704811573028564,
    "bpp": 0.08382222222222223,
    "encoding_time": 0.7181141376495361,
    "decoding_time": 0.9154086112976074
}