{
    "image_name": "RGB_OR_1200x1200_093.png",
    "mse": 0.0003460029256530106,
    "psnr": 34.595848083496094,
    "ms-ssim": 0.9758934378623962,
    "bpp": 0.1096,
    "encoding_time": 0.7839019298553467,
    "decoding_time": 0.9037411212921143
}