{
    "image_name": "RGB_OR_1200x1200_041.png",
    "mse": 0.0005320316995494068,
    "psnr": 32.73085403442383,
    "ms-ssim": 0.9730325937271118,
    "bpp": 0.18844444444444444,
    "encoding_time": 0.5388698577880859,
    "decoding_time": 0.7420330047607422
}