{
    "image_name": "RGB_OR_1200x1200_067.png",
    "mse": 0.0004882020002696663,
    "psnr": 33.103206634521484,
    "ms-ssim": 0.9678864479064941,
    "bpp": 0.1353777777777778,
    "encoding_time": 0.44814181327819824,
    "decoding_time": 0.5973410606384277
}