{
    "image_name": "RGB_OR_1200x1200_087.png",
    "mse": 0.0013461975613608956,
    "psnr": 28.704626083374023,
    "ms-ssim": 0.9679560661315918,
    "bpp": 0.5112666666666666,
    "encoding_time": 0.5079479217529297,
    "decoding_time": 0.6545310020446777
}