{
    "image_name": "RGB_OR_1200x1200_023.png",
    "mse": 0.0006228250567801297,
    "psnr": 32.04761505126953,
    "ms-ssim": 0.9815706014633179,
    "bpp": 0.25462222222222225,
    "encoding_time": 0.4261744022369385,
    "decoding_time": 0.7459406852722168
}