{
    "image_name": "RGB_OR_1200x1200_038.png",
    "mse": 0.0002675798605196178,
    "psnr": 35.70497131347656,
    "ms-ssim": 0.9789891242980957,
    "bpp": 0.10068888888888888,
    "encoding_time": 0.802772045135498,
    "decoding_time": 0.8358354568481445
}