{
    "image_name": "RGB_OR_1200x1200_022.png",
    "mse": 0.00039187888614833355,
    "psnr": 34.054710388183594,
    "ms-ssim": 0.9651541113853455,
    "bpp": 0.14048888888888889,
    "encoding_time": 0.6643085479736328,
    "decoding_time": 0.5420079231262207
}