{
    "image_name": "RGB_OR_1200x1200_009.png",
    "mse": 0.00020394101738929749,
    "psnr": 36.878902435302734,
    "ms-ssim": 0.9849061965942383,
    "bpp": 0.08393333333333333,
    "encoding_time": 0.676053524017334,
    "decoding_time": 1.1578795909881592
}