{
    "image_name": "RGB_OR_1200x1200_063.png",
    "mse": 0.00029565641307272017,
    "psnr": 35.27372741699219,
    "ms-ssim": 0.9805362224578857,
    "bpp": 0.09317777777777778,
    "encoding_time": 0.5542087554931641,
    "decoding_time": 1.2122893333435059
}