{
    "image_name": "RGB_OR_1200x1200_066.png",
    "mse": 0.00037548807449638844,
    "psnr": 34.23993682861328,
    "ms-ssim": 0.9822753667831421,
    "bpp": 0.13042222222222222,
    "encoding_time": 0.4585707187652588,
    "decoding_time": 0.4729738235473633
}