{
    "image_name": "RGB_OR_1200x1200_037.png",
    "mse": 0.000419255462475121,
    "psnr": 33.76224899291992,
    "ms-ssim": 0.9674966335296631,
    "bpp": 0.1386888888888889,
    "encoding_time": 0.35825634002685547,
    "decoding_time": 0.7499215602874756
}