{
    "image_name": "RGB_OR_1200x1200_019.png",
    "mse": 0.0005541982827708125,
    "psnr": 32.55335235595703,
    "ms-ssim": 0.9737245440483093,
    "bpp": 0.18275555555555556,
    "encoding_time": 0.41238927841186523,
    "decoding_time": 0.887810468673706
}