{
    "image_name": "RGB_OR_1200x1200_071.png",
    "mse": 0.0003129843098577112,
    "psnr": 35.02711868286133,
    "ms-ssim": 0.9787036180496216,
    "bpp": 0.10362222222222223,
    "encoding_time": 0.33846616744995117,
    "decoding_time": 0.769420862197876
}