{
    "image_name": "RGB_OR_1200x1200_028.png",
    "mse": 0.00019865925423800945,
    "psnr": 36.99126434326172,
    "ms-ssim": 0.9776409864425659,
    "bpp": 0.0732,
    "encoding_time": 1.2860405445098877,
    "decoding_time": 0.8016541004180908
}