{
    "image_name": "RGB_OR_1200x1200_034.png",
    "mse": 0.0003142759669572115,
    "psnr": 35.00846862792969,
    "ms-ssim": 0.9775721430778503,
    "bpp": 0.11295555555555556,
    "encoding_time": 0.6012282371520996,
    "decoding_time": 0.7480483055114746
}