{
    "image_name": "RGB_OR_1200x1200_082.png",
    "mse": 0.0011862876126542687,
    "psnr": 29.253416061401367,
    "ms-ssim": 0.9514554738998413,
    "bpp": 0.3866888888888889,
    "encoding_time": 0.5873568058013916,
    "decoding_time": 0.5438277721405029
}