{
    "image_name": "RGB_OR_1200x1200_089.png",
    "mse": 0.0006645027315244079,
    "psnr": 31.76679229736328,
    "ms-ssim": 0.9615182280540466,
    "bpp": 0.23744444444444446,
    "encoding_time": 0.7100672721862793,
    "decoding_time": 0.8874151706695557
}