{
    "image_name": "RGB_OR_1200x1200_060.png",
    "mse": 0.00038447458064183593,
    "psnr": 34.13720703125,
    "ms-ssim": 0.9779090285301208,
    "bpp": 0.13791111111111112,
    "encoding_time": 0.3724980354309082,
    "decoding_time": 0.7896883487701416
}