{
    "image_name": "RGB_OR_1200x1200_032.png",
    "mse": 0.0008955684606917202,
    "psnr": 30.472671508789062,
    "ms-ssim": 0.9638840556144714,
    "bpp": 0.2873777777777778,
    "encoding_time": 0.3667762279510498,
    "decoding_time": 0.8336074352264404
}