{
    "mean_loss": 0.17126177554937194,
    "mean_bpp": 0.16867237852600814,
    "mean_psnr": 29.965092821819027,
    "mean_msssim": 0.9741060297663618,
    "mean_msssim_dB": 15.868013555764279,
    "mean_enc_time": 0.4569078887381205,
    "mean_dec_time": 0.5329322058980058
}