{
    "image_name": "daniel-robert-405.png",
    "mse": 0.0017171106301248074,
    "psnr": 27.648948669433594,
    "ms-ssim": 0.9681288003921509,
    "bpp": 0.23084992101105845,
    "encoding_time": 0.29932737350463867,
    "decoding_time": 0.2646448612213135
}