{
    "image_name": "schicka-307.png",
    "mse": 0.000470471364678815,
    "psnr": 33.2635612487793,
    "ms-ssim": 0.9775837659835815,
    "bpp": 0.12141927083333333,
    "encoding_time": 0.17076611518859863,
    "decoding_time": 0.06507992744445801
}