{
    "image_name": "jeremy-cai-1174.png",
    "mse": 0.0008456115028820932,
    "psnr": 30.72210693359375,
    "ms-ssim": 0.9870244860649109,
    "bpp": 0.12593144560357675,
    "encoding_time": 0.5866580009460449,
    "decoding_time": 0.4766108989715576
}