{
    "image_name": "martyn-seddon-220.png",
    "mse": 0.0007922496297396719,
    "psnr": 31.004592895507812,
    "ms-ssim": 0.9672076106071472,
    "bpp": 0.18642399267399268,
    "encoding_time": 0.5092787742614746,
    "decoding_time": 0.4962491989135742
}