{
    "image_name": "amy-zhang-15940.png",
    "mse": 0.0013370562810450792,
    "psnr": 28.734352111816406,
    "ms-ssim": 0.9711794257164001,
    "bpp": 0.2004714454087646,
    "encoding_time": 0.2812178134918213,
    "decoding_time": 0.24746346473693848
}