{
    "image_name": "veeterzy-82537.png",
    "mse": 0.0012803466524928808,
    "psnr": 28.92245101928711,
    "ms-ssim": 0.971845805644989,
    "bpp": 0.21878431551976574,
    "encoding_time": 0.5250034332275391,
    "decoding_time": 0.630873441696167
}