{
    "image_name": "philippe-wuyts-45997.png",
    "mse": 0.0012331812176853418,
    "psnr": 29.085554122924805,
    "ms-ssim": 0.9660452604293823,
    "bpp": 0.25914977648997883,
    "encoding_time": 0.42879462242126465,
    "decoding_time": 0.6297774314880371
}