{
    "image_name": "lobostudio-hamburg-75377.png",
    "mse": 0.0006762501434423029,
    "psnr": 31.69049072265625,
    "ms-ssim": 0.9720913767814636,
    "bpp": 0.11619734432234433,
    "encoding_time": 0.5283932685852051,
    "decoding_time": 0.660818338394165
}