{
    "image_name": "clem-onojeghuo-33741.png",
    "mse": 0.0012802884448319674,
    "psnr": 28.922758102416992,
    "ms-ssim": 0.9711255431175232,
    "bpp": 0.21093177655677656,
    "encoding_time": 0.6793665885925293,
    "decoding_time": 0.6435132026672363
}