{
    "image_name": "philipp-reiner-207.png",
    "mse": 0.002503521041944623,
    "psnr": 26.0123291015625,
    "ms-ssim": 0.9634270071983337,
    "bpp": 0.2454814814814815,
    "encoding_time": 0.27673840522766113,
    "decoding_time": 0.5631983280181885
}