{
    "image_name": "sergey-zolkin-1045.png",
    "mse": 0.000835432147141546,
    "psnr": 30.774673461914062,
    "ms-ssim": 0.9796428680419922,
    "bpp": 0.13238324175824176,
    "encoding_time": 0.5452055931091309,
    "decoding_time": 0.8205118179321289
}