{
    "image_name": "roberto-nickson-48063.png",
    "mse": 0.0004372043185867369,
    "psnr": 33.580665588378906,
    "ms-ssim": 0.9822752475738525,
    "bpp": 0.0964514652014652,
    "encoding_time": 0.49973464012145996,
    "decoding_time": 0.6306383609771729
}