{
    "image_name": "felix-russell-saw-140699.png",
    "mse": 0.0004877789760939777,
    "psnr": 33.10649871826172,
    "ms-ssim": 0.9762402772903442,
    "bpp": 0.13272041166380788,
    "encoding_time": 0.37137818336486816,
    "decoding_time": 0.43280625343322754
}