{
    "image_name": "jason-briscoe-149782.png",
    "mse": 0.0007372345426119864,
    "psnr": 31.31620979309082,
    "ms-ssim": 0.9904438257217407,
    "bpp": 0.07295100732600733,
    "encoding_time": 0.5266115665435791,
    "decoding_time": 0.5498039722442627
}