{
    "image_name": "casey-fyfe-999.png",
    "mse": 0.0005552403745241463,
    "psnr": 32.545310974121094,
    "ms-ssim": 0.9595028758049011,
    "bpp": 0.15593979779411765,
    "encoding_time": 0.472545862197876,
    "decoding_time": 0.5862710475921631
}