{
    "image_name": "vita-vilcina-3055.png",
    "mse": 0.003130126278847456,
    "psnr": 25.042707443237305,
    "ms-ssim": 0.9849598407745361,
    "bpp": 0.1756783521489404,
    "encoding_time": 0.4298560619354248,
    "decoding_time": 0.4625399112701416
}