{
    "image_name": "alejandro-escamilla-6.png",
    "mse": 0.0014179139398038387,
    "psnr": 28.479860305786133,
    "ms-ssim": 0.9791678190231323,
    "bpp": 0.13201316280806571,
    "encoding_time": 0.41878628730773926,
    "decoding_time": 0.7500367164611816
}