{
    "image_name": "alexander-shustov-73.png",
    "mse": 0.0037306707818061113,
    "psnr": 24.28074073791504,
    "ms-ssim": 0.9590857028961182,
    "bpp": 0.2994810800881705,
    "encoding_time": 0.6391947269439697,
    "decoding_time": 0.7401471138000488
}