{
    "image_name": "dogancan-ozturan-395.png",
    "mse": 0.0011426908895373344,
    "psnr": 29.416213989257812,
    "ms-ssim": 0.9834866523742676,
    "bpp": 0.13726643598615917,
    "encoding_time": 0.5628821849822998,
    "decoding_time": 0.6638326644897461
}