{
    "image_name": "nomao-saeki-33553.png",
    "mse": 0.0004518376081250608,
    "psnr": 33.43807601928711,
    "ms-ssim": 0.9765331149101257,
    "bpp": 0.10171120058565154,
    "encoding_time": 0.6917800903320312,
    "decoding_time": 0.6678166389465332
}