{
    "image_name": "mullermarc-184.png",
    "mse": 0.0010012740967795253,
    "psnr": 29.989501953125,
    "ms-ssim": 0.9785382747650146,
    "bpp": 0.17904731223209572,
    "encoding_time": 0.38335275650024414,
    "decoding_time": 0.2743563652038574
}