{
    "image_name": "thong-vo-428.png",
    "mse": 0.002264305716380477,
    "psnr": 26.448148727416992,
    "ms-ssim": 0.9681350588798523,
    "bpp": 0.24675532767184746,
    "encoding_time": 0.3701913356781006,
    "decoding_time": 0.2970144748687744
}