{
    "image_name": "kazuend-28556.png",
    "mse": 0.000312395190121606,
    "psnr": 35.035396575927734,
    "ms-ssim": 0.9860073328018188,
    "bpp": 0.07889194139194139,
    "encoding_time": 0.6486279964447021,
    "decoding_time": 0.7604987621307373
}