{
    "image_name": "zugr-108.png",
    "mse": 0.00046528500388376415,
    "psnr": 33.31108856201172,
    "ms-ssim": 0.9869498610496521,
    "bpp": 0.09429945054945055,
    "encoding_time": 0.4081413745880127,
    "decoding_time": 0.6091761589050293
}