{
    "image_name": "martin-wessely-211.png",
    "mse": 0.003282404039055109,
    "psnr": 24.83631706237793,
    "ms-ssim": 0.9498113393783569,
    "bpp": 0.3133854166666667,
    "encoding_time": 0.18656110763549805,
    "decoding_time": 0.1108391284942627
}