{
    "image_name": "davide-ragusa-716.png",
    "mse": 0.0007221874548122287,
    "psnr": 31.406097412109375,
    "ms-ssim": 0.979171633720398,
    "bpp": 0.13857234951889022,
    "encoding_time": 0.3737668991088867,
    "decoding_time": 0.6187126636505127
}