{
    "image_name": "michael-durana-82941.png",
    "mse": 0.0013578521320596337,
    "psnr": 28.667325973510742,
    "ms-ssim": 0.9777171015739441,
    "bpp": 0.13519917582417582,
    "encoding_time": 0.580024242401123,
    "decoding_time": 0.5900535583496094
}