{
    "image_name": "andrew-ruiz-376.png",
    "mse": 0.0010598746594041586,
    "psnr": 29.74254608154297,
    "ms-ssim": 0.9792331457138062,
    "bpp": 0.16794865907421014,
    "encoding_time": 0.6061537265777588,
    "decoding_time": 0.8604931831359863
}