{
    "image_name": "jared-erondu-21325.png",
    "mse": 0.0006059096776880324,
    "psnr": 32.16671371459961,
    "ms-ssim": 0.9752382040023804,
    "bpp": 0.12235576923076923,
    "encoding_time": 0.5940515995025635,
    "decoding_time": 0.6326720714569092
}