{
    "image_name": "allef-vinicius-109434.png",
    "mse": 0.00045457444502972066,
    "psnr": 33.411930084228516,
    "ms-ssim": 0.9662472605705261,
    "bpp": 0.10523122710622711,
    "encoding_time": 0.4728834629058838,
    "decoding_time": 0.8029851913452148
}