{
    "image_name": "alberto-montalesi-176097.png",
    "mse": 0.00040568315307609737,
    "psnr": 33.90492248535156,
    "ms-ssim": 0.9671554565429688,
    "bpp": 0.11692956713132795,
    "encoding_time": 0.45433616638183594,
    "decoding_time": 0.720999002456665
}