{
    "image_name": "todd-quackenbush-222.png",
    "mse": 0.0030504835303872824,
    "psnr": 25.154375076293945,
    "ms-ssim": 0.9592000842094421,
    "bpp": 0.24550746646418628,
    "encoding_time": 0.09509873390197754,
    "decoding_time": 0.0960395336151123
}