{
    "image_name": "ales-krivec-15949.png",
    "mse": 0.0003603552468121052,
    "psnr": 34.41786193847656,
    "ms-ssim": 0.985822856426239,
    "bpp": 0.11094013047138047,
    "encoding_time": 0.49618983268737793,
    "decoding_time": 0.5350878238677979
}