{
    "mean_loss": 0.9960585547142746,
    "mean_bpp": 0.9960374193197387,
    "mean_psnr": 37.16244029998779,
    "mean_msssim": 0.9899888448417187,
    "mean_msssim_dB": 19.995158076433032,
    "mean_enc_time": 0.6937615126371384,
    "mean_dec_time": 0.8496460616588593
}