{
    "image_name": "00006_TE_1544x1120.png",
    "mse": 0.00015101081226021051,
    "psnr": 38.1756706237793,
    "ms-ssim": 0.9965848326683044,
    "bpp": 1.0502775721687638,
    "encoding_time": 0.5759060382843018,
    "decoding_time": 0.710993766784668
}