{
    "image_name": "00013_TE_1920x1280.png",
    "mse": 0.0001704801106825471,
    "psnr": 37.65077590942383,
    "ms-ssim": 0.9925435781478882,
    "bpp": 0.8481510416666667,
    "encoding_time": 0.4406859874725342,
    "decoding_time": 0.5972919464111328
}