{
    "image_name": "00016_TE_1744x2000.png",
    "mse": 0.0004191464395262301,
    "psnr": 33.76356887817383,
    "ms-ssim": 0.9611678123474121,
    "bpp": 0.7016880733944955,
    "encoding_time": 0.7998452186584473,
    "decoding_time": 1.0383992195129395
}