{
    "image_name": "00011_TE_1744x1160.png",
    "mse": 0.00025846296921372414,
    "psnr": 35.856300354003906,
    "ms-ssim": 0.9942531585693359,
    "bpp": 1.3731255931667194,
    "encoding_time": 0.39528989791870117,
    "decoding_time": 0.5446653366088867
}