{
    "image_name": "00007_TE_1472x976.png",
    "mse": 0.0001655333035159856,
    "psnr": 37.77924728393555,
    "ms-ssim": 0.9930087924003601,
    "bpp": 0.7363239486813971,
    "encoding_time": 0.3597102165222168,
    "decoding_time": 0.42487382888793945
}