{
    "image_name": "00001_TE_2096x1400.png",
    "mse": 0.00023214246903080493,
    "psnr": 36.31884002685547,
    "ms-ssim": 0.9946337938308716,
    "bpp": 1.2964776444929116,
    "encoding_time": 0.5701067447662354,
    "decoding_time": 0.6766769886016846
}