{
    "image_name": "00014_TE_3680x2456.png",
    "mse": 0.00012652949953917414,
    "psnr": 38.935569763183594,
    "ms-ssim": 0.9913171529769897,
    "bpp": 0.6397358731057924,
    "encoding_time": 1.6237010955810547,
    "decoding_time": 1.7514817714691162
}