{
    "image_name": "00009_TE_1976x1312.png",
    "mse": 0.000524075876455754,
    "psnr": 32.79584503173828,
    "ms-ssim": 0.9932533502578735,
    "bpp": 2.143749382837958,
    "encoding_time": 0.5528378486633301,
    "decoding_time": 0.758336067199707
}