{
    "image_name": "00004_TE_1808x1352.png",
    "mse": 0.00021086711785756052,
    "psnr": 36.735008239746094,
    "ms-ssim": 0.9939922094345093,
    "bpp": 1.4231554694454627,
    "encoding_time": 0.8730719089508057,
    "decoding_time": 0.8821275234222412
}