{
    "image_name": "00003_TE_1944x1296.png",
    "mse": 0.0001513174211140722,
    "psnr": 38.16822814941406,
    "ms-ssim": 0.9927532076835632,
    "bpp": 0.6835213128080069,
    "encoding_time": 0.5999202728271484,
    "decoding_time": 0.7700653076171875
}