{
    "image_name": "00008_TE_1912x1272.png",
    "mse": 0.00015370816981885582,
    "psnr": 38.097633361816406,
    "ms-ssim": 0.9921475648880005,
    "bpp": 1.0403542012052314,
    "encoding_time": 0.6068530082702637,
    "decoding_time": 0.6697897911071777
}