{
    "image_name": "00015_TE_3680x2456.png",
    "mse": 0.00011159636778756976,
    "psnr": 39.475128173828125,
    "ms-ssim": 0.994073748588562,
    "bpp": 0.6241290185526129,
    "encoding_time": 1.4861252307891846,
    "decoding_time": 1.8217802047729492
}