{
    "mean_loss": 0.20678883401883974,
    "mean_bpp": 0.20343356662326387,
    "mean_psnr": 26.594788551330566,
    "mean_msssim": 0.9664473260442416,
    "mean_msssim_dB": 14.742728633353565,
    "mean_enc_time": 0.14184201757113138,
    "mean_dec_time": 0.16857885320981345
}