{
    "image_name": "18.png",
    "mse": 0.00260900123976171,
    "psnr": 25.83344268798828,
    "ms-ssim": 0.9582815170288086,
    "bpp": 0.26513671875,
    "encoding_time": 0.17381000518798828,
    "decoding_time": 0.11504578590393066
}