{
    "image_name": "10.png",
    "mse": 0.00189102441072464,
    "psnr": 27.230060577392578,
    "ms-ssim": 0.9730178713798523,
    "bpp": 0.14632161458333334,
    "encoding_time": 0.08243703842163086,
    "decoding_time": 0.17589688301086426
}