{
    "image_name": "2.png",
    "mse": 0.0016074265586212277,
    "psnr": 27.93540382385254,
    "ms-ssim": 0.9572747945785522,
    "bpp": 0.20174153645833334,
    "encoding_time": 0.08475041389465332,
    "decoding_time": 0.1073613166809082
}