{
    "image_name": "13.png",
    "mse": 0.006470948923379183,
    "psnr": 21.889482498168945,
    "ms-ssim": 0.9499654769897461,
    "bpp": 0.3374837239583333,
    "encoding_time": 0.24457383155822754,
    "decoding_time": 0.12642121315002441
}