{
    "image_name": "14.png",
    "mse": 0.002368870424106717,
    "psnr": 26.25225830078125,
    "ms-ssim": 0.9594897031784058,
    "bpp": 0.2683919270833333,
    "encoding_time": 0.07967305183410645,
    "decoding_time": 0.1390550136566162
}