{
    "image_name": "7.png",
    "mse": 0.0015721101080998778,
    "psnr": 28.031185150146484,
    "ms-ssim": 0.9782192707061768,
    "bpp": 0.15861002604166666,
    "encoding_time": 0.11897945404052734,
    "decoding_time": 0.1474297046661377
}