{
    "image_name": "1.png",
    "mse": 0.0038989128079265356,
    "psnr": 24.089038848876953,
    "ms-ssim": 0.9588809013366699,
    "bpp": 0.27734375,
    "encoding_time": 0.16023039817810059,
    "decoding_time": 0.10350179672241211
}