{
    "image_name": "19.png",
    "mse": 0.0018661034991964698,
    "psnr": 27.287616729736328,
    "ms-ssim": 0.9675160646438599,
    "bpp": 0.19303385416666666,
    "encoding_time": 0.0856623649597168,
    "decoding_time": 0.2806413173675537
}