{
    "image_name": "8.png",
    "mse": 0.0061473483219742775,
    "psnr": 22.112165451049805,
    "ms-ssim": 0.9646591544151306,
    "bpp": 0.24715169270833334,
    "encoding_time": 0.18796634674072266,
    "decoding_time": 0.11898970603942871
}