{
    "image_name": "11.png",
    "mse": 0.0021673941519111395,
    "psnr": 26.63799285888672,
    "ms-ssim": 0.9627267718315125,
    "bpp": 0.21175130208333334,
    "encoding_time": 0.09853076934814453,
    "decoding_time": 0.12047553062438965
}