{
    "image_name": "5.png",
    "mse": 0.0037556265015155077,
    "psnr": 24.251731872558594,
    "ms-ssim": 0.9625861048698425,
    "bpp": 0.29345703125,
    "encoding_time": 0.0814063549041748,
    "decoding_time": 0.2023918628692627
}