{
    "image_name": "22.png",
    "mse": 0.0015930269146338105,
    "psnr": 27.974292755126953,
    "ms-ssim": 0.9567564725875854,
    "bpp": 0.24275716145833334,
    "encoding_time": 0.09916496276855469,
    "decoding_time": 0.12037205696105957
}