{
    "image_name": "12.png",
    "mse": 0.002365284599363804,
    "psnr": 26.258934020996094,
    "ms-ssim": 0.9682273864746094,
    "bpp": 0.16048177083333334,
    "encoding_time": 0.09006166458129883,
    "decoding_time": 0.10534048080444336
}