{
    "image_name": "16.png",
    "mse": 0.0013561969390138984,
    "psnr": 28.672758102416992,
    "ms-ssim": 0.9671735167503357,
    "bpp": 0.17692057291666666,
    "encoding_time": 0.12818694114685059,
    "decoding_time": 0.11653423309326172
}