{
    "image_name": "6.png",
    "mse": 0.00314726447686553,
    "psnr": 25.019020080566406,
    "ms-ssim": 0.9621142148971558,
    "bpp": 0.23299153645833334,
    "encoding_time": 0.2450122833251953,
    "decoding_time": 0.4102613925933838
}