{
    "image_name": "9.png",
    "mse": 0.001582707860507071,
    "psnr": 28.00261116027832,
    "ms-ssim": 0.9763215780258179,
    "bpp": 0.12150065104166667,
    "encoding_time": 0.07839298248291016,
    "decoding_time": 0.10277724266052246
}