{
    "image_name": "3.png",
    "mse": 0.0010871400590986013,
    "psnr": 29.632287979125977,
    "ms-ssim": 0.9771366119384766,
    "bpp": 0.137939453125,
    "encoding_time": 0.08495354652404785,
    "decoding_time": 0.1035158634185791
}