{
    "image_name": "20.png",
    "mse": 0.0018019896233454347,
    "psnr": 27.440433502197266,
    "ms-ssim": 0.9769701957702637,
    "bpp": 0.135009765625,
    "encoding_time": 0.2063002586364746,
    "decoding_time": 0.16094112396240234
}