{
    "image_name": "17.png",
    "mse": 0.0015095379203557968,
    "psnr": 28.207548141479492,
    "ms-ssim": 0.9725633859634399,
    "bpp": 0.16552734375,
    "encoding_time": 0.262204647064209,
    "decoding_time": 0.11912226676940918
}