{
    "image_name": "21.png",
    "mse": 0.0023728993255645037,
    "psnr": 26.245065689086914,
    "ms-ssim": 0.9685560464859009,
    "bpp": 0.18196614583333334,
    "encoding_time": 0.08199262619018555,
    "decoding_time": 0.10636401176452637
}