{
    "mean_loss": 0.18749634218825226,
    "mean_bpp": 0.1874269422086266,
    "mean_psnr": 32.39591579902463,
    "mean_msssim": 0.9632902479753261,
    "mean_msssim_dB": 14.352185491565834,
    "mean_enc_time": 0.6042610901158031,
    "mean_dec_time": 0.755668645951806
}