{
    "image_name": "nomao-saeki-33553.png",
    "mse": 0.00029338090098463,
    "psnr": 35.30733871459961,
    "ms-ssim": 0.9666398763656616,
    "bpp": 0.0837298682284041,
    "encoding_time": 0.7959072589874268,
    "decoding_time": 0.6577720642089844
}