{
    "image_name": "ales-krivec-15949.png",
    "mse": 0.0002805377880576998,
    "psnr": 35.50066375732422,
    "ms-ssim": 0.9799513816833496,
    "bpp": 0.09931344696969698,
    "encoding_time": 0.7205390930175781,
    "decoding_time": 1.0630621910095215
}