{
    "image_name": "amy-zhang-15940.png",
    "mse": 0.0008626531343907118,
    "psnr": 30.635616302490234,
    "ms-ssim": 0.9534010887145996,
    "bpp": 0.2017357762777242,
    "encoding_time": 0.30352306365966797,
    "decoding_time": 0.638190507888794
}