{
    "image_name": "vita-vilcina-3055.png",
    "mse": 0.0007286492618732154,
    "psnr": 31.367551803588867,
    "ms-ssim": 0.9885605573654175,
    "bpp": 0.32454800101858927,
    "encoding_time": 0.39096879959106445,
    "decoding_time": 0.43976426124572754
}