{
    "image_name": "martyn-seddon-220.png",
    "mse": 0.0006263512768782675,
    "psnr": 32.0233039855957,
    "ms-ssim": 0.9363023042678833,
    "bpp": 0.1355425824175824,
    "encoding_time": 0.6814324855804443,
    "decoding_time": 1.4087638854980469
}