{
    "image_name": "jared-erondu-21325.png",
    "mse": 0.00036272205761633813,
    "psnr": 34.389259338378906,
    "ms-ssim": 0.9561768770217896,
    "bpp": 0.09007554945054945,
    "encoding_time": 0.7736480236053467,
    "decoding_time": 0.8787851333618164
}