{
    "image_name": "alberto-montalesi-176097.png",
    "mse": 0.00033639557659626007,
    "psnr": 34.715431213378906,
    "ms-ssim": 0.9519506692886353,
    "bpp": 0.07794158107116654,
    "encoding_time": 0.6460573673248291,
    "decoding_time": 0.6669595241546631
}