{
    "image_name": "gian-reto-tarnutzer-45212.png",
    "mse": 0.0009304761188104749,
    "psnr": 30.307273864746094,
    "ms-ssim": 0.9513146281242371,
    "bpp": 0.23306341240875914,
    "encoding_time": 0.6796445846557617,
    "decoding_time": 1.017103672027588
}