{
    "image_name": "juskteez-vu-1041.png",
    "mse": 0.0015360622201114893,
    "psnr": 28.132368087768555,
    "ms-ssim": 0.9240814447402954,
    "bpp": 0.34708486804632616,
    "encoding_time": 0.41306424140930176,
    "decoding_time": 0.7058753967285156
}