{
    "image_name": "philipp-reiner-207.png",
    "mse": 0.001267742016352713,
    "psnr": 28.9654598236084,
    "ms-ssim": 0.9528769850730896,
    "bpp": 0.34041975308641975,
    "encoding_time": 0.2750966548919678,
    "decoding_time": 0.6488223075866699
}