{
    "image_name": "roberto-nickson-48063.png",
    "mse": 0.0002564456081017852,
    "psnr": 35.88928985595703,
    "ms-ssim": 0.9739550948143005,
    "bpp": 0.08233745421245421,
    "encoding_time": 0.5482883453369141,
    "decoding_time": 0.9543476104736328
}