{
    "image_name": "michael-durana-82941.png",
    "mse": 0.0006216182373464108,
    "psnr": 32.05364990234375,
    "ms-ssim": 0.9691365957260132,
    "bpp": 0.1690018315018315,
    "encoding_time": 0.7941198348999023,
    "decoding_time": 1.0258090496063232
}