{
    "image_name": "wojciech-szaturski-3611.png",
    "mse": 0.0008505297009833157,
    "psnr": 30.69646453857422,
    "ms-ssim": 0.9633136987686157,
    "bpp": 0.23279905850195512,
    "encoding_time": 0.6405963897705078,
    "decoding_time": 1.0600194931030273
}