{
    "image_name": "jason-briscoe-149782.png",
    "mse": 0.0001942216622410342,
    "psnr": 37.08885955810547,
    "ms-ssim": 0.9869316816329956,
    "bpp": 0.08807234432234433,
    "encoding_time": 0.8662807941436768,
    "decoding_time": 0.8689086437225342
}