{
    "image_name": "casey-fyfe-999.png",
    "mse": 0.0005003587575629354,
    "psnr": 32.9964714050293,
    "ms-ssim": 0.9350823163986206,
    "bpp": 0.06927849264705882,
    "encoding_time": 0.6935207843780518,
    "decoding_time": 0.5646278858184814
}