{
    "image_name": "dogancan-ozturan-395.png",
    "mse": 0.0004428583779372275,
    "psnr": 33.52558898925781,
    "ms-ssim": 0.9775671362876892,
    "bpp": 0.16612456747404844,
    "encoding_time": 0.6164276599884033,
    "decoding_time": 0.8744597434997559
}