{
    "image_name": "davide-ragusa-716.png",
    "mse": 0.00039819948142394423,
    "psnr": 33.986083984375,
    "ms-ssim": 0.9680396318435669,
    "bpp": 0.12457758641272772,
    "encoding_time": 0.5923755168914795,
    "decoding_time": 0.5265233516693115
}