{
    "image_name": "veeterzy-82537.png",
    "mse": 0.0008939913823269308,
    "psnr": 30.480636596679688,
    "ms-ssim": 0.9663963317871094,
    "bpp": 0.23834416178623719,
    "encoding_time": 0.4648723602294922,
    "decoding_time": 0.985309362411499
}