{
    "image_name": "martin-wessely-211.png",
    "mse": 0.002024710876867175,
    "psnr": 26.933441162109375,
    "ms-ssim": 0.9429311752319336,
    "bpp": 0.42583333333333334,
    "encoding_time": 0.14114761352539062,
    "decoding_time": 0.18049383163452148
}