{
    "image_name": "todd-quackenbush-222.png",
    "mse": 0.001272417837753892,
    "psnr": 28.94947624206543,
    "ms-ssim": 0.9490265846252441,
    "bpp": 0.2905593520627689,
    "encoding_time": 0.2837808132171631,
    "decoding_time": 0.18663287162780762
}