{
    "image_name": "schicka-307.png",
    "mse": 0.00038289488293230534,
    "psnr": 34.1544303894043,
    "ms-ssim": 0.9638180732727051,
    "bpp": 0.09977213541666667,
    "encoding_time": 0.24993062019348145,
    "decoding_time": 0.0745551586151123
}