{
    "image_name": "jeremy-cai-1174.png",
    "mse": 0.0004443081561475992,
    "psnr": 33.51158905029297,
    "ms-ssim": 0.9873011112213135,
    "bpp": 0.16388023303075464,
    "encoding_time": 0.8309609889984131,
    "decoding_time": 1.0561881065368652
}