{
    "image_name": "thong-vo-428.png",
    "mse": 0.0010632167104631662,
    "psnr": 29.728439331054688,
    "ms-ssim": 0.9572694301605225,
    "bpp": 0.3097580515942958,
    "encoding_time": 0.47281479835510254,
    "decoding_time": 0.4013245105743408
}