{
    "image_name": "philippe-wuyts-45997.png",
    "mse": 0.000982944737188518,
    "psnr": 30.06924819946289,
    "ms-ssim": 0.9478189945220947,
    "bpp": 0.24035592640700026,
    "encoding_time": 0.6598365306854248,
    "decoding_time": 0.8898818492889404
}