{
    "image_name": "todd-quackenbush-27493.png",
    "mse": 0.00027147989021614194,
    "psnr": 35.642822265625,
    "ms-ssim": 0.9836556911468506,
    "bpp": 0.0959281219748306,
    "encoding_time": 0.39903926849365234,
    "decoding_time": 0.8473248481750488
}