{
    "image_name": "alexander-shustov-73.png",
    "mse": 0.0016799212899059057,
    "psnr": 27.7437744140625,
    "ms-ssim": 0.9618768692016602,
    "bpp": 0.4563625091844232,
    "encoding_time": 0.7451913356781006,
    "decoding_time": 0.9927232265472412
}