{
    "image_name": "kazuend-28556.png",
    "mse": 0.0001919492642628029,
    "psnr": 37.139461517333984,
    "ms-ssim": 0.9765986204147339,
    "bpp": 0.05939789377289377,
    "encoding_time": 0.794281005859375,
    "decoding_time": 0.9363491535186768
}