{
    "image_name": "allef-vinicius-109434.png",
    "mse": 0.00043011424713768065,
    "psnr": 33.651546478271484,
    "ms-ssim": 0.9514405727386475,
    "bpp": 0.063003663003663,
    "encoding_time": 1.1327435970306396,
    "decoding_time": 1.0786242485046387
}