{
    "image_name": "clem-onojeghuo-33741.png",
    "mse": 0.0007741617737337947,
    "psnr": 31.10454750061035,
    "ms-ssim": 0.9543688297271729,
    "bpp": 0.2077724358974359,
    "encoding_time": 0.6607530117034912,
    "decoding_time": 0.9823646545410156
}