{
    "image_name": "paul-itkin-46101.png",
    "mse": 0.0013872587587684393,
    "psnr": 28.57451820373535,
    "ms-ssim": 0.9842621088027954,
    "bpp": 0.5099337748344371,
    "encoding_time": 0.2601609230041504,
    "decoding_time": 0.1773824691772461
}