{
    "image_name": "zugr-108.png",
    "mse": 0.00025388889480382204,
    "psnr": 35.932151794433594,
    "ms-ssim": 0.981975257396698,
    "bpp": 0.09217032967032968,
    "encoding_time": 0.8825271129608154,
    "decoding_time": 0.8125095367431641
}