{
    "image_name": "stefan-kunze-26931.png",
    "mse": 0.0008212702814489603,
    "psnr": 30.84811019897461,
    "ms-ssim": 0.9626016020774841,
    "bpp": 0.19665554133138258,
    "encoding_time": 0.7584638595581055,
    "decoding_time": 0.8931989669799805
}