{
    "image_name": "sergey-zolkin-21232.png",
    "mse": 0.00018958219152409583,
    "psnr": 37.19506072998047,
    "ms-ssim": 0.977451503276825,
    "bpp": 0.07344042554265268,
    "encoding_time": 0.8919210433959961,
    "decoding_time": 0.3912510871887207
}