{
    "image_name": "alejandro-escamilla-6.png",
    "mse": 0.00043463523616082966,
    "psnr": 33.60700607299805,
    "ms-ssim": 0.963342547416687,
    "bpp": 0.12442821135175504,
    "encoding_time": 0.6717112064361572,
    "decoding_time": 0.5520267486572266
}