{
    "mean_loss": 0.5724131671637429,
    "mean_bpp": 0.5717802222222221,
    "mean_psnr": 34.91060344696045,
    "mean_msssim": 0.9936705505847931,
    "mean_msssim_dB": 21.986340666551985,
    "mean_enc_time": 0.7373846602439881,
    "mean_dec_time": 0.8847944927215576
}