{
    "image_name": "RGB_OR_1200x1200_070.png",
    "mse": 0.0002033315395237878,
    "psnr": 36.89134216308594,
    "ms-ssim": 0.9931640625,
    "bpp": 0.7109777777777778,
    "encoding_time": 0.623237133026123,
    "decoding_time": 1.454561471939087
}