{
    "image_name": "RGB_OR_1200x1200_003.png",
    "mse": 0.00037261564284563065,
    "psnr": 34.2728271484375,
    "ms-ssim": 0.9945244789123535,
    "bpp": 0.46244444444444444,
    "encoding_time": 0.6535818576812744,
    "decoding_time": 1.18868088722229
}