{
    "image_name": "RGB_OR_1200x1200_012.png",
    "mse": 0.0003367130411788821,
    "psnr": 34.71057891845703,
    "ms-ssim": 0.9942493438720703,
    "bpp": 0.45122222222222225,
    "encoding_time": 0.8298985958099365,
    "decoding_time": 0.683861255645752
}