{
    "image_name": "RGB_OR_1200x1200_057.png",
    "mse": 0.00015629282279405743,
    "psnr": 38.02565383911133,
    "ms-ssim": 0.9937342405319214,
    "bpp": 0.5425111111111112,
    "encoding_time": 0.5823001861572266,
    "decoding_time": 0.5880951881408691
}