{
    "image_name": "RGB_OR_1200x1200_060.png",
    "mse": 0.0002496065862942487,
    "psnr": 36.00670623779297,
    "ms-ssim": 0.994312047958374,
    "bpp": 0.4620666666666667,
    "encoding_time": 0.511481523513794,
    "decoding_time": 0.9825856685638428
}