{
    "image_name": "RGB_OR_1200x1200_053.png",
    "mse": 0.00014206580817699432,
    "psnr": 38.43620681762695,
    "ms-ssim": 0.9962267279624939,
    "bpp": 0.24702222222222223,
    "encoding_time": 0.5496261119842529,
    "decoding_time": 0.9071624279022217
}