{
    "image_name": "RGB_OR_1200x1200_031.png",
    "mse": 0.000355864642187953,
    "psnr": 34.47313690185547,
    "ms-ssim": 0.9948746562004089,
    "bpp": 0.5714666666666667,
    "encoding_time": 1.0416576862335205,
    "decoding_time": 1.137641191482544
}