{
    "image_name": "RGB_OR_1200x1200_014.png",
    "mse": 0.0002317647886229679,
    "psnr": 36.325965881347656,
    "ms-ssim": 0.9955446124076843,
    "bpp": 0.3605111111111111,
    "encoding_time": 0.8524982929229736,
    "decoding_time": 1.2057955265045166
}