{
    "image_name": "RGB_OR_1200x1200_068.png",
    "mse": 0.0001948449935298413,
    "psnr": 37.08929443359375,
    "ms-ssim": 0.9968246817588806,
    "bpp": 0.3468,
    "encoding_time": 0.7866642475128174,
    "decoding_time": 0.6897692680358887
}