{
    "image_name": "RGB_OR_1200x1200_062.png",
    "mse": 0.0011274063726887107,
    "psnr": 29.474708557128906,
    "ms-ssim": 0.9919290542602539,
    "bpp": 0.9280444444444444,
    "encoding_time": 0.7547399997711182,
    "decoding_time": 0.6402280330657959
}