{
    "image_name": "RGB_OR_1200x1200_039.png",
    "mse": 0.00041597470408305526,
    "psnr": 33.796634674072266,
    "ms-ssim": 0.9936062097549438,
    "bpp": 0.6189555555555556,
    "encoding_time": 0.6805124282836914,
    "decoding_time": 0.8146045207977295
}