{
    "image_name": "RGB_OR_1200x1200_024.png",
    "mse": 0.001345145283266902,
    "psnr": 28.708078384399414,
    "ms-ssim": 0.9929503202438354,
    "bpp": 0.6773555555555556,
    "encoding_time": 0.7521977424621582,
    "decoding_time": 0.7826871871948242
}