{
    "image_name": "RGB_OR_1200x1200_042.png",
    "mse": 0.00023803988005965948,
    "psnr": 36.21099853515625,
    "ms-ssim": 0.9937059283256531,
    "bpp": 0.5825333333333333,
    "encoding_time": 0.5474185943603516,
    "decoding_time": 0.573786735534668
}