{
    "image_name": "RGB_OR_1200x1200_067.png",
    "mse": 0.000345659937011078,
    "psnr": 34.59771728515625,
    "ms-ssim": 0.9913707971572876,
    "bpp": 0.6145555555555555,
    "encoding_time": 1.0739154815673828,
    "decoding_time": 0.7851407527923584
}