{
    "image_name": "RGB_OR_1200x1200_061.png",
    "mse": 0.0006769283791072667,
    "psnr": 31.686555862426758,
    "ms-ssim": 0.9928224086761475,
    "bpp": 0.7672444444444444,
    "encoding_time": 0.7376828193664551,
    "decoding_time": 0.5927577018737793
}