{
    "image_name": "RGB_OR_1200x1200_096.png",
    "mse": 0.0002100884885294363,
    "psnr": 36.74985122680664,
    "ms-ssim": 0.9901146292686462,
    "bpp": 0.7003555555555555,
    "encoding_time": 0.7059848308563232,
    "decoding_time": 1.1599268913269043
}