{
    "image_name": "RGB_OR_1200x1200_047.png",
    "mse": 0.0005116519168950617,
    "psnr": 32.899574279785156,
    "ms-ssim": 0.9930438995361328,
    "bpp": 0.5930888888888889,
    "encoding_time": 0.4979519844055176,
    "decoding_time": 0.7343738079071045
}