{
    "image_name": "RGB_OR_1200x1200_081.png",
    "mse": 0.00034445355413481593,
    "psnr": 34.61236572265625,
    "ms-ssim": 0.9952372908592224,
    "bpp": 0.45466666666666666,
    "encoding_time": 0.9076879024505615,
    "decoding_time": 0.985710620880127
}