{
    "image_name": "RGB_OR_1200x1200_027.png",
    "mse": 0.0004634298093151301,
    "psnr": 33.32801055908203,
    "ms-ssim": 0.9945082068443298,
    "bpp": 0.5625333333333333,
    "encoding_time": 0.9354696273803711,
    "decoding_time": 0.747262716293335
}