{
    "image_name": "RGB_OR_1200x1200_088.png",
    "mse": 0.00029453044408001006,
    "psnr": 35.2900390625,
    "ms-ssim": 0.9948102831840515,
    "bpp": 0.561,
    "encoding_time": 0.6635792255401611,
    "decoding_time": 0.8843033313751221
}