{
    "image_name": "RGB_OR_1200x1200_028.png",
    "mse": 8.803005766822025e-05,
    "psnr": 40.492164611816406,
    "ms-ssim": 0.9957326650619507,
    "bpp": 0.365,
    "encoding_time": 0.6203136444091797,
    "decoding_time": 0.5565757751464844
}