{
    "image_name": "RGB_OR_1200x1200_087.png",
    "mse": 0.0010709043126553297,
    "psnr": 29.697446823120117,
    "ms-ssim": 0.9911397695541382,
    "bpp": 0.9266666666666666,
    "encoding_time": 0.49689340591430664,
    "decoding_time": 0.8229150772094727
}