{
    "image_name": "RGB_OR_1200x1200_017.png",
    "mse": 0.00034136491012759507,
    "psnr": 34.65208435058594,
    "ms-ssim": 0.994414210319519,
    "bpp": 0.5693111111111111,
    "encoding_time": 0.9283013343811035,
    "decoding_time": 1.3230016231536865
}