{
    "image_name": "RGB_OR_1200x1200_080.png",
    "mse": 0.00015035233809612691,
    "psnr": 38.19449996948242,
    "ms-ssim": 0.9934479594230652,
    "bpp": 0.4776666666666667,
    "encoding_time": 0.5711789131164551,
    "decoding_time": 0.974586009979248
}