{
    "image_name": "RGB_OR_1200x1200_089.png",
    "mse": 0.0005788521375507116,
    "psnr": 32.365074157714844,
    "ms-ssim": 0.992548942565918,
    "bpp": 0.7134666666666667,
    "encoding_time": 0.7751507759094238,
    "decoding_time": 0.530536413192749
}