{
    "image_name": "RGB_OR_1200x1200_005.png",
    "mse": 0.0002996305120177567,
    "psnr": 35.21598815917969,
    "ms-ssim": 0.9934841394424438,
    "bpp": 0.6199111111111111,
    "encoding_time": 1.01226806640625,
    "decoding_time": 0.9942562580108643
}