{
    "image_name": "RGB_OR_1200x1200_035.png",
    "mse": 0.0004402635677251965,
    "psnr": 33.55069351196289,
    "ms-ssim": 0.9936942458152771,
    "bpp": 0.5761333333333334,
    "encoding_time": 0.511530876159668,
    "decoding_time": 0.887587308883667
}