{
    "image_name": "RGB_OR_1200x1200_010.png",
    "mse": 0.00023596687242388725,
    "psnr": 36.24810028076172,
    "ms-ssim": 0.9939956665039062,
    "bpp": 0.6182222222222222,
    "encoding_time": 0.7616453170776367,
    "decoding_time": 0.9383416175842285
}