{
    "image_name": "RGB_OR_1200x1200_043.png",
    "mse": 0.0007100055809132755,
    "psnr": 31.479673385620117,
    "ms-ssim": 0.9917794466018677,
    "bpp": 0.9030666666666667,
    "encoding_time": 0.9295434951782227,
    "decoding_time": 0.6091148853302002
}