{
    "image_name": "RGB_OR_1200x1200_008.png",
    "mse": 0.00035929225850850344,
    "psnr": 34.4305534362793,
    "ms-ssim": 0.9933061599731445,
    "bpp": 0.7027111111111111,
    "encoding_time": 0.5841841697692871,
    "decoding_time": 0.5443525314331055
}