{
    "image_name": "RGB_OR_1200x1200_004.png",
    "mse": 0.00015259807696565986,
    "psnr": 38.128868103027344,
    "ms-ssim": 0.9939701557159424,
    "bpp": 0.4799111111111111,
    "encoding_time": 0.9121232032775879,
    "decoding_time": 1.1462607383728027
}