{
    "image_name": "RGB_OR_1200x1200_049.png",
    "mse": 0.0002868034061975777,
    "psnr": 35.40485382080078,
    "ms-ssim": 0.9949899911880493,
    "bpp": 0.45024444444444445,
    "encoding_time": 0.4335458278656006,
    "decoding_time": 0.4808542728424072
}