{
    "image_name": "RGB_OR_1200x1200_001.png",
    "mse": 0.0002725682861637324,
    "psnr": 35.62529754638672,
    "ms-ssim": 0.9958779215812683,
    "bpp": 0.3440666666666667,
    "encoding_time": 0.600639820098877,
    "decoding_time": 0.6901876926422119
}