{
    "image_name": "RGB_OR_1200x1200_036.png",
    "mse": 7.896679016994312e-05,
    "psnr": 40.95796203613281,
    "ms-ssim": 0.9949430227279663,
    "bpp": 0.3668444444444444,
    "encoding_time": 0.7006421089172363,
    "decoding_time": 1.108327865600586
}