{
    "image_name": "RGB_OR_1200x1200_099.png",
    "mse": 0.00031333774677477777,
    "psnr": 35.022586822509766,
    "ms-ssim": 0.9922051429748535,
    "bpp": 0.6872666666666667,
    "encoding_time": 0.8404560089111328,
    "decoding_time": 1.0302207469940186
}