{
    "image_name": "RGB_OR_1200x1200_056.png",
    "mse": 0.0001145407441072166,
    "psnr": 39.36285400390625,
    "ms-ssim": 0.9941615462303162,
    "bpp": 0.44653333333333334,
    "encoding_time": 0.997128963470459,
    "decoding_time": 0.8897569179534912
}