{
    "image_name": "RGB_OR_1200x1200_020.png",
    "mse": 0.00043231045128777623,
    "psnr": 33.629371643066406,
    "ms-ssim": 0.9916204214096069,
    "bpp": 0.7744,
    "encoding_time": 0.4154846668243408,
    "decoding_time": 0.7477419376373291
}