{
    "image_name": "RGB_OR_1200x1200_085.png",
    "mse": 0.0002105047897202894,
    "psnr": 36.7414665222168,
    "ms-ssim": 0.9919008016586304,
    "bpp": 0.7214888888888888,
    "encoding_time": 0.6185107231140137,
    "decoding_time": 0.5940840244293213
}