{
    "image_name": "RGB_OR_1200x1200_037.png",
    "mse": 0.0002450765750836581,
    "psnr": 36.08466720581055,
    "ms-ssim": 0.9941097497940063,
    "bpp": 0.5535333333333333,
    "encoding_time": 0.8759016990661621,
    "decoding_time": 0.8274364471435547
}