{
    "image_name": "RGB_OR_1200x1200_086.png",
    "mse": 0.0005143099697306752,
    "psnr": 32.876869201660156,
    "ms-ssim": 0.9901231527328491,
    "bpp": 1.0219111111111112,
    "encoding_time": 1.261765956878662,
    "decoding_time": 0.9401829242706299
}