{
    "image_name": "RGB_OR_1200x1200_006.png",
    "mse": 0.00022989131684880704,
    "psnr": 36.36195373535156,
    "ms-ssim": 0.9910253286361694,
    "bpp": 0.7173555555555555,
    "encoding_time": 0.9910411834716797,
    "decoding_time": 0.8643338680267334
}