{
    "image_name": "RGB_OR_1200x1200_097.png",
    "mse": 0.00033594685373827815,
    "psnr": 34.72081756591797,
    "ms-ssim": 0.9955689311027527,
    "bpp": 0.36444444444444446,
    "encoding_time": 0.715104341506958,
    "decoding_time": 0.891240119934082
}