{
    "image_name": "RGB_OR_1200x1200_065.png",
    "mse": 0.0008552196086384356,
    "psnr": 30.67291259765625,
    "ms-ssim": 0.9916905164718628,
    "bpp": 0.6898444444444445,
    "encoding_time": 0.6239116191864014,
    "decoding_time": 0.6695139408111572
}