{
    "image_name": "RGB_OR_1200x1200_063.png",
    "mse": 0.00019229139434173703,
    "psnr": 37.134090423583984,
    "ms-ssim": 0.9942461252212524,
    "bpp": 0.4178222222222222,
    "encoding_time": 1.0126104354858398,
    "decoding_time": 1.0859146118164062
}