{
    "image_name": "RGB_OR_1200x1200_077.png",
    "mse": 0.0002286296949023381,
    "psnr": 36.384437561035156,
    "ms-ssim": 0.9876940250396729,
    "bpp": 0.9387111111111112,
    "encoding_time": 0.9775493144989014,
    "decoding_time": 0.7004356384277344
}