{
    "image_name": "RGB_OR_1200x1200_050.png",
    "mse": 0.00027711718576028943,
    "psnr": 35.55400085449219,
    "ms-ssim": 0.9920344352722168,
    "bpp": 0.6469777777777778,
    "encoding_time": 1.2275123596191406,
    "decoding_time": 1.3892011642456055
}