{
    "image_name": "RGB_OR_1200x1200_084.png",
    "mse": 7.76483429945074e-05,
    "psnr": 41.028812408447266,
    "ms-ssim": 0.9934797286987305,
    "bpp": 0.4792222222222222,
    "encoding_time": 1.0094835758209229,
    "decoding_time": 1.056743860244751
}