{
    "image_name": "RGB_OR_1200x1200_078.png",
    "mse": 0.00020554942602757365,
    "psnr": 36.84405517578125,
    "ms-ssim": 0.9946950674057007,
    "bpp": 0.3864222222222222,
    "encoding_time": 0.6180453300476074,
    "decoding_time": 0.7574892044067383
}