{
    "image_name": "RGB_OR_1200x1200_045.png",
    "mse": 0.0002130880457116291,
    "psnr": 36.69005584716797,
    "ms-ssim": 0.9935262203216553,
    "bpp": 0.4593333333333333,
    "encoding_time": 0.8858606815338135,
    "decoding_time": 1.0863628387451172
}