{
    "image_name": "RGB_OR_1200x1200_002.png",
    "mse": 0.0001630851038498804,
    "psnr": 37.8424186706543,
    "ms-ssim": 0.9950348734855652,
    "bpp": 0.30933333333333335,
    "encoding_time": 1.049652099609375,
    "decoding_time": 0.9638471603393555
}