{
    "image_name": "RGB_OR_1200x1200_009.png",
    "mse": 0.0001358212175546214,
    "psnr": 38.631690979003906,
    "ms-ssim": 0.9964513778686523,
    "bpp": 0.3164888888888889,
    "encoding_time": 0.43516039848327637,
    "decoding_time": 1.0033025741577148
}