{
    "image_name": "RGB_OR_1200x1200_054.png",
    "mse": 0.00026713008992373943,
    "psnr": 35.71403503417969,
    "ms-ssim": 0.9949764609336853,
    "bpp": 0.5384,
    "encoding_time": 0.5485398769378662,
    "decoding_time": 1.3093960285186768
}