{
    "image_name": "RGB_OR_1200x1200_019.png",
    "mse": 0.000361216050805524,
    "psnr": 34.40745544433594,
    "ms-ssim": 0.9934316873550415,
    "bpp": 0.5948666666666667,
    "encoding_time": 0.7205262184143066,
    "decoding_time": 1.0220098495483398
}