{
    "image_name": "RGB_OR_1200x1200_066.png",
    "mse": 0.00023463960678782314,
    "psnr": 36.27241516113281,
    "ms-ssim": 0.9936838150024414,
    "bpp": 0.4441555555555556,
    "encoding_time": 0.8601839542388916,
    "decoding_time": 1.5034620761871338
}