{
    "image_name": "RGB_OR_1200x1200_072.png",
    "mse": 0.0007071715081110597,
    "psnr": 31.496997833251953,
    "ms-ssim": 0.9943392276763916,
    "bpp": 0.5772,
    "encoding_time": 0.6756701469421387,
    "decoding_time": 0.5727674961090088
}