{
    "image_name": "RGB_OR_1200x1200_015.png",
    "mse": 8.61730586620979e-05,
    "psnr": 40.583030700683594,
    "ms-ssim": 0.9956289529800415,
    "bpp": 0.2364888888888889,
    "encoding_time": 0.9053056240081787,
    "decoding_time": 0.8830709457397461
}