{
    "image_name": "RGB_OR_1200x1200_029.png",
    "mse": 0.0002560220891609788,
    "psnr": 35.896087646484375,
    "ms-ssim": 0.9947977066040039,
    "bpp": 0.5055555555555555,
    "encoding_time": 0.41271471977233887,
    "decoding_time": 1.0438687801361084
}