{
    "image_name": "RGB_OR_1200x1200_013.png",
    "mse": 0.00030931425862945616,
    "psnr": 35.0788688659668,
    "ms-ssim": 0.9947211742401123,
    "bpp": 0.45168888888888886,
    "encoding_time": 0.9241249561309814,
    "decoding_time": 0.9665946960449219
}