{
    "image_name": "RGB_OR_1200x1200_052.png",
    "mse": 0.00028591492446139455,
    "psnr": 35.41836929321289,
    "ms-ssim": 0.9951356649398804,
    "bpp": 0.5329555555555555,
    "encoding_time": 0.7437665462493896,
    "decoding_time": 0.6788032054901123
}