{
    "image_name": "RGB_OR_1200x1200_033.png",
    "mse": 0.0004539257497526705,
    "psnr": 33.418296813964844,
    "ms-ssim": 0.9937783479690552,
    "bpp": 0.6368666666666667,
    "encoding_time": 0.7095751762390137,
    "decoding_time": 0.6381173133850098
}