{
    "image_name": "RGB_OR_1200x1200_018.png",
    "mse": 0.0012047176714986563,
    "psnr": 29.186420440673828,
    "ms-ssim": 0.993092954158783,
    "bpp": 0.7469777777777777,
    "encoding_time": 0.9737343788146973,
    "decoding_time": 1.0005695819854736
}