{
    "image_name": "RGB_OR_1200x1200_075.png",
    "mse": 0.0003346849698573351,
    "psnr": 34.737937927246094,
    "ms-ssim": 0.9924858808517456,
    "bpp": 0.5917333333333333,
    "encoding_time": 0.8173732757568359,
    "decoding_time": 0.9856472015380859
}