{
    "image_name": "RGB_OR_1200x1200_011.png",
    "mse": 0.0007762351888231933,
    "psnr": 31.093294143676758,
    "ms-ssim": 0.9938570857048035,
    "bpp": 0.5944444444444444,
    "encoding_time": 0.7702391147613525,
    "decoding_time": 0.8260838985443115
}