{
    "image_name": "RGB_OR_1200x1200_094.png",
    "mse": 0.0007738964632153511,
    "psnr": 31.106412887573242,
    "ms-ssim": 0.9942697286605835,
    "bpp": 0.49955555555555553,
    "encoding_time": 0.44698596000671387,
    "decoding_time": 0.8695142269134521
}