{
    "image_name": "RGB_OR_1200x1200_048.png",
    "mse": 0.0006706768763251603,
    "psnr": 31.726594924926758,
    "ms-ssim": 0.991948127746582,
    "bpp": 0.7793333333333333,
    "encoding_time": 0.6501848697662354,
    "decoding_time": 1.213649034500122
}