{
    "image_name": "RGB_OR_1200x1200_025.png",
    "mse": 0.00019475861336104572,
    "psnr": 37.077125549316406,
    "ms-ssim": 0.9948819875717163,
    "bpp": 0.40824444444444447,
    "encoding_time": 0.8724198341369629,
    "decoding_time": 0.7903752326965332
}