{
    "image_name": "RGB_OR_1200x1200_083.png",
    "mse": 0.0002600123989395797,
    "psnr": 35.82896423339844,
    "ms-ssim": 0.9952584505081177,
    "bpp": 0.39966666666666667,
    "encoding_time": 0.5965204238891602,
    "decoding_time": 0.5896360874176025
}