{
    "image_name": "RGB_OR_1200x1200_064.png",
    "mse": 0.0004100039368495345,
    "psnr": 33.8591423034668,
    "ms-ssim": 0.9947006106376648,
    "bpp": 0.5860666666666666,
    "encoding_time": 0.5442562103271484,
    "decoding_time": 0.5442469120025635
}