{
    "image_name": "RGB_OR_1200x1200_069.png",
    "mse": 0.0005035019712522626,
    "psnr": 32.96934509277344,
    "ms-ssim": 0.9944421648979187,
    "bpp": 0.49093333333333333,
    "encoding_time": 0.8898773193359375,
    "decoding_time": 0.8400089740753174
}