{
    "image_name": "RGB_OR_1200x1200_079.png",
    "mse": 0.0005474688368849456,
    "psnr": 32.606300354003906,
    "ms-ssim": 0.9961509704589844,
    "bpp": 0.31606666666666666,
    "encoding_time": 0.4932680130004883,
    "decoding_time": 0.8406987190246582
}