{
    "image_name": "RGB_OR_1200x1200_095.png",
    "mse": 0.0012586190132424235,
    "psnr": 28.996774673461914,
    "ms-ssim": 0.9908490180969238,
    "bpp": 0.9152888888888889,
    "encoding_time": 0.8089199066162109,
    "decoding_time": 0.683347225189209
}