{
    "image_name": "RGB_OR_1200x1200_059.png",
    "mse": 0.0015114533016458154,
    "psnr": 28.20262908935547,
    "ms-ssim": 0.9912566542625427,
    "bpp": 0.8766666666666667,
    "encoding_time": 0.5728597640991211,
    "decoding_time": 0.649437665939331
}