{
    "image_name": "RGB_OR_1200x1200_093.png",
    "mse": 0.00018620342598296702,
    "psnr": 37.27787399291992,
    "ms-ssim": 0.9956307411193848,
    "bpp": 0.4162888888888889,
    "encoding_time": 0.544196367263794,
    "decoding_time": 0.6206905841827393
}