{
    "image_name": "RGB_OR_1200x1200_046.png",
    "mse": 0.00042036245577037334,
    "psnr": 33.75146484375,
    "ms-ssim": 0.9920257329940796,
    "bpp": 0.8008666666666666,
    "encoding_time": 0.6080842018127441,
    "decoding_time": 1.046518087387085
}