{
    "image_name": "RGB_OR_1200x1200_032.png",
    "mse": 0.0005491890478879213,
    "psnr": 32.5926628112793,
    "ms-ssim": 0.9919516444206238,
    "bpp": 0.7889555555555555,
    "encoding_time": 0.7183599472045898,
    "decoding_time": 1.1337618827819824
}