{
    "image_name": "RGB_OR_1200x1200_082.png",
    "mse": 0.0007741422741673887,
    "psnr": 31.104623794555664,
    "ms-ssim": 0.9898519515991211,
    "bpp": 0.9809555555555556,
    "encoding_time": 1.0676238536834717,
    "decoding_time": 0.7636590003967285
}