{
    "image_name": "RGB_OR_1200x1200_091.png",
    "mse": 0.0002071369526674971,
    "psnr": 36.82131576538086,
    "ms-ssim": 0.9966349005699158,
    "bpp": 0.3683111111111111,
    "encoding_time": 0.7661659717559814,
    "decoding_time": 1.3003950119018555
}