{
    "image_name": "RGB_OR_1200x1200_074.png",
    "mse": 0.0001322906609857455,
    "psnr": 38.74478530883789,
    "ms-ssim": 0.9914188385009766,
    "bpp": 0.6288888888888889,
    "encoding_time": 0.7405774593353271,
    "decoding_time": 0.7534613609313965
}