{
    "image_name": "RGB_OR_1200x1200_076.png",
    "mse": 0.00027979223523288965,
    "psnr": 35.51226043701172,
    "ms-ssim": 0.9936622381210327,
    "bpp": 0.4053555555555556,
    "encoding_time": 0.6433196067810059,
    "decoding_time": 1.3068747520446777
}