{
    "image_name": "RGB_OR_1200x1200_038.png",
    "mse": 0.00014958027168177068,
    "psnr": 38.215858459472656,
    "ms-ssim": 0.9951819181442261,
    "bpp": 0.4294222222222222,
    "encoding_time": 0.570777177810669,
    "decoding_time": 0.7772231101989746
}