{
    "image_name": "RGB_OR_1200x1200_092.png",
    "mse": 0.00019421502656769007,
    "psnr": 37.08894348144531,
    "ms-ssim": 0.9907397627830505,
    "bpp": 0.5965555555555555,
    "encoding_time": 0.9412169456481934,
    "decoding_time": 0.9546983242034912
}