{
    "image_name": "RGB_OR_1200x1200_016.png",
    "mse": 0.0010043848305940628,
    "psnr": 29.975759506225586,
    "ms-ssim": 0.9921005964279175,
    "bpp": 0.7972444444444444,
    "encoding_time": 0.41239476203918457,
    "decoding_time": 0.7710731029510498
}