{
    "image_name": "RGB_OR_1200x1200_098.png",
    "mse": 0.0008733563008718193,
    "psnr": 30.581579208374023,
    "ms-ssim": 0.9934409856796265,
    "bpp": 0.8504666666666667,
    "encoding_time": 0.6008059978485107,
    "decoding_time": 0.8081872463226318
}