{
    "image_name": "RGB_OR_1200x1200_034.png",
    "mse": 0.00021441056742332876,
    "psnr": 36.661231994628906,
    "ms-ssim": 0.9958750009536743,
    "bpp": 0.37024444444444443,
    "encoding_time": 1.0393626689910889,
    "decoding_time": 1.0071096420288086
}