{
    "image_name": "RGB_OR_1200x1200_021.png",
    "mse": 0.0003929837257601321,
    "psnr": 34.042449951171875,
    "ms-ssim": 0.9955844283103943,
    "bpp": 0.37206666666666666,
    "encoding_time": 0.5090558528900146,
    "decoding_time": 0.9289500713348389
}