{
    "image_name": "RGB_OR_1200x1200_100.png",
    "mse": 7.191573240561411e-05,
    "psnr": 41.3878059387207,
    "ms-ssim": 0.9967217445373535,
    "bpp": 0.3214222222222222,
    "encoding_time": 0.37238240242004395,
    "decoding_time": 0.5332162380218506
}