{
    "image_name": "RGB_OR_1200x1200_071.png",
    "mse": 0.00025703327264636755,
    "psnr": 35.87941360473633,
    "ms-ssim": 0.9934780597686768,
    "bpp": 0.5010666666666667,
    "encoding_time": 0.6284687519073486,
    "decoding_time": 0.9054455757141113
}