{
    "image_name": "RGB_OR_1200x1200_023.png",
    "mse": 0.0006983630592003465,
    "psnr": 31.551494598388672,
    "ms-ssim": 0.993912935256958,
    "bpp": 0.5714666666666667,
    "encoding_time": 0.7243037223815918,
    "decoding_time": 1.0807669162750244
}