{
    "image_name": "RGB_OR_1200x1200_044.png",
    "mse": 0.00018320784147363156,
    "psnr": 37.342002868652344,
    "ms-ssim": 0.9927868247032166,
    "bpp": 0.6514444444444445,
    "encoding_time": 0.7839274406433105,
    "decoding_time": 1.133044958114624
}