{
    "mean_loss": 0.2026169042046865,
    "mean_bpp": 0.20044333333333328,
    "mean_psnr": 29.95086534500122,
    "mean_msssim": 0.9782642912864685,
    "mean_msssim_dB": 16.628261946561203,
    "mean_enc_time": 0.40397624254226683,
    "mean_dec_time": 0.4888909101486206
}