{
    "image_name": "RGB_OR_1200x1200_036.png",
    "mse": 0.0003345221921335906,
    "psnr": 34.73967742919922,
    "ms-ssim": 0.9858121275901794,
    "bpp": 0.10053333333333334,
    "encoding_time": 0.25755906105041504,
    "decoding_time": 0.32567691802978516
}