{
    "image_name": "RGB_OR_1200x1200_042.png",
    "mse": 0.0007769179064780474,
    "psnr": 31.08975601196289,
    "ms-ssim": 0.9783848524093628,
    "bpp": 0.18446666666666667,
    "encoding_time": 0.3453693389892578,
    "decoding_time": 0.46685004234313965
}