{
    "image_name": "RGB_OR_1200x1200_001.png",
    "mse": 0.0008342553628608584,
    "psnr": 30.780263900756836,
    "ms-ssim": 0.9877437353134155,
    "bpp": 0.13075555555555557,
    "encoding_time": 0.38379955291748047,
    "decoding_time": 0.5105338096618652
}