{
    "image_name": "RGB_OR_1200x1200_050.png",
    "mse": 0.0008945350418798625,
    "psnr": 30.478273391723633,
    "ms-ssim": 0.9741021990776062,
    "bpp": 0.20164444444444443,
    "encoding_time": 0.5926620960235596,
    "decoding_time": 0.7254490852355957
}