{
    "image_name": "RGB_OR_1200x1200_074.png",
    "mse": 0.0003982104535680264,
    "psnr": 33.984771728515625,
    "ms-ssim": 0.9722023010253906,
    "bpp": 0.1424888888888889,
    "encoding_time": 0.49172234535217285,
    "decoding_time": 0.6572055816650391
}