{
    "image_name": "RGB_OR_1200x1200_082.png",
    "mse": 0.001971687888726592,
    "psnr": 27.048786163330078,
    "ms-ssim": 0.9608014822006226,
    "bpp": 0.3631333333333333,
    "encoding_time": 0.3292090892791748,
    "decoding_time": 0.5198681354522705
}