{
    "image_name": "RGB_OR_1200x1200_100.png",
    "mse": 0.0003609213454183191,
    "psnr": 34.41688537597656,
    "ms-ssim": 0.9879298210144043,
    "bpp": 0.11173333333333334,
    "encoding_time": 0.3548274040222168,
    "decoding_time": 0.3575565814971924
}