{
    "image_name": "RGB_OR_1200x1200_091.png",
    "mse": 0.0006133399438112974,
    "psnr": 32.11804962158203,
    "ms-ssim": 0.9876809120178223,
    "bpp": 0.15882222222222223,
    "encoding_time": 0.3971891403198242,
    "decoding_time": 0.5001311302185059
}