{
    "image_name": "RGB_OR_1200x1200_009.png",
    "mse": 0.000559154839720577,
    "psnr": 32.51578140258789,
    "ms-ssim": 0.989088773727417,
    "bpp": 0.1121111111111111,
    "encoding_time": 0.36858415603637695,
    "decoding_time": 0.3837754726409912
}