{
    "image_name": "RGB_OR_1200x1200_015.png",
    "mse": 0.0005593439564108849,
    "psnr": 32.512977600097656,
    "ms-ssim": 0.9901118278503418,
    "bpp": 0.082,
    "encoding_time": 0.2743961811065674,
    "decoding_time": 0.4226870536804199
}