{
    "image_name": "RGB_OR_1200x1200_057.png",
    "mse": 0.0006492621032521129,
    "psnr": 31.867475509643555,
    "ms-ssim": 0.9773723483085632,
    "bpp": 0.15297777777777777,
    "encoding_time": 0.3984091281890869,
    "decoding_time": 0.47695374488830566
}