{
    "image_name": "RGB_OR_1200x1200_075.png",
    "mse": 0.0008520085830241442,
    "psnr": 30.689416885375977,
    "ms-ssim": 0.976245105266571,
    "bpp": 0.15613333333333335,
    "encoding_time": 0.4218301773071289,
    "decoding_time": 0.42357516288757324
}