{
    "image_name": "RGB_OR_1200x1200_094.png",
    "mse": 0.0019902153871953487,
    "psnr": 27.008426666259766,
    "ms-ssim": 0.9819297194480896,
    "bpp": 0.1980222222222222,
    "encoding_time": 0.3532578945159912,
    "decoding_time": 0.6410963535308838
}