{
    "image_name": "RGB_OR_1200x1200_086.png",
    "mse": 0.0011874560732394457,
    "psnr": 29.249250411987305,
    "ms-ssim": 0.9589974284172058,
    "bpp": 0.3998,
    "encoding_time": 0.41385841369628906,
    "decoding_time": 0.5180895328521729
}