{
    "image_name": "RGB_OR_1200x1200_070.png",
    "mse": 0.0006873654201626778,
    "psnr": 31.6199893951416,
    "ms-ssim": 0.9715296626091003,
    "bpp": 0.23446666666666666,
    "encoding_time": 0.2766237258911133,
    "decoding_time": 0.5967121124267578
}