{
    "image_name": "RGB_OR_1200x1200_064.png",
    "mse": 0.0012246352853253484,
    "psnr": 29.11568832397461,
    "ms-ssim": 0.9796614646911621,
    "bpp": 0.23157777777777777,
    "encoding_time": 0.3882622718811035,
    "decoding_time": 0.4594001770019531
}