{
    "image_name": "RGB_OR_1200x1200_028.png",
    "mse": 0.0003639264323282987,
    "psnr": 34.374900817871094,
    "ms-ssim": 0.9859656691551208,
    "bpp": 0.12762222222222222,
    "encoding_time": 0.2821979522705078,
    "decoding_time": 0.4641094207763672
}