{
    "image_name": "RGB_OR_1200x1200_029.png",
    "mse": 0.000840383640024811,
    "psnr": 30.748640060424805,
    "ms-ssim": 0.9815466403961182,
    "bpp": 0.18093333333333333,
    "encoding_time": 0.28339409828186035,
    "decoding_time": 0.7921483516693115
}