{
    "image_name": "RGB_OR_1200x1200_024.png",
    "mse": 0.0029731611721217632,
    "psnr": 25.266002655029297,
    "ms-ssim": 0.9757933616638184,
    "bpp": 0.2587777777777778,
    "encoding_time": 0.3304436206817627,
    "decoding_time": 0.49349522590637207
}