{
    "image_name": "RGB_OR_1200x1200_023.png",
    "mse": 0.002264096401631832,
    "psnr": 26.448593139648438,
    "ms-ssim": 0.9792115688323975,
    "bpp": 0.19548888888888888,
    "encoding_time": 0.35829782485961914,
    "decoding_time": 0.3982679843902588
}