{
    "image_name": "RGB_OR_1200x1200_097.png",
    "mse": 0.0011939267860725522,
    "psnr": 29.2258358001709,
    "ms-ssim": 0.9880634546279907,
    "bpp": 0.13377777777777777,
    "encoding_time": 0.4964599609375,
    "decoding_time": 0.5042359828948975
}