{
    "image_name": "RGB_OR_1200x1200_020.png",
    "mse": 0.0010976835619658232,
    "psnr": 29.590347290039062,
    "ms-ssim": 0.9693320989608765,
    "bpp": 0.282,
    "encoding_time": 0.5004336833953857,
    "decoding_time": 0.4873230457305908
}