{
    "image_name": "RGB_OR_1200x1200_067.png",
    "mse": 0.0009878030978143215,
    "psnr": 30.047683715820312,
    "ms-ssim": 0.9742292761802673,
    "bpp": 0.17533333333333334,
    "encoding_time": 0.36095666885375977,
    "decoding_time": 0.3015303611755371
}