{
    "image_name": "RGB_OR_1200x1200_054.png",
    "mse": 0.0009628477273508906,
    "psnr": 30.159624099731445,
    "ms-ssim": 0.9811774492263794,
    "bpp": 0.20064444444444443,
    "encoding_time": 0.4253499507904053,
    "decoding_time": 0.41341567039489746
}