{
    "image_name": "RGB_OR_1200x1200_069.png",
    "mse": 0.0014935411745682359,
    "psnr": 28.254213333129883,
    "ms-ssim": 0.982207715511322,
    "bpp": 0.17457777777777778,
    "encoding_time": 0.3565707206726074,
    "decoding_time": 0.4780113697052002
}