{
    "image_name": "RGB_OR_1200x1200_061.png",
    "mse": 0.0018643337534740567,
    "psnr": 27.291885375976562,
    "ms-ssim": 0.9726147055625916,
    "bpp": 0.30766666666666664,
    "encoding_time": 0.5191798210144043,
    "decoding_time": 0.5073199272155762
}