{
    "image_name": "RGB_OR_1200x1200_016.png",
    "mse": 0.0025165234692394733,
    "psnr": 25.98979949951172,
    "ms-ssim": 0.9703638553619385,
    "bpp": 0.2962444444444444,
    "encoding_time": 0.4739959239959717,
    "decoding_time": 0.5096721649169922
}