{
    "image_name": "RGB_OR_1200x1200_044.png",
    "mse": 0.0005951207131147385,
    "psnr": 32.24531936645508,
    "ms-ssim": 0.974555253982544,
    "bpp": 0.21724444444444443,
    "encoding_time": 0.7431471347808838,
    "decoding_time": 0.25575852394104004
}