{
    "image_name": "RGB_OR_1200x1200_051.png",
    "mse": 0.0004505730466917157,
    "psnr": 33.450477600097656,
    "ms-ssim": 0.9808412790298462,
    "bpp": 0.15624444444444444,
    "encoding_time": 0.2838711738586426,
    "decoding_time": 0.5587594509124756
}