{
    "image_name": "RGB_OR_1200x1200_058.png",
    "mse": 0.0009631077409721911,
    "psnr": 30.157752990722656,
    "ms-ssim": 0.9805231094360352,
    "bpp": 0.1877111111111111,
    "encoding_time": 0.4820444583892822,
    "decoding_time": 0.5196917057037354
}