{
    "image_name": "RGB_OR_1200x1200_011.png",
    "mse": 0.0020605186000466347,
    "psnr": 26.857419967651367,
    "ms-ssim": 0.9785465002059937,
    "bpp": 0.23757777777777778,
    "encoding_time": 0.29990673065185547,
    "decoding_time": 0.45055437088012695
}