{
    "image_name": "RGB_OR_1200x1200_087.png",
    "mse": 0.0025408475194126368,
    "psnr": 25.948049545288086,
    "ms-ssim": 0.9651949405670166,
    "bpp": 0.36866666666666664,
    "encoding_time": 0.5222287178039551,
    "decoding_time": 0.5485892295837402
}