{
    "image_name": "RGB_OR_1200x1200_045.png",
    "mse": 0.0007789339870214462,
    "psnr": 31.078617095947266,
    "ms-ssim": 0.9815384745597839,
    "bpp": 0.16895555555555555,
    "encoding_time": 0.4539034366607666,
    "decoding_time": 0.48980093002319336
}