{
    "image_name": "RGB_OR_1200x1200_096.png",
    "mse": 0.0005355026223696768,
    "psnr": 32.70250701904297,
    "ms-ssim": 0.9675530195236206,
    "bpp": 0.16735555555555556,
    "encoding_time": 0.5907840728759766,
    "decoding_time": 0.40244412422180176
}