{
    "image_name": "RGB_OR_1200x1200_039.png",
    "mse": 0.0012798848329111934,
    "psnr": 28.924205780029297,
    "ms-ssim": 0.975774884223938,
    "bpp": 0.23357777777777777,
    "encoding_time": 0.39830446243286133,
    "decoding_time": 0.3713343143463135
}