{
    "image_name": "RGB_OR_1200x1200_098.png",
    "mse": 0.002431544940918684,
    "psnr": 26.138904571533203,
    "ms-ssim": 0.9717304110527039,
    "bpp": 0.36535555555555554,
    "encoding_time": 0.5378835201263428,
    "decoding_time": 0.3833467960357666
}