{
    "image_name": "RGB_OR_1200x1200_032.png",
    "mse": 0.0014397312188521028,
    "psnr": 28.413537979125977,
    "ms-ssim": 0.9701801538467407,
    "bpp": 0.29995555555555553,
    "encoding_time": 0.46682286262512207,
    "decoding_time": 0.8717503547668457
}