{
    "image_name": "RGB_OR_1200x1200_065.png",
    "mse": 0.0024093042593449354,
    "psnr": 26.178936004638672,
    "ms-ssim": 0.9731597900390625,
    "bpp": 0.20766666666666667,
    "encoding_time": 0.5183494091033936,
    "decoding_time": 0.44363832473754883
}