{
    "image_name": "RGB_OR_1200x1200_085.png",
    "mse": 0.0006941868341527879,
    "psnr": 31.577293395996094,
    "ms-ssim": 0.9706177711486816,
    "bpp": 0.23046666666666665,
    "encoding_time": 0.25333595275878906,
    "decoding_time": 0.4644656181335449
}