{
    "image_name": "RGB_OR_1200x1200_081.png",
    "mse": 0.0012241859221830964,
    "psnr": 29.116960525512695,
    "ms-ssim": 0.9833788275718689,
    "bpp": 0.1738222222222222,
    "encoding_time": 0.4054996967315674,
    "decoding_time": 0.38984036445617676
}