{
    "image_name": "RGB_OR_1200x1200_076.png",
    "mse": 0.0010921324137598276,
    "psnr": 29.612064361572266,
    "ms-ssim": 0.9844189882278442,
    "bpp": 0.11346666666666666,
    "encoding_time": 0.31682586669921875,
    "decoding_time": 0.6893692016601562
}