{
    "image_name": "RGB_OR_1200x1200_052.png",
    "mse": 0.0009828456677496433,
    "psnr": 30.06939125061035,
    "ms-ssim": 0.9817533493041992,
    "bpp": 0.2226,
    "encoding_time": 0.3886384963989258,
    "decoding_time": 0.8099210262298584
}