{
    "image_name": "RGB_OR_1200x1200_026.png",
    "mse": 0.0032036041375249624,
    "psnr": 24.941726684570312,
    "ms-ssim": 0.9760634899139404,
    "bpp": 0.2788,
    "encoding_time": 0.3605527877807617,
    "decoding_time": 0.4149281978607178
}