{
    "image_name": "RGB_OR_1200x1200_083.png",
    "mse": 0.0011203995672985911,
    "psnr": 29.501325607299805,
    "ms-ssim": 0.9847246408462524,
    "bpp": 0.1348888888888889,
    "encoding_time": 0.36078667640686035,
    "decoding_time": 0.5980522632598877
}