{
    "image_name": "RGB_OR_1200x1200_034.png",
    "mse": 0.0006173946894705296,
    "psnr": 32.08563232421875,
    "ms-ssim": 0.9863433241844177,
    "bpp": 0.13544444444444445,
    "encoding_time": 0.48011136054992676,
    "decoding_time": 0.46565937995910645
}