{
    "image_name": "RGB_OR_1200x1200_077.png",
    "mse": 0.0006120893522165716,
    "psnr": 32.12290954589844,
    "ms-ssim": 0.9539065361022949,
    "bpp": 0.24217777777777777,
    "encoding_time": 0.2924187183380127,
    "decoding_time": 0.8713562488555908
}