{
    "image_name": "RGB_OR_1200x1200_089.png",
    "mse": 0.0013898483011871576,
    "psnr": 28.56650161743164,
    "ms-ssim": 0.9726217985153198,
    "bpp": 0.23402222222222221,
    "encoding_time": 0.385300874710083,
    "decoding_time": 0.42081356048583984
}