{
    "image_name": "RGB_OR_1200x1200_084.png",
    "mse": 0.00031732782372273505,
    "psnr": 34.967464447021484,
    "ms-ssim": 0.9802364706993103,
    "bpp": 0.09482222222222222,
    "encoding_time": 0.35149407386779785,
    "decoding_time": 0.5205512046813965
}