{
    "image_name": "RGB_OR_1200x1200_037.png",
    "mse": 0.0007515480974689126,
    "psnr": 31.23357391357422,
    "ms-ssim": 0.9788040518760681,
    "bpp": 0.19375555555555554,
    "encoding_time": 0.49173688888549805,
    "decoding_time": 0.5129883289337158
}