{
    "image_name": "RGB_OR_1200x1200_010.png",
    "mse": 0.0007108919089660048,
    "psnr": 31.47420883178711,
    "ms-ssim": 0.9765776991844177,
    "bpp": 0.21417777777777777,
    "encoding_time": 0.3545718193054199,
    "decoding_time": 0.6216001510620117
}