{
    "image_name": "RGB_OR_1200x1200_038.png",
    "mse": 0.000566704839002341,
    "psnr": 32.45730209350586,
    "ms-ssim": 0.984419047832489,
    "bpp": 0.14537777777777777,
    "encoding_time": 0.46379923820495605,
    "decoding_time": 0.37856149673461914
}