{
    "image_name": "RGB_OR_1200x1200_006.png",
    "mse": 0.0005021256511099637,
    "psnr": 32.980987548828125,
    "ms-ssim": 0.9691600799560547,
    "bpp": 0.21686666666666668,
    "encoding_time": 0.41983866691589355,
    "decoding_time": 0.4537982940673828
}