{
    "image_name": "RGB_OR_1200x1200_025.png",
    "mse": 0.0007323678582906723,
    "psnr": 31.34549903869629,
    "ms-ssim": 0.9847248792648315,
    "bpp": 0.136,
    "encoding_time": 0.5552570819854736,
    "decoding_time": 0.32151341438293457
}