{
    "image_name": "RGB_OR_1200x1200_030.png",
    "mse": 0.0013437632005661726,
    "psnr": 28.712751388549805,
    "ms-ssim": 0.9720897674560547,
    "bpp": 0.27986666666666665,
    "encoding_time": 0.5798003673553467,
    "decoding_time": 0.6684606075286865
}