{
    "image_name": "RGB_OR_1200x1200_079.png",
    "mse": 0.001806146465241909,
    "psnr": 27.42945098876953,
    "ms-ssim": 0.9886178970336914,
    "bpp": 0.14371111111111112,
    "encoding_time": 0.31098127365112305,
    "decoding_time": 0.39131736755371094
}