{
    "image_name": "RGB_OR_1200x1200_033.png",
    "mse": 0.001313611981458962,
    "psnr": 28.8110408782959,
    "ms-ssim": 0.97612464427948,
    "bpp": 0.24035555555555554,
    "encoding_time": 0.27013635635375977,
    "decoding_time": 0.5175213813781738
}