{
    "image_name": "RGB_OR_1200x1200_014.png",
    "mse": 0.0009209791896864772,
    "psnr": 30.3515682220459,
    "ms-ssim": 0.9860701560974121,
    "bpp": 0.1466,
    "encoding_time": 0.40966796875,
    "decoding_time": 0.4007987976074219
}