{
    "image_name": "RGB_OR_1200x1200_072.png",
    "mse": 0.0019146098056808114,
    "psnr": 27.176246643066406,
    "ms-ssim": 0.9799423217773438,
    "bpp": 0.236,
    "encoding_time": 0.24475932121276855,
    "decoding_time": 0.41229748725891113
}