{
    "image_name": "RGB_OR_1200x1200_003.png",
    "mse": 0.001001655706204474,
    "psnr": 29.98729705810547,
    "ms-ssim": 0.9832302927970886,
    "bpp": 0.15475555555555556,
    "encoding_time": 0.3210732936859131,
    "decoding_time": 0.4664640426635742
}