{
    "image_name": "RGB_OR_1200x1200_019.png",
    "mse": 0.0009920250158756971,
    "psnr": 30.029541015625,
    "ms-ssim": 0.9781419038772583,
    "bpp": 0.19915555555555556,
    "encoding_time": 0.5093891620635986,
    "decoding_time": 0.5235610008239746
}