{
    "image_name": "RGB_OR_1200x1200_005.png",
    "mse": 0.000857114908285439,
    "psnr": 30.663299560546875,
    "ms-ssim": 0.9766155481338501,
    "bpp": 0.21968888888888888,
    "encoding_time": 0.4410526752471924,
    "decoding_time": 0.600151777267456
}