{
    "image_name": "RGB_OR_1200x1200_008.png",
    "mse": 0.0011402490781620145,
    "psnr": 29.425111770629883,
    "ms-ssim": 0.9729305505752563,
    "bpp": 0.24757777777777779,
    "encoding_time": 0.4312913417816162,
    "decoding_time": 0.4178128242492676
}