{
    "image_name": "RGB_OR_1200x1200_049.png",
    "mse": 0.0009985141223296523,
    "psnr": 30.00102996826172,
    "ms-ssim": 0.9839729070663452,
    "bpp": 0.1882,
    "encoding_time": 0.478118896484375,
    "decoding_time": 0.551367998123169
}