{
    "image_name": "RGB_OR_1200x1200_041.png",
    "mse": 0.0011659192387014627,
    "psnr": 29.32900619506836,
    "ms-ssim": 0.978695273399353,
    "bpp": 0.1972888888888889,
    "encoding_time": 0.7962095737457275,
    "decoding_time": 0.539484977722168
}