{
    "image_name": "RGB_OR_1200x1200_059.png",
    "mse": 0.0037547312676906586,
    "psnr": 24.252962112426758,
    "ms-ssim": 0.9677314758300781,
    "bpp": 0.3325111111111111,
    "encoding_time": 0.5892627239227295,
    "decoding_time": 0.5642848014831543
}