{
    "image_name": "RGB_OR_1200x1200_095.png",
    "mse": 0.003101331414654851,
    "psnr": 25.082727432250977,
    "ms-ssim": 0.9665306806564331,
    "bpp": 0.34728888888888887,
    "encoding_time": 0.47548842430114746,
    "decoding_time": 0.42397427558898926
}