{
    "image_name": "RGB_OR_1200x1200_040.png",
    "mse": 0.001207857858389616,
    "psnr": 29.17543601989746,
    "ms-ssim": 0.9773383140563965,
    "bpp": 0.206,
    "encoding_time": 0.3843722343444824,
    "decoding_time": 0.43363213539123535
}