{
    "image_name": "RGB_OR_1200x1200_018.png",
    "mse": 0.002952858107164502,
    "psnr": 25.295684814453125,
    "ms-ssim": 0.9733712077140808,
    "bpp": 0.28846666666666665,
    "encoding_time": 0.329984188079834,
    "decoding_time": 0.41284656524658203
}