{
    "image_name": "RGB_OR_1200x1200_007.png",
    "mse": 0.0012820319971069694,
    "psnr": 28.916770935058594,
    "ms-ssim": 0.9826619625091553,
    "bpp": 0.1782,
    "encoding_time": 0.4342634677886963,
    "decoding_time": 0.4446742534637451
}