{
    "image_name": "RGB_OR_1200x1200_047.png",
    "mse": 0.0014935758663341403,
    "psnr": 28.253694534301758,
    "ms-ssim": 0.9760946035385132,
    "bpp": 0.20666666666666667,
    "encoding_time": 0.42650270462036133,
    "decoding_time": 0.44585347175598145
}