{
    "image_name": "RGB_OR_1200x1200_073.png",
    "mse": 0.00047504485701210797,
    "psnr": 33.22257614135742,
    "ms-ssim": 0.9842318296432495,
    "bpp": 0.09891111111111112,
    "encoding_time": 0.35303688049316406,
    "decoding_time": 0.3446621894836426
}