{
    "image_name": "RGB_OR_1200x1200_090.png",
    "mse": 0.0024847767781466246,
    "psnr": 26.04479217529297,
    "ms-ssim": 0.9708963632583618,
    "bpp": 0.30875555555555556,
    "encoding_time": 0.4157984256744385,
    "decoding_time": 0.3688943386077881
}