{
    "image_name": "RGB_OR_1200x1200_071.png",
    "mse": 0.0008304996299557388,
    "psnr": 30.79958152770996,
    "ms-ssim": 0.9805103540420532,
    "bpp": 0.13177777777777777,
    "encoding_time": 0.4310781955718994,
    "decoding_time": 0.5955429077148438
}