{
    "image_name": "RGB_OR_1200x1200_004.png",
    "mse": 0.0007126074051484466,
    "psnr": 31.464282989501953,
    "ms-ssim": 0.9817904233932495,
    "bpp": 0.1182,
    "encoding_time": 0.3027458190917969,
    "decoding_time": 0.5448462963104248
}