{
    "image_name": "RGB_OR_1200x1200_092.png",
    "mse": 0.0006082340842112899,
    "psnr": 32.150936126708984,
    "ms-ssim": 0.9742723703384399,
    "bpp": 0.11484444444444444,
    "encoding_time": 0.46636390686035156,
    "decoding_time": 0.4234747886657715
}