{
    "image_name": "RGB_OR_1200x1200_055.png",
    "mse": 0.0010812440887093544,
    "psnr": 29.65562629699707,
    "ms-ssim": 0.9846248626708984,
    "bpp": 0.19455555555555556,
    "encoding_time": 0.39107370376586914,
    "decoding_time": 0.4230837821960449
}