{
    "image_name": "RGB_OR_1200x1200_066.png",
    "mse": 0.0006801734562031925,
    "psnr": 31.666156768798828,
    "ms-ssim": 0.9829325079917908,
    "bpp": 0.17455555555555555,
    "encoding_time": 0.29342007637023926,
    "decoding_time": 0.45621490478515625
}