{
    "image_name": "RGB_OR_1200x1200_012.png",
    "mse": 0.0009912883397191763,
    "psnr": 30.032573699951172,
    "ms-ssim": 0.9828875064849854,
    "bpp": 0.1492,
    "encoding_time": 0.5218894481658936,
    "decoding_time": 0.36560606956481934
}