{
    "image_name": "RGB_OR_1200x1200_048.png",
    "mse": 0.0017884372500702739,
    "psnr": 27.472135543823242,
    "ms-ssim": 0.9706801176071167,
    "bpp": 0.27513333333333334,
    "encoding_time": 0.4272434711456299,
    "decoding_time": 0.408705472946167
}