{
    "image_name": "RGB_OR_1200x1200_088.png",
    "mse": 0.0010666364105418324,
    "psnr": 29.71463966369629,
    "ms-ssim": 0.9799229502677917,
    "bpp": 0.20755555555555555,
    "encoding_time": 0.30079078674316406,
    "decoding_time": 0.6277236938476562
}