{
    "image_name": "RGB_OR_1200x1200_063.png",
    "mse": 0.00044409852125681937,
    "psnr": 33.51338195800781,
    "ms-ssim": 0.9839609861373901,
    "bpp": 0.12624444444444444,
    "encoding_time": 0.531895637512207,
    "decoding_time": 0.38561534881591797
}