{
    "image_name": "RGB_OR_1200x1200_056.png",
    "mse": 0.0003521427570376545,
    "psnr": 34.517669677734375,
    "ms-ssim": 0.982097864151001,
    "bpp": 0.12046666666666667,
    "encoding_time": 0.3718912601470947,
    "decoding_time": 0.5802435874938965
}