{
    "image_name": "RGB_OR_1200x1200_021.png",
    "mse": 0.0012740067904815078,
    "psnr": 28.94411277770996,
    "ms-ssim": 0.9868555068969727,
    "bpp": 0.1466222222222222,
    "encoding_time": 0.2525198459625244,
    "decoding_time": 0.5384352207183838
}