{
    "image_name": "RGB_OR_1200x1200_002.png",
    "mse": 0.0004954845062457025,
    "psnr": 33.03861999511719,
    "ms-ssim": 0.9876248836517334,
    "bpp": 0.09093333333333334,
    "encoding_time": 0.45569610595703125,
    "decoding_time": 0.4872620105743408
}