{
    "image_name": "RGB_OR_1200x1200_099.png",
    "mse": 0.0008186264894902706,
    "psnr": 30.86248207092285,
    "ms-ssim": 0.9721742868423462,
    "bpp": 0.22324444444444444,
    "encoding_time": 0.4428901672363281,
    "decoding_time": 0.45471739768981934
}