{
    "image_name": "RGB_OR_1200x1200_080.png",
    "mse": 0.0005548797198571265,
    "psnr": 32.548397064208984,
    "ms-ssim": 0.9808000326156616,
    "bpp": 0.1453111111111111,
    "encoding_time": 0.33612632751464844,
    "decoding_time": 0.4474780559539795
}