{
    "image_name": "RGB_OR_1200x1200_031.png",
    "mse": 0.001201470266096294,
    "psnr": 29.19830894470215,
    "ms-ssim": 0.9796948432922363,
    "bpp": 0.2372,
    "encoding_time": 0.5820393562316895,
    "decoding_time": 0.4889817237854004
}