{
    "image_name": "RGB_OR_1200x1200_068.png",
    "mse": 0.0006953114061616361,
    "psnr": 31.573633193969727,
    "ms-ssim": 0.9881988763809204,
    "bpp": 0.1375111111111111,
    "encoding_time": 0.32274770736694336,
    "decoding_time": 0.2870922088623047
}