{
    "image_name": "RGB_OR_1200x1200_043.png",
    "mse": 0.0018083052709698677,
    "psnr": 27.42424774169922,
    "ms-ssim": 0.9666454195976257,
    "bpp": 0.3408,
    "encoding_time": 0.3575401306152344,
    "decoding_time": 0.5201420783996582
}