{
    "mean_loss": 0.9069662375636631,
    "mean_bpp": 0.9065528888888887,
    "mean_psnr": 36.47300777435303,
    "mean_msssim": 0.9958665132522583,
    "mean_msssim_dB": 23.83683450413582,
    "mean_enc_time": 0.3104716324806213,
    "mean_dec_time": 0.35318367958068847
}