{
    "image_name": "RGB_OR_1200x1200_073.png",
    "mse": 0.00010726542677730322,
    "psnr": 39.651611328125,
    "ms-ssim": 0.9954625368118286,
    "bpp": 0.7125333333333334,
    "encoding_time": 0.26697754859924316,
    "decoding_time": 0.3394007682800293
}