{
    "image_name": "RGB_OR_1200x1200_001.png",
    "mse": 0.0001849071413744241,
    "psnr": 37.30127716064453,
    "ms-ssim": 0.9973186254501343,
    "bpp": 0.5913777777777778,
    "encoding_time": 0.326099157333374,
    "decoding_time": 0.2751801013946533
}