{
    "image_name": "RGB_OR_1200x1200_056.png",
    "mse": 8.476680523017421e-05,
    "psnr": 40.654457092285156,
    "ms-ssim": 0.9961767196655273,
    "bpp": 0.7498444444444444,
    "encoding_time": 0.258087158203125,
    "decoding_time": 0.43520140647888184
}