{
    "image_name": "RGB_OR_1200x1200_061.png",
    "mse": 0.0004809932434000075,
    "psnr": 33.167564392089844,
    "ms-ssim": 0.9954228401184082,
    "bpp": 1.1862,
    "encoding_time": 0.2690908908843994,
    "decoding_time": 0.4684178829193115
}