{
    "image_name": "RGB_OR_1200x1200_066.png",
    "mse": 0.00017097518139053136,
    "psnr": 37.639461517333984,
    "ms-ssim": 0.996009111404419,
    "bpp": 0.8590666666666666,
    "encoding_time": 0.3107028007507324,
    "decoding_time": 0.3258945941925049
}