{
    "image_name": "RGB_OR_1200x1200_019.png",
    "mse": 0.0002688574022613466,
    "psnr": 35.684539794921875,
    "ms-ssim": 0.9957910776138306,
    "bpp": 0.9408,
    "encoding_time": 0.3157951831817627,
    "decoding_time": 0.30599451065063477
}