{
    "image_name": "RGB_OR_1200x1200_055.png",
    "mse": 0.0001819776080083102,
    "psnr": 37.37004852294922,
    "ms-ssim": 0.9973734617233276,
    "bpp": 0.7643333333333333,
    "encoding_time": 0.3334205150604248,
    "decoding_time": 0.31343579292297363
}