{
    "image_name": "RGB_OR_1200x1200_048.png",
    "mse": 0.0004565035633277148,
    "psnr": 33.39360427856445,
    "ms-ssim": 0.994978666305542,
    "bpp": 1.1964666666666666,
    "encoding_time": 0.3545188903808594,
    "decoding_time": 0.3689310550689697
}