{
    "image_name": "RGB_OR_1200x1200_099.png",
    "mse": 0.00022258983517531306,
    "psnr": 36.50110626220703,
    "ms-ssim": 0.9948198199272156,
    "bpp": 1.0481555555555555,
    "encoding_time": 0.21122002601623535,
    "decoding_time": 0.2983710765838623
}