{
    "image_name": "RGB_OR_1200x1200_097.png",
    "mse": 0.00022256448573898524,
    "psnr": 36.500732421875,
    "ms-ssim": 0.9971399307250977,
    "bpp": 0.6673555555555556,
    "encoding_time": 0.2449643611907959,
    "decoding_time": 0.27489423751831055
}