{
    "image_name": "RGB_OR_1200x1200_047.png",
    "mse": 0.00037581633660010993,
    "psnr": 34.23625564575195,
    "ms-ssim": 0.9953964948654175,
    "bpp": 0.9864,
    "encoding_time": 0.27083587646484375,
    "decoding_time": 0.2728855609893799
}