{
    "image_name": "RGB_OR_1200x1200_074.png",
    "mse": 0.000105217557575088,
    "psnr": 39.73035430908203,
    "ms-ssim": 0.994067370891571,
    "bpp": 0.9814888888888889,
    "encoding_time": 0.25380825996398926,
    "decoding_time": 0.283034086227417
}