{
    "image_name": "RGB_OR_1200x1200_011.png",
    "mse": 0.0005162178422324359,
    "psnr": 32.86158752441406,
    "ms-ssim": 0.99603271484375,
    "bpp": 0.9323777777777777,
    "encoding_time": 0.2662010192871094,
    "decoding_time": 0.3125734329223633
}