{
    "image_name": "RGB_OR_1200x1200_023.png",
    "mse": 0.0004900633939541876,
    "psnr": 33.086669921875,
    "ms-ssim": 0.9960066676139832,
    "bpp": 0.9164222222222222,
    "encoding_time": 0.247300386428833,
    "decoding_time": 0.3753054141998291
}