{
    "image_name": "RGB_OR_1200x1200_015.png",
    "mse": 5.4662461479892954e-05,
    "psnr": 42.5248908996582,
    "ms-ssim": 0.9969485998153687,
    "bpp": 0.4819777777777778,
    "encoding_time": 0.26742100715637207,
    "decoding_time": 0.38895678520202637
}