{
    "image_name": "RGB_OR_1200x1200_026.png",
    "mse": 0.000913977506570518,
    "psnr": 30.38459587097168,
    "ms-ssim": 0.995819091796875,
    "bpp": 1.071,
    "encoding_time": 0.23151659965515137,
    "decoding_time": 0.437058687210083
}