{
    "image_name": "RGB_OR_1200x1200_035.png",
    "mse": 0.0003042754833586514,
    "psnr": 35.150482177734375,
    "ms-ssim": 0.9959622621536255,
    "bpp": 0.9109111111111111,
    "encoding_time": 0.26726794242858887,
    "decoding_time": 0.28118300437927246
}