{
    "image_name": "RGB_OR_1200x1200_006.png",
    "mse": 0.00017195200780406594,
    "psnr": 37.61473083496094,
    "ms-ssim": 0.9940450191497803,
    "bpp": 1.1175111111111111,
    "encoding_time": 0.32373738288879395,
    "decoding_time": 0.3758559226989746
}