{
    "image_name": "RGB_OR_1200x1200_050.png",
    "mse": 0.0001991937169805169,
    "psnr": 36.98004913330078,
    "ms-ssim": 0.9945623278617859,
    "bpp": 1.0384222222222221,
    "encoding_time": 0.8754324913024902,
    "decoding_time": 0.31548476219177246
}