{
    "image_name": "RGB_OR_1200x1200_046.png",
    "mse": 0.00029585103038698435,
    "psnr": 35.271942138671875,
    "ms-ssim": 0.9949337840080261,
    "bpp": 1.2056888888888888,
    "encoding_time": 0.49227285385131836,
    "decoding_time": 0.32381558418273926
}