{
    "image_name": "RGB_OR_1200x1200_036.png",
    "mse": 5.9609785239445046e-05,
    "psnr": 42.15790939331055,
    "ms-ssim": 0.996494710445404,
    "bpp": 0.6208444444444444,
    "encoding_time": 0.31072473526000977,
    "decoding_time": 0.38913416862487793
}