{
    "image_name": "RGB_OR_1200x1200_077.png",
    "mse": 0.0001727444468997419,
    "psnr": 37.594749450683594,
    "ms-ssim": 0.9904789328575134,
    "bpp": 1.3202444444444446,
    "encoding_time": 0.26502251625061035,
    "decoding_time": 0.3100905418395996
}