{
    "image_name": "RGB_OR_1200x1200_096.png",
    "mse": 0.00016414707351941615,
    "psnr": 37.81661605834961,
    "ms-ssim": 0.9926881194114685,
    "bpp": 1.0407333333333333,
    "encoding_time": 0.27777791023254395,
    "decoding_time": 0.36888718605041504
}