{
    "image_name": "RGB_OR_1200x1200_059.png",
    "mse": 0.0009723770781420171,
    "psnr": 30.116405487060547,
    "ms-ssim": 0.9945604205131531,
    "bpp": 1.3348,
    "encoding_time": 0.25614333152770996,
    "decoding_time": 0.2836015224456787
}