{
    "image_name": "RGB_OR_1200x1200_098.png",
    "mse": 0.0005735770100727677,
    "psnr": 32.40517807006836,
    "ms-ssim": 0.9962319135665894,
    "bpp": 1.2652444444444444,
    "encoding_time": 0.27895259857177734,
    "decoding_time": 0.38385462760925293
}