{
    "image_name": "RGB_OR_1200x1200_018.png",
    "mse": 0.0008257734007202089,
    "psnr": 30.82460594177246,
    "ms-ssim": 0.995614767074585,
    "bpp": 1.1385555555555555,
    "encoding_time": 0.26415276527404785,
    "decoding_time": 0.3510558605194092
}