{
    "image_name": "RGB_OR_1200x1200_070.png",
    "mse": 0.00014096031372901052,
    "psnr": 38.470462799072266,
    "ms-ssim": 0.9956089854240417,
    "bpp": 1.0345111111111112,
    "encoding_time": 0.37579345703125,
    "decoding_time": 0.30587077140808105
}