{
    "image_name": "RGB_OR_1200x1200_075.png",
    "mse": 0.00023862012312747538,
    "psnr": 36.201812744140625,
    "ms-ssim": 0.9948614835739136,
    "bpp": 0.9100222222222222,
    "encoding_time": 0.2505605220794678,
    "decoding_time": 0.4097414016723633
}