{
    "image_name": "RGB_OR_1200x1200_045.png",
    "mse": 0.00015249747957568616,
    "psnr": 38.13465881347656,
    "ms-ssim": 0.995731770992279,
    "bpp": 0.8251555555555555,
    "encoding_time": 0.28322529792785645,
    "decoding_time": 0.3237488269805908
}