{
    "image_name": "RGB_OR_1200x1200_054.png",
    "mse": 0.00018085048941429704,
    "psnr": 37.401641845703125,
    "ms-ssim": 0.9969150424003601,
    "bpp": 0.8586222222222222,
    "encoding_time": 0.24202990531921387,
    "decoding_time": 0.43681812286376953
}