{
    "image_name": "RGB_OR_1200x1200_089.png",
    "mse": 0.00042785986443050206,
    "psnr": 33.674476623535156,
    "ms-ssim": 0.9950854778289795,
    "bpp": 1.0763555555555555,
    "encoding_time": 0.26303720474243164,
    "decoding_time": 0.28217625617980957
}