{
    "image_name": "RGB_OR_1200x1200_038.png",
    "mse": 0.00010963315435219556,
    "psnr": 39.55229187011719,
    "ms-ssim": 0.9968562126159668,
    "bpp": 0.7011555555555555,
    "encoding_time": 0.2607264518737793,
    "decoding_time": 0.4676365852355957
}