{
    "image_name": "RGB_OR_1200x1200_095.png",
    "mse": 0.0008317765314131975,
    "psnr": 30.793643951416016,
    "ms-ssim": 0.9944084882736206,
    "bpp": 1.4022444444444444,
    "encoding_time": 0.31337976455688477,
    "decoding_time": 0.356966495513916
}