{
    "image_name": "RGB_OR_1200x1200_044.png",
    "mse": 0.00012696725025307387,
    "psnr": 38.921974182128906,
    "ms-ssim": 0.9950651526451111,
    "bpp": 0.9681555555555555,
    "encoding_time": 0.344635009765625,
    "decoding_time": 0.27933216094970703
}