{
    "image_name": "RGB_OR_1200x1200_040.png",
    "mse": 0.00023636799596715719,
    "psnr": 36.24211502075195,
    "ms-ssim": 0.9961138963699341,
    "bpp": 0.9501333333333334,
    "encoding_time": 0.3245201110839844,
    "decoding_time": 0.3305683135986328
}