{
    "image_name": "RGB_OR_1200x1200_012.png",
    "mse": 0.0002336403267690912,
    "psnr": 36.29121780395508,
    "ms-ssim": 0.996184766292572,
    "bpp": 0.7558666666666667,
    "encoding_time": 0.3222310543060303,
    "decoding_time": 0.33167386054992676
}