{
    "image_name": "RGB_OR_1200x1200_086.png",
    "mse": 0.0003634581808000803,
    "psnr": 34.38056945800781,
    "ms-ssim": 0.9937598705291748,
    "bpp": 1.4884444444444445,
    "encoding_time": 0.35436248779296875,
    "decoding_time": 0.5653390884399414
}