{
    "image_name": "RGB_OR_1200x1200_076.png",
    "mse": 0.00020785271772183478,
    "psnr": 36.796546936035156,
    "ms-ssim": 0.9957000613212585,
    "bpp": 0.7401555555555556,
    "encoding_time": 0.2536468505859375,
    "decoding_time": 0.28487324714660645
}