{
    "image_name": "RGB_OR_1200x1200_079.png",
    "mse": 0.00035331916296854615,
    "psnr": 34.50319290161133,
    "ms-ssim": 0.9973597526550293,
    "bpp": 0.5709777777777778,
    "encoding_time": 0.28184032440185547,
    "decoding_time": 0.29641103744506836
}