{
    "image_name": "RGB_OR_1200x1200_072.png",
    "mse": 0.0004798932350240648,
    "psnr": 33.17694854736328,
    "ms-ssim": 0.9963797926902771,
    "bpp": 0.9386,
    "encoding_time": 0.2766873836517334,
    "decoding_time": 0.30371832847595215
}