{
    "image_name": "RGB_OR_1200x1200_064.png",
    "mse": 0.0002738626499194652,
    "psnr": 35.60593795776367,
    "ms-ssim": 0.9967991709709167,
    "bpp": 0.9072666666666667,
    "encoding_time": 0.2704741954803467,
    "decoding_time": 0.2873239517211914
}