{
    "image_name": "RGB_OR_1200x1200_067.png",
    "mse": 0.00023788241378497332,
    "psnr": 36.213050842285156,
    "ms-ssim": 0.9939144849777222,
    "bpp": 0.9920888888888889,
    "encoding_time": 0.31867241859436035,
    "decoding_time": 0.2923417091369629
}