{
    "image_name": "RGB_OR_1200x1200_069.png",
    "mse": 0.00035198283148929477,
    "psnr": 34.51945877075195,
    "ms-ssim": 0.9964073896408081,
    "bpp": 0.8265333333333333,
    "encoding_time": 0.2615928649902344,
    "decoding_time": 0.29198265075683594
}