{
    "image_name": "RGB_OR_1200x1200_081.png",
    "mse": 0.00023905221314635128,
    "psnr": 36.19264221191406,
    "ms-ssim": 0.9970793724060059,
    "bpp": 0.7878666666666667,
    "encoding_time": 0.3340415954589844,
    "decoding_time": 0.7140259742736816
}