{
    "image_name": "RGB_OR_1200x1200_065.png",
    "mse": 0.0005726702511310577,
    "psnr": 32.41154479980469,
    "ms-ssim": 0.9944955110549927,
    "bpp": 1.0945333333333334,
    "encoding_time": 0.3016202449798584,
    "decoding_time": 0.3802342414855957
}