{
    "image_name": "RGB_OR_1200x1200_022.png",
    "mse": 0.00015638608601875603,
    "psnr": 38.02433776855469,
    "ms-ssim": 0.9958981275558472,
    "bpp": 0.8900222222222223,
    "encoding_time": 0.2608911991119385,
    "decoding_time": 0.29944658279418945
}