{
    "image_name": "RGB_OR_1200x1200_008.png",
    "mse": 0.00023412027803715318,
    "psnr": 36.2822151184082,
    "ms-ssim": 0.9958789348602295,
    "bpp": 1.0428222222222223,
    "encoding_time": 0.2247753143310547,
    "decoding_time": 0.32074761390686035
}