{
    "image_name": "RGB_OR_1200x1200_049.png",
    "mse": 0.00019045949738938361,
    "psnr": 37.17578125,
    "ms-ssim": 0.9967167377471924,
    "bpp": 0.7514444444444445,
    "encoding_time": 0.2792513370513916,
    "decoding_time": 0.3181309700012207
}