{
    "image_name": "RGB_OR_1200x1200_094.png",
    "mse": 0.0005335262976586819,
    "psnr": 32.71882247924805,
    "ms-ssim": 0.9962264895439148,
    "bpp": 0.8261333333333334,
    "encoding_time": 0.3184380531311035,
    "decoding_time": 0.36516380310058594
}