{
    "image_name": "RGB_OR_1200x1200_041.png",
    "mse": 0.00023915412020869553,
    "psnr": 36.19197082519531,
    "ms-ssim": 0.9963319301605225,
    "bpp": 0.9204222222222223,
    "encoding_time": 0.26899266242980957,
    "decoding_time": 0.41697049140930176
}