{
    "image_name": "RGB_OR_1200x1200_068.png",
    "mse": 0.00011774238373618573,
    "psnr": 39.26526641845703,
    "ms-ssim": 0.9980329275131226,
    "bpp": 0.5383777777777777,
    "encoding_time": 0.28667688369750977,
    "decoding_time": 0.37244653701782227
}