{
    "image_name": "RGB_OR_1200x1200_030.png",
    "mse": 0.0003340872353874147,
    "psnr": 34.745452880859375,
    "ms-ssim": 0.9952165484428406,
    "bpp": 1.1824222222222223,
    "encoding_time": 0.3145585060119629,
    "decoding_time": 0.6420149803161621
}