{
    "image_name": "RGB_OR_1200x1200_060.png",
    "mse": 0.00017533251957502216,
    "psnr": 37.53260803222656,
    "ms-ssim": 0.9963094592094421,
    "bpp": 0.7884444444444444,
    "encoding_time": 0.32530689239501953,
    "decoding_time": 0.41197943687438965
}