{
    "image_name": "RGB_OR_1200x1200_100.png",
    "mse": 4.165512291365303e-05,
    "psnr": 43.727577209472656,
    "ms-ssim": 0.9978493452072144,
    "bpp": 0.4971555555555556,
    "encoding_time": 0.2552323341369629,
    "decoding_time": 0.38895535469055176
}