{
    "image_name": "RGB_OR_1200x1200_021.png",
    "mse": 0.0002655685239005834,
    "psnr": 35.73757553100586,
    "ms-ssim": 0.9970964193344116,
    "bpp": 0.6538888888888889,
    "encoding_time": 0.3130455017089844,
    "decoding_time": 0.33574390411376953
}