{
    "image_name": "RGB_OR_1200x1200_088.png",
    "mse": 0.00019453585264272988,
    "psnr": 37.08352279663086,
    "ms-ssim": 0.9968413710594177,
    "bpp": 0.8699111111111111,
    "encoding_time": 0.2569756507873535,
    "decoding_time": 0.2841207981109619
}