{
    "image_name": "RGB_OR_1200x1200_043.png",
    "mse": 0.0004687356122303754,
    "psnr": 33.279014587402344,
    "ms-ssim": 0.9949113130569458,
    "bpp": 1.309088888888889,
    "encoding_time": 0.40093016624450684,
    "decoding_time": 0.36740899085998535
}