{
    "image_name": "RGB_OR_1200x1200_058.png",
    "mse": 0.0002117241092491895,
    "psnr": 36.7178955078125,
    "ms-ssim": 0.9960423707962036,
    "bpp": 0.8611333333333333,
    "encoding_time": 0.25557971000671387,
    "decoding_time": 0.2806396484375
}