{
    "image_name": "RGB_OR_1200x1200_052.png",
    "mse": 0.00018905768229160458,
    "psnr": 37.205223083496094,
    "ms-ssim": 0.9970260858535767,
    "bpp": 0.8419777777777778,
    "encoding_time": 0.26742005348205566,
    "decoding_time": 0.2835826873779297
}