{
    "image_name": "RGB_OR_1200x1200_042.png",
    "mse": 0.00015933765098452568,
    "psnr": 37.944644927978516,
    "ms-ssim": 0.996076226234436,
    "bpp": 0.9261333333333334,
    "encoding_time": 0.39542126655578613,
    "decoding_time": 0.2922182083129883
}