{
    "image_name": "RGB_OR_1200x1200_005.png",
    "mse": 0.0002125921892002225,
    "psnr": 36.69823455810547,
    "ms-ssim": 0.9957506060600281,
    "bpp": 0.9451111111111111,
    "encoding_time": 0.3115248680114746,
    "decoding_time": 0.3339991569519043
}