{
    "image_name": "RGB_OR_1200x1200_029.png",
    "mse": 0.00017867895076051354,
    "psnr": 37.44932556152344,
    "ms-ssim": 0.9966284036636353,
    "bpp": 0.7984666666666667,
    "encoding_time": 0.247755765914917,
    "decoding_time": 0.2932431697845459
}