{
    "image_name": "RGB_OR_1200x1200_013.png",
    "mse": 0.00020883388060610741,
    "psnr": 36.77659225463867,
    "ms-ssim": 0.9965907335281372,
    "bpp": 0.7496444444444444,
    "encoding_time": 0.3124725818634033,
    "decoding_time": 0.28882455825805664
}