{
    "image_name": "RGB_OR_1200x1200_092.png",
    "mse": 0.00014870785525999963,
    "psnr": 38.239620208740234,
    "ms-ssim": 0.9933077692985535,
    "bpp": 0.9398444444444445,
    "encoding_time": 0.2540016174316406,
    "decoding_time": 0.290560245513916
}