{
    "image_name": "RGB_OR_1200x1200_071.png",
    "mse": 0.00018866383470594883,
    "psnr": 37.214691162109375,
    "ms-ssim": 0.9953014254570007,
    "bpp": 0.7812,
    "encoding_time": 0.348491907119751,
    "decoding_time": 0.40602850914001465
}