{
    "image_name": "RGB_OR_1200x1200_078.png",
    "mse": 0.00014888426812831312,
    "psnr": 38.23542785644531,
    "ms-ssim": 0.9965195059776306,
    "bpp": 0.6936444444444444,
    "encoding_time": 0.3082146644592285,
    "decoding_time": 0.2886466979980469
}