{
    "image_name": "RGB_OR_1200x1200_063.png",
    "mse": 0.00014791524154134095,
    "psnr": 38.26679611206055,
    "ms-ssim": 0.9961196780204773,
    "bpp": 0.7569555555555556,
    "encoding_time": 0.31881141662597656,
    "decoding_time": 0.35155558586120605
}