{
    "image_name": "RGB_OR_1200x1200_033.png",
    "mse": 0.000309648021357134,
    "psnr": 35.07389831542969,
    "ms-ssim": 0.9960387945175171,
    "bpp": 0.9649333333333333,
    "encoding_time": 0.24679327011108398,
    "decoding_time": 0.2873210906982422
}