{
    "image_name": "RGB_OR_1200x1200_028.png",
    "mse": 6.35026372037828e-05,
    "psnr": 41.886878967285156,
    "ms-ssim": 0.9972203969955444,
    "bpp": 0.6049111111111111,
    "encoding_time": 0.27417778968811035,
    "decoding_time": 0.30029964447021484
}