{
    "image_name": "RGB_OR_1200x1200_083.png",
    "mse": 0.00016910690465010703,
    "psnr": 37.6865234375,
    "ms-ssim": 0.9970426559448242,
    "bpp": 0.6840444444444445,
    "encoding_time": 0.37488508224487305,
    "decoding_time": 0.6508927345275879
}