{
    "image_name": "RGB_OR_1200x1200_085.png",
    "mse": 0.00015559454914182425,
    "psnr": 38.04535675048828,
    "ms-ssim": 0.994570255279541,
    "bpp": 1.090111111111111,
    "encoding_time": 0.3591001033782959,
    "decoding_time": 0.29474663734436035
}