{
    "image_name": "RGB_OR_1200x1200_027.png",
    "mse": 0.0003193065640516579,
    "psnr": 34.941158294677734,
    "ms-ssim": 0.9965263605117798,
    "bpp": 0.8617111111111111,
    "encoding_time": 0.30597686767578125,
    "decoding_time": 0.3913090229034424
}