{
    "image_name": "RGB_OR_1200x1200_017.png",
    "mse": 0.00022848299704492092,
    "psnr": 36.387969970703125,
    "ms-ssim": 0.9965309500694275,
    "bpp": 0.8854,
    "encoding_time": 0.3312845230102539,
    "decoding_time": 0.294741153717041
}