{
    "image_name": "RGB_OR_1200x1200_024.png",
    "mse": 0.0009490131633356214,
    "psnr": 30.221601486206055,
    "ms-ssim": 0.9954850673675537,
    "bpp": 1.069911111111111,
    "encoding_time": 0.25161242485046387,
    "decoding_time": 0.3331475257873535
}