{
    "image_name": "RGB_OR_1200x1200_084.png",
    "mse": 5.5508957302663475e-05,
    "psnr": 42.45934295654297,
    "ms-ssim": 0.9956481456756592,
    "bpp": 0.7980222222222222,
    "encoding_time": 0.26400303840637207,
    "decoding_time": 0.25447916984558105
}