{
    "image_name": "RGB_OR_1200x1200_010.png",
    "mse": 0.00016206222062464803,
    "psnr": 37.870399475097656,
    "ms-ssim": 0.996211051940918,
    "bpp": 0.9398444444444445,
    "encoding_time": 0.2642364501953125,
    "decoding_time": 0.29889369010925293
}