{
    "image_name": "RGB_OR_1200x1200_020.png",
    "mse": 0.0003099550085607916,
    "psnr": 35.06969451904297,
    "ms-ssim": 0.9946478605270386,
    "bpp": 1.1699777777777778,
    "encoding_time": 0.258589506149292,
    "decoding_time": 0.2914719581604004
}