{
    "image_name": "RGB_OR_1200x1200_037.png",
    "mse": 0.00017330626724287868,
    "psnr": 37.58038330078125,
    "ms-ssim": 0.9960917830467224,
    "bpp": 0.8640444444444444,
    "encoding_time": 0.39586806297302246,
    "decoding_time": 0.4728586673736572
}