{
    "image_name": "RGB_OR_1200x1200_091.png",
    "mse": 0.00014674264821223915,
    "psnr": 38.31201171875,
    "ms-ssim": 0.997857928276062,
    "bpp": 0.6105777777777778,
    "encoding_time": 0.2340562343597412,
    "decoding_time": 0.4751143455505371
}