{
    "image_name": "RGB_OR_1200x1200_082.png",
    "mse": 0.0005399250658228993,
    "psnr": 32.66693115234375,
    "ms-ssim": 0.9933304786682129,
    "bpp": 1.4275333333333333,
    "encoding_time": 0.3768148422241211,
    "decoding_time": 0.3269634246826172
}