{
    "image_name": "RGB_OR_1200x1200_093.png",
    "mse": 0.0001295931579079479,
    "psnr": 38.84210205078125,
    "ms-ssim": 0.9971761107444763,
    "bpp": 0.6444888888888889,
    "encoding_time": 0.29026031494140625,
    "decoding_time": 0.34630513191223145
}