{
    "image_name": "RGB_OR_1200x1200_053.png",
    "mse": 9.303753904532641e-05,
    "psnr": 40.25579071044922,
    "ms-ssim": 0.9973509311676025,
    "bpp": 0.4875333333333333,
    "encoding_time": 0.45493388175964355,
    "decoding_time": 0.6042804718017578
}