{
    "image_name": "RGB_OR_1200x1200_002.png",
    "mse": 0.00011383754463167861,
    "psnr": 39.38938903808594,
    "ms-ssim": 0.9965800046920776,
    "bpp": 0.5666888888888889,
    "encoding_time": 0.2691190242767334,
    "decoding_time": 0.365800142288208
}