{
    "image_name": "RGB_OR_1200x1200_009.png",
    "mse": 8.903726120479405e-05,
    "psnr": 40.44619369506836,
    "ms-ssim": 0.9977681040763855,
    "bpp": 0.5572222222222222,
    "encoding_time": 0.3023991584777832,
    "decoding_time": 0.2776370048522949
}