{
    "image_name": "RGB_OR_1200x1200_087.png",
    "mse": 0.0007145689451135695,
    "psnr": 31.451797485351562,
    "ms-ssim": 0.9947919845581055,
    "bpp": 1.3783333333333334,
    "encoding_time": 0.29344797134399414,
    "decoding_time": 0.3501932621002197
}