{
    "image_name": "RGB_OR_1200x1200_007.png",
    "mse": 0.00030414556385949254,
    "psnr": 35.151424407958984,
    "ms-ssim": 0.9966177940368652,
    "bpp": 0.7806888888888889,
    "encoding_time": 0.3823535442352295,
    "decoding_time": 0.3257265090942383
}