{
    "image_name": "RGB_OR_1200x1200_039.png",
    "mse": 0.00026821039500646293,
    "psnr": 35.69541931152344,
    "ms-ssim": 0.9959682822227478,
    "bpp": 0.9717333333333333,
    "encoding_time": 0.36139941215515137,
    "decoding_time": 0.3526637554168701
}