{
    "image_name": "RGB_OR_1200x1200_034.png",
    "mse": 0.00015380159311462194,
    "psnr": 38.094696044921875,
    "ms-ssim": 0.9972704648971558,
    "bpp": 0.5942888888888889,
    "encoding_time": 0.40465354919433594,
    "decoding_time": 0.37119245529174805
}