{
    "image_name": "RGB_OR_1200x1200_057.png",
    "mse": 0.00011149879719596356,
    "psnr": 39.47908020019531,
    "ms-ssim": 0.9958672523498535,
    "bpp": 0.8373555555555555,
    "encoding_time": 0.28543949127197266,
    "decoding_time": 0.33986973762512207
}