{
    "image_name": "RGB_OR_1200x1200_051.png",
    "mse": 8.858423097990453e-05,
    "psnr": 40.46516799926758,
    "ms-ssim": 0.9959526062011719,
    "bpp": 0.8153111111111111,
    "encoding_time": 0.5933129787445068,
    "decoding_time": 0.3496122360229492
}