{
    "image_name": "RGB_OR_1200x1200_014.png",
    "mse": 0.00015663335216231644,
    "psnr": 38.01726531982422,
    "ms-ssim": 0.9969441890716553,
    "bpp": 0.6215555555555555,
    "encoding_time": 0.3061189651489258,
    "decoding_time": 0.28232836723327637
}