{
    "image_name": "RGB_OR_1200x1200_032.png",
    "mse": 0.0003914260887540877,
    "psnr": 34.06002426147461,
    "ms-ssim": 0.9949166178703308,
    "bpp": 1.208,
    "encoding_time": 0.3020637035369873,
    "decoding_time": 0.38968753814697266
}