{
    "mean_loss": 0.38318016694651713,
    "mean_bpp": 0.38152737087673616,
    "mean_psnr": 28.233680089314777,
    "mean_msssim": 0.9834720393021902,
    "mean_msssim_dB": 17.81780728541336,
    "mean_enc_time": 0.13972213864326477,
    "mean_dec_time": 0.13793655236562094
}