{
    "image_name": "3.png",
    "mse": 0.0007121387752704322,
    "psnr": 31.46660041809082,
    "ms-ssim": 0.9886106848716736,
    "bpp": 0.26513671875,
    "encoding_time": 0.13253259658813477,
    "decoding_time": 0.14474940299987793
}