{
    "image_name": "6.png",
    "mse": 0.0020981398411095142,
    "psnr": 26.779247283935547,
    "ms-ssim": 0.9813023805618286,
    "bpp": 0.4256184895833333,
    "encoding_time": 0.08858394622802734,
    "decoding_time": 0.15992450714111328
}