{
    "image_name": "14.png",
    "mse": 0.0015647078398615122,
    "psnr": 28.052532196044922,
    "ms-ssim": 0.981550931930542,
    "bpp": 0.4974772135416667,
    "encoding_time": 0.2268233299255371,
    "decoding_time": 0.20340204238891602
}