{
    "image_name": "24.png",
    "mse": 0.0024079191498458385,
    "psnr": 26.18134307861328,
    "ms-ssim": 0.9833439588546753,
    "bpp": 0.4434407552083333,
    "encoding_time": 0.1136023998260498,
    "decoding_time": 0.11789417266845703
}