{
    "image_name": "4.png",
    "mse": 0.0011684000492095947,
    "psnr": 29.31919288635254,
    "ms-ssim": 0.983050525188446,
    "bpp": 0.38232421875,
    "encoding_time": 0.16158747673034668,
    "decoding_time": 0.1499004364013672
}