{
    "image_name": "18.png",
    "mse": 0.0019117575138807297,
    "psnr": 27.182937622070312,
    "ms-ssim": 0.9798033237457275,
    "bpp": 0.49072265625,
    "encoding_time": 0.16151165962219238,
    "decoding_time": 0.08399677276611328
}