{
    "image_name": "23.png",
    "mse": 0.0005922780255787075,
    "psnr": 32.26582717895508,
    "ms-ssim": 0.9884352684020996,
    "bpp": 0.24080403645833334,
    "encoding_time": 0.29418420791625977,
    "decoding_time": 0.10802459716796875
}