{
    "image_name": "12.png",
    "mse": 0.001402342109940946,
    "psnr": 28.527374267578125,
    "ms-ssim": 0.9841817617416382,
    "bpp": 0.328125,
    "encoding_time": 0.08559966087341309,
    "decoding_time": 0.09776425361633301
}