{
    "image_name": "10.png",
    "mse": 0.0012904127361252904,
    "psnr": 28.888452529907227,
    "ms-ssim": 0.9863754510879517,
    "bpp": 0.2887369791666667,
    "encoding_time": 0.0894627571105957,
    "decoding_time": 0.16819381713867188
}