{
    "image_name": "9.png",
    "mse": 0.0011074228677898645,
    "psnr": 29.552059173583984,
    "ms-ssim": 0.9862172603607178,
    "bpp": 0.23665364583333334,
    "encoding_time": 0.1565713882446289,
    "decoding_time": 0.10408806800842285
}