{
    "image_name": "7.png",
    "mse": 0.0009845942258834839,
    "psnr": 30.06135368347168,
    "ms-ssim": 0.9897179007530212,
    "bpp": 0.2892252604166667,
    "encoding_time": 0.11184144020080566,
    "decoding_time": 0.1288297176361084
}