{
    "image_name": "11.png",
    "mse": 0.0015354725765064359,
    "psnr": 28.133251190185547,
    "ms-ssim": 0.9821510314941406,
    "bpp": 0.4092610677083333,
    "encoding_time": 0.0851755142211914,
    "decoding_time": 0.12198352813720703
}