{
    "image_name": "21.png",
    "mse": 0.0016981144435703754,
    "psnr": 27.696819305419922,
    "ms-ssim": 0.983447253704071,
    "bpp": 0.3444010416666667,
    "encoding_time": 0.08452534675598145,
    "decoding_time": 0.11893129348754883
}