{
    "image_name": "2.png",
    "mse": 0.0011087198508903384,
    "psnr": 29.54715919494629,
    "ms-ssim": 0.9789657592773438,
    "bpp": 0.421875,
    "encoding_time": 0.0817101001739502,
    "decoding_time": 0.22882890701293945
}