{
    "image_name": "1.png",
    "mse": 0.002877777209505439,
    "psnr": 25.407398223876953,
    "ms-ssim": 0.9806491732597351,
    "bpp": 0.4927571614583333,
    "encoding_time": 0.25027990341186523,
    "decoding_time": 0.18086671829223633
}