{
    "image_name": "16.png",
    "mse": 0.0009700157097540796,
    "psnr": 30.126609802246094,
    "ms-ssim": 0.9835945963859558,
    "bpp": 0.3397623697916667,
    "encoding_time": 0.23080778121948242,
    "decoding_time": 0.17812514305114746
}