{
    "image_name": "5.png",
    "mse": 0.0024443822912871838,
    "psnr": 26.116086959838867,
    "ms-ssim": 0.9834551811218262,
    "bpp": 0.523681640625,
    "encoding_time": 0.09597086906433105,
    "decoding_time": 0.12004375457763672
}