{
    "image_name": "20.png",
    "mse": 0.001403219997882843,
    "psnr": 28.525394439697266,
    "ms-ssim": 0.9869353175163269,
    "bpp": 0.2503255208333333,
    "encoding_time": 0.09214973449707031,
    "decoding_time": 0.16274762153625488
}