{
    "image_name": "17.png",
    "mse": 0.0009695026674307883,
    "psnr": 30.128751754760742,
    "ms-ssim": 0.9867751598358154,
    "bpp": 0.3163248697916667,
    "encoding_time": 0.1523125171661377,
    "decoding_time": 0.12353396415710449
}