{
    "image_name": "8.png",
    "mse": 0.004320212174206972,
    "psnr": 23.643709182739258,
    "ms-ssim": 0.9824668169021606,
    "bpp": 0.4551595052083333,
    "encoding_time": 0.1336681842803955,
    "decoding_time": 0.14978957176208496
}