{
    "image_name": "22.png",
    "mse": 0.0011366271646693349,
    "psnr": 29.438325881958008,
    "ms-ssim": 0.9792634844779968,
    "bpp": 0.4600423177083333,
    "encoding_time": 0.08748745918273926,
    "decoding_time": 0.11818504333496094
}