{
    "mean_loss": 0.7199223106347656,
    "mean_bpp": 0.7198910119820451,
    "mean_psnr": 35.3931200504303,
    "mean_msssim": 0.9854393973946571,
    "mean_msssim_dB": 18.36820650932352,
    "mean_enc_time": 0.6829152852296829,
    "mean_dec_time": 0.835072249174118
}