{
    "image_name": "00011_TE_1744x1160.png",
    "mse": 0.0004025329544674605,
    "psnr": 33.939231872558594,
    "ms-ssim": 0.9909207224845886,
    "bpp": 0.9910629547611516,
    "encoding_time": 0.3420851230621338,
    "decoding_time": 0.5732388496398926
}