{
    "image_name": "00003_TE_1944x1296.png",
    "mse": 0.0002205378987127915,
    "psnr": 36.54200744628906,
    "ms-ssim": 0.9896196126937866,
    "bpp": 0.4903851038967637,
    "encoding_time": 0.5256998538970947,
    "decoding_time": 0.7550942897796631
}