{
    "image_name": "00010_TE_2000x1128.png",
    "mse": 0.00019961335055995733,
    "psnr": 36.971500396728516,
    "ms-ssim": 0.984984278678894,
    "bpp": 0.4178439716312057,
    "encoding_time": 0.3811359405517578,
    "decoding_time": 0.50850510597229
}