{
    "image_name": "00006_TE_1544x1120.png",
    "mse": 0.000244749739067629,
    "psnr": 36.090980529785156,
    "ms-ssim": 0.9947935938835144,
    "bpp": 0.8010362694300518,
    "encoding_time": 0.35634303092956543,
    "decoding_time": 0.5534956455230713
}