{
    "image_name": "00016_TE_1744x2000.png",
    "mse": 0.0005198647850193083,
    "psnr": 32.830867767333984,
    "ms-ssim": 0.947284460067749,
    "bpp": 0.3832752293577982,
    "encoding_time": 0.6894545555114746,
    "decoding_time": 0.9249200820922852
}