{
    "image_name": "00005_TE_1336x872.png",
    "mse": 0.00016338788555003703,
    "psnr": 37.83623123168945,
    "ms-ssim": 0.9941145777702332,
    "bpp": 0.4036147887710817,
    "encoding_time": 0.41903018951416016,
    "decoding_time": 0.29090404510498047
}