{
    "image_name": "00002_TE_2144x1424.png",
    "mse": 0.00031608963035978377,
    "psnr": 34.98483657836914,
    "ms-ssim": 0.9741729497909546,
    "bpp": 0.7057165017608586,
    "encoding_time": 0.6181068420410156,
    "decoding_time": 0.6687331199645996
}