{
    "image_name": "00001_TE_2096x1400.png",
    "mse": 0.0003478772414382547,
    "psnr": 34.569786071777344,
    "ms-ssim": 0.9925391674041748,
    "bpp": 0.9866412213740458,
    "encoding_time": 0.6220643520355225,
    "decoding_time": 0.7234582901000977
}