{
    "image_name": "00008_TE_1912x1272.png",
    "mse": 0.0002618823782540858,
    "psnr": 35.79765701293945,
    "ms-ssim": 0.9873765707015991,
    "bpp": 0.751335491171285,
    "encoding_time": 0.5203466415405273,
    "decoding_time": 0.6742861270904541
}