{
    "image_name": "00007_TE_1472x976.png",
    "mse": 0.0002403847611276433,
    "psnr": 36.16889190673828,
    "ms-ssim": 0.9897187948226929,
    "bpp": 0.5081744476122595,
    "encoding_time": 0.35016489028930664,
    "decoding_time": 0.54939866065979
}