{
    "image_name": "00015_TE_3680x2456.png",
    "mse": 0.00017095389193855226,
    "psnr": 37.639251708984375,
    "ms-ssim": 0.9918599128723145,
    "bpp": 0.46616272482651183,
    "encoding_time": 1.7706358432769775,
    "decoding_time": 2.083022117614746
}