{
    "image_name": "00013_TE_1920x1280.png",
    "mse": 0.00025951757561415434,
    "psnr": 35.83686447143555,
    "ms-ssim": 0.9883107542991638,
    "bpp": 0.624765625,
    "encoding_time": 0.48792433738708496,
    "decoding_time": 0.6805775165557861
}