{
    "image_name": "00014_TE_3680x2456.png",
    "mse": 0.00019325480388943106,
    "psnr": 37.111228942871094,
    "ms-ssim": 0.9872050285339355,
    "bpp": 0.4636099702591701,
    "encoding_time": 1.739048957824707,
    "decoding_time": 1.9902660846710205
}