{
    "mean_loss": 0.2168191817209343,
    "mean_bpp": 0.21435998162182368,
    "mean_psnr": 28.628467082977295,
    "mean_msssim": 0.975407999008894,
    "mean_msssim_dB": 16.092061323414075,
    "mean_enc_time": 1.0666035562753677,
    "mean_dec_time": 1.2062924802303314
}