{
    "image_name": "00002_TE_2144x1424.png",
    "mse": 0.0012519062729552388,
    "psnr": 29.019948959350586,
    "ms-ssim": 0.9664555788040161,
    "bpp": 0.25645648163676005,
    "encoding_time": 1.4575655460357666,
    "decoding_time": 1.2101657390594482
}