{
    "image_name": "00013_TE_1920x1280.png",
    "mse": 0.0009678145288489759,
    "psnr": 30.136323928833008,
    "ms-ssim": 0.9750226736068726,
    "bpp": 0.26287760416666667,
    "encoding_time": 0.6655933856964111,
    "decoding_time": 1.0739161968231201
}