{
    "image_name": "00010_TE_2000x1128.png",
    "mse": 0.000643110484816134,
    "psnr": 31.90839958190918,
    "ms-ssim": 0.9801952838897705,
    "bpp": 0.15990070921985816,
    "encoding_time": 0.9017472267150879,
    "decoding_time": 1.1128287315368652
}