{
    "image_name": "00011_TE_1744x1160.png",
    "mse": 0.0018253279849886894,
    "psnr": 27.383655548095703,
    "ms-ssim": 0.9732300639152527,
    "bpp": 0.2834546029737425,
    "encoding_time": 0.5721471309661865,
    "decoding_time": 0.7220776081085205
}