{
    "image_name": "00007_TE_1472x976.png",
    "mse": 0.0010669929906725883,
    "psnr": 29.713193893432617,
    "ms-ssim": 0.9836208820343018,
    "bpp": 0.147785994297933,
    "encoding_time": 0.5158777236938477,
    "decoding_time": 0.7896301746368408
}