{
    "image_name": "00016_TE_1744x2000.png",
    "mse": 0.0007118744542822242,
    "psnr": 31.468358993530273,
    "ms-ssim": 0.9460551738739014,
    "bpp": 0.22043119266055045,
    "encoding_time": 0.8964560031890869,
    "decoding_time": 1.2601704597473145
}