{
    "image_name": "00012_TE_1512x2016.png",
    "mse": 0.001277073984965682,
    "psnr": 28.933502197265625,
    "ms-ssim": 0.9647092819213867,
    "bpp": 0.2981439489375997,
    "encoding_time": 0.9281368255615234,
    "decoding_time": 1.1803905963897705
}