{
    "image_name": "00009_TE_1976x1312.png",
    "mse": 0.007521056104451418,
    "psnr": 21.23646354675293,
    "ms-ssim": 0.9666531085968018,
    "bpp": 0.31296287153154934,
    "encoding_time": 0.7535834312438965,
    "decoding_time": 0.7308773994445801
}