{
    "image_name": "00014_TE_3680x2456.png",
    "mse": 0.0009044675971381366,
    "psnr": 30.429988861083984,
    "ms-ssim": 0.9814743399620056,
    "bpp": 0.16368078175895764,
    "encoding_time": 2.115499496459961,
    "decoding_time": 2.927826404571533
}