{
    "image_name": "00005_TE_1336x872.png",
    "mse": 0.0010595545172691345,
    "psnr": 29.74393653869629,
    "ms-ssim": 0.9893687963485718,
    "bpp": 0.09144097126847223,
    "encoding_time": 0.6788778305053711,
    "decoding_time": 0.43585658073425293
}