{
    "image_name": "00003_TE_1944x1296.png",
    "mse": 0.0009241606458090246,
    "psnr": 30.3367919921875,
    "ms-ssim": 0.9814460277557373,
    "bpp": 0.16335162322816643,
    "encoding_time": 1.3154151439666748,
    "decoding_time": 1.3047685623168945
}