{
    "image_name": "00015_TE_3680x2456.png",
    "mse": 0.0010750400833785534,
    "psnr": 29.6806583404541,
    "ms-ssim": 0.985114574432373,
    "bpp": 0.14309587877071236,
    "encoding_time": 2.3506484031677246,
    "decoding_time": 2.602579355239868
}