{
    "image_name": "00004_TE_1808x1352.png",
    "mse": 0.0022120093926787376,
    "psnr": 26.549819946289062,
    "ms-ssim": 0.9748543500900269,
    "bpp": 0.24896580614756245,
    "encoding_time": 0.999354362487793,
    "decoding_time": 0.8891456127166748
}