{
    "image_name": "00008_TE_1912x1272.png",
    "mse": 0.0014973442303016782,
    "psnr": 28.243118286132812,
    "ms-ssim": 0.976439356803894,
    "bpp": 0.23536222730980763,
    "encoding_time": 0.831049919128418,
    "decoding_time": 1.1634609699249268
}