{
    "image_name": "00001_TE_2096x1400.png",
    "mse": 0.00253893225453794,
    "psnr": 25.951248168945312,
    "ms-ssim": 0.9782669544219971,
    "bpp": 0.24395856052344603,
    "encoding_time": 1.0635032653808594,
    "decoding_time": 0.8671212196350098
}