{
    "mean_loss": 0.5044973619708991,
    "mean_bpp": 0.5034752864817358,
    "mean_psnr": 31.36047875881195,
    "mean_msssim": 0.989779245108366,
    "mean_msssim_dB": 19.905170265923367,
    "mean_enc_time": 1.043857291340828,
    "mean_dec_time": 1.1998032629489899
}