{
    "image_name": "00016_TE_1744x2000.png",
    "mse": 0.0004921656800433993,
    "psnr": 33.068260192871094,
    "ms-ssim": 0.9755803346633911,
    "bpp": 0.7961743119266055,
    "encoding_time": 0.9177596569061279,
    "decoding_time": 1.34733247756958
}