{
    "image_name": "00003_TE_1944x1296.png",
    "mse": 0.00045819467050023377,
    "psnr": 33.378334045410156,
    "ms-ssim": 0.9922065734863281,
    "bpp": 0.3924325560128029,
    "encoding_time": 1.1601996421813965,
    "decoding_time": 1.3070430755615234
}