{
    "image_name": "00009_TE_1976x1312.png",
    "mse": 0.004312897566705942,
    "psnr": 23.651031494140625,
    "ms-ssim": 0.9862465858459473,
    "bpp": 0.6966648563246766,
    "encoding_time": 0.5456268787384033,
    "decoding_time": 0.9210927486419678
}