{
    "image_name": "00014_TE_3680x2456.png",
    "mse": 0.0004510515427682549,
    "psnr": 33.44560241699219,
    "ms-ssim": 0.9923548698425293,
    "bpp": 0.38648208469055373,
    "encoding_time": 2.5305678844451904,
    "decoding_time": 2.4475700855255127
}