{
    "image_name": "00005_TE_1336x872.png",
    "mse": 0.0005250743706710637,
    "psnr": 32.787872314453125,
    "ms-ssim": 0.9945446848869324,
    "bpp": 0.22235345822117233,
    "encoding_time": 0.4453418254852295,
    "decoding_time": 0.5444655418395996
}