{
    "image_name": "00010_TE_2000x1128.png",
    "mse": 0.0003580631164368242,
    "psnr": 34.44483184814453,
    "ms-ssim": 0.9913508296012878,
    "bpp": 0.3943262411347518,
    "encoding_time": 0.9028987884521484,
    "decoding_time": 1.2639515399932861
}