{
    "image_name": "00012_TE_1512x2016.png",
    "mse": 0.0007523034000769258,
    "psnr": 31.22905921936035,
    "ms-ssim": 0.9855550527572632,
    "bpp": 0.6816158562190309,
    "encoding_time": 0.8375370502471924,
    "decoding_time": 0.9302561283111572
}