{
    "image_name": "00002_TE_2144x1424.png",
    "mse": 0.0006798209506087005,
    "psnr": 31.66811180114746,
    "ms-ssim": 0.9859446287155151,
    "bpp": 0.6626802783833641,
    "encoding_time": 1.4153308868408203,
    "decoding_time": 1.0307447910308838
}