{
    "image_name": "00011_TE_1744x1160.png",
    "mse": 0.0009548495290800929,
    "psnr": 30.19526481628418,
    "ms-ssim": 0.9897400736808777,
    "bpp": 0.6155172413793103,
    "encoding_time": 0.5540642738342285,
    "decoding_time": 0.729985237121582
}