{
    "image_name": "00007_TE_1472x976.png",
    "mse": 0.0005268130917102098,
    "psnr": 32.773231506347656,
    "ms-ssim": 0.9927613735198975,
    "bpp": 0.36577868852459017,
    "encoding_time": 0.7829875946044922,
    "decoding_time": 0.7786509990692139
}