{
    "image_name": "00001_TE_2096x1400.png",
    "mse": 0.0013863473432138562,
    "psnr": 28.57726287841797,
    "ms-ssim": 0.9912034869194031,
    "bpp": 0.5057470010905125,
    "encoding_time": 0.8698997497558594,
    "decoding_time": 0.9577383995056152
}