{
    "image_name": "00004_TE_1808x1352.png",
    "mse": 0.0012045205803588033,
    "psnr": 29.18741798400879,
    "ms-ssim": 0.990174412727356,
    "bpp": 0.5660313138189245,
    "encoding_time": 1.1723942756652832,
    "decoding_time": 1.3152306079864502
}