{
    "image_name": "00008_TE_1912x1272.png",
    "mse": 0.0007818879093974829,
    "psnr": 31.061595916748047,
    "ms-ssim": 0.9908636808395386,
    "bpp": 0.509131338648983,
    "encoding_time": 0.8611607551574707,
    "decoding_time": 1.164489507675171
}