{
    "mean_loss": 0.6171459036357667,
    "mean_bpp": 0.6164924444444444,
    "mean_psnr": 34.85881000518799,
    "mean_msssim": 0.9934654080867767,
    "mean_msssim_dB": 21.847815290274593,
    "mean_enc_time": 0.29142553091049195,
    "mean_dec_time": 0.3663638114929199
}