{
    "image_name": "RGB_OR_1200x1200_023.png",
    "mse": 0.0007149682496674359,
    "psnr": 31.449769973754883,
    "ms-ssim": 0.9938582181930542,
    "bpp": 0.6356444444444445,
    "encoding_time": 0.34922194480895996,
    "decoding_time": 0.37019801139831543
}