{
    "image_name": "RGB_OR_1200x1200_045.png",
    "mse": 0.0002148399071302265,
    "psnr": 36.65589904785156,
    "ms-ssim": 0.9933899641036987,
    "bpp": 0.5264444444444445,
    "encoding_time": 0.3135523796081543,
    "decoding_time": 0.35175466537475586
}