{
    "image_name": "RGB_OR_1200x1200_016.png",
    "mse": 0.0010035240557044744,
    "psnr": 29.979225158691406,
    "ms-ssim": 0.9919790029525757,
    "bpp": 0.8360222222222222,
    "encoding_time": 0.2671942710876465,
    "decoding_time": 0.40190768241882324
}