{
    "image_name": "RGB_OR_1200x1200_011.png",
    "mse": 0.0007373307016678154,
    "psnr": 31.316164016723633,
    "ms-ssim": 0.9937410354614258,
    "bpp": 0.6511333333333333,
    "encoding_time": 0.2425692081451416,
    "decoding_time": 0.3266427516937256
}