{
    "image_name": "RGB_OR_1200x1200_043.png",
    "mse": 0.0006987471715547144,
    "psnr": 31.549104690551758,
    "ms-ssim": 0.99149489402771,
    "bpp": 0.9330222222222222,
    "encoding_time": 0.2781996726989746,
    "decoding_time": 0.3784639835357666
}