{
    "image_name": "RGB_OR_1200x1200_058.png",
    "mse": 0.00030020790291018784,
    "psnr": 35.20804977416992,
    "ms-ssim": 0.9939004182815552,
    "bpp": 0.5762222222222222,
    "encoding_time": 0.32071781158447266,
    "decoding_time": 0.33114171028137207
}