{
    "image_name": "RGB_OR_1200x1200_065.png",
    "mse": 0.0008438669028691947,
    "psnr": 30.730531692504883,
    "ms-ssim": 0.9914878606796265,
    "bpp": 0.7425333333333334,
    "encoding_time": 0.24709439277648926,
    "decoding_time": 0.3271925449371338
}