{
    "image_name": "RGB_OR_1200x1200_081.png",
    "mse": 0.00036802023532800376,
    "psnr": 34.326515197753906,
    "ms-ssim": 0.9952220916748047,
    "bpp": 0.5262,
    "encoding_time": 0.3696787357330322,
    "decoding_time": 0.3610656261444092
}