{
    "image_name": "RGB_OR_1200x1200_032.png",
    "mse": 0.0005558757693506777,
    "psnr": 32.54032516479492,
    "ms-ssim": 0.9918533563613892,
    "bpp": 0.8528888888888889,
    "encoding_time": 0.24979829788208008,
    "decoding_time": 0.2837710380554199
}