{
    "image_name": "RGB_OR_1200x1200_012.png",
    "mse": 0.00034233895712532103,
    "psnr": 34.63941955566406,
    "ms-ssim": 0.9939836263656616,
    "bpp": 0.4807777777777778,
    "encoding_time": 0.2484114170074463,
    "decoding_time": 0.2824697494506836
}