{
    "image_name": "RGB_OR_1200x1200_068.png",
    "mse": 0.00017328729154542089,
    "psnr": 37.594974517822266,
    "ms-ssim": 0.9968151450157166,
    "bpp": 0.38226666666666664,
    "encoding_time": 0.28767848014831543,
    "decoding_time": 0.35991740226745605
}