{
    "image_name": "RGB_OR_1200x1200_013.png",
    "mse": 0.00031540944473817945,
    "psnr": 34.99420928955078,
    "ms-ssim": 0.994379997253418,
    "bpp": 0.4756222222222222,
    "encoding_time": 0.28142595291137695,
    "decoding_time": 0.483386754989624
}