{
    "image_name": "RGB_OR_1200x1200_073.png",
    "mse": 0.0001514189352747053,
    "psnr": 38.167884826660156,
    "ms-ssim": 0.9932405352592468,
    "bpp": 0.43064444444444444,
    "encoding_time": 0.2597012519836426,
    "decoding_time": 0.3071177005767822
}