{
    "image_name": "RGB_OR_1200x1200_021.png",
    "mse": 0.00039242321508936584,
    "psnr": 34.048736572265625,
    "ms-ssim": 0.9955169558525085,
    "bpp": 0.4302,
    "encoding_time": 0.21509623527526855,
    "decoding_time": 0.3041493892669678
}