{
    "image_name": "RGB_OR_1200x1200_093.png",
    "mse": 0.00018705242837313563,
    "psnr": 37.25733947753906,
    "ms-ssim": 0.9954714775085449,
    "bpp": 0.43853333333333333,
    "encoding_time": 0.24059438705444336,
    "decoding_time": 0.284440279006958
}