{
    "image_name": "RGB_OR_1200x1200_017.png",
    "mse": 0.00034501738264225423,
    "psnr": 34.60581970214844,
    "ms-ssim": 0.9942001104354858,
    "bpp": 0.6065111111111111,
    "encoding_time": 0.2908186912536621,
    "decoding_time": 0.5052738189697266
}