{
    "image_name": "RGB_OR_1200x1200_007.png",
    "mse": 0.0004408888053148985,
    "psnr": 33.54460144042969,
    "ms-ssim": 0.9945263862609863,
    "bpp": 0.5092888888888889,
    "encoding_time": 0.269258975982666,
    "decoding_time": 0.35066771507263184
}