{
    "image_name": "RGB_OR_1200x1200_004.png",
    "mse": 0.00014999776612967253,
    "psnr": 38.203041076660156,
    "ms-ssim": 0.9934459924697876,
    "bpp": 0.49506666666666665,
    "encoding_time": 0.26553988456726074,
    "decoding_time": 0.4039304256439209
}