{
    "image_name": "RGB_OR_1200x1200_090.png",
    "mse": 0.0008313092403113842,
    "psnr": 30.795825958251953,
    "ms-ssim": 0.9925307035446167,
    "bpp": 0.8703333333333333,
    "encoding_time": 0.23996329307556152,
    "decoding_time": 0.6256530284881592
}