{
    "image_name": "RGB_OR_1200x1200_072.png",
    "mse": 0.0007223372813314199,
    "psnr": 31.405025482177734,
    "ms-ssim": 0.9941200613975525,
    "bpp": 0.6414222222222222,
    "encoding_time": 0.24515485763549805,
    "decoding_time": 0.4342501163482666
}