{
    "image_name": "RGB_OR_1200x1200_010.png",
    "mse": 0.000238880529650487,
    "psnr": 36.195377349853516,
    "ms-ssim": 0.9938022494316101,
    "bpp": 0.6562888888888889,
    "encoding_time": 0.29479432106018066,
    "decoding_time": 0.3697667121887207
}