{
    "image_name": "RGB_OR_1200x1200_047.png",
    "mse": 0.0005266944062896073,
    "psnr": 32.774417877197266,
    "ms-ssim": 0.99281907081604,
    "bpp": 0.6654,
    "encoding_time": 0.3323352336883545,
    "decoding_time": 0.31463193893432617
}