{
    "image_name": "RGB_OR_1200x1200_059.png",
    "mse": 0.0014400468207895756,
    "psnr": 28.412660598754883,
    "ms-ssim": 0.9911918640136719,
    "bpp": 0.9470222222222222,
    "encoding_time": 0.23637938499450684,
    "decoding_time": 0.3456387519836426
}