{
    "image_name": "RGB_OR_1200x1200_029.png",
    "mse": 0.00026105905999429524,
    "psnr": 35.81205749511719,
    "ms-ssim": 0.9945944547653198,
    "bpp": 0.5446222222222222,
    "encoding_time": 0.32329273223876953,
    "decoding_time": 0.3892674446105957
}