{
    "image_name": "RGB_OR_1200x1200_018.png",
    "mse": 0.001201137900352478,
    "psnr": 29.199447631835938,
    "ms-ssim": 0.9928969740867615,
    "bpp": 0.8052222222222222,
    "encoding_time": 0.24319958686828613,
    "decoding_time": 0.3036513328552246
}