{
    "image_name": "RGB_OR_1200x1200_092.png",
    "mse": 0.00019920214253943413,
    "psnr": 36.97943115234375,
    "ms-ssim": 0.9903201460838318,
    "bpp": 0.6323777777777778,
    "encoding_time": 0.29337644577026367,
    "decoding_time": 0.3680915832519531
}