{
    "image_name": "RGB_OR_1200x1200_041.png",
    "mse": 0.0003497828438412398,
    "psnr": 34.54810333251953,
    "ms-ssim": 0.9939992427825928,
    "bpp": 0.6278888888888889,
    "encoding_time": 0.4063715934753418,
    "decoding_time": 0.5363450050354004
}