{
    "image_name": "RGB_OR_1200x1200_099.png",
    "mse": 0.00031684592249803245,
    "psnr": 34.9747314453125,
    "ms-ssim": 0.9918941259384155,
    "bpp": 0.7194666666666667,
    "encoding_time": 0.23443603515625,
    "decoding_time": 0.4366724491119385
}