{
    "image_name": "RGB_OR_1200x1200_049.png",
    "mse": 0.0002870123425964266,
    "psnr": 35.403663635253906,
    "ms-ssim": 0.9948606491088867,
    "bpp": 0.5064222222222222,
    "encoding_time": 0.26081180572509766,
    "decoding_time": 0.3096959590911865
}