{
    "image_name": "RGB_OR_1200x1200_066.png",
    "mse": 0.00024320183729287237,
    "psnr": 36.118247985839844,
    "ms-ssim": 0.9938189387321472,
    "bpp": 0.5510222222222222,
    "encoding_time": 0.2853269577026367,
    "decoding_time": 0.46085596084594727
}