{
    "image_name": "RGB_OR_1200x1200_042.png",
    "mse": 0.00023861952649895102,
    "psnr": 36.20136260986328,
    "ms-ssim": 0.9935876727104187,
    "bpp": 0.6250888888888889,
    "encoding_time": 0.2426772117614746,
    "decoding_time": 0.49868273735046387
}