{
    "image_name": "RGB_OR_1200x1200_002.png",
    "mse": 0.0001667246106080711,
    "psnr": 37.74725341796875,
    "ms-ssim": 0.9947029948234558,
    "bpp": 0.3280222222222222,
    "encoding_time": 0.2643105983734131,
    "decoding_time": 0.34083032608032227
}