{
    "image_name": "RGB_OR_1200x1200_044.png",
    "mse": 0.0001816977164708078,
    "psnr": 37.378334045410156,
    "ms-ssim": 0.9923521876335144,
    "bpp": 0.6688444444444445,
    "encoding_time": 0.32267236709594727,
    "decoding_time": 0.41321420669555664
}