{
    "image_name": "RGB_OR_1200x1200_051.png",
    "mse": 0.00013314450916368514,
    "psnr": 38.716339111328125,
    "ms-ssim": 0.9936517477035522,
    "bpp": 0.5332666666666667,
    "encoding_time": 0.27756834030151367,
    "decoding_time": 0.3645472526550293
}