{
    "image_name": "RGB_OR_1200x1200_024.png",
    "mse": 0.0013204417191445827,
    "psnr": 28.788700103759766,
    "ms-ssim": 0.9928402900695801,
    "bpp": 0.7369777777777777,
    "encoding_time": 0.17448067665100098,
    "decoding_time": 0.21947145462036133
}