{
    "image_name": "RGB_OR_1200x1200_061.png",
    "mse": 0.0006833443185314536,
    "psnr": 31.64595603942871,
    "ms-ssim": 0.9926294088363647,
    "bpp": 0.8436444444444444,
    "encoding_time": 0.2815971374511719,
    "decoding_time": 0.6296634674072266
}