{
    "image_name": "RGB_OR_1200x1200_067.png",
    "mse": 0.00032948717125691473,
    "psnr": 34.805320739746094,
    "ms-ssim": 0.9909695982933044,
    "bpp": 0.6567333333333333,
    "encoding_time": 0.23852014541625977,
    "decoding_time": 0.29154157638549805
}