{
    "image_name": "RGB_OR_1200x1200_025.png",
    "mse": 0.00019321945728734136,
    "psnr": 37.111717224121094,
    "ms-ssim": 0.9946691989898682,
    "bpp": 0.44726666666666665,
    "encoding_time": 0.27053260803222656,
    "decoding_time": 0.3045673370361328
}