{
    "image_name": "RGB_OR_1200x1200_030.png",
    "mse": 0.00048527054605074227,
    "psnr": 33.129241943359375,
    "ms-ssim": 0.992284893989563,
    "bpp": 0.8222,
    "encoding_time": 0.4739224910736084,
    "decoding_time": 0.4082012176513672
}