{
    "image_name": "RGB_OR_1200x1200_062.png",
    "mse": 0.0011287673842161894,
    "psnr": 29.469253540039062,
    "ms-ssim": 0.9916765093803406,
    "bpp": 0.9988666666666667,
    "encoding_time": 0.23437833786010742,
    "decoding_time": 0.34579992294311523
}