{
    "image_name": "RGB_OR_1200x1200_036.png",
    "mse": 8.323948713950813e-05,
    "psnr": 40.73460388183594,
    "ms-ssim": 0.9945294857025146,
    "bpp": 0.3864888888888889,
    "encoding_time": 0.2552363872528076,
    "decoding_time": 0.31697702407836914
}