{
    "image_name": "RGB_OR_1200x1200_082.png",
    "mse": 0.0007722389418631792,
    "psnr": 31.115520477294922,
    "ms-ssim": 0.9894682765007019,
    "bpp": 1.0139111111111112,
    "encoding_time": 0.2814807891845703,
    "decoding_time": 0.2603268623352051
}