{
    "image_name": "RGB_OR_1200x1200_078.png",
    "mse": 0.00021547461801674217,
    "psnr": 36.640830993652344,
    "ms-ssim": 0.9945856928825378,
    "bpp": 0.43204444444444445,
    "encoding_time": 0.27929234504699707,
    "decoding_time": 0.4237208366394043
}