{
    "image_name": "RGB_OR_1200x1200_054.png",
    "mse": 0.0002754853921942413,
    "psnr": 35.58232879638672,
    "ms-ssim": 0.9948768019676208,
    "bpp": 0.5937555555555556,
    "encoding_time": 0.28420519828796387,
    "decoding_time": 0.35814714431762695
}