{
    "image_name": "RGB_OR_1200x1200_064.png",
    "mse": 0.0004204423166811466,
    "psnr": 33.7503547668457,
    "ms-ssim": 0.9945781230926514,
    "bpp": 0.6301111111111111,
    "encoding_time": 0.23379802703857422,
    "decoding_time": 0.278733491897583
}