{
    "image_name": "RGB_OR_1200x1200_096.png",
    "mse": 0.00020896307250950485,
    "psnr": 36.77446746826172,
    "ms-ssim": 0.98960280418396,
    "bpp": 0.7152888888888889,
    "encoding_time": 0.31349635124206543,
    "decoding_time": 0.3733713626861572
}