{
    "image_name": "RGB_OR_1200x1200_077.png",
    "mse": 0.0002288709074491635,
    "psnr": 36.380409240722656,
    "ms-ssim": 0.986616313457489,
    "bpp": 0.9449555555555555,
    "encoding_time": 0.2567005157470703,
    "decoding_time": 0.26962947845458984
}