{
    "image_name": "RGB_OR_1200x1200_079.png",
    "mse": 0.0005366416880860925,
    "psnr": 32.693389892578125,
    "ms-ssim": 0.9960596561431885,
    "bpp": 0.38153333333333334,
    "encoding_time": 0.24875950813293457,
    "decoding_time": 0.46642208099365234
}