{
    "image_name": "RGB_OR_1200x1200_005.png",
    "mse": 0.0003038414870388806,
    "psnr": 35.15511703491211,
    "ms-ssim": 0.9931392669677734,
    "bpp": 0.6476444444444445,
    "encoding_time": 0.318209171295166,
    "decoding_time": 0.3349783420562744
}