{
    "image_name": "RGB_OR_1200x1200_091.png",
    "mse": 0.00022193398035597056,
    "psnr": 36.5228157043457,
    "ms-ssim": 0.9964538812637329,
    "bpp": 0.4215777777777778,
    "encoding_time": 0.25849175453186035,
    "decoding_time": 0.4094059467315674
}