{
    "image_name": "RGB_OR_1200x1200_046.png",
    "mse": 0.00043180969078093767,
    "psnr": 33.63545608520508,
    "ms-ssim": 0.9917677640914917,
    "bpp": 0.8474222222222222,
    "encoding_time": 0.27063441276550293,
    "decoding_time": 0.3815476894378662
}