{
    "image_name": "RGB_OR_1200x1200_050.png",
    "mse": 0.0002844221889972687,
    "psnr": 35.44108581542969,
    "ms-ssim": 0.9914965629577637,
    "bpp": 0.6983333333333334,
    "encoding_time": 0.7384040355682373,
    "decoding_time": 0.3236055374145508
}