{
    "image_name": "RGB_OR_1200x1200_015.png",
    "mse": 9.123320342041552e-05,
    "psnr": 40.339515686035156,
    "ms-ssim": 0.9953877925872803,
    "bpp": 0.2786222222222222,
    "encoding_time": 0.25313639640808105,
    "decoding_time": 0.37758874893188477
}