{
    "image_name": "RGB_OR_1200x1200_089.png",
    "mse": 0.0005884254351258278,
    "psnr": 32.29400634765625,
    "ms-ssim": 0.992262065410614,
    "bpp": 0.7497555555555555,
    "encoding_time": 0.2614903450012207,
    "decoding_time": 0.49932312965393066
}