{
    "image_name": "RGB_OR_1200x1200_074.png",
    "mse": 0.0001394324062857777,
    "psnr": 38.51871871948242,
    "ms-ssim": 0.9909536838531494,
    "bpp": 0.6448888888888888,
    "encoding_time": 0.37331151962280273,
    "decoding_time": 0.24728655815124512
}