{
    "image_name": "RGB_OR_1200x1200_033.png",
    "mse": 0.00046227953862398863,
    "psnr": 33.33885192871094,
    "ms-ssim": 0.9934887886047363,
    "bpp": 0.6706666666666666,
    "encoding_time": 0.23077678680419922,
    "decoding_time": 0.21908783912658691
}