{
    "image_name": "RGB_OR_1200x1200_037.png",
    "mse": 0.000254137150477618,
    "psnr": 35.927772521972656,
    "ms-ssim": 0.9937188029289246,
    "bpp": 0.5871333333333333,
    "encoding_time": 0.43462538719177246,
    "decoding_time": 0.4421830177307129
}