{
    "image_name": "RGB_OR_1200x1200_048.png",
    "mse": 0.0006598876789212227,
    "psnr": 31.797119140625,
    "ms-ssim": 0.991931676864624,
    "bpp": 0.8377333333333333,
    "encoding_time": 0.2528667449951172,
    "decoding_time": 0.3243093490600586
}