{
    "image_name": "RGB_OR_1200x1200_069.png",
    "mse": 0.000515886174980551,
    "psnr": 32.86398696899414,
    "ms-ssim": 0.9942519068717957,
    "bpp": 0.5410666666666667,
    "encoding_time": 0.2964472770690918,
    "decoding_time": 0.2945106029510498
}