{
    "image_name": "RGB_OR_1200x1200_056.png",
    "mse": 0.0001222520659212023,
    "psnr": 39.083831787109375,
    "ms-ssim": 0.9938334822654724,
    "bpp": 0.4638888888888889,
    "encoding_time": 0.2745528221130371,
    "decoding_time": 0.402677059173584
}