{
    "image_name": "RGB_OR_1200x1200_055.png",
    "mse": 0.00029039965011179447,
    "psnr": 35.351348876953125,
    "ms-ssim": 0.9957156181335449,
    "bpp": 0.5300666666666667,
    "encoding_time": 0.5708756446838379,
    "decoding_time": 0.2927408218383789
}