{
    "image_name": "RGB_OR_1200x1200_006.png",
    "mse": 0.00023125509324017912,
    "psnr": 36.336936950683594,
    "ms-ssim": 0.9907650351524353,
    "bpp": 0.7419111111111111,
    "encoding_time": 0.28696298599243164,
    "decoding_time": 0.2876732349395752
}