{
    "image_name": "RGB_OR_1200x1200_076.png",
    "mse": 0.0003017270937561989,
    "psnr": 35.18559646606445,
    "ms-ssim": 0.99337238073349,
    "bpp": 0.4413111111111111,
    "encoding_time": 0.18934941291809082,
    "decoding_time": 0.259411096572876
}