{
    "image_name": "RGB_OR_1200x1200_095.png",
    "mse": 0.0012461029691621661,
    "psnr": 29.040390014648438,
    "ms-ssim": 0.990961492061615,
    "bpp": 0.9884444444444445,
    "encoding_time": 0.35112833976745605,
    "decoding_time": 0.3616511821746826
}