{
    "image_name": "RGB_OR_1200x1200_020.png",
    "mse": 0.0004319423751439899,
    "psnr": 33.63347625732422,
    "ms-ssim": 0.9915267825126648,
    "bpp": 0.8210888888888889,
    "encoding_time": 0.2475416660308838,
    "decoding_time": 0.2881286144256592
}