{
    "image_name": "RGB_OR_1200x1200_038.png",
    "mse": 0.00016061548376455903,
    "psnr": 37.909420013427734,
    "ms-ssim": 0.9949936866760254,
    "bpp": 0.46386666666666665,
    "encoding_time": 0.28537654876708984,
    "decoding_time": 0.5268187522888184
}