{
    "image_name": "RGB_OR_1200x1200_026.png",
    "mse": 0.0013231085613369942,
    "psnr": 28.779855728149414,
    "ms-ssim": 0.9932569265365601,
    "bpp": 0.7442888888888889,
    "encoding_time": 0.2818276882171631,
    "decoding_time": 0.6203198432922363
}