{
    "image_name": "RGB_OR_1200x1200_053.png",
    "mse": 0.0001498593483120203,
    "psnr": 38.20594787597656,
    "ms-ssim": 0.9960696697235107,
    "bpp": 0.30615555555555557,
    "encoding_time": 0.31665539741516113,
    "decoding_time": 0.36985325813293457
}