{
    "image_name": "RGB_OR_1200x1200_057.png",
    "mse": 0.0001600650284672156,
    "psnr": 37.92365264892578,
    "ms-ssim": 0.9933665990829468,
    "bpp": 0.5613555555555556,
    "encoding_time": 0.2877638339996338,
    "decoding_time": 0.3469531536102295
}