{
    "image_name": "RGB_OR_1200x1200_039.png",
    "mse": 0.0004008093383163214,
    "psnr": 33.957542419433594,
    "ms-ssim": 0.9934242963790894,
    "bpp": 0.6742444444444444,
    "encoding_time": 0.24286842346191406,
    "decoding_time": 0.2854154109954834
}