{
    "image_name": "RGB_OR_1200x1200_008.png",
    "mse": 0.0003521623439155519,
    "psnr": 34.51713943481445,
    "ms-ssim": 0.9931280016899109,
    "bpp": 0.7339111111111111,
    "encoding_time": 0.417893648147583,
    "decoding_time": 0.45652127265930176
}