{
    "image_name": "RGB_OR_1200x1200_100.png",
    "mse": 6.243604730116203e-05,
    "psnr": 41.992679595947266,
    "ms-ssim": 0.9965165853500366,
    "bpp": 0.34028888888888886,
    "encoding_time": 0.272106409072876,
    "decoding_time": 0.38676905632019043
}