{
    "image_name": "RGB_OR_1200x1200_052.png",
    "mse": 0.0002919324906542897,
    "psnr": 35.328697204589844,
    "ms-ssim": 0.9950916171073914,
    "bpp": 0.5883555555555555,
    "encoding_time": 0.24519681930541992,
    "decoding_time": 0.29445624351501465
}