{
    "image_name": "RGB_OR_1200x1200_075.png",
    "mse": 0.0003240350051783025,
    "psnr": 34.8782958984375,
    "ms-ssim": 0.9921844005584717,
    "bpp": 0.6153777777777778,
    "encoding_time": 0.24129104614257812,
    "decoding_time": 0.2767806053161621
}