{
    "image_name": "RGB_OR_1200x1200_094.png",
    "mse": 0.0007811202667653561,
    "psnr": 31.0660400390625,
    "ms-ssim": 0.9940938353538513,
    "bpp": 0.5506444444444445,
    "encoding_time": 0.32532572746276855,
    "decoding_time": 0.4025607109069824
}