{
    "image_name": "RGB_OR_1200x1200_098.png",
    "mse": 0.0008727206732146442,
    "psnr": 30.585405349731445,
    "ms-ssim": 0.9934608340263367,
    "bpp": 0.9195111111111111,
    "encoding_time": 0.2874307632446289,
    "decoding_time": 0.34850478172302246
}