{
    "image_name": "RGB_OR_1200x1200_071.png",
    "mse": 0.0002639909798745066,
    "psnr": 35.76403045654297,
    "ms-ssim": 0.9931453466415405,
    "bpp": 0.5323777777777777,
    "encoding_time": 0.3710622787475586,
    "decoding_time": 0.4660184383392334
}