{
    "image_name": "RGB_OR_1200x1200_060.png",
    "mse": 0.0002524578885640949,
    "psnr": 35.958290100097656,
    "ms-ssim": 0.9942964315414429,
    "bpp": 0.5217555555555555,
    "encoding_time": 0.34942173957824707,
    "decoding_time": 0.40006470680236816
}