{
    "image_name": "RGB_OR_1200x1200_088.png",
    "mse": 0.00029639372951351106,
    "psnr": 35.26375198364258,
    "ms-ssim": 0.9947397112846375,
    "bpp": 0.6077333333333333,
    "encoding_time": 0.4389767646789551,
    "decoding_time": 0.4834592342376709
}