{
    "image_name": "RGB_OR_1200x1200_022.png",
    "mse": 0.00021860098058823496,
    "psnr": 36.57954406738281,
    "ms-ssim": 0.9936227798461914,
    "bpp": 0.6286666666666667,
    "encoding_time": 0.24374938011169434,
    "decoding_time": 0.3624420166015625
}