{
    "image_name": "RGB_OR_1200x1200_083.png",
    "mse": 0.0002562275039963424,
    "psnr": 35.892616271972656,
    "ms-ssim": 0.9952189922332764,
    "bpp": 0.4426,
    "encoding_time": 0.3988347053527832,
    "decoding_time": 0.487302303314209
}