{
    "image_name": "RGB_OR_1200x1200_080.png",
    "mse": 0.00014562331489287317,
    "psnr": 38.33296203613281,
    "ms-ssim": 0.9930965304374695,
    "bpp": 0.5051555555555556,
    "encoding_time": 0.28327012062072754,
    "decoding_time": 0.27116942405700684
}