{
    "image_name": "RGB_OR_1200x1200_034.png",
    "mse": 0.00022338477720040828,
    "psnr": 36.486019134521484,
    "ms-ssim": 0.9957277178764343,
    "bpp": 0.39742222222222223,
    "encoding_time": 0.31977415084838867,
    "decoding_time": 0.2889411449432373
}