{
    "image_name": "RGB_OR_1200x1200_084.png",
    "mse": 8.043419074965641e-05,
    "psnr": 40.877967834472656,
    "ms-ssim": 0.9930219650268555,
    "bpp": 0.49475555555555556,
    "encoding_time": 0.21903109550476074,
    "decoding_time": 0.2602224349975586
}