{
    "image_name": "RGB_OR_1200x1200_028.png",
    "mse": 9.320297976955771e-05,
    "psnr": 40.247562408447266,
    "ms-ssim": 0.9955682754516602,
    "bpp": 0.3966222222222222,
    "encoding_time": 0.24933719635009766,
    "decoding_time": 0.3848574161529541
}