{
    "image_name": "RGB_OR_1200x1200_086.png",
    "mse": 0.000515816907864064,
    "psnr": 32.86423110961914,
    "ms-ssim": 0.9897167086601257,
    "bpp": 1.0683555555555555,
    "encoding_time": 0.3291513919830322,
    "decoding_time": 0.43016743659973145
}