{
    "image_name": "RGB_OR_1200x1200_070.png",
    "mse": 0.00020652492821682245,
    "psnr": 36.82424545288086,
    "ms-ssim": 0.9928354620933533,
    "bpp": 0.7312666666666666,
    "encoding_time": 0.2587277889251709,
    "decoding_time": 0.3151228427886963
}