{
    "image_name": "00007_TE_1472x976.png",
    "mse": 0.00016273862274829298,
    "psnr": 37.85200500488281,
    "ms-ssim": 0.9927071332931519,
    "bpp": 0.6438435495367071,
    "encoding_time": 0.46976399421691895,
    "decoding_time": 0.6764750480651855
}