{
    "image_name": "00014_TE_3680x2456.png",
    "mse": 0.00012787374726030976,
    "psnr": 38.8900146484375,
    "ms-ssim": 0.990977942943573,
    "bpp": 0.5892472737572582,
    "encoding_time": 2.0380072593688965,
    "decoding_time": 2.6920180320739746
}