{
    "image_name": "00016_TE_1744x2000.png",
    "mse": 0.00042361271334812045,
    "psnr": 33.71799087524414,
    "ms-ssim": 0.95990389585495,
    "bpp": 0.6671100917431193,
    "encoding_time": 1.267829418182373,
    "decoding_time": 1.6977624893188477
}