{
    "image_name": "00005_TE_1336x872.png",
    "mse": 0.00011338296462781727,
    "psnr": 39.40748596191406,
    "ms-ssim": 0.9948102235794067,
    "bpp": 0.4592649563258803,
    "encoding_time": 0.748523473739624,
    "decoding_time": 0.580589771270752
}