{
    "image_name": "00015_TE_3680x2456.png",
    "mse": 0.00011090531916124746,
    "psnr": 39.501686096191406,
    "ms-ssim": 0.9939197897911072,
    "bpp": 0.5645765472312704,
    "encoding_time": 2.083531618118286,
    "decoding_time": 2.680680990219116
}