{
    "image_name": "00013_TE_1920x1280.png",
    "mse": 0.00017055995704140514,
    "psnr": 37.64856719970703,
    "ms-ssim": 0.9922688007354736,
    "bpp": 0.8010026041666667,
    "encoding_time": 0.6844532489776611,
    "decoding_time": 0.920562744140625
}