{
    "image_name": "00001_TE_2096x1400.png",
    "mse": 0.00023764048819430172,
    "psnr": 36.2176628112793,
    "ms-ssim": 0.9943752288818359,
    "bpp": 1.2108505997818975,
    "encoding_time": 0.9644503593444824,
    "decoding_time": 0.9214131832122803
}