{
    "image_name": "00006_TE_1544x1120.png",
    "mse": 0.0001544068509247154,
    "psnr": 38.07945251464844,
    "ms-ssim": 0.9965288639068604,
    "bpp": 0.9726313841598816,
    "encoding_time": 0.7682712078094482,
    "decoding_time": 1.0020968914031982
}