{
    "image_name": "00012_TE_1512x2016.png",
    "mse": 0.0002529322518967092,
    "psnr": 35.948204040527344,
    "ms-ssim": 0.9835329055786133,
    "bpp": 1.1424372218023011,
    "encoding_time": 1.8961403369903564,
    "decoding_time": 1.3270421028137207
}