{
    "image_name": "00010_TE_2000x1128.png",
    "mse": 0.00013201075489632785,
    "psnr": 38.75362777709961,
    "ms-ssim": 0.9894720315933228,
    "bpp": 0.5491489361702128,
    "encoding_time": 1.23811674118042,
    "decoding_time": 1.0374932289123535
}