{
    "image_name": "00011_TE_1744x1160.png",
    "mse": 0.0002542066795285791,
    "psnr": 35.92792510986328,
    "ms-ssim": 0.9940433502197266,
    "bpp": 1.2986554887693769,
    "encoding_time": 1.4861505031585693,
    "decoding_time": 1.1329944133758545
}