{
    "image_name": "00004_TE_1808x1352.png",
    "mse": 0.00021183879289310426,
    "psnr": 36.71514129638672,
    "ms-ssim": 0.9938044548034668,
    "bpp": 1.3090930512645966,
    "encoding_time": 1.2713680267333984,
    "decoding_time": 1.0472619533538818
}