{
    "image_name": "00003_TE_1944x1296.png",
    "mse": 0.00015211920253932476,
    "psnr": 38.14506912231445,
    "ms-ssim": 0.9924532175064087,
    "bpp": 0.630315500685871,
    "encoding_time": 0.8579647541046143,
    "decoding_time": 1.0117125511169434
}