{
    "mean_loss": 0.3252015744599816,
    "mean_bpp": 0.3251684567278087,
    "mean_psnr": 35.445103668585055,
    "mean_msssim": 0.9805732238583449,
    "mean_msssim_dB": 17.115992642512865,
    "mean_enc_time": 0.773262965969923,
    "mean_dec_time": 0.9628307644913836
}