{
    "image_name": "michael-durana-82941.png",
    "mse": 0.0002924095024354756,
    "psnr": 35.32099914550781,
    "ms-ssim": 0.9826855659484863,
    "bpp": 0.28685897435897434,
    "encoding_time": 0.769615888595581,
    "decoding_time": 0.9336464405059814
}