{
    "image_name": "paul-itkin-46101.png",
    "mse": 0.0006038550054654479,
    "psnr": 32.181640625,
    "ms-ssim": 0.9925409555435181,
    "bpp": 0.8027041942604857,
    "encoding_time": 0.38207197189331055,
    "decoding_time": 0.24035048484802246
}