{
    "image_name": "dogancan-ozturan-395.png",
    "mse": 0.00019562258967198431,
    "psnr": 37.058692932128906,
    "ms-ssim": 0.9879368543624878,
    "bpp": 0.23889273356401383,
    "encoding_time": 0.7816627025604248,
    "decoding_time": 1.1688647270202637
}