{
    "image_name": "stefan-kunze-26931.png",
    "mse": 0.000354262359905988,
    "psnr": 34.491798400878906,
    "ms-ssim": 0.9838804006576538,
    "bpp": 0.3956999817117776,
    "encoding_time": 1.0548210144042969,
    "decoding_time": 1.4184269905090332
}