{
    "image_name": "alexander-shustov-73.png",
    "mse": 0.0007351726526394486,
    "psnr": 31.328840255737305,
    "ms-ssim": 0.9845662117004395,
    "bpp": 0.8466660543717854,
    "encoding_time": 0.8351552486419678,
    "decoding_time": 1.136258602142334
}