{
    "image_name": "philipp-reiner-207.png",
    "mse": 0.0006031550583429635,
    "psnr": 32.1872444152832,
    "ms-ssim": 0.9753753542900085,
    "bpp": 0.6327901234567901,
    "encoding_time": 0.43172526359558105,
    "decoding_time": 0.5438997745513916
}