{
    "image_name": "ales-krivec-15949.png",
    "mse": 0.00013579790538642555,
    "psnr": 38.630916595458984,
    "ms-ssim": 0.9890825152397156,
    "bpp": 0.13444339225589225,
    "encoding_time": 1.0354437828063965,
    "decoding_time": 1.1553528308868408
}