{
    "image_name": "roberto-nickson-48063.png",
    "mse": 0.0001499239879194647,
    "psnr": 38.205787658691406,
    "ms-ssim": 0.9822630286216736,
    "bpp": 0.09577609890109891,
    "encoding_time": 0.6442646980285645,
    "decoding_time": 1.042145013809204
}