{
    "image_name": "jason-briscoe-149782.png",
    "mse": 8.757628529565409e-05,
    "psnr": 40.51504898071289,
    "ms-ssim": 0.9919633865356445,
    "bpp": 0.09235347985347986,
    "encoding_time": 0.6875569820404053,
    "decoding_time": 0.8270268440246582
}