{
    "image_name": "zugr-108.png",
    "mse": 0.0001298577117267996,
    "psnr": 38.82366943359375,
    "ms-ssim": 0.9897667765617371,
    "bpp": 0.11812042124542124,
    "encoding_time": 0.9885668754577637,
    "decoding_time": 0.9469523429870605
}