{
    "image_name": "alberto-montalesi-176097.png",
    "mse": 0.0002361326478421688,
    "psnr": 36.24592971801758,
    "ms-ssim": 0.9641165733337402,
    "bpp": 0.09553833455612619,
    "encoding_time": 0.7825531959533691,
    "decoding_time": 0.7732112407684326
}