{
    "image_name": "felix-russell-saw-140699.png",
    "mse": 0.000199079469894059,
    "psnr": 36.980552673339844,
    "ms-ssim": 0.9758687019348145,
    "bpp": 0.1478696397941681,
    "encoding_time": 0.47118163108825684,
    "decoding_time": 0.788360595703125
}