{
    "image_name": "mullermarc-184.png",
    "mse": 0.00028881130856461823,
    "psnr": 35.376625061035156,
    "ms-ssim": 0.9857136607170105,
    "bpp": 0.31352966970030516,
    "encoding_time": 0.5135741233825684,
    "decoding_time": 0.4385993480682373
}