{
    "image_name": "casey-fyfe-999.png",
    "mse": 0.0003791053022723645,
    "psnr": 34.198001861572266,
    "ms-ssim": 0.9493362307548523,
    "bpp": 0.09258961397058824,
    "encoding_time": 0.5794930458068848,
    "decoding_time": 1.0318365097045898
}