{
    "image_name": "amy-zhang-15940.png",
    "mse": 0.00040475648711435497,
    "psnr": 33.9144287109375,
    "ms-ssim": 0.9791183471679688,
    "bpp": 0.4067502410800386,
    "encoding_time": 0.8976194858551025,
    "decoding_time": 1.4223449230194092
}