{
    "image_name": "thong-vo-428.png",
    "mse": 0.0005029141320846975,
    "psnr": 32.97405242919922,
    "ms-ssim": 0.9796075820922852,
    "bpp": 0.5352347380227528,
    "encoding_time": 0.540172815322876,
    "decoding_time": 0.8567371368408203
}