{
    "image_name": "benjamin-sloth-lindgreen-705.png",
    "mse": 0.0003989133983850479,
    "psnr": 33.978023529052734,
    "ms-ssim": 0.9791257381439209,
    "bpp": 0.4038804945054945,
    "encoding_time": 0.8531291484832764,
    "decoding_time": 1.4549076557159424
}