{
    "image_name": "andrew-ruiz-376.png",
    "mse": 0.00027391573530621827,
    "psnr": 35.6045036315918,
    "ms-ssim": 0.9877946376800537,
    "bpp": 0.2900440852314475,
    "encoding_time": 0.8701369762420654,
    "decoding_time": 1.1627113819122314
}