{
    "image_name": "kazuend-28556.png",
    "mse": 9.821796993492171e-05,
    "psnr": 40.023536682128906,
    "ms-ssim": 0.9868838787078857,
    "bpp": 0.07979624542124542,
    "encoding_time": 0.7611715793609619,
    "decoding_time": 0.7988135814666748
}