{
    "image_name": "lobostudio-hamburg-75377.png",
    "mse": 0.0003543788625393063,
    "psnr": 34.489810943603516,
    "ms-ssim": 0.9714171886444092,
    "bpp": 0.13863324175824177,
    "encoding_time": 0.9897828102111816,
    "decoding_time": 1.3255608081817627
}