{
    "image_name": "todd-quackenbush-27493.png",
    "mse": 0.00012406623864080757,
    "psnr": 39.02063751220703,
    "ms-ssim": 0.9908299446105957,
    "bpp": 0.13020329138431752,
    "encoding_time": 0.8217158317565918,
    "decoding_time": 0.8611049652099609
}