{
    "image_name": "allef-vinicius-109434.png",
    "mse": 0.0003207935078535229,
    "psnr": 34.9207763671875,
    "ms-ssim": 0.9627927541732788,
    "bpp": 0.09005265567765568,
    "encoding_time": 0.7571506500244141,
    "decoding_time": 1.6881003379821777
}