{
    "image_name": "jared-erondu-21325.png",
    "mse": 0.00019571436860132962,
    "psnr": 37.0557746887207,
    "ms-ssim": 0.9739641547203064,
    "bpp": 0.14523809523809525,
    "encoding_time": 1.2516729831695557,
    "decoding_time": 1.545541763305664
}