{
    "image_name": "schicka-307.png",
    "mse": 0.0001876989845186472,
    "psnr": 37.236305236816406,
    "ms-ssim": 0.9808320999145508,
    "bpp": 0.15511067708333334,
    "encoding_time": 0.28568434715270996,
    "decoding_time": 0.25062990188598633
}