{
    "image_name": "wojciech-szaturski-3611.png",
    "mse": 0.0003727556031662971,
    "psnr": 34.27147674560547,
    "ms-ssim": 0.9792498350143433,
    "bpp": 0.42663832048897155,
    "encoding_time": 0.626561164855957,
    "decoding_time": 0.9990799427032471
}