{
    "image_name": "alejandro-escamilla-6.png",
    "mse": 0.00022371452359948307,
    "psnr": 36.48153305053711,
    "ms-ssim": 0.9810416102409363,
    "bpp": 0.17494398805078418,
    "encoding_time": 0.7210707664489746,
    "decoding_time": 1.254701852798462
}