{
    "image_name": "martyn-seddon-220.png",
    "mse": 0.0003081145405303687,
    "psnr": 35.09510803222656,
    "ms-ssim": 0.9688107371330261,
    "bpp": 0.2738209706959707,
    "encoding_time": 0.6643834114074707,
    "decoding_time": 0.8228435516357422
}