{
    "image_name": "veeterzy-82537.png",
    "mse": 0.0004372972180135548,
    "psnr": 33.579734802246094,
    "ms-ssim": 0.9844467043876648,
    "bpp": 0.3996728587115666,
    "encoding_time": 0.907642126083374,
    "decoding_time": 1.1495444774627686
}