{
    "image_name": "sergey-zolkin-1045.png",
    "mse": 0.00021748559083789587,
    "psnr": 36.60078811645508,
    "ms-ssim": 0.9849566221237183,
    "bpp": 0.23431776556776557,
    "encoding_time": 0.9678056240081787,
    "decoding_time": 0.9754683971405029
}