{
    "image_name": "sergey-zolkin-21232.png",
    "mse": 9.674566535977647e-05,
    "psnr": 40.091278076171875,
    "ms-ssim": 0.9851805567741394,
    "bpp": 0.08383674746526569,
    "encoding_time": 1.3126142024993896,
    "decoding_time": 1.0150620937347412
}