{
    "image_name": "davide-ragusa-716.png",
    "mse": 0.00021120750170666724,
    "psnr": 36.727420806884766,
    "ms-ssim": 0.9811431765556335,
    "bpp": 0.17639259194409734,
    "encoding_time": 0.5761511325836182,
    "decoding_time": 1.0327787399291992
}