{
    "image_name": "vita-vilcina-3055.png",
    "mse": 0.0003259875229559839,
    "psnr": 34.8516845703125,
    "ms-ssim": 0.9952449798583984,
    "bpp": 0.43776702600232015,
    "encoding_time": 1.0672931671142578,
    "decoding_time": 0.9697482585906982
}