{
    "image_name": "clem-onojeghuo-33741.png",
    "mse": 0.0003629701677709818,
    "psnr": 34.38648223876953,
    "ms-ssim": 0.9783610701560974,
    "bpp": 0.335382326007326,
    "encoding_time": 1.3626694679260254,
    "decoding_time": 1.197516918182373
}