{
    "image_name": "jeremy-cai-1174.png",
    "mse": 0.00019785073527600616,
    "psnr": 37.00981140136719,
    "ms-ssim": 0.9934408068656921,
    "bpp": 0.24335455900284514,
    "encoding_time": 0.8573603630065918,
    "decoding_time": 0.854665994644165
}