{
    "image_name": "gian-reto-tarnutzer-45212.png",
    "mse": 0.0004263284499756992,
    "psnr": 33.68971252441406,
    "ms-ssim": 0.9789199829101562,
    "bpp": 0.4562956204379562,
    "encoding_time": 0.6276726722717285,
    "decoding_time": 0.7719004154205322
}