{
    "image_name": "daniel-robert-405.png",
    "mse": 0.00048574607353657484,
    "psnr": 33.125247955322266,
    "ms-ssim": 0.9803659319877625,
    "bpp": 0.4948372827804107,
    "encoding_time": 0.47492527961730957,
    "decoding_time": 0.428802490234375
}