{
    "image_name": "philippe-wuyts-45997.png",
    "mse": 0.00042831149767152965,
    "psnr": 33.67023468017578,
    "ms-ssim": 0.977136492729187,
    "bpp": 0.49299414073129977,
    "encoding_time": 1.3430683612823486,
    "decoding_time": 1.3314032554626465
}