{
    "mean_loss": 0.988518840073367,
    "mean_bpp": 0.9885016547309028,
    "mean_psnr": 37.77074829737345,
    "mean_msssim": 0.9907455494006475,
    "mean_msssim_dB": 20.33649358515816,
    "mean_enc_time": 0.1316998302936554,
    "mean_dec_time": 0.1312542756398519
}