{
    "image_name": "3.png",
    "mse": 9.871266956906766e-05,
    "psnr": 40.0004768371582,
    "ms-ssim": 0.9912519454956055,
    "bpp": 0.5069173177083334,
    "encoding_time": 0.0834963321685791,
    "decoding_time": 0.11245250701904297
}