{
    "image_name": "12.png",
    "mse": 0.0001325722987530753,
    "psnr": 38.73374938964844,
    "ms-ssim": 0.9871697425842285,
    "bpp": 0.5940755208333334,
    "encoding_time": 0.0900721549987793,
    "decoding_time": 0.11342668533325195
}