{
    "image_name": "5.png",
    "mse": 0.00021262677910272032,
    "psnr": 36.69776916503906,
    "ms-ssim": 0.9952497482299805,
    "bpp": 1.536865234375,
    "encoding_time": 0.09694123268127441,
    "decoding_time": 0.11300396919250488
}