{
    "image_name": "6.png",
    "mse": 0.00017980171833187342,
    "psnr": 37.42121124267578,
    "ms-ssim": 0.9911425113677979,
    "bpp": 1.1639811197916667,
    "encoding_time": 0.10485076904296875,
    "decoding_time": 0.2038111686706543
}