{
    "image_name": "7.png",
    "mse": 0.00011309628462186083,
    "psnr": 39.41632080078125,
    "ms-ssim": 0.994379997253418,
    "bpp": 0.6350911458333334,
    "encoding_time": 0.18251824378967285,
    "decoding_time": 0.3380742073059082
}