{
    "image_name": "19.png",
    "mse": 0.00017404639220330864,
    "psnr": 37.56073760986328,
    "ms-ssim": 0.9892063140869141,
    "bpp": 0.9210611979166666,
    "encoding_time": 0.16452622413635254,
    "decoding_time": 0.09473776817321777
}