{
    "image_name": "8.png",
    "mse": 0.0002456562069710344,
    "psnr": 36.07447052001953,
    "ms-ssim": 0.9947359561920166,
    "bpp": 1.7054850260416667,
    "encoding_time": 0.22345232963562012,
    "decoding_time": 0.1015167236328125
}