{
    "image_name": "18.png",
    "mse": 0.0002339447964914143,
    "psnr": 36.28536605834961,
    "ms-ssim": 0.9896785616874695,
    "bpp": 1.3190104166666667,
    "encoding_time": 0.12529444694519043,
    "decoding_time": 0.10157942771911621
}