{
    "image_name": "22.png",
    "mse": 0.00019977281044702977,
    "psnr": 36.96775817871094,
    "ms-ssim": 0.9876034259796143,
    "bpp": 1.05029296875,
    "encoding_time": 0.1729271411895752,
    "decoding_time": 0.1305992603302002
}