{
    "image_name": "23.png",
    "mse": 0.000106865591078531,
    "psnr": 39.66135787963867,
    "ms-ssim": 0.9907565116882324,
    "bpp": 0.4160970052083333,
    "encoding_time": 0.3286128044128418,
    "decoding_time": 0.07296013832092285
}