{
    "image_name": "11.png",
    "mse": 0.00018051957886200398,
    "psnr": 37.40453338623047,
    "ms-ssim": 0.9902589321136475,
    "bpp": 1.0419921875,
    "encoding_time": 0.21786236763000488,
    "decoding_time": 0.12769532203674316
}