{
    "image_name": "16.png",
    "mse": 0.00014167065091896802,
    "psnr": 38.44792556762695,
    "ms-ssim": 0.9902948141098022,
    "bpp": 0.768798828125,
    "encoding_time": 0.24570536613464355,
    "decoding_time": 0.08343386650085449
}