{
    "image_name": "17.png",
    "mse": 0.00014277399168349802,
    "psnr": 38.413944244384766,
    "ms-ssim": 0.9913239479064941,
    "bpp": 0.6774088541666666,
    "encoding_time": 0.09864115715026855,
    "decoding_time": 0.10704517364501953
}