{
    "image_name": "1.png",
    "mse": 0.00022314612579066306,
    "psnr": 36.48900604248047,
    "ms-ssim": 0.9941849112510681,
    "bpp": 1.6315104166666667,
    "encoding_time": 0.08208298683166504,
    "decoding_time": 0.11325955390930176
}