{
    "image_name": "15.png",
    "mse": 0.00014896714128553867,
    "psnr": 38.233219146728516,
    "ms-ssim": 0.9891587495803833,
    "bpp": 0.6991373697916666,
    "encoding_time": 0.08254575729370117,
    "decoding_time": 0.16210269927978516
}