{
    "image_name": "24.png",
    "mse": 0.0002042393753072247,
    "psnr": 36.87256622314453,
    "ms-ssim": 0.9931650161743164,
    "bpp": 1.2967122395833333,
    "encoding_time": 0.07830405235290527,
    "decoding_time": 0.1140298843383789
}