{
    "image_name": "21.png",
    "mse": 0.00017246844072360545,
    "psnr": 37.60109329223633,
    "ms-ssim": 0.9900592565536499,
    "bpp": 1.0208333333333333,
    "encoding_time": 0.09630465507507324,
    "decoding_time": 0.10493707656860352
}