{
    "image_name": "20.png",
    "mse": 0.00012688578863162547,
    "psnr": 38.93782043457031,
    "ms-ssim": 0.9911076426506042,
    "bpp": 0.642578125,
    "encoding_time": 0.0932016372680664,
    "decoding_time": 0.11517047882080078
}