{
    "image_name": "13.png",
    "mse": 0.0002702773199416697,
    "psnr": 35.66167449951172,
    "ms-ssim": 0.9939035177230835,
    "bpp": 2.1922200520833335,
    "encoding_time": 0.08401942253112793,
    "decoding_time": 0.11496186256408691
}