{
    "image_name": "14.png",
    "mse": 0.00021945638582110405,
    "psnr": 36.561607360839844,
    "ms-ssim": 0.992219090461731,
    "bpp": 1.308837890625,
    "encoding_time": 0.09681320190429688,
    "decoding_time": 0.1540982723236084
}