{
    "mean_loss": 0.19775999207065825,
    "mean_bpp": 0.1976922222222222,
    "mean_psnr": 32.33359663009644,
    "mean_msssim": 0.9671572548151016,
    "mean_msssim_dB": 14.835605492132073,
    "mean_enc_time": 0.3374923157691956,
    "mean_dec_time": 0.3971472883224487
}