{
    "image_name": "RGB_OR_1200x1200_016.png",
    "mse": 0.001433315104804933,
    "psnr": 28.43300437927246,
    "ms-ssim": 0.9619430303573608,
    "bpp": 0.3692888888888889,
    "encoding_time": 0.22676563262939453,
    "decoding_time": 0.3366858959197998
}