{
    "image_name": "RGB_OR_1200x1200_042.png",
    "mse": 0.0005271178670227528,
    "psnr": 32.77116394042969,
    "ms-ssim": 0.9657709002494812,
    "bpp": 0.15793333333333334,
    "encoding_time": 0.5297930240631104,
    "decoding_time": 0.4932591915130615
}