{
    "image_name": "RGB_OR_1200x1200_087.png",
    "mse": 0.0017383856466040015,
    "psnr": 27.595523834228516,
    "ms-ssim": 0.9582223892211914,
    "bpp": 0.4318888888888889,
    "encoding_time": 0.35851311683654785,
    "decoding_time": 0.39374375343322754
}