{
    "image_name": "RGB_OR_1200x1200_062.png",
    "mse": 0.001664149109274149,
    "psnr": 27.784820556640625,
    "ms-ssim": 0.9549641609191895,
    "bpp": 0.4448888888888889,
    "encoding_time": 0.3271512985229492,
    "decoding_time": 0.47618675231933594
}