{
    "image_name": "RGB_OR_1200x1200_054.png",
    "mse": 0.0006132589769549668,
    "psnr": 32.115867614746094,
    "ms-ssim": 0.9724752306938171,
    "bpp": 0.1960888888888889,
    "encoding_time": 0.32909250259399414,
    "decoding_time": 0.33751702308654785
}