{
    "image_name": "RGB_OR_1200x1200_032.png",
    "mse": 0.0011230753734707832,
    "psnr": 29.491012573242188,
    "ms-ssim": 0.9554566740989685,
    "bpp": 0.27084444444444444,
    "encoding_time": 0.36187314987182617,
    "decoding_time": 0.46726322174072266
}