{
    "image_name": "RGB_OR_1200x1200_013.png",
    "mse": 0.0005339083727449179,
    "psnr": 32.715721130371094,
    "ms-ssim": 0.9808748960494995,
    "bpp": 0.18082222222222222,
    "encoding_time": 0.25756120681762695,
    "decoding_time": 0.3401827812194824
}