{
    "image_name": "RGB_OR_1200x1200_069.png",
    "mse": 0.0006473797839134932,
    "psnr": 31.879640579223633,
    "ms-ssim": 0.9783686995506287,
    "bpp": 0.2184222222222222,
    "encoding_time": 0.27339935302734375,
    "decoding_time": 0.41833066940307617
}