{
    "image_name": "RGB_OR_1200x1200_015.png",
    "mse": 0.0001697811676422134,
    "psnr": 37.669464111328125,
    "ms-ssim": 0.9841029644012451,
    "bpp": 0.07726666666666666,
    "encoding_time": 0.3546102046966553,
    "decoding_time": 0.4703183174133301
}