{
    "image_name": "RGB_OR_1200x1200_036.png",
    "mse": 0.00014167313929647207,
    "psnr": 38.449222564697266,
    "ms-ssim": 0.9783770442008972,
    "bpp": 0.06548888888888889,
    "encoding_time": 0.32100510597229004,
    "decoding_time": 0.3191702365875244
}