{
    "image_name": "RGB_OR_1200x1200_041.png",
    "mse": 0.0006603305228054523,
    "psnr": 31.794422149658203,
    "ms-ssim": 0.9686359763145447,
    "bpp": 0.1917111111111111,
    "encoding_time": 0.2808387279510498,
    "decoding_time": 0.3161804676055908
}