{
    "image_name": "RGB_OR_1200x1200_063.png",
    "mse": 0.0003740589309018105,
    "psnr": 34.2572021484375,
    "ms-ssim": 0.9782501459121704,
    "bpp": 0.10748888888888888,
    "encoding_time": 0.3394801616668701,
    "decoding_time": 0.5990486145019531
}