{
    "image_name": "RGB_OR_1200x1200_027.png",
    "mse": 0.0007091344450600445,
    "psnr": 31.48509979248047,
    "ms-ssim": 0.9668790698051453,
    "bpp": 0.20986666666666667,
    "encoding_time": 0.21914458274841309,
    "decoding_time": 0.28925442695617676
}