{
    "image_name": "RGB_OR_1200x1200_065.png",
    "mse": 0.0009076281567104161,
    "psnr": 30.415021896362305,
    "ms-ssim": 0.9683041572570801,
    "bpp": 0.28173333333333334,
    "encoding_time": 0.2704629898071289,
    "decoding_time": 0.43207573890686035
}