{
    "image_name": "RGB_OR_1200x1200_058.png",
    "mse": 0.0006524137570522726,
    "psnr": 31.84665870666504,
    "ms-ssim": 0.9763588309288025,
    "bpp": 0.1857111111111111,
    "encoding_time": 0.2922244071960449,
    "decoding_time": 0.2837245464324951
}