{
    "image_name": "RGB_OR_1200x1200_090.png",
    "mse": 0.0012912742095068097,
    "psnr": 28.885589599609375,
    "ms-ssim": 0.9616701602935791,
    "bpp": 0.36344444444444446,
    "encoding_time": 0.32782959938049316,
    "decoding_time": 0.4837632179260254
}