{
    "image_name": "RGB_OR_1200x1200_031.png",
    "mse": 0.0008023009868338704,
    "psnr": 30.95038414001465,
    "ms-ssim": 0.9667980670928955,
    "bpp": 0.211,
    "encoding_time": 0.2538142204284668,
    "decoding_time": 0.34529638290405273
}