{
    "image_name": "RGB_OR_1200x1200_067.png",
    "mse": 0.000590503157582134,
    "psnr": 32.278709411621094,
    "ms-ssim": 0.9638552665710449,
    "bpp": 0.1456222222222222,
    "encoding_time": 0.3025641441345215,
    "decoding_time": 0.4651205539703369
}