{
    "image_name": "RGB_OR_1200x1200_075.png",
    "mse": 0.0004893578588962555,
    "psnr": 33.09312057495117,
    "ms-ssim": 0.9606622457504272,
    "bpp": 0.1390888888888889,
    "encoding_time": 0.2852349281311035,
    "decoding_time": 0.32253217697143555
}