{
    "image_name": "RGB_OR_1200x1200_019.png",
    "mse": 0.0006895192200317979,
    "psnr": 31.606781005859375,
    "ms-ssim": 0.9700655341148376,
    "bpp": 0.1889111111111111,
    "encoding_time": 0.3017263412475586,
    "decoding_time": 0.3762381076812744
}