{
    "image_name": "RGB_OR_1200x1200_089.png",
    "mse": 0.0008335387101396918,
    "psnr": 30.78435707092285,
    "ms-ssim": 0.9560520648956299,
    "bpp": 0.2286,
    "encoding_time": 0.28896069526672363,
    "decoding_time": 0.3396122455596924
}