{
    "image_name": "RGB_OR_1200x1200_030.png",
    "mse": 0.0010358543368056417,
    "psnr": 29.84160614013672,
    "ms-ssim": 0.9639958143234253,
    "bpp": 0.2723111111111111,
    "encoding_time": 0.38745570182800293,
    "decoding_time": 0.3298220634460449
}