{
    "image_name": "RGB_OR_1200x1200_086.png",
    "mse": 0.0013948541600257158,
    "psnr": 28.55083465576172,
    "ms-ssim": 0.9149114489555359,
    "bpp": 0.24142222222222223,
    "encoding_time": 0.38730788230895996,
    "decoding_time": 0.3993213176727295
}