{
    "image_name": "RGB_OR_1200x1200_088.png",
    "mse": 0.0006158969481475651,
    "psnr": 32.09701156616211,
    "ms-ssim": 0.9712519645690918,
    "bpp": 0.20055555555555554,
    "encoding_time": 0.289379358291626,
    "decoding_time": 0.3152201175689697
}