{
    "image_name": "RGB_OR_1200x1200_025.png",
    "mse": 0.0003498002188280225,
    "psnr": 34.546058654785156,
    "ms-ssim": 0.9756734371185303,
    "bpp": 0.12057777777777778,
    "encoding_time": 0.24973058700561523,
    "decoding_time": 0.3199927806854248
}