{
    "image_name": "RGB_OR_1200x1200_037.png",
    "mse": 0.0005129033233970404,
    "psnr": 32.88866424560547,
    "ms-ssim": 0.9622594118118286,
    "bpp": 0.15193333333333334,
    "encoding_time": 0.3129088878631592,
    "decoding_time": 0.3359038829803467
}