{
    "image_name": "RGB_OR_1200x1200_001.png",
    "mse": 0.00042404059786349535,
    "psnr": 33.7128791809082,
    "ms-ssim": 0.9828375577926636,
    "bpp": 0.14097777777777779,
    "encoding_time": 0.2613999843597412,
    "decoding_time": 0.3592848777770996
}