{
    "image_name": "RGB_OR_1200x1200_009.png",
    "mse": 0.0002637481957208365,
    "psnr": 35.767845153808594,
    "ms-ssim": 0.9824045896530151,
    "bpp": 0.1053111111111111,
    "encoding_time": 0.37060976028442383,
    "decoding_time": 0.38469481468200684
}