{
    "image_name": "RGB_OR_1200x1200_073.png",
    "mse": 0.00022717485262546688,
    "psnr": 36.41458511352539,
    "ms-ssim": 0.9792823791503906,
    "bpp": 0.08857777777777778,
    "encoding_time": 0.28708434104919434,
    "decoding_time": 0.36597228050231934
}