{
    "image_name": "RGB_OR_1200x1200_084.png",
    "mse": 0.00016190447786357254,
    "psnr": 37.87455749511719,
    "ms-ssim": 0.9732761383056641,
    "bpp": 0.06242222222222222,
    "encoding_time": 0.2768564224243164,
    "decoding_time": 0.34642648696899414
}