{
    "image_name": "RGB_OR_1200x1200_098.png",
    "mse": 0.0014300141483545303,
    "psnr": 28.442716598510742,
    "ms-ssim": 0.9720320701599121,
    "bpp": 0.4666666666666667,
    "encoding_time": 0.3952159881591797,
    "decoding_time": 0.34757375717163086
}