{
    "image_name": "RGB_OR_1200x1200_053.png",
    "mse": 0.00027773698093369603,
    "psnr": 35.54381561279297,
    "ms-ssim": 0.9859635829925537,
    "bpp": 0.11904444444444444,
    "encoding_time": 0.28454017639160156,
    "decoding_time": 0.27960968017578125
}