{
    "image_name": "RGB_OR_1200x1200_045.png",
    "mse": 0.0004586349241435528,
    "psnr": 33.37442398071289,
    "ms-ssim": 0.9731247425079346,
    "bpp": 0.15222222222222223,
    "encoding_time": 0.28777122497558594,
    "decoding_time": 0.6639163494110107
}