{
    "image_name": "RGB_OR_1200x1200_071.png",
    "mse": 0.0003854043607134372,
    "psnr": 34.1268196105957,
    "ms-ssim": 0.9761115312576294,
    "bpp": 0.13133333333333333,
    "encoding_time": 0.28940606117248535,
    "decoding_time": 0.5465762615203857
}