{
    "image_name": "RGB_OR_1200x1200_040.png",
    "mse": 0.000653351831715554,
    "psnr": 31.840469360351562,
    "ms-ssim": 0.9639483690261841,
    "bpp": 0.18435555555555555,
    "encoding_time": 0.3057107925415039,
    "decoding_time": 0.3727712631225586
}