{
    "image_name": "RGB_OR_1200x1200_012.png",
    "mse": 0.0005346190300770104,
    "psnr": 32.709163665771484,
    "ms-ssim": 0.9787989854812622,
    "bpp": 0.16102222222222223,
    "encoding_time": 0.3913445472717285,
    "decoding_time": 0.4267005920410156
}