{
    "image_name": "RGB_OR_1200x1200_055.png",
    "mse": 0.0005590905784629285,
    "psnr": 32.51512908935547,
    "ms-ssim": 0.9778498411178589,
    "bpp": 0.2122888888888889,
    "encoding_time": 0.2646059989929199,
    "decoding_time": 0.35378026962280273
}