{
    "image_name": "RGB_OR_1200x1200_061.png",
    "mse": 0.0012312164762988687,
    "psnr": 29.092288970947266,
    "ms-ssim": 0.9667505621910095,
    "bpp": 0.34071111111111113,
    "encoding_time": 0.6022710800170898,
    "decoding_time": 0.29221677780151367
}