{
    "image_name": "RGB_OR_1200x1200_083.png",
    "mse": 0.00041581675759516656,
    "psnr": 33.79783630371094,
    "ms-ssim": 0.9803651571273804,
    "bpp": 0.14524444444444445,
    "encoding_time": 0.3061649799346924,
    "decoding_time": 0.5228018760681152
}