{
    "image_name": "RGB_OR_1200x1200_011.png",
    "mse": 0.0009389689657837152,
    "psnr": 30.268051147460938,
    "ms-ssim": 0.9693662524223328,
    "bpp": 0.2924222222222222,
    "encoding_time": 0.255551815032959,
    "decoding_time": 0.3319590091705322
}