{
    "image_name": "RGB_OR_1200x1200_046.png",
    "mse": 0.0009925205959007144,
    "psnr": 30.027252197265625,
    "ms-ssim": 0.9533939361572266,
    "bpp": 0.25306666666666666,
    "encoding_time": 0.34737086296081543,
    "decoding_time": 0.3391871452331543
}