{
    "image_name": "RGB_OR_1200x1200_028.png",
    "mse": 0.0002567086194176227,
    "psnr": 35.88434982299805,
    "ms-ssim": 0.9739395380020142,
    "bpp": 0.08982222222222222,
    "encoding_time": 0.4891500473022461,
    "decoding_time": 0.5596523284912109
}