{
    "image_name": "RGB_OR_1200x1200_017.png",
    "mse": 0.0007455880986526608,
    "psnr": 31.267545700073242,
    "ms-ssim": 0.9695901870727539,
    "bpp": 0.21833333333333332,
    "encoding_time": 0.4239029884338379,
    "decoding_time": 0.4405784606933594
}