{
    "image_name": "RGB_OR_1200x1200_072.png",
    "mse": 0.0008842413662932813,
    "psnr": 30.528284072875977,
    "ms-ssim": 0.9752606153488159,
    "bpp": 0.30464444444444444,
    "encoding_time": 0.4821326732635498,
    "decoding_time": 0.35074496269226074
}