{
    "image_name": "RGB_OR_1200x1200_049.png",
    "mse": 0.0005444907583296299,
    "psnr": 32.630767822265625,
    "ms-ssim": 0.9788777828216553,
    "bpp": 0.19344444444444445,
    "encoding_time": 0.5615205764770508,
    "decoding_time": 0.4171154499053955
}