{
    "image_name": "RGB_OR_1200x1200_022.png",
    "mse": 0.0004901185748167336,
    "psnr": 33.086036682128906,
    "ms-ssim": 0.9591845870018005,
    "bpp": 0.1623111111111111,
    "encoding_time": 0.3217923641204834,
    "decoding_time": 0.6018640995025635
}