{
    "image_name": "RGB_OR_1200x1200_034.png",
    "mse": 0.0004022752691525966,
    "psnr": 33.94163131713867,
    "ms-ssim": 0.9732334017753601,
    "bpp": 0.11653333333333334,
    "encoding_time": 0.25235605239868164,
    "decoding_time": 0.3530092239379883
}