{
    "image_name": "RGB_OR_1200x1200_077.png",
    "mse": 0.0005616646958515048,
    "psnr": 32.4954833984375,
    "ms-ssim": 0.9114990234375,
    "bpp": 0.08397777777777778,
    "encoding_time": 0.37969064712524414,
    "decoding_time": 0.3840045928955078
}