{
    "image_name": "RGB_OR_1200x1200_051.png",
    "mse": 0.0003705861745402217,
    "psnr": 34.29640579223633,
    "ms-ssim": 0.9695467352867126,
    "bpp": 0.12082222222222222,
    "encoding_time": 0.3090016841888428,
    "decoding_time": 0.48561906814575195
}