{
    "image_name": "RGB_OR_1200x1200_021.png",
    "mse": 0.00047699149581603706,
    "psnr": 33.203094482421875,
    "ms-ssim": 0.9828014373779297,
    "bpp": 0.17702222222222222,
    "encoding_time": 0.3998405933380127,
    "decoding_time": 0.38554883003234863
}