{
    "image_name": "RGB_OR_1200x1200_018.png",
    "mse": 0.001340251648798585,
    "psnr": 28.724166870117188,
    "ms-ssim": 0.9638943076133728,
    "bpp": 0.41606666666666664,
    "encoding_time": 0.26932454109191895,
    "decoding_time": 0.43151092529296875
}