{
    "image_name": "RGB_OR_1200x1200_048.png",
    "mse": 0.0011003094259649515,
    "psnr": 29.579936981201172,
    "ms-ssim": 0.9649001955986023,
    "bpp": 0.3131111111111111,
    "encoding_time": 0.3601348400115967,
    "decoding_time": 0.5653073787689209
}