{
    "image_name": "RGB_OR_1200x1200_014.png",
    "mse": 0.00043183148954994977,
    "psnr": 33.634986877441406,
    "ms-ssim": 0.980193018913269,
    "bpp": 0.14606666666666668,
    "encoding_time": 0.5642659664154053,
    "decoding_time": 0.48631882667541504
}