{
    "image_name": "RGB_OR_1200x1200_050.png",
    "mse": 0.0006317836232483387,
    "psnr": 31.985576629638672,
    "ms-ssim": 0.9640705585479736,
    "bpp": 0.16855555555555554,
    "encoding_time": 0.6009483337402344,
    "decoding_time": 0.4754824638366699
}