{
    "image_name": "RGB_OR_1200x1200_099.png",
    "mse": 0.0006532350671477616,
    "psnr": 31.840816497802734,
    "ms-ssim": 0.9427832961082458,
    "bpp": 0.15164444444444444,
    "encoding_time": 0.2766718864440918,
    "decoding_time": 0.34153318405151367
}