{
    "image_name": "RGB_OR_1200x1200_043.png",
    "mse": 0.001286913058720529,
    "psnr": 28.900514602661133,
    "ms-ssim": 0.9479178190231323,
    "bpp": 0.3342,
    "encoding_time": 0.46277713775634766,
    "decoding_time": 0.3777289390563965
}