{
    "image_name": "RGB_OR_1200x1200_023.png",
    "mse": 0.0007862841011956334,
    "psnr": 31.037216186523438,
    "ms-ssim": 0.9785630106925964,
    "bpp": 0.2738888888888889,
    "encoding_time": 0.27953457832336426,
    "decoding_time": 0.4148523807525635
}