{
    "image_name": "RGB_OR_1200x1200_080.png",
    "mse": 0.0003574553702492267,
    "psnr": 34.45358657836914,
    "ms-ssim": 0.9642469882965088,
    "bpp": 0.09508888888888889,
    "encoding_time": 0.311373233795166,
    "decoding_time": 0.3658754825592041
}