{
    "image_name": "RGB_OR_1200x1200_044.png",
    "mse": 0.000538923719432205,
    "psnr": 32.67500305175781,
    "ms-ssim": 0.9523898959159851,
    "bpp": 0.1529111111111111,
    "encoding_time": 0.44670987129211426,
    "decoding_time": 0.43882083892822266
}