{
    "image_name": "RGB_OR_1200x1200_091.png",
    "mse": 0.00047376082511618733,
    "psnr": 33.23662185668945,
    "ms-ssim": 0.9830240607261658,
    "bpp": 0.15802222222222223,
    "encoding_time": 0.4441835880279541,
    "decoding_time": 0.4512782096862793
}