{
    "image_name": "RGB_OR_1200x1200_008.png",
    "mse": 0.0008442115504294634,
    "psnr": 30.729040145874023,
    "ms-ssim": 0.9571158289909363,
    "bpp": 0.20653333333333335,
    "encoding_time": 0.33011364936828613,
    "decoding_time": 0.40848541259765625
}