{
    "image_name": "RGB_OR_1200x1200_074.png",
    "mse": 0.0003125322109553963,
    "psnr": 35.034339904785156,
    "ms-ssim": 0.949805498123169,
    "bpp": 0.07217777777777777,
    "encoding_time": 0.30348873138427734,
    "decoding_time": 0.3954434394836426
}