{
    "image_name": "RGB_OR_1200x1200_033.png",
    "mse": 0.0007878888864070177,
    "psnr": 31.028656005859375,
    "ms-ssim": 0.9565821886062622,
    "bpp": 0.2202,
    "encoding_time": 0.37802910804748535,
    "decoding_time": 0.4127466678619385
}