{
    "image_name": "RGB_OR_1200x1200_081.png",
    "mse": 0.0005967499455437064,
    "psnr": 32.232635498046875,
    "ms-ssim": 0.9791991710662842,
    "bpp": 0.20673333333333332,
    "encoding_time": 0.32927846908569336,
    "decoding_time": 0.4165761470794678
}