{
    "image_name": "RGB_OR_1200x1200_079.png",
    "mse": 0.00056761025916785,
    "psnr": 32.45025634765625,
    "ms-ssim": 0.9875706434249878,
    "bpp": 0.2157111111111111,
    "encoding_time": 0.28910279273986816,
    "decoding_time": 0.4981698989868164
}