{
    "image_name": "RGB_OR_1200x1200_064.png",
    "mse": 0.0008103220025077462,
    "psnr": 30.906879425048828,
    "ms-ssim": 0.9726199507713318,
    "bpp": 0.24813333333333334,
    "encoding_time": 0.3192915916442871,
    "decoding_time": 0.40242934226989746
}