{
    "image_name": "RGB_OR_1200x1200_007.png",
    "mse": 0.00067898043198511,
    "psnr": 31.672948837280273,
    "ms-ssim": 0.9769529104232788,
    "bpp": 0.20708888888888888,
    "encoding_time": 0.34179234504699707,
    "decoding_time": 0.37137484550476074
}