{
    "image_name": "RGB_OR_1200x1200_026.png",
    "mse": 0.0012865867465734482,
    "psnr": 28.901161193847656,
    "ms-ssim": 0.9700161218643188,
    "bpp": 0.4167777777777778,
    "encoding_time": 0.2829740047454834,
    "decoding_time": 0.37914443016052246
}