{
    "image_name": "RGB_OR_1200x1200_056.png",
    "mse": 0.0002940791309811175,
    "psnr": 35.297157287597656,
    "ms-ssim": 0.9697992205619812,
    "bpp": 0.08797777777777778,
    "encoding_time": 0.2963392734527588,
    "decoding_time": 0.23752880096435547
}