{
    "image_name": "RGB_OR_1200x1200_096.png",
    "mse": 0.0004630378389265388,
    "psnr": 33.33238983154297,
    "ms-ssim": 0.9498453140258789,
    "bpp": 0.09742222222222222,
    "encoding_time": 0.44407200813293457,
    "decoding_time": 0.3040125370025635
}