{
    "image_name": "RGB_OR_1200x1200_092.png",
    "mse": 0.00024668569676578045,
    "psnr": 36.05724334716797,
    "ms-ssim": 0.9694027900695801,
    "bpp": 0.08913333333333333,
    "encoding_time": 0.2906339168548584,
    "decoding_time": 0.5545339584350586
}