{
    "image_name": "RGB_OR_1200x1200_010.png",
    "mse": 0.0005897536175325513,
    "psnr": 32.284027099609375,
    "ms-ssim": 0.9547263383865356,
    "bpp": 0.15031111111111112,
    "encoding_time": 0.3245236873626709,
    "decoding_time": 0.37163853645324707
}