{
    "image_name": "RGB_OR_1200x1200_039.png",
    "mse": 0.0007156776846386492,
    "psnr": 31.445119857788086,
    "ms-ssim": 0.9548068046569824,
    "bpp": 0.1960222222222222,
    "encoding_time": 0.3518846035003662,
    "decoding_time": 0.4626328945159912
}