{
    "image_name": "RGB_OR_1200x1200_085.png",
    "mse": 0.0006226411205716431,
    "psnr": 32.04874801635742,
    "ms-ssim": 0.951353907585144,
    "bpp": 0.1590888888888889,
    "encoding_time": 0.34015798568725586,
    "decoding_time": 0.4471313953399658
}