{
    "image_name": "RGB_OR_1200x1200_093.png",
    "mse": 0.0004102915117982775,
    "psnr": 33.85888671875,
    "ms-ssim": 0.971403956413269,
    "bpp": 0.11191111111111111,
    "encoding_time": 0.3458592891693115,
    "decoding_time": 0.34412312507629395
}