{
    "image_name": "RGB_OR_1200x1200_060.png",
    "mse": 0.00048566702753305435,
    "psnr": 33.12610626220703,
    "ms-ssim": 0.9741622805595398,
    "bpp": 0.15355555555555556,
    "encoding_time": 0.29425477981567383,
    "decoding_time": 0.39933204650878906
}