{
    "image_name": "RGB_OR_1200x1200_068.png",
    "mse": 0.00035575873334892094,
    "psnr": 34.479148864746094,
    "ms-ssim": 0.982090175151825,
    "bpp": 0.12631111111111112,
    "encoding_time": 0.31328439712524414,
    "decoding_time": 0.29328370094299316
}