{
    "image_name": "RGB_OR_1200x1200_094.png",
    "mse": 0.0008416831842623651,
    "psnr": 30.742023468017578,
    "ms-ssim": 0.9766219854354858,
    "bpp": 0.27526666666666666,
    "encoding_time": 0.3141975402832031,
    "decoding_time": 0.3202066421508789
}