{
    "image_name": "RGB_OR_1200x1200_082.png",
    "mse": 0.001478397287428379,
    "psnr": 28.298368453979492,
    "ms-ssim": 0.9389266967773438,
    "bpp": 0.3330666666666667,
    "encoding_time": 0.2726094722747803,
    "decoding_time": 0.5092329978942871
}