{
    "image_name": "RGB_OR_1200x1200_047.png",
    "mse": 0.0009089396917261183,
    "psnr": 30.408662796020508,
    "ms-ssim": 0.9716461896896362,
    "bpp": 0.2209111111111111,
    "encoding_time": 0.3114783763885498,
    "decoding_time": 0.37726521492004395
}