{
    "image_name": "RGB_OR_1200x1200_076.png",
    "mse": 0.0003214617318008095,
    "psnr": 34.9116096496582,
    "ms-ssim": 0.9760174751281738,
    "bpp": 0.12437777777777778,
    "encoding_time": 0.26804351806640625,
    "decoding_time": 0.41219282150268555
}