{
    "image_name": "RGB_OR_1200x1200_020.png",
    "mse": 0.0009550785180181265,
    "psnr": 30.194091796875,
    "ms-ssim": 0.945572018623352,
    "bpp": 0.2165111111111111,
    "encoding_time": 0.31252217292785645,
    "decoding_time": 0.2941420078277588
}