{
    "image_name": "RGB_OR_1200x1200_097.png",
    "mse": 0.0005109960329718888,
    "psnr": 32.90522384643555,
    "ms-ssim": 0.9890314340591431,
    "bpp": 0.19433333333333333,
    "encoding_time": 0.31223154067993164,
    "decoding_time": 0.3154175281524658
}