{
    "mean_loss": 0.14300758544916578,
    "mean_bpp": 0.14054911111111112,
    "mean_psnr": 30.14292724609375,
    "mean_msssim": 0.9754152566194534,
    "mean_msssim_dB": 16.09334320584892,
    "mean_enc_time": 0.7257267093658447,
    "mean_dec_time": 0.8616533136367798
}