{
    "image_name": "RGB_OR_1200x1200_038.png",
    "mse": 0.0005054609500803053,
    "psnr": 32.951778411865234,
    "ms-ssim": 0.9829623103141785,
    "bpp": 0.09304444444444444,
    "encoding_time": 0.6894314289093018,
    "decoding_time": 0.6177129745483398
}