{
    "image_name": "RGB_OR_1200x1200_045.png",
    "mse": 0.0006912421085871756,
    "psnr": 31.596141815185547,
    "ms-ssim": 0.9796032905578613,
    "bpp": 0.10377777777777777,
    "encoding_time": 0.718414306640625,
    "decoding_time": 0.7660834789276123
}