{
    "image_name": "RGB_OR_1200x1200_025.png",
    "mse": 0.0006088382797315717,
    "psnr": 32.14615249633789,
    "ms-ssim": 0.9833685755729675,
    "bpp": 0.08588888888888889,
    "encoding_time": 0.5712642669677734,
    "decoding_time": 1.0284407138824463
}