{
    "image_name": "RGB_OR_1200x1200_015.png",
    "mse": 0.00026525938301347196,
    "psnr": 35.743125915527344,
    "ms-ssim": 0.9896912574768066,
    "bpp": 0.04013333333333333,
    "encoding_time": 0.7284603118896484,
    "decoding_time": 0.7469611167907715
}