{
    "image_name": "RGB_OR_1200x1200_028.png",
    "mse": 0.0003168424009345472,
    "psnr": 34.97412109375,
    "ms-ssim": 0.9846445918083191,
    "bpp": 0.0850888888888889,
    "encoding_time": 0.8196158409118652,
    "decoding_time": 0.5842263698577881
}