{
    "image_name": "RGB_OR_1200x1200_011.png",
    "mse": 0.0019129683496430516,
    "psnr": 27.179889678955078,
    "ms-ssim": 0.9754111170768738,
    "bpp": 0.17306666666666667,
    "encoding_time": 0.7544434070587158,
    "decoding_time": 0.6775004863739014
}