{
    "image_name": "RGB_OR_1200x1200_022.png",
    "mse": 0.0006204593228176236,
    "psnr": 32.06377410888672,
    "ms-ssim": 0.975437581539154,
    "bpp": 0.14057777777777777,
    "encoding_time": 0.6510646343231201,
    "decoding_time": 0.723412275314331
}