{
    "image_name": "RGB_OR_1200x1200_069.png",
    "mse": 0.0014769943663850427,
    "psnr": 28.302467346191406,
    "ms-ssim": 0.9801639318466187,
    "bpp": 0.11024444444444445,
    "encoding_time": 0.6917915344238281,
    "decoding_time": 0.7917294502258301
}