{
    "image_name": "RGB_OR_1200x1200_072.png",
    "mse": 0.001972892787307501,
    "psnr": 27.04610824584961,
    "ms-ssim": 0.977042555809021,
    "bpp": 0.16562222222222223,
    "encoding_time": 0.8088984489440918,
    "decoding_time": 0.7613604068756104
}