{
    "image_name": "RGB_OR_1200x1200_078.png",
    "mse": 0.0006714594783261418,
    "psnr": 31.721359252929688,
    "ms-ssim": 0.9847781658172607,
    "bpp": 0.08575555555555556,
    "encoding_time": 0.8379380702972412,
    "decoding_time": 1.2213099002838135
}