{
    "image_name": "RGB_OR_1200x1200_061.png",
    "mse": 0.002076806966215372,
    "psnr": 26.823522567749023,
    "ms-ssim": 0.9679415225982666,
    "bpp": 0.22742222222222222,
    "encoding_time": 0.6857073307037354,
    "decoding_time": 0.6863563060760498
}