{
    "image_name": "RGB_OR_1200x1200_100.png",
    "mse": 0.0003088903904426843,
    "psnr": 35.08415222167969,
    "ms-ssim": 0.9867528676986694,
    "bpp": 0.07735555555555555,
    "encoding_time": 0.8729345798492432,
    "decoding_time": 1.27268385887146
}