{
    "image_name": "RGB_OR_1200x1200_091.png",
    "mse": 0.0007016180315986276,
    "psnr": 31.534435272216797,
    "ms-ssim": 0.9858120679855347,
    "bpp": 0.10413333333333333,
    "encoding_time": 0.8353240489959717,
    "decoding_time": 0.7372288703918457
}