{
    "image_name": "RGB_OR_1200x1200_035.png",
    "mse": 0.0012076398124918342,
    "psnr": 29.176340103149414,
    "ms-ssim": 0.9758225679397583,
    "bpp": 0.15144444444444444,
    "encoding_time": 0.5952422618865967,
    "decoding_time": 0.8983747959136963
}