{
    "image_name": "RGB_OR_1200x1200_004.png",
    "mse": 0.0004568621807266027,
    "psnr": 33.39019012451172,
    "ms-ssim": 0.9798851013183594,
    "bpp": 0.05628888888888889,
    "encoding_time": 0.6525840759277344,
    "decoding_time": 0.5563092231750488
}