{
    "image_name": "RGB_OR_1200x1200_027.png",
    "mse": 0.0013622940750792623,
    "psnr": 28.653287887573242,
    "ms-ssim": 0.9763161540031433,
    "bpp": 0.14831111111111112,
    "encoding_time": 0.9196465015411377,
    "decoding_time": 0.9364523887634277
}