{
    "image_name": "RGB_OR_1200x1200_037.png",
    "mse": 0.0007240994600579143,
    "psnr": 31.394268035888672,
    "ms-ssim": 0.9761403799057007,
    "bpp": 0.13086666666666666,
    "encoding_time": 0.5780143737792969,
    "decoding_time": 1.0208630561828613
}