{
    "image_name": "RGB_OR_1200x1200_076.png",
    "mse": 0.0009052894311025739,
    "psnr": 30.426036834716797,
    "ms-ssim": 0.983501672744751,
    "bpp": 0.06597777777777777,
    "encoding_time": 0.7928066253662109,
    "decoding_time": 0.7575371265411377
}