{
    "image_name": "RGB_OR_1200x1200_071.png",
    "mse": 0.0007017573807388544,
    "psnr": 31.530208587646484,
    "ms-ssim": 0.9789993166923523,
    "bpp": 0.07084444444444445,
    "encoding_time": 1.0599546432495117,
    "decoding_time": 0.7447099685668945
}