{
    "image_name": "RGB_OR_1200x1200_001.png",
    "mse": 0.0007936062756925821,
    "psnr": 30.996776580810547,
    "ms-ssim": 0.9858540296554565,
    "bpp": 0.08242222222222222,
    "encoding_time": 0.7688612937927246,
    "decoding_time": 0.996950626373291
}