{
    "image_name": "RGB_OR_1200x1200_036.png",
    "mse": 0.0001991541066672653,
    "psnr": 36.980125427246094,
    "ms-ssim": 0.9846035242080688,
    "bpp": 0.04122222222222222,
    "encoding_time": 0.7164156436920166,
    "decoding_time": 0.7161657810211182
}