{
    "image_name": "RGB_OR_1200x1200_055.png",
    "mse": 0.0011207654606550932,
    "psnr": 29.499923706054688,
    "ms-ssim": 0.9822372198104858,
    "bpp": 0.14224444444444445,
    "encoding_time": 0.5027272701263428,
    "decoding_time": 1.3162908554077148
}