{
    "image_name": "RGB_OR_1200x1200_083.png",
    "mse": 0.0009849842172116041,
    "psnr": 30.060012817382812,
    "ms-ssim": 0.9835636615753174,
    "bpp": 0.09215555555555556,
    "encoding_time": 0.8497734069824219,
    "decoding_time": 0.699223518371582
}