{
    "image_name": "RGB_OR_1200x1200_062.png",
    "mse": 0.003332215826958418,
    "psnr": 24.77102279663086,
    "ms-ssim": 0.9605679512023926,
    "bpp": 0.2865333333333333,
    "encoding_time": 0.7248935699462891,
    "decoding_time": 1.1590802669525146
}