{
    "image_name": "RGB_OR_1200x1200_089.png",
    "mse": 0.0014759961050003767,
    "psnr": 28.305580139160156,
    "ms-ssim": 0.9690836668014526,
    "bpp": 0.1703111111111111,
    "encoding_time": 0.8504531383514404,
    "decoding_time": 0.5635414123535156
}