{
    "image_name": "RGB_OR_1200x1200_099.png",
    "mse": 0.00087163777789101,
    "psnr": 30.590246200561523,
    "ms-ssim": 0.9690775871276855,
    "bpp": 0.16442222222222222,
    "encoding_time": 0.7234127521514893,
    "decoding_time": 0.7514302730560303
}