{
    "image_name": "RGB_OR_1200x1200_057.png",
    "mse": 0.0005133419181220233,
    "psnr": 32.884944915771484,
    "ms-ssim": 0.974937379360199,
    "bpp": 0.10113333333333334,
    "encoding_time": 0.5242640972137451,
    "decoding_time": 0.7398290634155273
}