{
    "image_name": "RGB_OR_1200x1200_063.png",
    "mse": 0.00047826007357798517,
    "psnr": 33.19231414794922,
    "ms-ssim": 0.9828287959098816,
    "bpp": 0.07991111111111111,
    "encoding_time": 1.094430923461914,
    "decoding_time": 0.9502644538879395
}