{
    "image_name": "RGB_OR_1200x1200_046.png",
    "mse": 0.0012925023911520839,
    "psnr": 28.881406784057617,
    "ms-ssim": 0.9649459719657898,
    "bpp": 0.21853333333333333,
    "encoding_time": 0.7857668399810791,
    "decoding_time": 0.8014473915100098
}