{
    "image_name": "RGB_OR_1200x1200_005.png",
    "mse": 0.0008357177721336484,
    "psnr": 30.773208618164062,
    "ms-ssim": 0.9740895628929138,
    "bpp": 0.15935555555555556,
    "encoding_time": 0.5202109813690186,
    "decoding_time": 0.6168572902679443
}