{
    "image_name": "RGB_OR_1200x1200_087.png",
    "mse": 0.002816873136907816,
    "psnr": 25.500347137451172,
    "ms-ssim": 0.9580658674240112,
    "bpp": 0.29333333333333333,
    "encoding_time": 0.8624551296234131,
    "decoding_time": 0.9449682235717773
}