{
    "image_name": "RGB_OR_1200x1200_019.png",
    "mse": 0.0010047744726762176,
    "psnr": 29.97388458251953,
    "ms-ssim": 0.9754046201705933,
    "bpp": 0.1396888888888889,
    "encoding_time": 0.509589672088623,
    "decoding_time": 0.55865478515625
}