{
    "image_name": "RGB_OR_1200x1200_016.png",
    "mse": 0.00265472661703825,
    "psnr": 25.757801055908203,
    "ms-ssim": 0.9650497436523438,
    "bpp": 0.2296888888888889,
    "encoding_time": 0.6323237419128418,
    "decoding_time": 0.8218748569488525
}