{
    "image_name": "RGB_OR_1200x1200_096.png",
    "mse": 0.0005422254907898605,
    "psnr": 32.6484489440918,
    "ms-ssim": 0.964739978313446,
    "bpp": 0.11544444444444445,
    "encoding_time": 0.5285024642944336,
    "decoding_time": 1.1655621528625488
}