{
    "image_name": "RGB_OR_1200x1200_066.png",
    "mse": 0.0007134893094189465,
    "psnr": 31.458703994750977,
    "ms-ssim": 0.9813565611839294,
    "bpp": 0.1014,
    "encoding_time": 0.7061617374420166,
    "decoding_time": 0.9473445415496826
}