{
    "image_name": "RGB_OR_1200x1200_088.png",
    "mse": 0.0010135665070265532,
    "psnr": 29.936086654663086,
    "ms-ssim": 0.9770004153251648,
    "bpp": 0.14604444444444445,
    "encoding_time": 0.6520886421203613,
    "decoding_time": 0.7689518928527832
}