{
    "image_name": "RGB_OR_1200x1200_024.png",
    "mse": 0.003161769127473235,
    "psnr": 24.99886703491211,
    "ms-ssim": 0.971890926361084,
    "bpp": 0.18706666666666666,
    "encoding_time": 0.8070545196533203,
    "decoding_time": 0.5623362064361572
}