{
    "image_name": "RGB_OR_1200x1200_056.png",
    "mse": 0.0003836965188384056,
    "psnr": 34.14564514160156,
    "ms-ssim": 0.9807931780815125,
    "bpp": 0.088,
    "encoding_time": 0.8559203147888184,
    "decoding_time": 0.8722219467163086
}