{
    "image_name": "RGB_OR_1200x1200_020.png",
    "mse": 0.001171197509393096,
    "psnr": 29.30902671813965,
    "ms-ssim": 0.9646832346916199,
    "bpp": 0.21464444444444444,
    "encoding_time": 1.0227625370025635,
    "decoding_time": 0.6370398998260498
}