{
    "image_name": "RGB_OR_1200x1200_040.png",
    "mse": 0.0010964485118165612,
    "psnr": 29.595251083374023,
    "ms-ssim": 0.9742157459259033,
    "bpp": 0.14631111111111111,
    "encoding_time": 0.7223336696624756,
    "decoding_time": 0.5968465805053711
}