{
    "image_name": "RGB_OR_1200x1200_079.png",
    "mse": 0.0017305477522313595,
    "psnr": 27.61515235900879,
    "ms-ssim": 0.9871708750724792,
    "bpp": 0.08971111111111112,
    "encoding_time": 0.837773323059082,
    "decoding_time": 1.1384949684143066
}