{
    "image_name": "RGB_OR_1200x1200_075.png",
    "mse": 0.0008330160053446889,
    "psnr": 30.787206649780273,
    "ms-ssim": 0.9746263027191162,
    "bpp": 0.1056,
    "encoding_time": 0.6228721141815186,
    "decoding_time": 1.3303356170654297
}