{
    "image_name": "RGB_OR_1200x1200_090.png",
    "mse": 0.002599023748189211,
    "psnr": 25.849746704101562,
    "ms-ssim": 0.9665114879608154,
    "bpp": 0.22611111111111112,
    "encoding_time": 0.5497336387634277,
    "decoding_time": 0.9693427085876465
}