{
    "image_name": "RGB_OR_1200x1200_030.png",
    "mse": 0.001490393653512001,
    "psnr": 28.263473510742188,
    "ms-ssim": 0.9674062728881836,
    "bpp": 0.20422222222222222,
    "encoding_time": 0.4722299575805664,
    "decoding_time": 0.9552149772644043
}