{
    "image_name": "RGB_OR_1200x1200_033.png",
    "mse": 0.0013036992168053985,
    "psnr": 28.844066619873047,
    "ms-ssim": 0.9728114008903503,
    "bpp": 0.1824,
    "encoding_time": 0.7168560028076172,
    "decoding_time": 0.9503164291381836
}