{
    "image_name": "RGB_OR_1200x1200_041.png",
    "mse": 0.0011476664803922176,
    "psnr": 29.396940231323242,
    "ms-ssim": 0.975604772567749,
    "bpp": 0.14122222222222222,
    "encoding_time": 0.7876932621002197,
    "decoding_time": 0.6861660480499268
}