{
    "image_name": "RGB_OR_1200x1200_098.png",
    "mse": 0.002799747511744499,
    "psnr": 25.526832580566406,
    "ms-ssim": 0.9650924205780029,
    "bpp": 0.2846444444444444,
    "encoding_time": 0.6577663421630859,
    "decoding_time": 0.8529980182647705
}