{
    "image_name": "RGB_OR_1200x1200_097.png",
    "mse": 0.0011491280747577548,
    "psnr": 29.391372680664062,
    "ms-ssim": 0.9875739812850952,
    "bpp": 0.0859111111111111,
    "encoding_time": 0.5317375659942627,
    "decoding_time": 0.9327495098114014
}