{
    "image_name": "RGB_OR_1200x1200_053.png",
    "mse": 0.0005220508901402354,
    "psnr": 32.812747955322266,
    "ms-ssim": 0.9897522926330566,
    "bpp": 0.06682222222222223,
    "encoding_time": 0.7262814044952393,
    "decoding_time": 0.6875205039978027
}