{
    "image_name": "RGB_OR_1200x1200_081.png",
    "mse": 0.0012860237620770931,
    "psnr": 28.903085708618164,
    "ms-ssim": 0.9816893339157104,
    "bpp": 0.11586666666666667,
    "encoding_time": 0.5466434955596924,
    "decoding_time": 0.7889478206634521
}