{
    "image_name": "RGB_OR_1200x1200_074.png",
    "mse": 0.00032932046451605856,
    "psnr": 34.807472229003906,
    "ms-ssim": 0.970392107963562,
    "bpp": 0.0862,
    "encoding_time": 0.6278133392333984,
    "decoding_time": 1.1432857513427734
}