{
    "image_name": "RGB_OR_1200x1200_094.png",
    "mse": 0.0020380662754178047,
    "psnr": 26.905073165893555,
    "ms-ssim": 0.979167103767395,
    "bpp": 0.13775555555555555,
    "encoding_time": 0.7234714031219482,
    "decoding_time": 0.7581167221069336
}