{
    "image_name": "RGB_OR_1200x1200_065.png",
    "mse": 0.0024383552372455597,
    "psnr": 26.126789093017578,
    "ms-ssim": 0.9700522422790527,
    "bpp": 0.1390888888888889,
    "encoding_time": 0.829169750213623,
    "decoding_time": 1.0250804424285889
}