{
    "image_name": "RGB_OR_1200x1200_077.png",
    "mse": 0.0005850085872225463,
    "psnr": 32.319435119628906,
    "ms-ssim": 0.949572741985321,
    "bpp": 0.16348888888888888,
    "encoding_time": 0.5988137722015381,
    "decoding_time": 0.8845953941345215
}