{
    "image_name": "RGB_OR_1200x1200_023.png",
    "mse": 0.002231201156973839,
    "psnr": 26.512126922607422,
    "ms-ssim": 0.9769017100334167,
    "bpp": 0.12353333333333333,
    "encoding_time": 0.7259731292724609,
    "decoding_time": 0.8013625144958496
}