{
    "image_name": "RGB_OR_1200x1200_086.png",
    "mse": 0.0013309050118550658,
    "psnr": 28.75438690185547,
    "ms-ssim": 0.9521042108535767,
    "bpp": 0.31046666666666667,
    "encoding_time": 0.6388993263244629,
    "decoding_time": 0.960345983505249
}