{
    "image_name": "RGB_OR_1200x1200_032.png",
    "mse": 0.001546673127450049,
    "psnr": 28.10235595703125,
    "ms-ssim": 0.9650038480758667,
    "bpp": 0.21626666666666666,
    "encoding_time": 1.1630859375,
    "decoding_time": 1.1837661266326904
}