{
    "image_name": "RGB_OR_1200x1200_029.png",
    "mse": 0.0008048634044826031,
    "psnr": 30.936279296875,
    "ms-ssim": 0.9793157577514648,
    "bpp": 0.12935555555555556,
    "encoding_time": 1.0425915718078613,
    "decoding_time": 0.8280303478240967
}