{
    "image_name": "RGB_OR_1200x1200_058.png",
    "mse": 0.0009703130926936865,
    "psnr": 30.125295639038086,
    "ms-ssim": 0.978015661239624,
    "bpp": 0.1366,
    "encoding_time": 0.5254025459289551,
    "decoding_time": 1.3166930675506592
}