{
    "image_name": "RGB_OR_1200x1200_059.png",
    "mse": 0.003942885901778936,
    "psnr": 24.04064178466797,
    "ms-ssim": 0.9616183042526245,
    "bpp": 0.2512888888888889,
    "encoding_time": 0.7598397731781006,
    "decoding_time": 0.6645638942718506
}