{
    "image_name": "RGB_OR_1200x1200_044.png",
    "mse": 0.0006213745218701661,
    "psnr": 32.05754089355469,
    "ms-ssim": 0.9717828035354614,
    "bpp": 0.16764444444444446,
    "encoding_time": 0.5216648578643799,
    "decoding_time": 0.5919828414916992
}