{
    "image_name": "RGB_OR_1200x1200_006.png",
    "mse": 0.0004666432796511799,
    "psnr": 33.29771423339844,
    "ms-ssim": 0.9640172719955444,
    "bpp": 0.14417777777777777,
    "encoding_time": 0.9051113128662109,
    "decoding_time": 1.0714747905731201
}