{
    "image_name": "RGB_OR_1200x1200_007.png",
    "mse": 0.0013411985710263252,
    "psnr": 28.721046447753906,
    "ms-ssim": 0.980636477470398,
    "bpp": 0.12142222222222222,
    "encoding_time": 0.7657270431518555,
    "decoding_time": 0.500298261642456
}