{
    "image_name": "RGB_OR_1200x1200_054.png",
    "mse": 0.0010101369116455317,
    "psnr": 29.95086669921875,
    "ms-ssim": 0.9781841039657593,
    "bpp": 0.14277777777777778,
    "encoding_time": 0.768517255783081,
    "decoding_time": 1.4728188514709473
}