{
    "image_name": "RGB_OR_1200x1200_068.png",
    "mse": 0.000611189694609493,
    "psnr": 32.127586364746094,
    "ms-ssim": 0.9863731265068054,
    "bpp": 0.09331111111111111,
    "encoding_time": 0.774585485458374,
    "decoding_time": 0.5737051963806152
}