{
    "image_name": "RGB_OR_1200x1200_095.png",
    "mse": 0.003465854562819004,
    "psnr": 24.600387573242188,
    "ms-ssim": 0.9602822065353394,
    "bpp": 0.26164444444444446,
    "encoding_time": 0.8871047496795654,
    "decoding_time": 0.8205089569091797
}