{
    "image_name": "RGB_OR_1200x1200_084.png",
    "mse": 0.00022922054631635547,
    "psnr": 36.37378692626953,
    "ms-ssim": 0.9793958067893982,
    "bpp": 0.04428888888888889,
    "encoding_time": 0.9497530460357666,
    "decoding_time": 1.0773825645446777
}