{
    "image_name": "RGB_OR_1200x1200_017.png",
    "mse": 0.001128360745497048,
    "psnr": 29.47097396850586,
    "ms-ssim": 0.9761600494384766,
    "bpp": 0.16935555555555556,
    "encoding_time": 0.8005871772766113,
    "decoding_time": 0.8337805271148682
}