{
    "image_name": "RGB_OR_1200x1200_047.png",
    "mse": 0.001536244759336114,
    "psnr": 28.13205337524414,
    "ms-ssim": 0.9729998111724854,
    "bpp": 0.13793333333333332,
    "encoding_time": 0.5547313690185547,
    "decoding_time": 0.793297529220581
}