{
    "image_name": "RGB_OR_1200x1200_048.png",
    "mse": 0.0019264346919953823,
    "psnr": 27.149551391601562,
    "ms-ssim": 0.9659513831138611,
    "bpp": 0.20166666666666666,
    "encoding_time": 0.719456672668457,
    "decoding_time": 0.6278941631317139
}