{
    "image_name": "RGB_OR_1200x1200_067.png",
    "mse": 0.0008500561234541237,
    "psnr": 30.69921112060547,
    "ms-ssim": 0.9716340899467468,
    "bpp": 0.11282222222222223,
    "encoding_time": 0.5913352966308594,
    "decoding_time": 0.7910740375518799
}