{
    "image_name": "RGB_OR_1200x1200_002.png",
    "mse": 0.00039377115899696946,
    "psnr": 34.033321380615234,
    "ms-ssim": 0.986632227897644,
    "bpp": 0.04357777777777778,
    "encoding_time": 0.7115917205810547,
    "decoding_time": 0.9762613773345947
}