{
    "image_name": "RGB_OR_1200x1200_043.png",
    "mse": 0.0019262958085164428,
    "psnr": 27.149860382080078,
    "ms-ssim": 0.9610370397567749,
    "bpp": 0.27628888888888886,
    "encoding_time": 0.4591856002807617,
    "decoding_time": 0.9487366676330566
}