{
    "image_name": "RGB_OR_1200x1200_049.png",
    "mse": 0.0009668629500083625,
    "psnr": 30.140911102294922,
    "ms-ssim": 0.9815685153007507,
    "bpp": 0.1272222222222222,
    "encoding_time": 1.0912976264953613,
    "decoding_time": 0.7969624996185303
}