{
    "image_name": "RGB_OR_1200x1200_003.png",
    "mse": 0.0010666720336303115,
    "psnr": 29.71465301513672,
    "ms-ssim": 0.9808874130249023,
    "bpp": 0.09671111111111111,
    "encoding_time": 0.6647148132324219,
    "decoding_time": 0.7813520431518555
}