{
    "image_name": "RGB_OR_1200x1200_064.png",
    "mse": 0.0013671607011929154,
    "psnr": 28.637903213500977,
    "ms-ssim": 0.9761923551559448,
    "bpp": 0.17393333333333333,
    "encoding_time": 0.7354280948638916,
    "decoding_time": 1.0786712169647217
}