{
    "image_name": "RGB_OR_1200x1200_052.png",
    "mse": 0.0011648319195955992,
    "psnr": 29.3325252532959,
    "ms-ssim": 0.978476881980896,
    "bpp": 0.16273333333333334,
    "encoding_time": 0.7071008682250977,
    "decoding_time": 0.7336897850036621
}