{
    "mean_loss": 0.13802182770412014,
    "mean_bpp": 0.13480812276337076,
    "mean_psnr": 29.05107963375929,
    "mean_msssim": 0.9678629505925063,
    "mean_msssim_dB": 14.929939995349542,
    "mean_enc_time": 0.47644277316767997,
    "mean_dec_time": 0.5315940496398182
}