{
    "image_name": "benjamin-sloth-lindgreen-705.png",
    "mse": 0.0014906410360708833,
    "psnr": 28.262529373168945,
    "ms-ssim": 0.9635719656944275,
    "bpp": 0.16222527472527473,
    "encoding_time": 0.49419093132019043,
    "decoding_time": 0.7326264381408691
}