{
    "image_name": "kazuend-28556.png",
    "mse": 0.0004960810183547437,
    "psnr": 33.033714294433594,
    "ms-ssim": 0.9829803705215454,
    "bpp": 0.06379349816849816,
    "encoding_time": 0.5905382633209229,
    "decoding_time": 0.7925019264221191
}