{
    "image_name": "gian-reto-tarnutzer-45212.png",
    "mse": 0.0016631254693493247,
    "psnr": 27.78751564025879,
    "ms-ssim": 0.9573771357536316,
    "bpp": 0.19104698905109488,
    "encoding_time": 0.5907983779907227,
    "decoding_time": 0.5567131042480469
}