{
    "image_name": "todd-quackenbush-222.png",
    "mse": 0.0039909593760967255,
    "psnr": 23.98807144165039,
    "ms-ssim": 0.9494902491569519,
    "bpp": 0.19336876740065806,
    "encoding_time": 0.06521916389465332,
    "decoding_time": 0.06526780128479004
}