{
    "image_name": "mullermarc-184.png",
    "mse": 0.0012422619620338082,
    "psnr": 29.05377960205078,
    "ms-ssim": 0.9728683233261108,
    "bpp": 0.14532828621797453,
    "encoding_time": 0.6286921501159668,
    "decoding_time": 0.41086554527282715
}