{
    "image_name": "wojciech-szaturski-3611.png",
    "mse": 0.0018136048456653953,
    "psnr": 27.411542892456055,
    "ms-ssim": 0.9657658338546753,
    "bpp": 0.13635321362135075,
    "encoding_time": 0.5406339168548584,
    "decoding_time": 0.535395622253418
}