{
    "image_name": "alexander-shustov-73.png",
    "mse": 0.004347458016127348,
    "psnr": 23.616477966308594,
    "ms-ssim": 0.9473817348480225,
    "bpp": 0.23824393828067597,
    "encoding_time": 0.8550658226013184,
    "decoding_time": 0.6343457698822021
}