{
    "image_name": "sergey-zolkin-21232.png",
    "mse": 0.0004378558078315109,
    "psnr": 33.57526397705078,
    "ms-ssim": 0.9820178747177124,
    "bpp": 0.06805048776918146,
    "encoding_time": 0.5321152210235596,
    "decoding_time": 0.37162017822265625
}