{
    "image_name": "clem-onojeghuo-33741.png",
    "mse": 0.0016437916783615947,
    "psnr": 27.838289260864258,
    "ms-ssim": 0.9635694026947021,
    "bpp": 0.1697802197802198,
    "encoding_time": 0.84529709815979,
    "decoding_time": 0.6719186305999756
}