{
    "image_name": "felix-russell-saw-140699.png",
    "mse": 0.0005900831311009824,
    "psnr": 32.28111267089844,
    "ms-ssim": 0.9722769260406494,
    "bpp": 0.10867924528301887,
    "encoding_time": 0.33916401863098145,
    "decoding_time": 0.4567091464996338
}