{
    "image_name": "daniel-robert-405.png",
    "mse": 0.0019797305576503277,
    "psnr": 27.031234741210938,
    "ms-ssim": 0.960056483745575,
    "bpp": 0.18474565560821485,
    "encoding_time": 0.324603796005249,
    "decoding_time": 0.3437511920928955
}