{
    "image_name": "michael-durana-82941.png",
    "mse": 0.0015889680944383144,
    "psnr": 27.985702514648438,
    "ms-ssim": 0.9728031158447266,
    "bpp": 0.10790979853479854,
    "encoding_time": 0.3876075744628906,
    "decoding_time": 0.6280829906463623
}