{
    "image_name": "zugr-108.png",
    "mse": 0.0005898863892070949,
    "psnr": 32.2830810546875,
    "ms-ssim": 0.9842109680175781,
    "bpp": 0.07944139194139194,
    "encoding_time": 0.4319581985473633,
    "decoding_time": 0.7883195877075195
}