{
    "image_name": "alberto-montalesi-176097.png",
    "mse": 0.0005643346812576056,
    "psnr": 32.475181579589844,
    "ms-ssim": 0.9627031087875366,
    "bpp": 0.09186995597945707,
    "encoding_time": 0.49017930030822754,
    "decoding_time": 0.5497934818267822
}