{
    "image_name": "todd-quackenbush-27493.png",
    "mse": 0.0006413217051886022,
    "psnr": 31.920812606811523,
    "ms-ssim": 0.9847404360771179,
    "bpp": 0.07336035818005808,
    "encoding_time": 0.4281957149505615,
    "decoding_time": 0.5911076068878174
}