{
    "image_name": "stefan-kunze-26931.png",
    "mse": 0.0013364576734602451,
    "psnr": 28.736249923706055,
    "ms-ssim": 0.9672778844833374,
    "bpp": 0.1491976042428676,
    "encoding_time": 0.4247713088989258,
    "decoding_time": 0.7517809867858887
}