{
    "image_name": "philippe-wuyts-45997.png",
    "mse": 0.0014491905458271503,
    "psnr": 28.385257720947266,
    "ms-ssim": 0.9566056132316589,
    "bpp": 0.20580955467770773,
    "encoding_time": 0.5559427738189697,
    "decoding_time": 0.5514085292816162
}