{
    "image_name": "dogancan-ozturan-395.png",
    "mse": 0.0013617497170343995,
    "psnr": 28.655141830444336,
    "ms-ssim": 0.979598879814148,
    "bpp": 0.11354094579008074,
    "encoding_time": 0.6366004943847656,
    "decoding_time": 0.5872929096221924
}