{
    "image_name": "jared-erondu-21325.png",
    "mse": 0.0007672032224945724,
    "psnr": 31.143814086914062,
    "ms-ssim": 0.9700400829315186,
    "bpp": 0.09665750915750916,
    "encoding_time": 0.49014806747436523,
    "decoding_time": 0.6909825801849365
}