{
    "image_name": "ales-krivec-15949.png",
    "mse": 0.0004793406988028437,
    "psnr": 33.18227005004883,
    "ms-ssim": 0.9826186895370483,
    "bpp": 0.09301346801346802,
    "encoding_time": 0.39957356452941895,
    "decoding_time": 0.4905273914337158
}