{
    "image_name": "juskteez-vu-1041.png",
    "mse": 0.002723508980125189,
    "psnr": 25.646669387817383,
    "ms-ssim": 0.9437656402587891,
    "bpp": 0.2812581482184672,
    "encoding_time": 0.5722994804382324,
    "decoding_time": 0.3432490825653076
}