{
    "image_name": "roberto-nickson-48063.png",
    "mse": 0.0006140401819720864,
    "psnr": 32.10919952392578,
    "ms-ssim": 0.9791311025619507,
    "bpp": 0.07783882783882784,
    "encoding_time": 0.7339150905609131,
    "decoding_time": 0.6916749477386475
}