{
    "image_name": "nomao-saeki-33553.png",
    "mse": 0.000595862336922437,
    "psnr": 32.23934555053711,
    "ms-ssim": 0.9725896120071411,
    "bpp": 0.0814650439238653,
    "encoding_time": 0.47380518913269043,
    "decoding_time": 0.6766612529754639
}