{
    "image_name": "martin-wessely-211.png",
    "mse": 0.003819964360445738,
    "psnr": 24.177919387817383,
    "ms-ssim": 0.9343982934951782,
    "bpp": 0.24317708333333332,
    "encoding_time": 0.2460768222808838,
    "decoding_time": 0.17451238632202148
}