{
    "image_name": "schicka-307.png",
    "mse": 0.0005913231871090829,
    "psnr": 32.27164077758789,
    "ms-ssim": 0.9723867177963257,
    "bpp": 0.09619140625,
    "encoding_time": 0.08481526374816895,
    "decoding_time": 0.06725382804870605
}