{
    "image_name": "alejandro-escamilla-6.png",
    "mse": 0.00158467807341367,
    "psnr": 27.997421264648438,
    "ms-ssim": 0.9745669364929199,
    "bpp": 0.10790468633308439,
    "encoding_time": 0.4754025936126709,
    "decoding_time": 0.6061244010925293
}