{
    "image_name": "martyn-seddon-220.png",
    "mse": 0.0009875866817310452,
    "psnr": 30.048553466796875,
    "ms-ssim": 0.9591071009635925,
    "bpp": 0.1484775641025641,
    "encoding_time": 0.4956545829772949,
    "decoding_time": 0.6437687873840332
}