{
    "image_name": "vita-vilcina-3055.png",
    "mse": 0.0035288138315081596,
    "psnr": 24.522138595581055,
    "ms-ssim": 0.9806852340698242,
    "bpp": 0.14630902866196985,
    "encoding_time": 0.5612735748291016,
    "decoding_time": 0.5069875717163086
}