{
    "image_name": "lobostudio-hamburg-75377.png",
    "mse": 0.0008405203698202968,
    "psnr": 30.747541427612305,
    "ms-ssim": 0.9672066569328308,
    "bpp": 0.08736263736263736,
    "encoding_time": 0.4185197353363037,
    "decoding_time": 0.4408879280090332
}