{
    "image_name": "allef-vinicius-109434.png",
    "mse": 0.0005292950081638992,
    "psnr": 32.752723693847656,
    "ms-ssim": 0.9616064429283142,
    "bpp": 0.07855998168498168,
    "encoding_time": 0.5013647079467773,
    "decoding_time": 0.6594696044921875
}