{
    "image_name": "paul-itkin-46101.png",
    "mse": 0.006311638280749321,
    "psnr": 21.997821807861328,
    "ms-ssim": 0.9718644022941589,
    "bpp": 0.15,
    "encoding_time": 0.1086723804473877,
    "decoding_time": 0.11858415603637695
}