{
    "image_name": "jeremy-cai-1174.png",
    "mse": 0.0011050576576963067,
    "psnr": 29.56122589111328,
    "ms-ssim": 0.9837300777435303,
    "bpp": 0.10600189676195637,
    "encoding_time": 0.534062385559082,
    "decoding_time": 0.5720584392547607
}