{
    "image_name": "jason-briscoe-149782.png",
    "mse": 0.0009797437814995646,
    "psnr": 30.083045959472656,
    "ms-ssim": 0.9882810115814209,
    "bpp": 0.06149267399267399,
    "encoding_time": 0.46816539764404297,
    "decoding_time": 0.6266164779663086
}