{
    "image_name": "veeterzy-82537.png",
    "mse": 0.0015514543047174811,
    "psnr": 28.089107513427734,
    "ms-ssim": 0.9645403623580933,
    "bpp": 0.18109443631039532,
    "encoding_time": 0.7468340396881104,
    "decoding_time": 0.7843644618988037
}