{
    "image_name": "00014_TE_3680x2456.png",
    "mse": 0.0007173047633841634,
    "psnr": 31.435380935668945,
    "ms-ssim": 0.987907886505127,
    "bpp": 0.28973941368078177,
    "encoding_time": 1.7792878150939941,
    "decoding_time": 2.1848676204681396
}