{
    "image_name": "00011_TE_1744x1160.png",
    "mse": 0.0013484659139066935,
    "psnr": 28.69769287109375,
    "ms-ssim": 0.9830462336540222,
    "bpp": 0.47114837076874405,
    "encoding_time": 0.9245383739471436,
    "decoding_time": 0.4666626453399658
}