{
    "image_name": "00004_TE_1808x1352.png",
    "mse": 0.001713164965622127,
    "psnr": 27.65900993347168,
    "ms-ssim": 0.9833294749259949,
    "bpp": 0.4288893543488506,
    "encoding_time": 0.5769879817962646,
    "decoding_time": 0.5759215354919434
}