{
    "image_name": "00010_TE_2000x1128.png",
    "mse": 0.0005608288920484483,
    "psnr": 32.50231170654297,
    "ms-ssim": 0.9865791201591492,
    "bpp": 0.2938156028368794,
    "encoding_time": 0.42410778999328613,
    "decoding_time": 0.9071557521820068
}