{
    "image_name": "00005_TE_1336x872.png",
    "mse": 0.0009516995633020997,
    "psnr": 30.20945167541504,
    "ms-ssim": 0.991531252861023,
    "bpp": 0.1687359226501126,
    "encoding_time": 0.21819114685058594,
    "decoding_time": 0.3077828884124756
}