{
    "image_name": "00013_TE_1920x1280.png",
    "mse": 0.0007463635411113501,
    "psnr": 31.263065338134766,
    "ms-ssim": 0.9844182729721069,
    "bpp": 0.4054947916666667,
    "encoding_time": 0.4551081657409668,
    "decoding_time": 0.5637900829315186
}