{
    "image_name": "00012_TE_1512x2016.png",
    "mse": 0.0011118048569187522,
    "psnr": 29.534841537475586,
    "ms-ssim": 0.9774577021598816,
    "bpp": 0.5076215671453767,
    "encoding_time": 0.5573925971984863,
    "decoding_time": 0.5658824443817139
}