{
    "image_name": "00007_TE_1472x976.png",
    "mse": 0.000883323373273015,
    "psnr": 30.532642364501953,
    "ms-ssim": 0.9882216453552246,
    "bpp": 0.283833749109052,
    "encoding_time": 0.32700514793395996,
    "decoding_time": 0.30547356605529785
}