{
    "image_name": "00009_TE_1976x1312.png",
    "mse": 0.006162232253700495,
    "psnr": 22.10167694091797,
    "ms-ssim": 0.9773095846176147,
    "bpp": 0.5054927421743853,
    "encoding_time": 0.41664814949035645,
    "decoding_time": 0.4471731185913086
}