{
    "image_name": "00003_TE_1944x1296.png",
    "mse": 0.0006947192014195025,
    "psnr": 31.574377059936523,
    "ms-ssim": 0.9874653816223145,
    "bpp": 0.28778641467256005,
    "encoding_time": 0.8061366081237793,
    "decoding_time": 1.1490163803100586
}