{
    "image_name": "00016_TE_1744x2000.png",
    "mse": 0.0006339919054880738,
    "psnr": 31.970794677734375,
    "ms-ssim": 0.9599885940551758,
    "bpp": 0.45742201834862384,
    "encoding_time": 0.5975701808929443,
    "decoding_time": 0.8668348789215088
}