{
    "image_name": "00008_TE_1912x1272.png",
    "mse": 0.001240454730577767,
    "psnr": 29.059778213500977,
    "ms-ssim": 0.9851446151733398,
    "bpp": 0.3802663087813479,
    "encoding_time": 0.46073055267333984,
    "decoding_time": 0.7670016288757324
}