{
    "image_name": "00002_TE_2144x1424.png",
    "mse": 0.001043026801198721,
    "psnr": 29.811845779418945,
    "ms-ssim": 0.9780136942863464,
    "bpp": 0.4572048465537481,
    "encoding_time": 0.5521314144134521,
    "decoding_time": 1.0620718002319336
}