{
    "image_name": "00006_TE_1544x1120.png",
    "mse": 0.0014867328573018312,
    "psnr": 28.27402114868164,
    "ms-ssim": 0.9895471334457397,
    "bpp": 0.3195780903034789,
    "encoding_time": 0.6397292613983154,
    "decoding_time": 0.9267072677612305
}