{
    "image_name": "00015_TE_3680x2456.png",
    "mse": 0.0008515534573234618,
    "psnr": 30.691431045532227,
    "ms-ssim": 0.9895641803741455,
    "bpp": 0.2394738705565784,
    "encoding_time": 1.4245970249176025,
    "decoding_time": 1.7180469036102295
}