{
    "image_name": "6.png",
    "mse": 0.0007360537420026958,
    "psnr": 31.32402992248535,
    "ms-ssim": 0.9649776220321655,
    "bpp": 0.4258626302083333,
    "encoding_time": 0.2047874927520752,
    "decoding_time": 0.10997271537780762
}