{
    "image_name": "9.png",
    "mse": 0.00035916792694479227,
    "psnr": 34.431678771972656,
    "ms-ssim": 0.9797967672348022,
    "bpp": 0.19278971354166666,
    "encoding_time": 0.1528327465057373,
    "decoding_time": 0.1957690715789795
}