{
    "image_name": "15.png",
    "mse": 0.0004888817202299833,
    "psnr": 33.097251892089844,
    "ms-ssim": 0.9676234722137451,
    "bpp": 0.216552734375,
    "encoding_time": 0.14337635040283203,
    "decoding_time": 0.16851115226745605
}