{
    "image_name": "19.png",
    "mse": 0.0006213246961124241,
    "psnr": 32.057926177978516,
    "ms-ssim": 0.9647628664970398,
    "bpp": 0.281982421875,
    "encoding_time": 0.13619685173034668,
    "decoding_time": 0.13004779815673828
}