{
    "image_name": "3.png",
    "mse": 0.00032764277420938015,
    "psnr": 34.829261779785156,
    "ms-ssim": 0.9747869968414307,
    "bpp": 0.17138671875,
    "encoding_time": 0.1150517463684082,
    "decoding_time": 0.2294604778289795
}