{
    "image_name": "23.png",
    "mse": 0.0003034835390280932,
    "psnr": 35.160011291503906,
    "ms-ssim": 0.9759411811828613,
    "bpp": 0.15413411458333334,
    "encoding_time": 0.2805354595184326,
    "decoding_time": 0.07883477210998535
}