{
    "image_name": "17.png",
    "mse": 0.00045884348219260573,
    "psnr": 33.3709831237793,
    "ms-ssim": 0.9721072912216187,
    "bpp": 0.23299153645833334,
    "encoding_time": 0.1492006778717041,
    "decoding_time": 0.1204533576965332
}