{
    "image_name": "4.png",
    "mse": 0.0005182743188925087,
    "psnr": 32.84422302246094,
    "ms-ssim": 0.9596724510192871,
    "bpp": 0.22298177083333334,
    "encoding_time": 0.10535573959350586,
    "decoding_time": 0.12687277793884277
}