{
    "image_name": "1.png",
    "mse": 0.001057176385074854,
    "psnr": 29.753223419189453,
    "ms-ssim": 0.9733278155326843,
    "bpp": 0.5813802083333334,
    "encoding_time": 0.1387953758239746,
    "decoding_time": 0.15430450439453125
}