{
    "image_name": "8.png",
    "mse": 0.001022651675157249,
    "psnr": 29.897193908691406,
    "ms-ssim": 0.9790238738059998,
    "bpp": 0.6471354166666666,
    "encoding_time": 0.07996606826782227,
    "decoding_time": 0.1171572208404541
}