{
    "image_name": "2.png",
    "mse": 0.0005762112559750676,
    "psnr": 32.38424301147461,
    "ms-ssim": 0.9415873289108276,
    "bpp": 0.197021484375,
    "encoding_time": 0.09892630577087402,
    "decoding_time": 0.22022795677185059
}