{
    "image_name": "7.png",
    "mse": 0.0003925221390090883,
    "psnr": 34.0465202331543,
    "ms-ssim": 0.9843239188194275,
    "bpp": 0.24690755208333334,
    "encoding_time": 0.1559293270111084,
    "decoding_time": 0.17423057556152344
}