{
    "image_name": "5.png",
    "mse": 0.0009042624733410776,
    "psnr": 30.430866241455078,
    "ms-ssim": 0.9786068201065063,
    "bpp": 0.620849609375,
    "encoding_time": 0.08253645896911621,
    "decoding_time": 0.11383748054504395
}