{
    "image_name": "24.png",
    "mse": 0.000812420214060694,
    "psnr": 30.895788192749023,
    "ms-ssim": 0.9725043773651123,
    "bpp": 0.5009765625,
    "encoding_time": 0.07575321197509766,
    "decoding_time": 0.25461316108703613
}