{
    "image_name": "13.png",
    "mse": 0.0013448380632326007,
    "psnr": 28.70893669128418,
    "ms-ssim": 0.9685797691345215,
    "bpp": 0.8837890625,
    "encoding_time": 0.1868438720703125,
    "decoding_time": 0.10754871368408203
}