{
    "image_name": "11.png",
    "mse": 0.000689338892698288,
    "psnr": 31.607810974121094,
    "ms-ssim": 0.9610188007354736,
    "bpp": 0.3428548177083333,
    "encoding_time": 0.08372783660888672,
    "decoding_time": 0.3184216022491455
}