{
    "image_name": "12.png",
    "mse": 0.0004130144661758095,
    "psnr": 33.82689666748047,
    "ms-ssim": 0.9593842029571533,
    "bpp": 0.17854817708333334,
    "encoding_time": 0.07939672470092773,
    "decoding_time": 0.0951240062713623
}