{
    "image_name": "18.png",
    "mse": 0.0008693902636878192,
    "psnr": 30.601381301879883,
    "ms-ssim": 0.9650167226791382,
    "bpp": 0.49560546875,
    "encoding_time": 0.12907814979553223,
    "decoding_time": 0.16907405853271484
}