{
    "image_name": "20.png",
    "mse": 0.0004217592650093138,
    "psnr": 33.74022674560547,
    "ms-ssim": 0.977786660194397,
    "bpp": 0.20979817708333334,
    "encoding_time": 0.19808030128479004,
    "decoding_time": 0.12213134765625
}