{
    "image_name": "16.png",
    "mse": 0.000528842443600297,
    "psnr": 32.7557373046875,
    "ms-ssim": 0.9627777338027954,
    "bpp": 0.24112955729166666,
    "encoding_time": 0.12858843803405762,
    "decoding_time": 0.1489720344543457
}