{
    "mean_loss": 0.46177076503867687,
    "mean_bpp": 0.46172756618923616,
    "mean_psnr": 33.962277015050255,
    "mean_msssim": 0.9785778746008873,
    "mean_msssim_dB": 16.691374427798518,
    "mean_enc_time": 0.47064417600631714,
    "mean_dec_time": 0.5411274333794912
}