{
    "image_name": "17.png",
    "mse": 0.0003123778442386538,
    "psnr": 35.03459167480469,
    "ms-ssim": 0.9806639552116394,
    "bpp": 0.30419921875,
    "encoding_time": 0.45185017585754395,
    "decoding_time": 0.6310470104217529
}