{
    "image_name": "21.png",
    "mse": 0.0004294159880373627,
    "psnr": 33.65858459472656,
    "ms-ssim": 0.9817835688591003,
    "bpp": 0.5132649739583334,
    "encoding_time": 0.3712010383605957,
    "decoding_time": 0.2688918113708496
}