{
    "image_name": "12.png",
    "mse": 0.00029016967164352536,
    "psnr": 35.354164123535156,
    "ms-ssim": 0.9707313776016235,
    "bpp": 0.22420247395833334,
    "encoding_time": 0.19401097297668457,
    "decoding_time": 0.2866053581237793
}