{
    "image_name": "2.png",
    "mse": 0.0004049140552524477,
    "psnr": 33.91225814819336,
    "ms-ssim": 0.9582893252372742,
    "bpp": 0.2648111979166667,
    "encoding_time": 0.23493123054504395,
    "decoding_time": 0.8929579257965088
}