{
    "image_name": "10.png",
    "mse": 0.0002582673041615635,
    "psnr": 35.858062744140625,
    "ms-ssim": 0.9817160367965698,
    "bpp": 0.2547200520833333,
    "encoding_time": 0.3216860294342041,
    "decoding_time": 0.31543707847595215
}