{
    "image_name": "23.png",
    "mse": 0.00021019759878981858,
    "psnr": 36.74681091308594,
    "ms-ssim": 0.9820784330368042,
    "bpp": 0.18570963541666666,
    "encoding_time": 1.0616743564605713,
    "decoding_time": 0.7330238819122314
}