{
    "image_name": "4.png",
    "mse": 0.0003586606471799314,
    "psnr": 34.43769836425781,
    "ms-ssim": 0.9717425107955933,
    "bpp": 0.3037923177083333,
    "encoding_time": 0.40393686294555664,
    "decoding_time": 0.4170985221862793
}