{
    "image_name": "8.png",
    "mse": 0.000693930487614125,
    "psnr": 31.579469680786133,
    "ms-ssim": 0.9854773283004761,
    "bpp": 0.819091796875,
    "encoding_time": 0.7786228656768799,
    "decoding_time": 0.6468236446380615
}