{
    "image_name": "11.png",
    "mse": 0.00046122033381834626,
    "psnr": 33.34934997558594,
    "ms-ssim": 0.9735872745513916,
    "bpp": 0.4595540364583333,
    "encoding_time": 0.17917275428771973,
    "decoding_time": 0.30924415588378906
}