{
    "image_name": "18.png",
    "mse": 0.0006044920883141458,
    "psnr": 32.17706298828125,
    "ms-ssim": 0.9761805534362793,
    "bpp": 0.6500651041666666,
    "encoding_time": 0.6094739437103271,
    "decoding_time": 0.8203239440917969
}