{
    "image_name": "5.png",
    "mse": 0.0005694233695976436,
    "psnr": 32.43640899658203,
    "ms-ssim": 0.9863916635513306,
    "bpp": 0.795654296875,
    "encoding_time": 0.40670323371887207,
    "decoding_time": 0.2288217544555664
}