{
    "image_name": "24.png",
    "mse": 0.0005537982797250152,
    "psnr": 32.556915283203125,
    "ms-ssim": 0.9823144674301147,
    "bpp": 0.64892578125,
    "encoding_time": 0.16203641891479492,
    "decoding_time": 0.29604268074035645
}