{
    "image_name": "1.png",
    "mse": 0.0006597722531296313,
    "psnr": 31.797597885131836,
    "ms-ssim": 0.983095645904541,
    "bpp": 0.7964680989583334,
    "encoding_time": 0.41899871826171875,
    "decoding_time": 1.0602898597717285
}