{
    "image_name": "22.png",
    "mse": 0.000494454347062856,
    "psnr": 33.046775817871094,
    "ms-ssim": 0.9687706232070923,
    "bpp": 0.4637858072916667,
    "encoding_time": 0.40873289108276367,
    "decoding_time": 0.2555534839630127
}