{
    "image_name": "15.png",
    "mse": 0.00034189378493465483,
    "psnr": 34.64501190185547,
    "ms-ssim": 0.9763344526290894,
    "bpp": 0.282958984375,
    "encoding_time": 0.28385114669799805,
    "decoding_time": 0.5191683769226074
}