{
    "image_name": "19.png",
    "mse": 0.00041640264680609107,
    "psnr": 33.790740966796875,
    "ms-ssim": 0.9763361811637878,
    "bpp": 0.40087890625,
    "encoding_time": 0.8092129230499268,
    "decoding_time": 0.5865926742553711
}