{
    "image_name": "3.png",
    "mse": 0.0002188780636060983,
    "psnr": 36.571495056152344,
    "ms-ssim": 0.9815842509269714,
    "bpp": 0.2109375,
    "encoding_time": 0.7113244533538818,
    "decoding_time": 1.036576271057129
}