{
    "image_name": "20.png",
    "mse": 0.00028364546597003937,
    "psnr": 35.459468841552734,
    "ms-ssim": 0.9841377139091492,
    "bpp": 0.2710774739583333,
    "encoding_time": 0.32136106491088867,
    "decoding_time": 0.4176321029663086
}