{
    "image_name": "6.png",
    "mse": 0.0004837578162550926,
    "psnr": 33.14268493652344,
    "ms-ssim": 0.976904034614563,
    "bpp": 0.566650390625,
    "encoding_time": 0.26485586166381836,
    "decoding_time": 0.2550516128540039
}