{
    "image_name": "14.png",
    "mse": 0.000565388472750783,
    "psnr": 32.466758728027344,
    "ms-ssim": 0.9782611131668091,
    "bpp": 0.61962890625,
    "encoding_time": 0.6499037742614746,
    "decoding_time": 0.24603009223937988
}