{
    "image_name": "16.png",
    "mse": 0.0003475654521025717,
    "psnr": 34.57342529296875,
    "ms-ssim": 0.9756514430046082,
    "bpp": 0.342529296875,
    "encoding_time": 0.7989954948425293,
    "decoding_time": 0.6439721584320068
}