{
    "mean_loss": 0.11494665023220911,
    "mean_bpp": 0.1119222222222222,
    "mean_psnr": 29.272489376068116,
    "mean_msssim": 0.9697557199001312,
    "mean_msssim_dB": 15.193567484809963,
    "mean_enc_time": 0.6923326778411866,
    "mean_dec_time": 0.862652153968811
}