{
    "image_name": "RGB_OR_1200x1200_031.png",
    "mse": 0.001446486683562398,
    "psnr": 28.39297866821289,
    "ms-ssim": 0.9696577787399292,
    "bpp": 0.13242222222222222,
    "encoding_time": 0.9893767833709717,
    "decoding_time": 1.061645746231079
}