{
    "image_name": "RGB_OR_1200x1200_047.png",
    "mse": 0.0018044206080958247,
    "psnr": 27.433597564697266,
    "ms-ssim": 0.9674601554870605,
    "bpp": 0.10982222222222222,
    "encoding_time": 0.4404768943786621,
    "decoding_time": 0.5375754833221436
}