{
    "image_name": "RGB_OR_1200x1200_034.png",
    "mse": 0.0007707947515882552,
    "psnr": 31.123624801635742,
    "ms-ssim": 0.9804878234863281,
    "bpp": 0.07584444444444445,
    "encoding_time": 0.8929581642150879,
    "decoding_time": 0.7355928421020508
}