{
    "image_name": "RGB_OR_1200x1200_056.png",
    "mse": 0.00047017718316055834,
    "psnr": 33.26569747924805,
    "ms-ssim": 0.9774488210678101,
    "bpp": 0.07066666666666667,
    "encoding_time": 0.4079122543334961,
    "decoding_time": 1.01139235496521
}