{
    "image_name": "RGB_OR_1200x1200_088.png",
    "mse": 0.001260249875485897,
    "psnr": 28.990943908691406,
    "ms-ssim": 0.9713129997253418,
    "bpp": 0.11815555555555556,
    "encoding_time": 0.5217559337615967,
    "decoding_time": 0.522479772567749
}