{
    "image_name": "RGB_OR_1200x1200_038.png",
    "mse": 0.000629717018455267,
    "psnr": 32.00041961669922,
    "ms-ssim": 0.9796955585479736,
    "bpp": 0.07635555555555555,
    "encoding_time": 0.542971134185791,
    "decoding_time": 0.9424245357513428
}