{
    "image_name": "RGB_OR_1200x1200_095.png",
    "mse": 0.004123554099351168,
    "psnr": 23.845840454101562,
    "ms-ssim": 0.9496090412139893,
    "bpp": 0.20504444444444445,
    "encoding_time": 0.6165955066680908,
    "decoding_time": 1.0986979007720947
}