{
    "image_name": "RGB_OR_1200x1200_057.png",
    "mse": 0.0005885239806957543,
    "psnr": 32.29305648803711,
    "ms-ssim": 0.9704008102416992,
    "bpp": 0.07675555555555555,
    "encoding_time": 0.6739232540130615,
    "decoding_time": 0.5617601871490479
}