{
    "image_name": "RGB_OR_1200x1200_021.png",
    "mse": 0.0014246150385588408,
    "psnr": 28.459001541137695,
    "ms-ssim": 0.9824604392051697,
    "bpp": 0.07635555555555555,
    "encoding_time": 0.526482105255127,
    "decoding_time": 0.553292989730835
}