{
    "image_name": "RGB_OR_1200x1200_048.png",
    "mse": 0.002288227202370763,
    "psnr": 26.402584075927734,
    "ms-ssim": 0.9579235315322876,
    "bpp": 0.16184444444444446,
    "encoding_time": 0.6726839542388916,
    "decoding_time": 0.8747045993804932
}