{
    "image_name": "RGB_OR_1200x1200_077.png",
    "mse": 0.0007079872884787619,
    "psnr": 31.491724014282227,
    "ms-ssim": 0.9396347403526306,
    "bpp": 0.10913333333333333,
    "encoding_time": 0.8512535095214844,
    "decoding_time": 1.0911455154418945
}