{
    "image_name": "RGB_OR_1200x1200_066.png",
    "mse": 0.0008810373838059604,
    "psnr": 30.543716430664062,
    "ms-ssim": 0.9779621958732605,
    "bpp": 0.08448888888888889,
    "encoding_time": 0.6509132385253906,
    "decoding_time": 0.79195237159729
}