{
    "image_name": "RGB_OR_1200x1200_017.png",
    "mse": 0.0013836942380294204,
    "psnr": 28.585512161254883,
    "ms-ssim": 0.9695257544517517,
    "bpp": 0.1381111111111111,
    "encoding_time": 0.8872270584106445,
    "decoding_time": 1.1664059162139893
}