{
    "image_name": "RGB_OR_1200x1200_041.png",
    "mse": 0.001419263775460422,
    "psnr": 28.47542953491211,
    "ms-ssim": 0.9698085784912109,
    "bpp": 0.11286666666666667,
    "encoding_time": 0.46482253074645996,
    "decoding_time": 0.9779224395751953
}