{
    "image_name": "RGB_OR_1200x1200_023.png",
    "mse": 0.002675204537808895,
    "psnr": 25.724403381347656,
    "ms-ssim": 0.972347617149353,
    "bpp": 0.09988888888888889,
    "encoding_time": 0.73822021484375,
    "decoding_time": 0.9873645305633545
}