{
    "image_name": "RGB_OR_1200x1200_032.png",
    "mse": 0.0018740281229838729,
    "psnr": 27.269153594970703,
    "ms-ssim": 0.9561876058578491,
    "bpp": 0.17193333333333333,
    "encoding_time": 0.6388545036315918,
    "decoding_time": 1.4543907642364502
}