{
    "image_name": "RGB_OR_1200x1200_075.png",
    "mse": 0.0009692023741081357,
    "psnr": 30.130435943603516,
    "ms-ssim": 0.9704495668411255,
    "bpp": 0.08357777777777778,
    "encoding_time": 0.5176165103912354,
    "decoding_time": 0.74955153465271
}