{
    "image_name": "RGB_OR_1200x1200_025.png",
    "mse": 0.0007288496126420796,
    "psnr": 31.365514755249023,
    "ms-ssim": 0.9802130460739136,
    "bpp": 0.06968888888888888,
    "encoding_time": 0.7714130878448486,
    "decoding_time": 0.8895986080169678
}