{
    "image_name": "RGB_OR_1200x1200_045.png",
    "mse": 0.0008855577325448394,
    "psnr": 30.52190399169922,
    "ms-ssim": 0.9757386445999146,
    "bpp": 0.0848,
    "encoding_time": 0.8757956027984619,
    "decoding_time": 0.7928869724273682
}