{
    "image_name": "RGB_OR_1200x1200_073.png",
    "mse": 0.00046473307884298265,
    "psnr": 33.31706237792969,
    "ms-ssim": 0.9812731742858887,
    "bpp": 0.04077777777777778,
    "encoding_time": 0.496307373046875,
    "decoding_time": 1.5515878200531006
}