{
    "image_name": "RGB_OR_1200x1200_052.png",
    "mse": 0.00146576133556664,
    "psnr": 28.335630416870117,
    "ms-ssim": 0.9726571440696716,
    "bpp": 0.13477777777777777,
    "encoding_time": 0.3997066020965576,
    "decoding_time": 0.5891590118408203
}