{
    "image_name": "RGB_OR_1200x1200_016.png",
    "mse": 0.0031112730503082275,
    "psnr": 25.06877899169922,
    "ms-ssim": 0.9557303786277771,
    "bpp": 0.18264444444444444,
    "encoding_time": 0.6045722961425781,
    "decoding_time": 0.6477296352386475
}