{
    "image_name": "RGB_OR_1200x1200_020.png",
    "mse": 0.0014066024450585246,
    "psnr": 28.514371871948242,
    "ms-ssim": 0.9555463790893555,
    "bpp": 0.1688,
    "encoding_time": 0.4495577812194824,
    "decoding_time": 1.3082671165466309
}