{
    "image_name": "RGB_OR_1200x1200_094.png",
    "mse": 0.0024097764398902655,
    "psnr": 26.177812576293945,
    "ms-ssim": 0.9740164279937744,
    "bpp": 0.11144444444444444,
    "encoding_time": 0.6344780921936035,
    "decoding_time": 0.6806259155273438
}