{
    "image_name": "RGB_OR_1200x1200_092.png",
    "mse": 0.0005091524799354374,
    "psnr": 32.92104721069336,
    "ms-ssim": 0.9708420634269714,
    "bpp": 0.02957777777777778,
    "encoding_time": 0.39441442489624023,
    "decoding_time": 1.0823540687561035
}