{
    "image_name": "RGB_OR_1200x1200_074.png",
    "mse": 0.0003952952101826668,
    "psnr": 34.016807556152344,
    "ms-ssim": 0.9660264253616333,
    "bpp": 0.06317777777777778,
    "encoding_time": 0.8072597980499268,
    "decoding_time": 1.0869035720825195
}