{
    "image_name": "RGB_OR_1200x1200_055.png",
    "mse": 0.0014619569992646575,
    "psnr": 28.346878051757812,
    "ms-ssim": 0.9774510264396667,
    "bpp": 0.11731111111111112,
    "encoding_time": 0.5832157135009766,
    "decoding_time": 1.6293292045593262
}