{
    "image_name": "RGB_OR_1200x1200_014.png",
    "mse": 0.0009352360502816737,
    "psnr": 30.285198211669922,
    "ms-ssim": 0.9808682799339294,
    "bpp": 0.07413333333333333,
    "encoding_time": 0.5936424732208252,
    "decoding_time": 0.7403161525726318
}