{
    "image_name": "RGB_OR_1200x1200_058.png",
    "mse": 0.0012120251776650548,
    "psnr": 29.160511016845703,
    "ms-ssim": 0.9729475378990173,
    "bpp": 0.11184444444444444,
    "encoding_time": 0.6161611080169678,
    "decoding_time": 1.1435871124267578
}