{
    "image_name": "RGB_OR_1200x1200_099.png",
    "mse": 0.0010611163452267647,
    "psnr": 29.737194061279297,
    "ms-ssim": 0.9617724418640137,
    "bpp": 0.1287111111111111,
    "encoding_time": 0.5837018489837646,
    "decoding_time": 0.7590796947479248
}