{
    "image_name": "RGB_OR_1200x1200_030.png",
    "mse": 0.0018378329696133733,
    "psnr": 27.3539981842041,
    "ms-ssim": 0.9590449333190918,
    "bpp": 0.16444444444444445,
    "encoding_time": 0.4005458354949951,
    "decoding_time": 1.0527479648590088
}