{
    "image_name": "RGB_OR_1200x1200_098.png",
    "mse": 0.0034563776571303606,
    "psnr": 24.612123489379883,
    "ms-ssim": 0.9542598724365234,
    "bpp": 0.23175555555555555,
    "encoding_time": 1.06223464012146,
    "decoding_time": 0.9096920490264893
}