{
    "image_name": "RGB_OR_1200x1200_087.png",
    "mse": 0.0033608684316277504,
    "psnr": 24.733840942382812,
    "ms-ssim": 0.9452958106994629,
    "bpp": 0.23137777777777777,
    "encoding_time": 0.6973459720611572,
    "decoding_time": 1.001842975616455
}