{
    "image_name": "RGB_OR_1200x1200_039.png",
    "mse": 0.001460129744373262,
    "psnr": 28.35215187072754,
    "ms-ssim": 0.9656938314437866,
    "bpp": 0.13393333333333332,
    "encoding_time": 0.5871291160583496,
    "decoding_time": 0.9746129512786865
}