{
    "image_name": "RGB_OR_1200x1200_009.png",
    "mse": 0.0006525983917526901,
    "psnr": 31.845081329345703,
    "ms-ssim": 0.9852626323699951,
    "bpp": 0.05748888888888889,
    "encoding_time": 0.4342207908630371,
    "decoding_time": 0.6537649631500244
}