{
    "image_name": "RGB_OR_1200x1200_001.png",
    "mse": 0.0009421578142791986,
    "psnr": 30.252426147460938,
    "ms-ssim": 0.9824219942092896,
    "bpp": 0.06662222222222222,
    "encoding_time": 0.7589669227600098,
    "decoding_time": 0.8430180549621582
}