{
    "image_name": "RGB_OR_1200x1200_079.png",
    "mse": 0.002122216857969761,
    "psnr": 26.729549407958984,
    "ms-ssim": 0.9840442538261414,
    "bpp": 0.07404444444444444,
    "encoding_time": 0.39535093307495117,
    "decoding_time": 0.5808587074279785
}