{
    "image_name": "RGB_OR_1200x1200_072.png",
    "mse": 0.002381204627454281,
    "psnr": 26.229625701904297,
    "ms-ssim": 0.9710029363632202,
    "bpp": 0.1350888888888889,
    "encoding_time": 1.3176841735839844,
    "decoding_time": 0.7071821689605713
}