{
    "image_name": "RGB_OR_1200x1200_069.png",
    "mse": 0.0017630847869440913,
    "psnr": 27.534019470214844,
    "ms-ssim": 0.976017951965332,
    "bpp": 0.08877777777777777,
    "encoding_time": 0.3907010555267334,
    "decoding_time": 1.0106420516967773
}