{
    "image_name": "RGB_OR_1200x1200_010.png",
    "mse": 0.0008825534023344517,
    "psnr": 30.536096572875977,
    "ms-ssim": 0.9666913747787476,
    "bpp": 0.11991111111111111,
    "encoding_time": 0.5589146614074707,
    "decoding_time": 0.6665246486663818
}