{
    "image_name": "RGB_OR_1200x1200_065.png",
    "mse": 0.002837486332282424,
    "psnr": 25.468599319458008,
    "ms-ssim": 0.9645953178405762,
    "bpp": 0.11164444444444445,
    "encoding_time": 0.5450170040130615,
    "decoding_time": 0.7099707126617432
}