{
    "image_name": "RGB_OR_1200x1200_064.png",
    "mse": 0.0016967728734016418,
    "psnr": 27.700450897216797,
    "ms-ssim": 0.9698196649551392,
    "bpp": 0.1416888888888889,
    "encoding_time": 0.6657347679138184,
    "decoding_time": 0.6474342346191406
}