{
    "image_name": "RGB_OR_1200x1200_012.png",
    "mse": 0.00112649064976722,
    "psnr": 29.477693557739258,
    "ms-ssim": 0.9774036407470703,
    "bpp": 0.07537777777777778,
    "encoding_time": 0.7772200107574463,
    "decoding_time": 0.896092414855957
}