{
    "image_name": "RGB_OR_1200x1200_086.png",
    "mse": 0.0015771057223901153,
    "psnr": 28.017902374267578,
    "ms-ssim": 0.9380251169204712,
    "bpp": 0.23862222222222224,
    "encoding_time": 0.8878946304321289,
    "decoding_time": 0.881988525390625
}