{
    "image_name": "RGB_OR_1200x1200_027.png",
    "mse": 0.0016598209040239453,
    "psnr": 27.796003341674805,
    "ms-ssim": 0.9704698324203491,
    "bpp": 0.11906666666666667,
    "encoding_time": 0.8593275547027588,
    "decoding_time": 0.9954221248626709
}