{
    "image_name": "RGB_OR_1200x1200_090.png",
    "mse": 0.0031838512513786554,
    "psnr": 24.96870231628418,
    "ms-ssim": 0.9574949741363525,
    "bpp": 0.18035555555555555,
    "encoding_time": 0.722877025604248,
    "decoding_time": 0.6661489009857178
}