{
    "image_name": "RGB_OR_1200x1200_029.png",
    "mse": 0.0010180720128118992,
    "psnr": 29.91692352294922,
    "ms-ssim": 0.9742592573165894,
    "bpp": 0.1044,
    "encoding_time": 0.6588985919952393,
    "decoding_time": 0.8649511337280273
}