{
    "image_name": "RGB_OR_1200x1200_037.png",
    "mse": 0.0008957485551945865,
    "psnr": 30.471942901611328,
    "ms-ssim": 0.9705473780632019,
    "bpp": 0.10217777777777778,
    "encoding_time": 0.9092366695404053,
    "decoding_time": 0.5736098289489746
}