{
    "image_name": "RGB_OR_1200x1200_062.png",
    "mse": 0.004029856529086828,
    "psnr": 23.94573211669922,
    "ms-ssim": 0.9488554000854492,
    "bpp": 0.2266,
    "encoding_time": 0.7058899402618408,
    "decoding_time": 0.4727497100830078
}