{
    "image_name": "RGB_OR_1200x1200_082.png",
    "mse": 0.0025085746310651302,
    "psnr": 26.003589630126953,
    "ms-ssim": 0.942393958568573,
    "bpp": 0.23155555555555554,
    "encoding_time": 0.5561370849609375,
    "decoding_time": 0.570976734161377
}