{
    "image_name": "RGB_OR_1200x1200_018.png",
    "mse": 0.0036608190275728703,
    "psnr": 24.36260223388672,
    "ms-ssim": 0.9607352018356323,
    "bpp": 0.17304444444444445,
    "encoding_time": 0.6083805561065674,
    "decoding_time": 0.9744348526000977
}