{
    "image_name": "RGB_OR_1200x1200_080.png",
    "mse": 0.0005314848385751247,
    "psnr": 32.73471450805664,
    "ms-ssim": 0.975151538848877,
    "bpp": 0.08017777777777778,
    "encoding_time": 0.6835758686065674,
    "decoding_time": 0.5679247379302979
}