{
    "image_name": "RGB_OR_1200x1200_043.png",
    "mse": 0.002327193506062031,
    "psnr": 26.329252243041992,
    "ms-ssim": 0.9494673013687134,
    "bpp": 0.2195777777777778,
    "encoding_time": 0.4343750476837158,
    "decoding_time": 1.0542287826538086
}