{
    "image_name": "RGB_OR_1200x1200_071.png",
    "mse": 0.0008829961298033595,
    "psnr": 30.533775329589844,
    "ms-ssim": 0.976302981376648,
    "bpp": 0.05753333333333333,
    "encoding_time": 0.8047745227813721,
    "decoding_time": 0.65694260597229
}