{
    "image_name": "RGB_OR_1200x1200_050.png",
    "mse": 0.0009308533044531941,
    "psnr": 30.305126190185547,
    "ms-ssim": 0.965624988079071,
    "bpp": 0.11191111111111111,
    "encoding_time": 0.8033607006072998,
    "decoding_time": 0.6409428119659424
}