{
    "image_name": "RGB_OR_1200x1200_022.png",
    "mse": 0.0007781596505083144,
    "psnr": 31.082305908203125,
    "ms-ssim": 0.9698967337608337,
    "bpp": 0.11388888888888889,
    "encoding_time": 0.5931425094604492,
    "decoding_time": 0.4788198471069336
}