{
    "image_name": "RGB_OR_1200x1200_085.png",
    "mse": 0.0009099246235564351,
    "psnr": 30.403928756713867,
    "ms-ssim": 0.9605547785758972,
    "bpp": 0.13357777777777777,
    "encoding_time": 1.1524274349212646,
    "decoding_time": 0.8241705894470215
}