{
    "image_name": "RGB_OR_1200x1200_033.png",
    "mse": 0.0015551383839920163,
    "psnr": 28.078977584838867,
    "ms-ssim": 0.9654843211174011,
    "bpp": 0.1466888888888889,
    "encoding_time": 0.5633940696716309,
    "decoding_time": 0.978569746017456
}