{
    "image_name": "RGB_OR_1200x1200_053.png",
    "mse": 0.0006614800076931715,
    "psnr": 31.78558349609375,
    "ms-ssim": 0.9876865744590759,
    "bpp": 0.054822222222222224,
    "encoding_time": 0.5874216556549072,
    "decoding_time": 0.7409818172454834
}