{
    "image_name": "RGB_OR_1200x1200_008.png",
    "mse": 0.0013687170576304197,
    "psnr": 28.632741928100586,
    "ms-ssim": 0.9605617523193359,
    "bpp": 0.1492,
    "encoding_time": 0.3991532325744629,
    "decoding_time": 0.6520202159881592
}