{
    "image_name": "RGB_OR_1200x1200_035.png",
    "mse": 0.001506336499005556,
    "psnr": 28.216997146606445,
    "ms-ssim": 0.9698593020439148,
    "bpp": 0.12173333333333333,
    "encoding_time": 1.1428823471069336,
    "decoding_time": 0.8203768730163574
}