{
    "image_name": "RGB_OR_1200x1200_070.png",
    "mse": 0.0008208761573769152,
    "psnr": 30.850666046142578,
    "ms-ssim": 0.9582604169845581,
    "bpp": 0.12966666666666668,
    "encoding_time": 0.46210789680480957,
    "decoding_time": 0.966456413269043
}