{
    "image_name": "RGB_OR_1200x1200_097.png",
    "mse": 0.001449638162739575,
    "psnr": 28.383441925048828,
    "ms-ssim": 0.985445499420166,
    "bpp": 0.07424444444444445,
    "encoding_time": 0.6690149307250977,
    "decoding_time": 1.017307996749878
}