{
    "image_name": "RGB_OR_1200x1200_081.png",
    "mse": 0.0015894215321168303,
    "psnr": 27.984012603759766,
    "ms-ssim": 0.9773935079574585,
    "bpp": 0.0952,
    "encoding_time": 0.5135259628295898,
    "decoding_time": 0.5912754535675049
}