{
    "image_name": "RGB_OR_1200x1200_011.png",
    "mse": 0.0022076230961829424,
    "psnr": 26.558401107788086,
    "ms-ssim": 0.9688726663589478,
    "bpp": 0.14024444444444445,
    "encoding_time": 0.973738431930542,
    "decoding_time": 0.869168758392334
}