{
    "image_name": "RGB_OR_1200x1200_028.png",
    "mse": 0.00038674523239023983,
    "psnr": 34.11119842529297,
    "ms-ssim": 0.9815002679824829,
    "bpp": 0.0692,
    "encoding_time": 0.6789097785949707,
    "decoding_time": 1.111800193786621
}