{
    "image_name": "RGB_OR_1200x1200_067.png",
    "mse": 0.0010149480076506734,
    "psnr": 29.93056297302246,
    "ms-ssim": 0.9668011665344238,
    "bpp": 0.08708888888888888,
    "encoding_time": 0.8859870433807373,
    "decoding_time": 0.9429199695587158
}