{
    "image_name": "RGB_OR_1200x1200_042.png",
    "mse": 0.0009847485926002264,
    "psnr": 30.061246871948242,
    "ms-ssim": 0.9707520008087158,
    "bpp": 0.10484444444444445,
    "encoding_time": 0.6587586402893066,
    "decoding_time": 0.9871940612792969
}