{
    "image_name": "RGB_OR_1200x1200_007.png",
    "mse": 0.0016585256671532989,
    "psnr": 27.7995548248291,
    "ms-ssim": 0.9760624766349792,
    "bpp": 0.09797777777777777,
    "encoding_time": 0.6658458709716797,
    "decoding_time": 0.8131918907165527
}