{
    "image_name": "RGB_OR_1200x1200_026.png",
    "mse": 0.003950758837163448,
    "psnr": 24.03188705444336,
    "ms-ssim": 0.964066207408905,
    "bpp": 0.1625111111111111,
    "encoding_time": 0.5584979057312012,
    "decoding_time": 1.152949333190918
}