{
    "image_name": "RGB_OR_1200x1200_006.png",
    "mse": 0.0005442261463031173,
    "psnr": 32.63264083862305,
    "ms-ssim": 0.9549309015274048,
    "bpp": 0.0912,
    "encoding_time": 0.6341068744659424,
    "decoding_time": 1.1453921794891357
}