{
    "image_name": "RGB_OR_1200x1200_036.png",
    "mse": 0.0002560252614784986,
    "psnr": 35.89601516723633,
    "ms-ssim": 0.9825992584228516,
    "bpp": 0.03051111111111111,
    "encoding_time": 1.0818064212799072,
    "decoding_time": 0.6862075328826904
}