{
    "image_name": "RGB_OR_1200x1200_091.png",
    "mse": 0.000875799567438662,
    "psnr": 30.572458267211914,
    "ms-ssim": 0.9820605516433716,
    "bpp": 0.08491111111111112,
    "encoding_time": 0.8562777042388916,
    "decoding_time": 0.7466838359832764
}