{
    "image_name": "RGB_OR_1200x1200_083.png",
    "mse": 0.0012046747142449021,
    "psnr": 29.186607360839844,
    "ms-ssim": 0.9801017642021179,
    "bpp": 0.0752,
    "encoding_time": 1.045886516571045,
    "decoding_time": 0.9846978187561035
}