{
    "image_name": "RGB_OR_1200x1200_061.png",
    "mse": 0.0025591065641492605,
    "psnr": 25.91687774658203,
    "ms-ssim": 0.9592735767364502,
    "bpp": 0.18511111111111112,
    "encoding_time": 0.9420900344848633,
    "decoding_time": 0.8684256076812744
}