{
    "image_name": "RGB_OR_1200x1200_078.png",
    "mse": 0.0008570635109208524,
    "psnr": 30.663419723510742,
    "ms-ssim": 0.9819671511650085,
    "bpp": 0.07164444444444444,
    "encoding_time": 0.9625604152679443,
    "decoding_time": 0.7431862354278564
}