{
    "image_name": "RGB_OR_1200x1200_063.png",
    "mse": 0.0005595154943875968,
    "psnr": 32.512855529785156,
    "ms-ssim": 0.9801515340805054,
    "bpp": 0.06502222222222222,
    "encoding_time": 1.316633939743042,
    "decoding_time": 0.8838024139404297
}