{
    "image_name": "RGB_OR_1200x1200_046.png",
    "mse": 0.0015717946225777268,
    "psnr": 28.032466888427734,
    "ms-ssim": 0.9560761451721191,
    "bpp": 0.17477777777777778,
    "encoding_time": 0.7921717166900635,
    "decoding_time": 0.578620433807373
}