{
    "image_name": "RGB_OR_1200x1200_093.png",
    "mse": 0.0008040935499593616,
    "psnr": 30.94028663635254,
    "ms-ssim": 0.9781100749969482,
    "bpp": 0.08255555555555555,
    "encoding_time": 0.576636791229248,
    "decoding_time": 0.8128299713134766
}