{
    "image_name": "RGB_OR_1200x1200_059.png",
    "mse": 0.004601540509611368,
    "psnr": 23.36980438232422,
    "ms-ssim": 0.9515106081962585,
    "bpp": 0.20126666666666668,
    "encoding_time": 0.4369239807128906,
    "decoding_time": 1.0355799198150635
}