{
    "image_name": "RGB_OR_1200x1200_054.png",
    "mse": 0.001280417898669839,
    "psnr": 28.92243194580078,
    "ms-ssim": 0.972916841506958,
    "bpp": 0.11648888888888889,
    "encoding_time": 0.850287675857544,
    "decoding_time": 1.0801129341125488
}