{
    "image_name": "RGB_OR_1200x1200_003.png",
    "mse": 0.0012945476919412613,
    "psnr": 28.87470245361328,
    "ms-ssim": 0.9771026968955994,
    "bpp": 0.077,
    "encoding_time": 0.7613515853881836,
    "decoding_time": 0.5407462120056152
}