{
    "image_name": "RGB_OR_1200x1200_044.png",
    "mse": 0.0007789187366142869,
    "psnr": 31.077861785888672,
    "ms-ssim": 0.9652680158615112,
    "bpp": 0.1344,
    "encoding_time": 0.5995810031890869,
    "decoding_time": 0.5812280178070068
}