{
    "mean_loss": 0.28588351152009434,
    "mean_bpp": 0.2835557725694444,
    "mean_psnr": 27.53765892982483,
    "mean_msssim": 0.9767226104935011,
    "mean_msssim_dB": 16.330657261910535,
    "mean_enc_time": 0.15613175431887308,
    "mean_dec_time": 0.14982211589813232
}