{
    "image_name": "9.png",
    "mse": 0.0013484428636729717,
    "psnr": 28.697568893432617,
    "ms-ssim": 0.9819691181182861,
    "bpp": 0.16886393229166666,
    "encoding_time": 0.29559326171875,
    "decoding_time": 0.21638870239257812
}