{
    "image_name": "6.png",
    "mse": 0.0023569799959659576,
    "psnr": 26.274179458618164,
    "ms-ssim": 0.9737548828125,
    "bpp": 0.3213704427083333,
    "encoding_time": 0.14008235931396484,
    "decoding_time": 0.08569598197937012
}