{
    "image_name": "8.png",
    "mse": 0.005018198862671852,
    "psnr": 22.99334716796875,
    "ms-ssim": 0.9756466746330261,
    "bpp": 0.3429361979166667,
    "encoding_time": 0.14748597145080566,
    "decoding_time": 0.18322086334228516
}