{
    "image_name": "7.png",
    "mse": 0.0012007743353024125,
    "psnr": 29.20054054260254,
    "ms-ssim": 0.9852842688560486,
    "bpp": 0.2158203125,
    "encoding_time": 0.12474799156188965,
    "decoding_time": 0.09907031059265137
}