{
    "image_name": "3.png",
    "mse": 0.000829398341011256,
    "psnr": 30.8059024810791,
    "ms-ssim": 0.9839490652084351,
    "bpp": 0.19319661458333334,
    "encoding_time": 0.16941523551940918,
    "decoding_time": 0.15723228454589844
}