{
    "image_name": "16.png",
    "mse": 0.0011280548060312867,
    "psnr": 29.471572875976562,
    "ms-ssim": 0.9770493507385254,
    "bpp": 0.24886067708333334,
    "encoding_time": 0.08333230018615723,
    "decoding_time": 0.10521340370178223
}