{
    "image_name": "4.png",
    "mse": 0.0013012747513130307,
    "psnr": 28.852046966552734,
    "ms-ssim": 0.9761565923690796,
    "bpp": 0.2798665364583333,
    "encoding_time": 0.08517622947692871,
    "decoding_time": 0.11218047142028809
}