{
    "image_name": "12.png",
    "mse": 0.0016952146543189883,
    "psnr": 27.704151153564453,
    "ms-ssim": 0.9775196313858032,
    "bpp": 0.23323567708333334,
    "encoding_time": 0.11231327056884766,
    "decoding_time": 0.1334230899810791
}