{
    "image_name": "10.png",
    "mse": 0.0015648253029212356,
    "psnr": 28.051654815673828,
    "ms-ssim": 0.9809648394584656,
    "bpp": 0.20662434895833334,
    "encoding_time": 0.14853739738464355,
    "decoding_time": 0.1282360553741455
}