{
    "image_name": "18.png",
    "mse": 0.0021953938994556665,
    "psnr": 26.582359313964844,
    "ms-ssim": 0.9711810350418091,
    "bpp": 0.3675130208333333,
    "encoding_time": 0.1165618896484375,
    "decoding_time": 0.26845359802246094
}