{
    "image_name": "15.png",
    "mse": 0.00166135688778013,
    "psnr": 27.792499542236328,
    "ms-ssim": 0.9785305857658386,
    "bpp": 0.22810872395833334,
    "encoding_time": 0.2934684753417969,
    "decoding_time": 0.11640262603759766
}