{
    "image_name": "19.png",
    "mse": 0.0015498741995543242,
    "psnr": 28.09298324584961,
    "ms-ssim": 0.9767051935195923,
    "bpp": 0.2655436197916667,
    "encoding_time": 0.16374444961547852,
    "decoding_time": 0.2684168815612793
}