{
    "image_name": "23.png",
    "mse": 0.000702994700986892,
    "psnr": 31.522216796875,
    "ms-ssim": 0.9842575788497925,
    "bpp": 0.17789713541666666,
    "encoding_time": 0.3674449920654297,
    "decoding_time": 0.08917379379272461
}