{
    "image_name": "2.png",
    "mse": 0.001388858538120985,
    "psnr": 28.569419860839844,
    "ms-ssim": 0.9699357748031616,
    "bpp": 0.2985026041666667,
    "encoding_time": 0.07940793037414551,
    "decoding_time": 0.11716175079345703
}