{
    "image_name": "13.png",
    "mse": 0.005520024336874485,
    "psnr": 22.57964515686035,
    "ms-ssim": 0.9660075902938843,
    "bpp": 0.4551595052083333,
    "encoding_time": 0.07914495468139648,
    "decoding_time": 0.10424494743347168
}