{
    "image_name": "14.png",
    "mse": 0.0018936691340059042,
    "psnr": 27.224082946777344,
    "ms-ssim": 0.9728797674179077,
    "bpp": 0.3748372395833333,
    "encoding_time": 0.2461395263671875,
    "decoding_time": 0.2575967311859131
}