{
    "image_name": "11.png",
    "mse": 0.001797365490347147,
    "psnr": 27.45038604736328,
    "ms-ssim": 0.9743697643280029,
    "bpp": 0.3023274739583333,
    "encoding_time": 0.18202900886535645,
    "decoding_time": 0.09348416328430176
}