{
    "image_name": "20.png",
    "mse": 0.0015749463345855474,
    "psnr": 28.025171279907227,
    "ms-ssim": 0.9828974604606628,
    "bpp": 0.18522135416666666,
    "encoding_time": 0.0786600112915039,
    "decoding_time": 0.13252019882202148
}