{
    "image_name": "17.png",
    "mse": 0.0011482592672109604,
    "psnr": 29.39463233947754,
    "ms-ssim": 0.9809841513633728,
    "bpp": 0.23193359375,
    "encoding_time": 0.10099101066589355,
    "decoding_time": 0.13221263885498047
}