{
    "image_name": "21.png",
    "mse": 0.0019657397642731667,
    "psnr": 27.062171936035156,
    "ms-ssim": 0.9773621559143066,
    "bpp": 0.25244140625,
    "encoding_time": 0.2230219841003418,
    "decoding_time": 0.10189414024353027
}