{
    "image_name": "21.png",
    "mse": 0.0027051123324781656,
    "psnr": 25.675914764404297,
    "ms-ssim": 0.9611586928367615,
    "bpp": 0.14485677083333334,
    "encoding_time": 0.08144545555114746,
    "decoding_time": 0.10527372360229492
}