{
    "image_name": "15.png",
    "mse": 0.0025948851834982634,
    "psnr": 25.85687828063965,
    "ms-ssim": 0.9624211192131042,
    "bpp": 0.12247721354166667,
    "encoding_time": 0.16170477867126465,
    "decoding_time": 0.11927342414855957
}