{
    "image_name": "10.png",
    "mse": 0.0021145998034626245,
    "psnr": 26.744977951049805,
    "ms-ssim": 0.9663043022155762,
    "bpp": 0.11653645833333333,
    "encoding_time": 0.07947134971618652,
    "decoding_time": 0.07695245742797852
}