{
    "image_name": "17.png",
    "mse": 0.001900126924738288,
    "psnr": 27.209230422973633,
    "ms-ssim": 0.9648503065109253,
    "bpp": 0.130859375,
    "encoding_time": 0.11916899681091309,
    "decoding_time": 0.10280847549438477
}