{
    "image_name": "24.png",
    "mse": 0.003795598167926073,
    "psnr": 24.206005096435547,
    "ms-ssim": 0.9524564743041992,
    "bpp": 0.19002278645833334,
    "encoding_time": 0.0946342945098877,
    "decoding_time": 0.12951278686523438
}