{
    "image_name": "5.png",
    "mse": 0.004431222565472126,
    "psnr": 23.53347396850586,
    "ms-ssim": 0.9500784873962402,
    "bpp": 0.23323567708333334,
    "encoding_time": 0.1242220401763916,
    "decoding_time": 0.2876319885253906
}