{
    "image_name": "23.png",
    "mse": 0.0010470328852534294,
    "psnr": 29.795013427734375,
    "ms-ssim": 0.9724116325378418,
    "bpp": 0.10530598958333333,
    "encoding_time": 0.30085086822509766,
    "decoding_time": 0.12732577323913574
}