{
    "image_name": "13.png",
    "mse": 0.007213928736746311,
    "psnr": 21.417373657226562,
    "ms-ssim": 0.9347929954528809,
    "bpp": 0.2676595052083333,
    "encoding_time": 0.07685256004333496,
    "decoding_time": 0.17459988594055176
}