{
    "image_name": "19.png",
    "mse": 0.0021718123462051153,
    "psnr": 26.629043579101562,
    "ms-ssim": 0.9592284560203552,
    "bpp": 0.15266927083333334,
    "encoding_time": 0.11862039566040039,
    "decoding_time": 0.15485405921936035
}