{
    "image_name": "1.png",
    "mse": 0.004420383367687464,
    "psnr": 23.544069290161133,
    "ms-ssim": 0.9466488361358643,
    "bpp": 0.21720377604166666,
    "encoding_time": 0.18304944038391113,
    "decoding_time": 0.12481093406677246
}