{
    "image_name": "3.png",
    "mse": 0.0012809904292225838,
    "psnr": 28.92043685913086,
    "ms-ssim": 0.9712115526199341,
    "bpp": 0.10929361979166667,
    "encoding_time": 0.08075857162475586,
    "decoding_time": 0.1661088466644287
}