{
    "image_name": "18.png",
    "mse": 0.0029930646996945143,
    "psnr": 25.23687744140625,
    "ms-ssim": 0.946278989315033,
    "bpp": 0.20955403645833334,
    "encoding_time": 0.201995849609375,
    "decoding_time": 0.09170913696289062
}