{
    "image_name": "12.png",
    "mse": 0.002986222505569458,
    "psnr": 25.246925354003906,
    "ms-ssim": 0.960181713104248,
    "bpp": 0.123046875,
    "encoding_time": 0.07930231094360352,
    "decoding_time": 0.21446728706359863
}