{
    "image_name": "9.png",
    "mse": 0.0017378319753333926,
    "psnr": 27.596601486206055,
    "ms-ssim": 0.9716643691062927,
    "bpp": 0.098388671875,
    "encoding_time": 0.10490059852600098,
    "decoding_time": 0.10424184799194336
}