{
    "image_name": "16.png",
    "mse": 0.0015560912434011698,
    "psnr": 28.07605743408203,
    "ms-ssim": 0.9584178328514099,
    "bpp": 0.13850911458333334,
    "encoding_time": 0.17342233657836914,
    "decoding_time": 0.1300525665283203
}