{
    "image_name": "7.png",
    "mse": 0.0018262418452650309,
    "psnr": 27.381488800048828,
    "ms-ssim": 0.9723097681999207,
    "bpp": 0.12752278645833334,
    "encoding_time": 0.09055972099304199,
    "decoding_time": 0.09207844734191895
}