{
    "image_name": "6.png",
    "mse": 0.00389361334964633,
    "psnr": 24.094816207885742,
    "ms-ssim": 0.9512545466423035,
    "bpp": 0.18351236979166666,
    "encoding_time": 0.10898852348327637,
    "decoding_time": 0.26881861686706543
}