{
    "image_name": "11.png",
    "mse": 0.002476306399330497,
    "psnr": 26.05965232849121,
    "ms-ssim": 0.9525608420372009,
    "bpp": 0.16617838541666666,
    "encoding_time": 0.09186911582946777,
    "decoding_time": 0.13973784446716309
}