{
    "image_name": "14.png",
    "mse": 0.002876361133530736,
    "psnr": 25.40959930419922,
    "ms-ssim": 0.9468199014663696,
    "bpp": 0.21101888020833334,
    "encoding_time": 0.2217578887939453,
    "decoding_time": 0.1266002655029297
}