{
    "image_name": "8.png",
    "mse": 0.0071691060438752174,
    "psnr": 21.444684982299805,
    "ms-ssim": 0.9548935890197754,
    "bpp": 0.19661458333333334,
    "encoding_time": 0.15472745895385742,
    "decoding_time": 0.10282683372497559
}