{
    "image_name": "2.png",
    "mse": 0.0018316784407943487,
    "psnr": 27.36834716796875,
    "ms-ssim": 0.9470053911209106,
    "bpp": 0.15388997395833334,
    "encoding_time": 0.0824432373046875,
    "decoding_time": 0.1023569107055664
}