{
    "image_name": "22.png",
    "mse": 0.0018664883682504296,
    "psnr": 27.28673553466797,
    "ms-ssim": 0.9443073272705078,
    "bpp": 0.1884765625,
    "encoding_time": 0.2674994468688965,
    "decoding_time": 0.17753815650939941
}