{
    "mean_loss": 0.8579015121897061,
    "mean_bpp": 0.8574833333333332,
    "mean_psnr": 36.35091987609863,
    "mean_msssim": 0.9958182114362717,
    "mean_msssim_dB": 23.786379294158696,
    "mean_enc_time": 0.5117473292350769,
    "mean_dec_time": 0.5568160796165467
}