{
    "image_name": "RGB_OR_1200x1200_097.png",
    "mse": 0.00023211268126033247,
    "psnr": 36.319156646728516,
    "ms-ssim": 0.9971321821212769,
    "bpp": 0.6067111111111111,
    "encoding_time": 0.6405725479125977,
    "decoding_time": 0.5682151317596436
}