{
    "image_name": "RGB_OR_1200x1200_026.png",
    "mse": 0.0009892238304018974,
    "psnr": 30.041362762451172,
    "ms-ssim": 0.9956625699996948,
    "bpp": 0.9890222222222222,
    "encoding_time": 0.5197789669036865,
    "decoding_time": 0.39991044998168945
}