{
    "image_name": "RGB_OR_1200x1200_018.png",
    "mse": 0.000900417217053473,
    "psnr": 30.449562072753906,
    "ms-ssim": 0.9954301118850708,
    "bpp": 1.0574444444444444,
    "encoding_time": 0.6262717247009277,
    "decoding_time": 0.7692136764526367
}