{
    "image_name": "RGB_OR_1200x1200_081.png",
    "mse": 0.0002362135419389233,
    "psnr": 36.24414825439453,
    "ms-ssim": 0.9969960451126099,
    "bpp": 0.7260222222222222,
    "encoding_time": 0.6995377540588379,
    "decoding_time": 0.6823153495788574
}