{
    "image_name": "RGB_OR_1200x1200_054.png",
    "mse": 0.00017795005987863988,
    "psnr": 37.47068786621094,
    "ms-ssim": 0.9968945384025574,
    "bpp": 0.7979111111111111,
    "encoding_time": 0.3597102165222168,
    "decoding_time": 0.5546765327453613
}