{
    "image_name": "RGB_OR_1200x1200_014.png",
    "mse": 0.00016571265587117523,
    "psnr": 37.773590087890625,
    "ms-ssim": 0.9969679713249207,
    "bpp": 0.5792222222222222,
    "encoding_time": 0.4328320026397705,
    "decoding_time": 0.43378329277038574
}