{
    "image_name": "RGB_OR_1200x1200_095.png",
    "mse": 0.0009281038655899465,
    "psnr": 30.31829071044922,
    "ms-ssim": 0.993777871131897,
    "bpp": 1.2699555555555555,
    "encoding_time": 0.5756716728210449,
    "decoding_time": 0.5475296974182129
}