{
    "image_name": "RGB_OR_1200x1200_068.png",
    "mse": 0.00011864789121318609,
    "psnr": 39.23152542114258,
    "ms-ssim": 0.9980089068412781,
    "bpp": 0.5114222222222222,
    "encoding_time": 0.5714879035949707,
    "decoding_time": 0.6792452335357666
}