{
    "image_name": "RGB_OR_1200x1200_055.png",
    "mse": 0.00018611273844726384,
    "psnr": 37.27400207519531,
    "ms-ssim": 0.9973416328430176,
    "bpp": 0.6973777777777778,
    "encoding_time": 0.42223334312438965,
    "decoding_time": 0.5163156986236572
}