{
    "image_name": "RGB_OR_1200x1200_027.png",
    "mse": 0.00032723858021199703,
    "psnr": 34.835060119628906,
    "ms-ssim": 0.9965097308158875,
    "bpp": 0.8229777777777778,
    "encoding_time": 0.5193719863891602,
    "decoding_time": 0.7507414817810059
}