{
    "image_name": "RGB_OR_1200x1200_034.png",
    "mse": 0.0001465444511268288,
    "psnr": 38.302974700927734,
    "ms-ssim": 0.9973360896110535,
    "bpp": 0.5762222222222222,
    "encoding_time": 0.47624826431274414,
    "decoding_time": 0.65203857421875
}