{
    "image_name": "RGB_OR_1200x1200_090.png",
    "mse": 0.0005615393165498972,
    "psnr": 32.496543884277344,
    "ms-ssim": 0.9951295256614685,
    "bpp": 1.123,
    "encoding_time": 0.4758303165435791,
    "decoding_time": 0.48229002952575684
}