{
    "image_name": "RGB_OR_1200x1200_056.png",
    "mse": 8.275009895442054e-05,
    "psnr": 40.757606506347656,
    "ms-ssim": 0.9963407516479492,
    "bpp": 0.7416222222222222,
    "encoding_time": 0.7604820728302002,
    "decoding_time": 0.6471066474914551
}