{
    "image_name": "RGB_OR_1200x1200_008.png",
    "mse": 0.0002367585402680561,
    "psnr": 36.23395538330078,
    "ms-ssim": 0.9958478808403015,
    "bpp": 1.0077333333333334,
    "encoding_time": 0.31478023529052734,
    "decoding_time": 0.37708401679992676
}