{
    "image_name": "RGB_OR_1200x1200_040.png",
    "mse": 0.00023153531947173178,
    "psnr": 36.331485748291016,
    "ms-ssim": 0.9960827827453613,
    "bpp": 0.9035777777777778,
    "encoding_time": 0.3815791606903076,
    "decoding_time": 0.5111284255981445
}