{
    "image_name": "RGB_OR_1200x1200_096.png",
    "mse": 0.00016716981190256774,
    "psnr": 37.737422943115234,
    "ms-ssim": 0.9929203987121582,
    "bpp": 1.0194,
    "encoding_time": 0.4605715274810791,
    "decoding_time": 0.8689761161804199
}