{
    "image_name": "RGB_OR_1200x1200_085.png",
    "mse": 0.00016056826279964298,
    "psnr": 37.91002655029297,
    "ms-ssim": 0.9946238398551941,
    "bpp": 1.0496666666666667,
    "encoding_time": 0.487659215927124,
    "decoding_time": 0.45038843154907227
}