{
    "image_name": "RGB_OR_1200x1200_046.png",
    "mse": 0.00030194997088983655,
    "psnr": 35.18342590332031,
    "ms-ssim": 0.9947845339775085,
    "bpp": 1.1379777777777778,
    "encoding_time": 0.46844959259033203,
    "decoding_time": 0.45103025436401367
}