{
    "image_name": "RGB_OR_1200x1200_065.png",
    "mse": 0.0006086371722631156,
    "psnr": 32.14773178100586,
    "ms-ssim": 0.9945380687713623,
    "bpp": 1.0490222222222223,
    "encoding_time": 0.397615909576416,
    "decoding_time": 0.38898563385009766
}