{
    "image_name": "RGB_OR_1200x1200_006.png",
    "mse": 0.00017775465676095337,
    "psnr": 37.47307205200195,
    "ms-ssim": 0.9939662218093872,
    "bpp": 1.0668444444444445,
    "encoding_time": 0.5340471267700195,
    "decoding_time": 0.4795961380004883
}