{
    "image_name": "RGB_OR_1200x1200_067.png",
    "mse": 0.0002594732795841992,
    "psnr": 35.83817672729492,
    "ms-ssim": 0.9939945936203003,
    "bpp": 0.9426666666666667,
    "encoding_time": 0.4582958221435547,
    "decoding_time": 0.5801737308502197
}