{
    "image_name": "RGB_OR_1200x1200_017.png",
    "mse": 0.00022716392413713038,
    "psnr": 36.412757873535156,
    "ms-ssim": 0.9965857267379761,
    "bpp": 0.8586444444444444,
    "encoding_time": 0.37866973876953125,
    "decoding_time": 0.41791534423828125
}