{
    "image_name": "RGB_OR_1200x1200_041.png",
    "mse": 0.00023891481396276504,
    "psnr": 36.19721603393555,
    "ms-ssim": 0.996273934841156,
    "bpp": 0.8750666666666667,
    "encoding_time": 0.43984293937683105,
    "decoding_time": 0.5443193912506104
}