{
    "image_name": "RGB_OR_1200x1200_044.png",
    "mse": 0.00013238434621598572,
    "psnr": 38.742889404296875,
    "ms-ssim": 0.9951786398887634,
    "bpp": 0.9479111111111111,
    "encoding_time": 0.3733255863189697,
    "decoding_time": 0.46591973304748535
}