{
    "image_name": "RGB_OR_1200x1200_083.png",
    "mse": 0.00016523450904060155,
    "psnr": 37.78642654418945,
    "ms-ssim": 0.9970406889915466,
    "bpp": 0.6527333333333334,
    "encoding_time": 0.5267407894134521,
    "decoding_time": 0.537571907043457
}