{
    "image_name": "RGB_OR_1200x1200_043.png",
    "mse": 0.0005166652845218778,
    "psnr": 32.85719299316406,
    "ms-ssim": 0.994609534740448,
    "bpp": 1.228511111111111,
    "encoding_time": 0.6062338352203369,
    "decoding_time": 0.5869622230529785
}