{
    "image_name": "RGB_OR_1200x1200_073.png",
    "mse": 0.00010205014405073598,
    "psnr": 39.86725616455078,
    "ms-ssim": 0.9956165552139282,
    "bpp": 0.6966444444444444,
    "encoding_time": 0.42728567123413086,
    "decoding_time": 0.37482380867004395
}