{
    "image_name": "RGB_OR_1200x1200_048.png",
    "mse": 0.0005017794901505113,
    "psnr": 32.98396301269531,
    "ms-ssim": 0.9946315288543701,
    "bpp": 1.1123333333333334,
    "encoding_time": 0.47876572608947754,
    "decoding_time": 0.4595069885253906
}