{
    "image_name": "RGB_OR_1200x1200_047.png",
    "mse": 0.000383081118343398,
    "psnr": 34.153648376464844,
    "ms-ssim": 0.9952520132064819,
    "bpp": 0.9082444444444444,
    "encoding_time": 0.447662353515625,
    "decoding_time": 0.5250258445739746
}