{
    "image_name": "RGB_OR_1200x1200_058.png",
    "mse": 0.0002119712735293433,
    "psnr": 36.712989807128906,
    "ms-ssim": 0.995954692363739,
    "bpp": 0.8054666666666667,
    "encoding_time": 0.625873327255249,
    "decoding_time": 0.6618719100952148
}