{
    "image_name": "RGB_OR_1200x1200_004.png",
    "mse": 0.00010784441110445186,
    "psnr": 39.62212371826172,
    "ms-ssim": 0.9959896802902222,
    "bpp": 0.7545555555555555,
    "encoding_time": 0.5613951683044434,
    "decoding_time": 0.4122283458709717
}