{
    "image_name": "RGB_OR_1200x1200_057.png",
    "mse": 0.00011078138777520508,
    "psnr": 39.50759506225586,
    "ms-ssim": 0.9959930777549744,
    "bpp": 0.8287555555555556,
    "encoding_time": 0.5838797092437744,
    "decoding_time": 0.4943101406097412
}