{
    "image_name": "RGB_OR_1200x1200_063.png",
    "mse": 0.00015357248776126653,
    "psnr": 38.10554122924805,
    "ms-ssim": 0.9961944818496704,
    "bpp": 0.7203555555555555,
    "encoding_time": 0.6871180534362793,
    "decoding_time": 0.5884525775909424
}