{
    "image_name": "RGB_OR_1200x1200_010.png",
    "mse": 0.00016405565838795155,
    "psnr": 37.81673812866211,
    "ms-ssim": 0.9961895942687988,
    "bpp": 0.9007111111111111,
    "encoding_time": 0.4350292682647705,
    "decoding_time": 0.42223477363586426
}