{
    "image_name": "RGB_OR_1200x1200_002.png",
    "mse": 0.00011866961722262204,
    "psnr": 39.21026611328125,
    "ms-ssim": 0.9966907501220703,
    "bpp": 0.5598888888888889,
    "encoding_time": 0.42606210708618164,
    "decoding_time": 0.5072097778320312
}