{
    "image_name": "RGB_OR_1200x1200_016.png",
    "mse": 0.0007360109593719244,
    "psnr": 31.32379722595215,
    "ms-ssim": 0.9948034286499023,
    "bpp": 1.1204666666666667,
    "encoding_time": 0.4143226146697998,
    "decoding_time": 0.7066612243652344
}