{
    "image_name": "RGB_OR_1200x1200_079.png",
    "mse": 0.0003568554238881916,
    "psnr": 34.460304260253906,
    "ms-ssim": 0.9973737001419067,
    "bpp": 0.5170222222222223,
    "encoding_time": 0.48482322692871094,
    "decoding_time": 0.5134971141815186
}