{
    "image_name": "RGB_OR_1200x1200_038.png",
    "mse": 0.00010891828424064443,
    "psnr": 39.58102798461914,
    "ms-ssim": 0.9968752861022949,
    "bpp": 0.6725111111111111,
    "encoding_time": 0.37912797927856445,
    "decoding_time": 0.40763139724731445
}