{
    "image_name": "RGB_OR_1200x1200_037.png",
    "mse": 0.00017720884352456778,
    "psnr": 37.48480987548828,
    "ms-ssim": 0.9961605072021484,
    "bpp": 0.8369111111111112,
    "encoding_time": 0.41199827194213867,
    "decoding_time": 0.6054525375366211
}