{
    "image_name": "RGB_OR_1200x1200_039.png",
    "mse": 0.0002839751832652837,
    "psnr": 35.44858932495117,
    "ms-ssim": 0.9958711862564087,
    "bpp": 0.9178444444444445,
    "encoding_time": 0.4432260990142822,
    "decoding_time": 0.9656379222869873
}