{
    "image_name": "RGB_OR_1200x1200_053.png",
    "mse": 9.348664025310427e-05,
    "psnr": 40.235023498535156,
    "ms-ssim": 0.9973983764648438,
    "bpp": 0.4504888888888889,
    "encoding_time": 0.47424864768981934,
    "decoding_time": 0.4213690757751465
}