{
    "image_name": "RGB_OR_1200x1200_078.png",
    "mse": 0.0001465980603825301,
    "psnr": 38.30164337158203,
    "ms-ssim": 0.9965457916259766,
    "bpp": 0.6568666666666667,
    "encoding_time": 0.49041128158569336,
    "decoding_time": 0.5128340721130371
}