{
    "image_name": "RGB_OR_1200x1200_050.png",
    "mse": 0.00020974993822164834,
    "psnr": 36.75752258300781,
    "ms-ssim": 0.9946085214614868,
    "bpp": 0.9922222222222222,
    "encoding_time": 0.7376165390014648,
    "decoding_time": 0.4319603443145752
}