{
    "image_name": "RGB_OR_1200x1200_052.png",
    "mse": 0.00019143306417390704,
    "psnr": 37.151771545410156,
    "ms-ssim": 0.9969862699508667,
    "bpp": 0.7829555555555555,
    "encoding_time": 0.9834001064300537,
    "decoding_time": 0.5282473564147949
}