{
    "image_name": "RGB_OR_1200x1200_072.png",
    "mse": 0.0005159684224054217,
    "psnr": 32.86339569091797,
    "ms-ssim": 0.9963150024414062,
    "bpp": 0.8687777777777778,
    "encoding_time": 0.42003417015075684,
    "decoding_time": 0.5656640529632568
}