{
    "image_name": "RGB_OR_1200x1200_086.png",
    "mse": 0.0003994349390268326,
    "psnr": 33.97198486328125,
    "ms-ssim": 0.9931949973106384,
    "bpp": 1.3604444444444443,
    "encoding_time": 0.7095744609832764,
    "decoding_time": 0.40184569358825684
}