{
    "image_name": "RGB_OR_1200x1200_009.png",
    "mse": 8.603269088780507e-05,
    "psnr": 40.593727111816406,
    "ms-ssim": 0.9977438449859619,
    "bpp": 0.518,
    "encoding_time": 0.82588791847229,
    "decoding_time": 0.4989509582519531
}