{
    "image_name": "RGB_OR_1200x1200_077.png",
    "mse": 0.00018543862097430974,
    "psnr": 37.28875732421875,
    "ms-ssim": 0.9906220436096191,
    "bpp": 1.2847111111111111,
    "encoding_time": 0.6442708969116211,
    "decoding_time": 0.6232812404632568
}