{
    "image_name": "RGB_OR_1200x1200_051.png",
    "mse": 8.965377492131665e-05,
    "psnr": 40.41408157348633,
    "ms-ssim": 0.9960748553276062,
    "bpp": 0.7853777777777777,
    "encoding_time": 0.7500741481781006,
    "decoding_time": 0.7788219451904297
}