{
    "image_name": "RGB_OR_1200x1200_005.png",
    "mse": 0.0002283074427396059,
    "psnr": 36.391475677490234,
    "ms-ssim": 0.9957789182662964,
    "bpp": 0.9146,
    "encoding_time": 0.616844654083252,
    "decoding_time": 0.856175422668457
}