{
    "image_name": "RGB_OR_1200x1200_024.png",
    "mse": 0.0010337996063753963,
    "psnr": 29.85027313232422,
    "ms-ssim": 0.9952605962753296,
    "bpp": 0.9863777777777778,
    "encoding_time": 0.6253211498260498,
    "decoding_time": 0.801952600479126
}