{
    "image_name": "RGB_OR_1200x1200_099.png",
    "mse": 0.0002289266267325729,
    "psnr": 36.379817962646484,
    "ms-ssim": 0.9948148131370544,
    "bpp": 1.0118,
    "encoding_time": 0.5022728443145752,
    "decoding_time": 0.39677000045776367
}