{
    "image_name": "RGB_OR_1200x1200_045.png",
    "mse": 0.00014929751341696829,
    "psnr": 38.225364685058594,
    "ms-ssim": 0.9957393407821655,
    "bpp": 0.7704222222222222,
    "encoding_time": 0.7160654067993164,
    "decoding_time": 0.8852360248565674
}