{
    "image_name": "RGB_OR_1200x1200_100.png",
    "mse": 3.8479705835925415e-05,
    "psnr": 44.06212615966797,
    "ms-ssim": 0.997929573059082,
    "bpp": 0.4890888888888889,
    "encoding_time": 0.34517884254455566,
    "decoding_time": 0.4741706848144531
}