{
    "image_name": "RGB_OR_1200x1200_062.png",
    "mse": 0.000820330111309886,
    "psnr": 30.853601455688477,
    "ms-ssim": 0.9948148727416992,
    "bpp": 1.2746,
    "encoding_time": 0.469468355178833,
    "decoding_time": 0.5229001045227051
}