{
    "image_name": "RGB_OR_1200x1200_029.png",
    "mse": 0.00018191593699157238,
    "psnr": 37.37162399291992,
    "ms-ssim": 0.9966496825218201,
    "bpp": 0.7582222222222222,
    "encoding_time": 0.5532355308532715,
    "decoding_time": 0.4483225345611572
}