{
    "image_name": "RGB_OR_1200x1200_003.png",
    "mse": 0.000266912451479584,
    "psnr": 35.71589660644531,
    "ms-ssim": 0.996471107006073,
    "bpp": 0.7448666666666667,
    "encoding_time": 0.582810640335083,
    "decoding_time": 0.6168134212493896
}