{
    "image_name": "RGB_OR_1200x1200_031.png",
    "mse": 0.0002532741636969149,
    "psnr": 35.944862365722656,
    "ms-ssim": 0.996563196182251,
    "bpp": 0.8100888888888889,
    "encoding_time": 0.35521602630615234,
    "decoding_time": 0.5326337814331055
}