{
    "image_name": "RGB_OR_1200x1200_060.png",
    "mse": 0.0001831443514674902,
    "psnr": 37.34486389160156,
    "ms-ssim": 0.9962359666824341,
    "bpp": 0.7270444444444445,
    "encoding_time": 0.39301586151123047,
    "decoding_time": 0.4575626850128174
}