{
    "image_name": "RGB_OR_1200x1200_075.png",
    "mse": 0.00026561605045571923,
    "psnr": 35.738243103027344,
    "ms-ssim": 0.9949387907981873,
    "bpp": 0.8971777777777777,
    "encoding_time": 0.5080564022064209,
    "decoding_time": 0.3285560607910156
}