{
    "image_name": "RGB_OR_1200x1200_070.png",
    "mse": 0.00014113206998445094,
    "psnr": 38.46611785888672,
    "ms-ssim": 0.995673656463623,
    "bpp": 1.010888888888889,
    "encoding_time": 0.4975137710571289,
    "decoding_time": 0.3624398708343506
}