{
    "image_name": "RGB_OR_1200x1200_092.png",
    "mse": 0.0001445097295800224,
    "psnr": 38.363746643066406,
    "ms-ssim": 0.9937207102775574,
    "bpp": 0.9649111111111112,
    "encoding_time": 0.3778045177459717,
    "decoding_time": 0.564284086227417
}