{
    "image_name": "RGB_OR_1200x1200_080.png",
    "mse": 0.00010469664266565815,
    "psnr": 39.75221252441406,
    "ms-ssim": 0.9954906702041626,
    "bpp": 0.7555111111111111,
    "encoding_time": 0.5166473388671875,
    "decoding_time": 0.8523910045623779
}