{
    "image_name": "RGB_OR_1200x1200_071.png",
    "mse": 0.00019040392362512648,
    "psnr": 37.174827575683594,
    "ms-ssim": 0.9953978061676025,
    "bpp": 0.7621555555555556,
    "encoding_time": 0.36245298385620117,
    "decoding_time": 0.7775585651397705
}