{
    "image_name": "RGB_OR_1200x1200_042.png",
    "mse": 0.00016482740466017276,
    "psnr": 37.79846954345703,
    "ms-ssim": 0.9960708618164062,
    "bpp": 0.8868666666666667,
    "encoding_time": 0.5998244285583496,
    "decoding_time": 0.6786298751831055
}