{
    "image_name": "RGB_OR_1200x1200_049.png",
    "mse": 0.00019262249406892806,
    "psnr": 37.12696075439453,
    "ms-ssim": 0.9967522621154785,
    "bpp": 0.7138,
    "encoding_time": 0.42720460891723633,
    "decoding_time": 0.43749237060546875
}