{
    "image_name": "RGB_OR_1200x1200_064.png",
    "mse": 0.0002785497345030308,
    "psnr": 35.532867431640625,
    "ms-ssim": 0.9967691898345947,
    "bpp": 0.8475333333333334,
    "encoding_time": 0.5799627304077148,
    "decoding_time": 0.4134857654571533
}