{
    "image_name": "RGB_OR_1200x1200_032.png",
    "mse": 0.00042242903145961463,
    "psnr": 33.72942352294922,
    "ms-ssim": 0.9946049451828003,
    "bpp": 1.113488888888889,
    "encoding_time": 0.41905641555786133,
    "decoding_time": 0.5513515472412109
}