{
    "image_name": "RGB_OR_1200x1200_035.png",
    "mse": 0.00031258122180588543,
    "psnr": 35.03304672241211,
    "ms-ssim": 0.9959473609924316,
    "bpp": 0.8725777777777778,
    "encoding_time": 0.5872106552124023,
    "decoding_time": 0.5896129608154297
}