{
    "image_name": "RGB_OR_1200x1200_094.png",
    "mse": 0.0005767596303485334,
    "psnr": 32.38090133666992,
    "ms-ssim": 0.9961817264556885,
    "bpp": 0.7802444444444444,
    "encoding_time": 0.4171485900878906,
    "decoding_time": 0.37914562225341797
}