{
    "image_name": "RGB_OR_1200x1200_098.png",
    "mse": 0.0005996281397528946,
    "psnr": 32.212528228759766,
    "ms-ssim": 0.9960370063781738,
    "bpp": 1.1710444444444446,
    "encoding_time": 0.489717960357666,
    "decoding_time": 0.6040966510772705
}