{
    "image_name": "RGB_OR_1200x1200_030.png",
    "mse": 0.0003538450109772384,
    "psnr": 34.49678039550781,
    "ms-ssim": 0.9949312210083008,
    "bpp": 1.085288888888889,
    "encoding_time": 0.4823904037475586,
    "decoding_time": 0.7121539115905762
}