{
    "image_name": "RGB_OR_1200x1200_059.png",
    "mse": 0.0011776951141655445,
    "psnr": 29.28559112548828,
    "ms-ssim": 0.9938506484031677,
    "bpp": 1.207111111111111,
    "encoding_time": 0.5040528774261475,
    "decoding_time": 0.8275947570800781
}