{
    "image_name": "RGB_OR_1200x1200_022.png",
    "mse": 0.00015647453255951405,
    "psnr": 38.02132034301758,
    "ms-ssim": 0.9958556890487671,
    "bpp": 0.8454666666666667,
    "encoding_time": 0.36445140838623047,
    "decoding_time": 0.38484907150268555
}