{
    "image_name": "RGB_OR_1200x1200_028.png",
    "mse": 6.318371742963791e-05,
    "psnr": 41.91019821166992,
    "ms-ssim": 0.9972476959228516,
    "bpp": 0.5789333333333333,
    "encoding_time": 0.49486494064331055,
    "decoding_time": 0.34705066680908203
}