{
    "image_name": "RGB_OR_1200x1200_082.png",
    "mse": 0.0005793330492451787,
    "psnr": 32.36122512817383,
    "ms-ssim": 0.9929280281066895,
    "bpp": 1.3231333333333333,
    "encoding_time": 0.46974897384643555,
    "decoding_time": 0.5222876071929932
}