{
    "image_name": "RGB_OR_1200x1200_020.png",
    "mse": 0.0003379740519449115,
    "psnr": 34.6954231262207,
    "ms-ssim": 0.9942499399185181,
    "bpp": 1.0877777777777777,
    "encoding_time": 0.4917304515838623,
    "decoding_time": 0.5799047946929932
}