{
    "image_name": "RGB_OR_1200x1200_074.png",
    "mse": 0.00010863409988814965,
    "psnr": 39.59272766113281,
    "ms-ssim": 0.9940776824951172,
    "bpp": 0.9575777777777777,
    "encoding_time": 0.6158268451690674,
    "decoding_time": 0.47002506256103516
}