{
    "image_name": "RGB_OR_1200x1200_061.png",
    "mse": 0.0005134098464623094,
    "psnr": 32.885162353515625,
    "ms-ssim": 0.9952928423881531,
    "bpp": 1.0823333333333334,
    "encoding_time": 0.40469837188720703,
    "decoding_time": 0.3822965621948242
}