{
    "image_name": "RGB_OR_1200x1200_091.png",
    "mse": 0.0001481179497204721,
    "psnr": 38.27119445800781,
    "ms-ssim": 0.9978494048118591,
    "bpp": 0.5610444444444445,
    "encoding_time": 0.42784643173217773,
    "decoding_time": 0.8325436115264893
}