{
    "image_name": "RGB_OR_1200x1200_011.png",
    "mse": 0.0006175538874231279,
    "psnr": 32.08499526977539,
    "ms-ssim": 0.995771586894989,
    "bpp": 0.8609111111111111,
    "encoding_time": 0.7003669738769531,
    "decoding_time": 0.6298868656158447
}