{
    "image_name": "RGB_OR_1200x1200_088.png",
    "mse": 0.00020083413983229548,
    "psnr": 36.94593048095703,
    "ms-ssim": 0.9968303442001343,
    "bpp": 0.8308222222222222,
    "encoding_time": 0.6088531017303467,
    "decoding_time": 0.692338228225708
}