{
    "image_name": "RGB_OR_1200x1200_069.png",
    "mse": 0.0003562128695193678,
    "psnr": 34.467857360839844,
    "ms-ssim": 0.9964012503623962,
    "bpp": 0.7809111111111111,
    "encoding_time": 0.47806739807128906,
    "decoding_time": 0.5508677959442139
}