{
    "image_name": "RGB_OR_1200x1200_084.png",
    "mse": 5.1180039008613676e-05,
    "psnr": 42.80376052856445,
    "ms-ssim": 0.9959419965744019,
    "bpp": 0.8114444444444444,
    "encoding_time": 0.5082871913909912,
    "decoding_time": 0.6945371627807617
}