{
    "image_name": "RGB_OR_1200x1200_019.png",
    "mse": 0.00027261723880656064,
    "psnr": 35.625179290771484,
    "ms-ssim": 0.9956678152084351,
    "bpp": 0.8913111111111112,
    "encoding_time": 0.6879408359527588,
    "decoding_time": 0.6202170848846436
}