{
    "mean_loss": 0.2554525633188713,
    "mean_bpp": 0.2554050501731834,
    "mean_psnr": 33.925770689801475,
    "mean_msssim": 0.9741664296243249,
    "mean_msssim_dB": 15.878155672181762,
    "mean_enc_time": 0.4102594387240526,
    "mean_dec_time": 0.4659137900282697
}