{
    "image_name": "clem-onojeghuo-33741.png",
    "mse": 0.0005188385839574039,
    "psnr": 32.83932876586914,
    "ms-ssim": 0.9697942733764648,
    "bpp": 0.26821199633699633,
    "encoding_time": 0.46416521072387695,
    "decoding_time": 0.60577392578125
}