{
    "image_name": "alexander-shustov-73.png",
    "mse": 0.0011007400462403893,
    "psnr": 29.578407287597656,
    "ms-ssim": 0.9762589931488037,
    "bpp": 0.6424963262307127,
    "encoding_time": 0.5041012763977051,
    "decoding_time": 0.8133666515350342
}