{
    "image_name": "amy-zhang-15940.png",
    "mse": 0.0005955277592875063,
    "psnr": 32.24217224121094,
    "ms-ssim": 0.9693039655685425,
    "bpp": 0.2950391085395907,
    "encoding_time": 0.3187735080718994,
    "decoding_time": 0.4278237819671631
}