{
    "image_name": "davide-ragusa-716.png",
    "mse": 0.0002855224593076855,
    "psnr": 35.42534255981445,
    "ms-ssim": 0.9765898585319519,
    "bpp": 0.15548321885918487,
    "encoding_time": 0.3406510353088379,
    "decoding_time": 0.4395437240600586
}