{
    "image_name": "juskteez-vu-1041.png",
    "mse": 0.0009522042237222195,
    "psnr": 30.206892013549805,
    "ms-ssim": 0.9579672813415527,
    "bpp": 0.5497333080184799,
    "encoding_time": 0.38481974601745605,
    "decoding_time": 0.5264794826507568
}