{
    "image_name": "dogancan-ozturan-395.png",
    "mse": 0.00029790279222652316,
    "psnr": 35.24169158935547,
    "ms-ssim": 0.9838457107543945,
    "bpp": 0.20453287197231834,
    "encoding_time": 0.4637916088104248,
    "decoding_time": 0.5019643306732178
}