{
    "image_name": "kazuend-28556.png",
    "mse": 0.00014413472672458738,
    "psnr": 38.374794006347656,
    "ms-ssim": 0.9830479621887207,
    "bpp": 0.07276785714285715,
    "encoding_time": 0.4929957389831543,
    "decoding_time": 0.5306181907653809
}