{
    "image_name": "paul-itkin-46101.png",
    "mse": 0.0008554761880077422,
    "psnr": 30.671497344970703,
    "ms-ssim": 0.9897205829620361,
    "bpp": 0.6759933774834437,
    "encoding_time": 0.10880231857299805,
    "decoding_time": 0.10295724868774414
}