{
    "image_name": "casey-fyfe-999.png",
    "mse": 0.00042659524478949606,
    "psnr": 33.68702697753906,
    "ms-ssim": 0.9447736740112305,
    "bpp": 0.08539751838235295,
    "encoding_time": 0.4549403190612793,
    "decoding_time": 0.503441333770752
}