{
    "image_name": "roberto-nickson-48063.png",
    "mse": 0.00019740505376830697,
    "psnr": 37.018524169921875,
    "ms-ssim": 0.9792985916137695,
    "bpp": 0.09420787545787546,
    "encoding_time": 0.5996465682983398,
    "decoding_time": 0.5801746845245361
}