{
    "image_name": "vita-vilcina-3055.png",
    "mse": 0.0004989733570255339,
    "psnr": 33.00849151611328,
    "ms-ssim": 0.9928908348083496,
    "bpp": 0.37252072546190196,
    "encoding_time": 0.37222838401794434,
    "decoding_time": 0.4058220386505127
}