{
    "image_name": "michael-durana-82941.png",
    "mse": 0.0004236895765643567,
    "psnr": 33.71837615966797,
    "ms-ssim": 0.9775428771972656,
    "bpp": 0.22953296703296702,
    "encoding_time": 0.5219275951385498,
    "decoding_time": 0.5926580429077148
}