{
    "image_name": "sergey-zolkin-21232.png",
    "mse": 0.00013806726201437414,
    "psnr": 38.5616455078125,
    "ms-ssim": 0.982264518737793,
    "bpp": 0.08401843076100067,
    "encoding_time": 0.6370012760162354,
    "decoding_time": 0.414318323135376
}