{
    "image_name": "thong-vo-428.png",
    "mse": 0.0007342216558754444,
    "psnr": 31.334482192993164,
    "ms-ssim": 0.9701074361801147,
    "bpp": 0.41458099663515463,
    "encoding_time": 0.24953484535217285,
    "decoding_time": 0.2588386535644531
}