{
    "image_name": "martin-wessely-211.png",
    "mse": 0.001273900386877358,
    "psnr": 28.94420623779297,
    "ms-ssim": 0.9670326709747314,
    "bpp": 0.6877083333333334,
    "encoding_time": 0.15654850006103516,
    "decoding_time": 0.14485764503479004
}