{
    "image_name": "jared-erondu-21325.png",
    "mse": 0.00026357779279351234,
    "psnr": 35.77035903930664,
    "ms-ssim": 0.9668012857437134,
    "bpp": 0.11695283882783883,
    "encoding_time": 0.43895816802978516,
    "decoding_time": 0.5897395610809326
}