{
    "image_name": "daniel-robert-405.png",
    "mse": 0.000715087226126343,
    "psnr": 31.44913673400879,
    "ms-ssim": 0.9712895154953003,
    "bpp": 0.3724739336492891,
    "encoding_time": 0.2548854351043701,
    "decoding_time": 0.27287864685058594
}