{
    "image_name": "alejandro-escamilla-6.png",
    "mse": 0.00031563412630930543,
    "psnr": 34.99280548095703,
    "ms-ssim": 0.9744075536727905,
    "bpp": 0.15384615384615385,
    "encoding_time": 0.5135726928710938,
    "decoding_time": 0.616894006729126
}