{
    "image_name": "schicka-307.png",
    "mse": 0.00026923909899778664,
    "psnr": 35.67904281616211,
    "ms-ssim": 0.9737941026687622,
    "bpp": 0.12760416666666666,
    "encoding_time": 0.09792876243591309,
    "decoding_time": 0.0698235034942627
}