{
    "image_name": "philippe-wuyts-45997.png",
    "mse": 0.000651832262519747,
    "psnr": 31.85089874267578,
    "ms-ssim": 0.9661259651184082,
    "bpp": 0.35939664072926897,
    "encoding_time": 0.41431593894958496,
    "decoding_time": 0.4366602897644043
}