{
    "image_name": "martyn-seddon-220.png",
    "mse": 0.00043890581582672894,
    "psnr": 33.56382751464844,
    "ms-ssim": 0.957270622253418,
    "bpp": 0.19840888278388277,
    "encoding_time": 0.5007145404815674,
    "decoding_time": 0.5214791297912598
}