{
    "image_name": "wojciech-szaturski-3611.png",
    "mse": 0.0005525957094505429,
    "psnr": 32.566307067871094,
    "ms-ssim": 0.9726868867874146,
    "bpp": 0.3253209824987662,
    "encoding_time": 0.4512033462524414,
    "decoding_time": 0.4363880157470703
}