{
    "image_name": "lobostudio-hamburg-75377.png",
    "mse": 0.0004297387204132974,
    "psnr": 33.65529251098633,
    "ms-ssim": 0.9656321406364441,
    "bpp": 0.10346840659340659,
    "encoding_time": 0.45097851753234863,
    "decoding_time": 0.6174752712249756
}