{
    "image_name": "allef-vinicius-109434.png",
    "mse": 0.00037289224565029144,
    "psnr": 34.26972961425781,
    "ms-ssim": 0.9576596021652222,
    "bpp": 0.07597298534798534,
    "encoding_time": 0.4337117671966553,
    "decoding_time": 0.6659729480743408
}