{
    "image_name": "stefan-kunze-26931.png",
    "mse": 0.0005419505177997053,
    "psnr": 32.65035629272461,
    "ms-ssim": 0.9762147665023804,
    "bpp": 0.2903369604974396,
    "encoding_time": 0.43344664573669434,
    "decoding_time": 0.44170045852661133
}