{
    "image_name": "jeremy-cai-1174.png",
    "mse": 0.0003010868385899812,
    "psnr": 35.195621490478516,
    "ms-ssim": 0.9911668300628662,
    "bpp": 0.20108386397507114,
    "encoding_time": 0.46097683906555176,
    "decoding_time": 0.46896862983703613
}