{
    "image_name": "philipp-reiner-207.png",
    "mse": 0.0008376548066735268,
    "psnr": 30.763408660888672,
    "ms-ssim": 0.9673516154289246,
    "bpp": 0.4977283950617284,
    "encoding_time": 0.30379819869995117,
    "decoding_time": 0.3461000919342041
}