{
    "image_name": "gian-reto-tarnutzer-45212.png",
    "mse": 0.00062762969173491,
    "psnr": 32.01447296142578,
    "ms-ssim": 0.9687808752059937,
    "bpp": 0.33480839416058394,
    "encoding_time": 0.4916107654571533,
    "decoding_time": 0.5822765827178955
}