{
    "image_name": "alberto-montalesi-176097.png",
    "mse": 0.00027774664340540767,
    "psnr": 35.54408264160156,
    "ms-ssim": 0.9596289396286011,
    "bpp": 0.08985234776228906,
    "encoding_time": 0.48816967010498047,
    "decoding_time": 0.5219402313232422
}