{
    "image_name": "nomao-saeki-33553.png",
    "mse": 0.00021719778305850923,
    "psnr": 36.606964111328125,
    "ms-ssim": 0.9740900993347168,
    "bpp": 0.10529145314787701,
    "encoding_time": 0.4629173278808594,
    "decoding_time": 0.516291618347168
}