{
    "image_name": "andrew-ruiz-376.png",
    "mse": 0.0004067581321578473,
    "psnr": 33.893699645996094,
    "ms-ssim": 0.9827843904495239,
    "bpp": 0.24174549963262307,
    "encoding_time": 0.5676689147949219,
    "decoding_time": 0.5449855327606201
}