{
    "image_name": "felix-russell-saw-140699.png",
    "mse": 0.0002522351569496095,
    "psnr": 35.96036911010742,
    "ms-ssim": 0.9718527793884277,
    "bpp": 0.13591962754226905,
    "encoding_time": 0.32383227348327637,
    "decoding_time": 0.46654367446899414
}