{
    "image_name": "veeterzy-82537.png",
    "mse": 0.000617165700532496,
    "psnr": 32.0870475769043,
    "ms-ssim": 0.9780017733573914,
    "bpp": 0.31541681918008785,
    "encoding_time": 0.4494748115539551,
    "decoding_time": 0.4722893238067627
}