{
    "mean_loss": 0.4190663465112424,
    "mean_bpp": 0.41816704544170363,
    "mean_psnr": 33.8999734273771,
    "mean_msssim": 0.9910069893046123,
    "mean_msssim_dB": 20.46094890079801,
    "mean_enc_time": 0.9328152202978367,
    "mean_dec_time": 0.969648622884983
}