{
    "image_name": "veeterzy-82537.png",
    "mse": 0.0005717406165786088,
    "psnr": 32.41853713989258,
    "ms-ssim": 0.9907174110412598,
    "bpp": 0.4702941983894583,
    "encoding_time": 1.474773645401001,
    "decoding_time": 1.0305719375610352
}