{
    "image_name": "felix-russell-saw-140699.png",
    "mse": 0.00022134740720503032,
    "psnr": 36.52311706542969,
    "ms-ssim": 0.990527331829071,
    "bpp": 0.39885126194560155,
    "encoding_time": 0.9145958423614502,
    "decoding_time": 1.0893616676330566
}