{
    "image_name": "clem-onojeghuo-33741.png",
    "mse": 0.0005050837062299252,
    "psnr": 32.955650329589844,
    "ms-ssim": 0.9905287623405457,
    "bpp": 0.48222298534798536,
    "encoding_time": 1.21842360496521,
    "decoding_time": 1.0649089813232422
}