{
    "image_name": "schicka-307.png",
    "mse": 0.00018196682503912598,
    "psnr": 37.367942810058594,
    "ms-ssim": 0.9922465682029724,
    "bpp": 0.3076171875,
    "encoding_time": 0.3287234306335449,
    "decoding_time": 0.23378753662109375
}