{
    "image_name": "andrew-ruiz-376.png",
    "mse": 0.00038517056964337826,
    "psnr": 34.12977600097656,
    "ms-ssim": 0.9932495951652527,
    "bpp": 0.3682609294636297,
    "encoding_time": 1.4034912586212158,
    "decoding_time": 1.2281534671783447
}