{
    "image_name": "michael-durana-82941.png",
    "mse": 0.0006151609704829752,
    "psnr": 32.10151290893555,
    "ms-ssim": 0.9919532537460327,
    "bpp": 0.3534684065934066,
    "encoding_time": 0.7981312274932861,
    "decoding_time": 1.4302010536193848
}