{
    "image_name": "jeremy-cai-1174.png",
    "mse": 0.0002851139579433948,
    "psnr": 35.431583404541016,
    "ms-ssim": 0.9952985048294067,
    "bpp": 0.26108928329494646,
    "encoding_time": 0.8789665699005127,
    "decoding_time": 1.1871869564056396
}