{
    "image_name": "kazuend-28556.png",
    "mse": 9.235246398020536e-05,
    "psnr": 40.28715896606445,
    "ms-ssim": 0.9938383102416992,
    "bpp": 0.19705815018315018,
    "encoding_time": 1.4713778495788574,
    "decoding_time": 1.3018710613250732
}