{
    "image_name": "todd-quackenbush-27493.png",
    "mse": 0.0001987557188840583,
    "psnr": 36.99031066894531,
    "ms-ssim": 0.9947100877761841,
    "bpp": 0.18988988383349467,
    "encoding_time": 0.6231424808502197,
    "decoding_time": 0.7241611480712891
}