{
    "image_name": "ales-krivec-15949.png",
    "mse": 0.00012204401718918234,
    "psnr": 39.08995056152344,
    "ms-ssim": 0.994239091873169,
    "bpp": 0.23533512205387205,
    "encoding_time": 1.2360739707946777,
    "decoding_time": 1.0620973110198975
}