{
    "image_name": "jason-briscoe-149782.png",
    "mse": 0.00019449126557447016,
    "psnr": 37.08270263671875,
    "ms-ssim": 0.9958810806274414,
    "bpp": 0.14350961538461537,
    "encoding_time": 1.3883147239685059,
    "decoding_time": 1.0266199111938477
}