{
    "image_name": "jared-erondu-21325.png",
    "mse": 0.00019702246936503798,
    "psnr": 37.02722930908203,
    "ms-ssim": 0.9911941885948181,
    "bpp": 0.37655677655677655,
    "encoding_time": 1.017512321472168,
    "decoding_time": 1.0351510047912598
}