{
    "image_name": "gian-reto-tarnutzer-45212.png",
    "mse": 0.0005534950760193169,
    "psnr": 32.559226989746094,
    "ms-ssim": 0.990501344203949,
    "bpp": 0.585709397810219,
    "encoding_time": 1.2337534427642822,
    "decoding_time": 1.1623401641845703
}