{
    "image_name": "philipp-reiner-207.png",
    "mse": 0.0013685396406799555,
    "psnr": 28.633556365966797,
    "ms-ssim": 0.9868919849395752,
    "bpp": 0.5834074074074074,
    "encoding_time": 1.0742835998535156,
    "decoding_time": 0.9477887153625488
}