{
    "image_name": "dogancan-ozturan-395.png",
    "mse": 0.0003817842807620764,
    "psnr": 34.168113708496094,
    "ms-ssim": 0.9939326643943787,
    "bpp": 0.2971510957324106,
    "encoding_time": 1.248237133026123,
    "decoding_time": 1.0890898704528809
}