{
    "image_name": "roberto-nickson-48063.png",
    "mse": 0.00015294818149413913,
    "psnr": 38.12007522583008,
    "ms-ssim": 0.9923020601272583,
    "bpp": 0.25309065934065933,
    "encoding_time": 1.2806353569030762,
    "decoding_time": 1.365408182144165
}