{
    "image_name": "todd-quackenbush-222.png",
    "mse": 0.0010414589196443558,
    "psnr": 29.818584442138672,
    "ms-ssim": 0.9860165119171143,
    "bpp": 0.6370032903062516,
    "encoding_time": 0.4379711151123047,
    "decoding_time": 0.30756044387817383
}