{
    "image_name": "benjamin-sloth-lindgreen-705.png",
    "mse": 0.0006157848401926458,
    "psnr": 32.097015380859375,
    "ms-ssim": 0.9899217486381531,
    "bpp": 0.48872481684981683,
    "encoding_time": 0.8288741111755371,
    "decoding_time": 0.8410177230834961
}