{
    "image_name": "alberto-montalesi-176097.png",
    "mse": 0.0001833040005294606,
    "psnr": 37.33890914916992,
    "ms-ssim": 0.9844788312911987,
    "bpp": 0.4528957263389582,
    "encoding_time": 0.7371673583984375,
    "decoding_time": 0.9035024642944336
}