{
    "image_name": "wojciech-szaturski-3611.png",
    "mse": 0.0007605062564834952,
    "psnr": 31.18194580078125,
    "ms-ssim": 0.9909067153930664,
    "bpp": 0.44815306935955357,
    "encoding_time": 0.8150866031646729,
    "decoding_time": 1.2205147743225098
}