{
    "image_name": "juskteez-vu-1041.png",
    "mse": 0.0010376583086326718,
    "psnr": 29.834012985229492,
    "ms-ssim": 0.9866749048233032,
    "bpp": 0.7415591418264667,
    "encoding_time": 0.9958500862121582,
    "decoding_time": 1.0252864360809326
}