{
    "image_name": "casey-fyfe-999.png",
    "mse": 0.00028024372295476496,
    "psnr": 35.50535583496094,
    "ms-ssim": 0.9860984683036804,
    "bpp": 0.5109604779411765,
    "encoding_time": 0.9317493438720703,
    "decoding_time": 1.197474479675293
}