{
    "image_name": "sergey-zolkin-1045.png",
    "mse": 0.00035656962427310646,
    "psnr": 34.46340560913086,
    "ms-ssim": 0.9929048418998718,
    "bpp": 0.3209020146520147,
    "encoding_time": 0.861060619354248,
    "decoding_time": 1.5233919620513916
}