{
    "image_name": "lobostudio-hamburg-75377.png",
    "mse": 0.00035285341436974704,
    "psnr": 34.51020050048828,
    "ms-ssim": 0.9891955256462097,
    "bpp": 0.3906135531135531,
    "encoding_time": 0.7549593448638916,
    "decoding_time": 1.00376558303833
}