{
    "image_name": "allef-vinicius-109434.png",
    "mse": 0.00023607983894180506,
    "psnr": 36.24650573730469,
    "ms-ssim": 0.9877204298973083,
    "bpp": 0.48392857142857143,
    "encoding_time": 1.2735953330993652,
    "decoding_time": 0.8083734512329102
}