{
    "image_name": "paul-itkin-46101.png",
    "mse": 0.002975983079522848,
    "psnr": 25.26194953918457,
    "ms-ssim": 0.9924501180648804,
    "bpp": 0.4022626931567329,
    "encoding_time": 0.48027563095092773,
    "decoding_time": 0.39362454414367676
}