{
    "image_name": "daniel-robert-405.png",
    "mse": 0.0007847124943509698,
    "psnr": 31.046316146850586,
    "ms-ssim": 0.9895093441009521,
    "bpp": 0.5484486571879936,
    "encoding_time": 0.7367246150970459,
    "decoding_time": 0.9792366027832031
}