{
    "image_name": "vita-vilcina-3055.png",
    "mse": 0.0009666060796007514,
    "psnr": 30.14276885986328,
    "ms-ssim": 0.9953998327255249,
    "bpp": 0.3230342642107348,
    "encoding_time": 0.796079158782959,
    "decoding_time": 1.1250402927398682
}