{
    "image_name": "zugr-108.png",
    "mse": 0.00014951537013985217,
    "psnr": 38.21734619140625,
    "ms-ssim": 0.9943229556083679,
    "bpp": 0.2038804945054945,
    "encoding_time": 0.8623828887939453,
    "decoding_time": 1.1399140357971191
}