{
    "image_name": "thong-vo-428.png",
    "mse": 0.0009815822122618556,
    "psnr": 30.075162887573242,
    "ms-ssim": 0.9899200201034546,
    "bpp": 0.560326870693799,
    "encoding_time": 0.791057825088501,
    "decoding_time": 0.5385539531707764
}