{
    "image_name": "davide-ragusa-716.png",
    "mse": 0.00024276648764498532,
    "psnr": 36.126319885253906,
    "ms-ssim": 0.9928070902824402,
    "bpp": 0.3313919154456533,
    "encoding_time": 0.798032283782959,
    "decoding_time": 0.7725493907928467
}