{
    "image_name": "alejandro-escamilla-6.png",
    "mse": 0.0003814538358710706,
    "psnr": 34.17252731323242,
    "ms-ssim": 0.9928470849990845,
    "bpp": 0.31754107542942495,
    "encoding_time": 0.7951133251190186,
    "decoding_time": 0.6908588409423828
}