{
    "image_name": "sergey-zolkin-21232.png",
    "mse": 0.00010939076310023665,
    "psnr": 39.564205169677734,
    "ms-ssim": 0.9934222102165222,
    "bpp": 0.2318884464564187,
    "encoding_time": 1.6941568851470947,
    "decoding_time": 0.9672555923461914
}