{
    "image_name": "martyn-seddon-220.png",
    "mse": 0.00034339912235736847,
    "psnr": 34.62636947631836,
    "ms-ssim": 0.989366888999939,
    "bpp": 0.4973901098901099,
    "encoding_time": 0.7836406230926514,
    "decoding_time": 0.7835495471954346
}