{
    "image_name": "martin-wessely-211.png",
    "mse": 0.0016646748408675194,
    "psnr": 27.783538818359375,
    "ms-ssim": 0.9849264025688171,
    "bpp": 0.7724479166666667,
    "encoding_time": 0.36801958084106445,
    "decoding_time": 0.2572798728942871
}