{
    "image_name": "nomao-saeki-33553.png",
    "mse": 0.0001556752249598503,
    "psnr": 38.04329299926758,
    "ms-ssim": 0.9905368685722351,
    "bpp": 0.3362577781844802,
    "encoding_time": 0.6094932556152344,
    "decoding_time": 1.4527883529663086
}