{
    "image_name": "philippe-wuyts-45997.png",
    "mse": 0.0005899459356442094,
    "psnr": 32.2833137512207,
    "ms-ssim": 0.9895608425140381,
    "bpp": 0.6054843014976755,
    "encoding_time": 0.7005984783172607,
    "decoding_time": 0.7678365707397461
}