{
    "image_name": "RGB_OR_1200x1200_015.png",
    "mse": 0.0001719427964417264,
    "psnr": 37.615543365478516,
    "ms-ssim": 0.9868019819259644,
    "bpp": 0.07155555555555555,
    "encoding_time": 0.5203890800476074,
    "decoding_time": 0.3267354965209961
}