{
    "image_name": "RGB_OR_1200x1200_076.png",
    "mse": 0.0002691775735002011,
    "psnr": 35.67947769165039,
    "ms-ssim": 0.9792437553405762,
    "bpp": 0.12224444444444445,
    "encoding_time": 0.33589601516723633,
    "decoding_time": 0.6675674915313721
}