{
    "image_name": "RGB_OR_1200x1200_081.png",
    "mse": 0.0004756161361001432,
    "psnr": 33.21627426147461,
    "ms-ssim": 0.983123242855072,
    "bpp": 0.21722222222222223,
    "encoding_time": 0.26682591438293457,
    "decoding_time": 0.2906808853149414
}