{
    "image_name": "RGB_OR_1200x1200_096.png",
    "mse": 0.0004166858270764351,
    "psnr": 33.78921890258789,
    "ms-ssim": 0.9538254141807556,
    "bpp": 0.10284444444444445,
    "encoding_time": 0.2685575485229492,
    "decoding_time": 0.33667993545532227
}