{
    "image_name": "RGB_OR_1200x1200_071.png",
    "mse": 0.00033740175422281027,
    "psnr": 34.704063415527344,
    "ms-ssim": 0.9787726402282715,
    "bpp": 0.1345111111111111,
    "encoding_time": 0.2908496856689453,
    "decoding_time": 0.6406722068786621
}