{
    "image_name": "RGB_OR_1200x1200_091.png",
    "mse": 0.00036884372821077704,
    "psnr": 34.32245635986328,
    "ms-ssim": 0.9868191480636597,
    "bpp": 0.17355555555555555,
    "encoding_time": 0.3374297618865967,
    "decoding_time": 0.5614235401153564
}