{
    "image_name": "RGB_OR_1200x1200_001.png",
    "mse": 0.0003448067291174084,
    "psnr": 34.6076545715332,
    "ms-ssim": 0.9857732653617859,
    "bpp": 0.15444444444444444,
    "encoding_time": 0.27233290672302246,
    "decoding_time": 0.35802173614501953
}