{
    "image_name": "RGB_OR_1200x1200_100.png",
    "mse": 0.00016321449948009104,
    "psnr": 37.8519287109375,
    "ms-ssim": 0.9759286642074585,
    "bpp": 0.06642222222222222,
    "encoding_time": 0.4992852210998535,
    "decoding_time": 0.500664472579956
}