{
    "image_name": "RGB_OR_1200x1200_053.png",
    "mse": 0.0002414876507828012,
    "psnr": 36.15104675292969,
    "ms-ssim": 0.9890994429588318,
    "bpp": 0.11966666666666667,
    "encoding_time": 0.31432533264160156,
    "decoding_time": 0.5094404220581055
}