{
    "image_name": "RGB_OR_1200x1200_020.png",
    "mse": 0.0007916094618849456,
    "psnr": 31.00841522216797,
    "ms-ssim": 0.9561948180198669,
    "bpp": 0.25504444444444446,
    "encoding_time": 0.26859235763549805,
    "decoding_time": 0.34824109077453613
}