{
    "image_name": "RGB_OR_1200x1200_057.png",
    "mse": 0.0003189342678524554,
    "psnr": 34.946556091308594,
    "ms-ssim": 0.9616085290908813,
    "bpp": 0.09193333333333334,
    "encoding_time": 0.41416239738464355,
    "decoding_time": 0.527141809463501
}