{
    "image_name": "RGB_OR_1200x1200_012.png",
    "mse": 0.0004494922759477049,
    "psnr": 33.46062469482422,
    "ms-ssim": 0.9819737672805786,
    "bpp": 0.17853333333333332,
    "encoding_time": 0.2948639392852783,
    "decoding_time": 0.3517885208129883
}