{
    "image_name": "RGB_OR_1200x1200_033.png",
    "mse": 0.0006331373588182032,
    "psnr": 31.976215362548828,
    "ms-ssim": 0.9658288955688477,
    "bpp": 0.2574888888888889,
    "encoding_time": 0.3166818618774414,
    "decoding_time": 0.523252010345459
}