{
    "image_name": "RGB_OR_1200x1200_034.png",
    "mse": 0.0003192272561136633,
    "psnr": 34.94196319580078,
    "ms-ssim": 0.9783103466033936,
    "bpp": 0.13406666666666667,
    "encoding_time": 0.30217456817626953,
    "decoding_time": 0.45231008529663086
}