{
    "image_name": "RGB_OR_1200x1200_008.png",
    "mse": 0.0006943509797565639,
    "psnr": 31.576391220092773,
    "ms-ssim": 0.9654747843742371,
    "bpp": 0.2394888888888889,
    "encoding_time": 0.36417484283447266,
    "decoding_time": 0.28494858741760254
}