{
    "image_name": "RGB_OR_1200x1200_084.png",
    "mse": 0.00015015769167803228,
    "psnr": 38.19791030883789,
    "ms-ssim": 0.9755486845970154,
    "bpp": 0.05726666666666667,
    "encoding_time": 0.3768582344055176,
    "decoding_time": 0.491527795791626
}