{
    "image_name": "RGB_OR_1200x1200_073.png",
    "mse": 0.00019788068311754614,
    "psnr": 37.0125846862793,
    "ms-ssim": 0.981188952922821,
    "bpp": 0.0836,
    "encoding_time": 0.6790447235107422,
    "decoding_time": 0.4776487350463867
}