{
    "image_name": "RGB_OR_1200x1200_088.png",
    "mse": 0.0004979922669008374,
    "psnr": 33.01752471923828,
    "ms-ssim": 0.9760739207267761,
    "bpp": 0.22155555555555556,
    "encoding_time": 0.34474635124206543,
    "decoding_time": 0.36109185218811035
}