{
    "image_name": "RGB_OR_1200x1200_082.png",
    "mse": 0.0011909811291843653,
    "psnr": 29.236324310302734,
    "ms-ssim": 0.9532968401908875,
    "bpp": 0.40924444444444447,
    "encoding_time": 0.5113286972045898,
    "decoding_time": 0.5124456882476807
}