{
    "image_name": "RGB_OR_1200x1200_083.png",
    "mse": 0.00034550693817436695,
    "psnr": 34.60002517700195,
    "ms-ssim": 0.9833218455314636,
    "bpp": 0.1538,
    "encoding_time": 0.41670989990234375,
    "decoding_time": 0.3879053592681885
}