{
    "image_name": "RGB_OR_1200x1200_097.png",
    "mse": 0.00041426296229474247,
    "psnr": 33.814090728759766,
    "ms-ssim": 0.9908756613731384,
    "bpp": 0.19717777777777779,
    "encoding_time": 0.38042664527893066,
    "decoding_time": 0.42415332794189453
}