{
    "image_name": "RGB_OR_1200x1200_064.png",
    "mse": 0.000630526221357286,
    "psnr": 31.994869232177734,
    "ms-ssim": 0.9781800508499146,
    "bpp": 0.2845111111111111,
    "encoding_time": 0.3999898433685303,
    "decoding_time": 0.3479189872741699
}