{
    "image_name": "RGB_OR_1200x1200_070.png",
    "mse": 0.0004683281877078116,
    "psnr": 33.283103942871094,
    "ms-ssim": 0.9432536959648132,
    "bpp": 0.13795555555555555,
    "encoding_time": 0.5810003280639648,
    "decoding_time": 0.589360237121582
}