{
    "image_name": "RGB_OR_1200x1200_080.png",
    "mse": 0.0002982882724609226,
    "psnr": 35.235687255859375,
    "ms-ssim": 0.9707574248313904,
    "bpp": 0.10233333333333333,
    "encoding_time": 0.2795393466949463,
    "decoding_time": 0.34641504287719727
}