{
    "image_name": "RGB_OR_1200x1200_021.png",
    "mse": 0.00038948337896727026,
    "psnr": 34.08104705810547,
    "ms-ssim": 0.9852771759033203,
    "bpp": 0.18777777777777777,
    "encoding_time": 0.28774094581604004,
    "decoding_time": 0.2887258529663086
}