{
    "image_name": "RGB_OR_1200x1200_041.png",
    "mse": 0.000544726150110364,
    "psnr": 32.62907409667969,
    "ms-ssim": 0.9735548496246338,
    "bpp": 0.21231111111111112,
    "encoding_time": 0.35187292098999023,
    "decoding_time": 0.4941897392272949
}