{
    "image_name": "RGB_OR_1200x1200_044.png",
    "mse": 0.0004419827018864453,
    "psnr": 33.53451156616211,
    "ms-ssim": 0.9599255323410034,
    "bpp": 0.171,
    "encoding_time": 0.42551732063293457,
    "decoding_time": 0.29256653785705566
}