{
    "image_name": "RGB_OR_1200x1200_058.png",
    "mse": 0.0005369532736949623,
    "psnr": 32.691200256347656,
    "ms-ssim": 0.9802432060241699,
    "bpp": 0.20662222222222223,
    "encoding_time": 0.26690149307250977,
    "decoding_time": 0.4975600242614746
}