{
    "image_name": "RGB_OR_1200x1200_004.png",
    "mse": 0.0002072116476483643,
    "psnr": 36.809654235839844,
    "ms-ssim": 0.976259708404541,
    "bpp": 0.08733333333333333,
    "encoding_time": 0.21119236946105957,
    "decoding_time": 0.33061885833740234
}