{
    "image_name": "RGB_OR_1200x1200_031.png",
    "mse": 0.0006344316643662751,
    "psnr": 31.967655181884766,
    "ms-ssim": 0.9754434823989868,
    "bpp": 0.2462,
    "encoding_time": 0.5171597003936768,
    "decoding_time": 0.6046762466430664
}