{
    "image_name": "RGB_OR_1200x1200_059.png",
    "mse": 0.001275290036574006,
    "psnr": 28.940067291259766,
    "ms-ssim": 0.9735664129257202,
    "bpp": 0.5998888888888889,
    "encoding_time": 0.4266471862792969,
    "decoding_time": 0.34581685066223145
}