{
    "image_name": "RGB_OR_1200x1200_094.png",
    "mse": 0.0006768770981580019,
    "psnr": 31.687240600585938,
    "ms-ssim": 0.9814922213554382,
    "bpp": 0.313,
    "encoding_time": 0.4954378604888916,
    "decoding_time": 0.37464427947998047
}