{
    "image_name": "RGB_OR_1200x1200_077.png",
    "mse": 0.0005370820290409029,
    "psnr": 32.689205169677734,
    "ms-ssim": 0.9136027097702026,
    "bpp": 0.08037777777777778,
    "encoding_time": 0.282351016998291,
    "decoding_time": 0.3452458381652832
}