{
    "image_name": "RGB_OR_1200x1200_040.png",
    "mse": 0.0005487496964633465,
    "psnr": 32.59681701660156,
    "ms-ssim": 0.9696232676506042,
    "bpp": 0.20193333333333333,
    "encoding_time": 0.5766985416412354,
    "decoding_time": 0.47412919998168945
}