{
    "image_name": "RGB_OR_1200x1200_061.png",
    "mse": 0.000981953926384449,
    "psnr": 30.073781967163086,
    "ms-ssim": 0.9735321402549744,
    "bpp": 0.3884444444444444,
    "encoding_time": 0.3197660446166992,
    "decoding_time": 0.3431229591369629
}