{
    "image_name": "RGB_OR_1200x1200_050.png",
    "mse": 0.0005143461748957634,
    "psnr": 32.87685775756836,
    "ms-ssim": 0.9700881242752075,
    "bpp": 0.1922222222222222,
    "encoding_time": 0.5108575820922852,
    "decoding_time": 0.35294342041015625
}