{
    "image_name": "RGB_OR_1200x1200_066.png",
    "mse": 0.0004027908144053072,
    "psnr": 33.935333251953125,
    "ms-ssim": 0.9815289378166199,
    "bpp": 0.16933333333333334,
    "encoding_time": 0.31621456146240234,
    "decoding_time": 0.6490459442138672
}