{
    "image_name": "RGB_OR_1200x1200_011.png",
    "mse": 0.0007233782671391964,
    "psnr": 31.39920997619629,
    "ms-ssim": 0.9766911864280701,
    "bpp": 0.3477777777777778,
    "encoding_time": 0.497821569442749,
    "decoding_time": 0.7140219211578369
}