{
    "image_name": "RGB_OR_1200x1200_002.png",
    "mse": 0.00015673806774429977,
    "psnr": 38.012840270996094,
    "ms-ssim": 0.9827020168304443,
    "bpp": 0.07888888888888888,
    "encoding_time": 0.37504148483276367,
    "decoding_time": 0.35097265243530273
}