{
    "image_name": "RGB_OR_1200x1200_037.png",
    "mse": 0.0004269485652912408,
    "psnr": 33.683067321777344,
    "ms-ssim": 0.9687314033508301,
    "bpp": 0.1675111111111111,
    "encoding_time": 0.3407304286956787,
    "decoding_time": 0.3950991630554199
}