{
    "image_name": "RGB_OR_1200x1200_009.png",
    "mse": 0.00021264479437377304,
    "psnr": 36.69940948486328,
    "ms-ssim": 0.9851781725883484,
    "bpp": 0.10455555555555555,
    "encoding_time": 0.36572861671447754,
    "decoding_time": 0.4797489643096924
}