{
    "image_name": "RGB_OR_1200x1200_005.png",
    "mse": 0.0005042486009187996,
    "psnr": 32.9630126953125,
    "ms-ssim": 0.9701370596885681,
    "bpp": 0.21342222222222224,
    "encoding_time": 0.4581725597381592,
    "decoding_time": 0.4811384677886963
}