{
    "image_name": "RGB_OR_1200x1200_052.png",
    "mse": 0.000512058672029525,
    "psnr": 32.89626693725586,
    "ms-ssim": 0.9800583124160767,
    "bpp": 0.25235555555555556,
    "encoding_time": 0.3888399600982666,
    "decoding_time": 0.45420289039611816
}