{
    "image_name": "RGB_OR_1200x1200_007.png",
    "mse": 0.000534687249455601,
    "psnr": 32.70848846435547,
    "ms-ssim": 0.9816104769706726,
    "bpp": 0.23326666666666668,
    "encoding_time": 0.2577846050262451,
    "decoding_time": 0.34894871711730957
}