{
    "image_name": "RGB_OR_1200x1200_074.png",
    "mse": 0.00028569038840942085,
    "psnr": 35.42267990112305,
    "ms-ssim": 0.9544622302055359,
    "bpp": 0.06911111111111111,
    "encoding_time": 0.5367660522460938,
    "decoding_time": 0.4275658130645752
}