{
    "image_name": "RGB_OR_1200x1200_030.png",
    "mse": 0.0008421126985922456,
    "psnr": 30.7397403717041,
    "ms-ssim": 0.9706712961196899,
    "bpp": 0.3106888888888889,
    "encoding_time": 0.5092456340789795,
    "decoding_time": 0.4490354061126709
}