{
    "image_name": "RGB_OR_1200x1200_018.png",
    "mse": 0.001024620491079986,
    "psnr": 29.889150619506836,
    "ms-ssim": 0.9725081324577332,
    "bpp": 0.4933111111111111,
    "encoding_time": 0.3805689811706543,
    "decoding_time": 0.34032273292541504
}