{
    "image_name": "RGB_OR_1200x1200_065.png",
    "mse": 0.000732471642550081,
    "psnr": 31.344724655151367,
    "ms-ssim": 0.9727185964584351,
    "bpp": 0.31777777777777777,
    "encoding_time": 0.395068883895874,
    "decoding_time": 0.34641242027282715
}