{
    "image_name": "RGB_OR_1200x1200_047.png",
    "mse": 0.0007446727249771357,
    "psnr": 31.273218154907227,
    "ms-ssim": 0.9767049551010132,
    "bpp": 0.24984444444444445,
    "encoding_time": 0.4485800266265869,
    "decoding_time": 0.4775123596191406
}