{
    "image_name": "RGB_OR_1200x1200_010.png",
    "mse": 0.0004960147780366242,
    "psnr": 33.03373718261719,
    "ms-ssim": 0.9620509147644043,
    "bpp": 0.16553333333333334,
    "encoding_time": 0.26423215866088867,
    "decoding_time": 0.38462209701538086
}