{
    "image_name": "RGB_OR_1200x1200_089.png",
    "mse": 0.0006721122772432864,
    "psnr": 31.71736717224121,
    "ms-ssim": 0.9624871015548706,
    "bpp": 0.26397777777777776,
    "encoding_time": 0.28563880920410156,
    "decoding_time": 0.47300076484680176
}