{
    "image_name": "RGB_OR_1200x1200_079.png",
    "mse": 0.00044110085582360625,
    "psnr": 33.54226303100586,
    "ms-ssim": 0.9909349679946899,
    "bpp": 0.23295555555555555,
    "encoding_time": 0.33455777168273926,
    "decoding_time": 0.4261922836303711
}