{
    "image_name": "RGB_OR_1200x1200_095.png",
    "mse": 0.0012813617940992117,
    "psnr": 28.919017791748047,
    "ms-ssim": 0.9634758830070496,
    "bpp": 0.5237111111111111,
    "encoding_time": 0.3254210948944092,
    "decoding_time": 0.4556429386138916
}