{
    "image_name": "RGB_OR_1200x1200_049.png",
    "mse": 0.00043201082735322416,
    "psnr": 33.63380813598633,
    "ms-ssim": 0.9833710193634033,
    "bpp": 0.21475555555555556,
    "encoding_time": 0.30193066596984863,
    "decoding_time": 0.4783287048339844
}