{
    "image_name": "RGB_OR_1200x1200_029.png",
    "mse": 0.0004172938934061676,
    "psnr": 33.78234100341797,
    "ms-ssim": 0.9720053672790527,
    "bpp": 0.17033333333333334,
    "encoding_time": 0.45485472679138184,
    "decoding_time": 0.3659095764160156
}