{
    "image_name": "RGB_OR_1200x1200_086.png",
    "mse": 0.0011105065932497382,
    "psnr": 29.54009246826172,
    "ms-ssim": 0.9362074732780457,
    "bpp": 0.3154222222222222,
    "encoding_time": 0.36647534370422363,
    "decoding_time": 0.5204613208770752
}