{
    "image_name": "RGB_OR_1200x1200_062.png",
    "mse": 0.0012910845689475536,
    "psnr": 28.88625144958496,
    "ms-ssim": 0.9661845564842224,
    "bpp": 0.5318,
    "encoding_time": 0.31365203857421875,
    "decoding_time": 0.2891976833343506
}