{
    "image_name": "RGB_OR_1200x1200_003.png",
    "mse": 0.0004538933280855417,
    "psnr": 33.41852569580078,
    "ms-ssim": 0.9794584512710571,
    "bpp": 0.17671111111111112,
    "encoding_time": 0.29119062423706055,
    "decoding_time": 0.5539193153381348
}