{
    "image_name": "RGB_OR_1200x1200_039.png",
    "mse": 0.0005920847761444747,
    "psnr": 32.26710510253906,
    "ms-ssim": 0.9643511176109314,
    "bpp": 0.2230888888888889,
    "encoding_time": 0.5031135082244873,
    "decoding_time": 0.4966099262237549
}