{
    "image_name": "RGB_OR_1200x1200_072.png",
    "mse": 0.0006943005137145519,
    "psnr": 31.576519012451172,
    "ms-ssim": 0.9807687997817993,
    "bpp": 0.34344444444444444,
    "encoding_time": 0.3979983329772949,
    "decoding_time": 0.6392064094543457
}