{
    "image_name": "RGB_OR_1200x1200_038.png",
    "mse": 0.0002886388392653316,
    "psnr": 35.37812042236328,
    "ms-ssim": 0.9789870977401733,
    "bpp": 0.1295111111111111,
    "encoding_time": 0.29099488258361816,
    "decoding_time": 0.4173455238342285
}