{
    "image_name": "RGB_OR_1200x1200_078.png",
    "mse": 0.00030520351720042527,
    "psnr": 35.136817932128906,
    "ms-ssim": 0.9856335520744324,
    "bpp": 0.14815555555555557,
    "encoding_time": 0.5293610095977783,
    "decoding_time": 0.41118597984313965
}