{
    "image_name": "RGB_OR_1200x1200_090.png",
    "mse": 0.001057353219948709,
    "psnr": 29.75243377685547,
    "ms-ssim": 0.969474732875824,
    "bpp": 0.40657777777777776,
    "encoding_time": 0.4773519039154053,
    "decoding_time": 0.5176031589508057
}