{
    "image_name": "RGB_OR_1200x1200_023.png",
    "mse": 0.0006461740704253316,
    "psnr": 31.88800048828125,
    "ms-ssim": 0.9817087650299072,
    "bpp": 0.29415555555555556,
    "encoding_time": 0.38025331497192383,
    "decoding_time": 0.5118472576141357
}