{
    "image_name": "RGB_OR_1200x1200_014.png",
    "mse": 0.0003468765935394913,
    "psnr": 34.582942962646484,
    "ms-ssim": 0.9844333529472351,
    "bpp": 0.15568888888888888,
    "encoding_time": 0.40148258209228516,
    "decoding_time": 0.34378910064697266
}