{
    "image_name": "RGB_OR_1200x1200_063.png",
    "mse": 0.00030684625380672514,
    "psnr": 35.11406326293945,
    "ms-ssim": 0.9811801910400391,
    "bpp": 0.1166,
    "encoding_time": 0.3070871829986572,
    "decoding_time": 0.288271427154541
}