{
    "image_name": "RGB_OR_1200x1200_027.png",
    "mse": 0.0005693087005056441,
    "psnr": 32.437076568603516,
    "ms-ssim": 0.9726970195770264,
    "bpp": 0.23935555555555554,
    "encoding_time": 0.39067649841308594,
    "decoding_time": 0.33400654792785645
}