{
    "image_name": "RGB_OR_1200x1200_054.png",
    "mse": 0.0004884679219685495,
    "psnr": 33.10169219970703,
    "ms-ssim": 0.9772380590438843,
    "bpp": 0.21375555555555556,
    "encoding_time": 0.3083624839782715,
    "decoding_time": 0.6241068840026855
}