{
    "image_name": "RGB_OR_1200x1200_006.png",
    "mse": 0.0004730506334453821,
    "psnr": 33.23997116088867,
    "ms-ssim": 0.9346393346786499,
    "bpp": 0.06926666666666667,
    "encoding_time": 0.3367800712585449,
    "decoding_time": 0.5575041770935059
}