{
    "image_name": "RGB_OR_1200x1200_048.png",
    "mse": 0.0008908382151275873,
    "psnr": 30.495803833007812,
    "ms-ssim": 0.9710359573364258,
    "bpp": 0.36362222222222224,
    "encoding_time": 0.3288753032684326,
    "decoding_time": 0.3307209014892578
}