{
    "image_name": "RGB_OR_1200x1200_026.png",
    "mse": 0.0009846659377217293,
    "psnr": 30.061195373535156,
    "ms-ssim": 0.9773175120353699,
    "bpp": 0.4822888888888889,
    "encoding_time": 0.31691980361938477,
    "decoding_time": 0.6009268760681152
}