{
    "image_name": "RGB_OR_1200x1200_017.png",
    "mse": 0.0005846872227266431,
    "psnr": 32.32115173339844,
    "ms-ssim": 0.9768905639648438,
    "bpp": 0.25206666666666666,
    "encoding_time": 0.5601546764373779,
    "decoding_time": 0.45150065422058105
}