{
    "image_name": "RGB_OR_1200x1200_019.png",
    "mse": 0.0005791258881799877,
    "psnr": 32.36288070678711,
    "ms-ssim": 0.9739109873771667,
    "bpp": 0.20386666666666667,
    "encoding_time": 0.3709592819213867,
    "decoding_time": 0.28810906410217285
}