{
    "image_name": "RGB_OR_1200x1200_060.png",
    "mse": 0.0004034746962133795,
    "psnr": 33.929466247558594,
    "ms-ssim": 0.978007972240448,
    "bpp": 0.16433333333333333,
    "encoding_time": 0.42787814140319824,
    "decoding_time": 0.4220561981201172
}