{
    "image_name": "RGB_OR_1200x1200_024.png",
    "mse": 0.0009870148496702313,
    "psnr": 30.051294326782227,
    "ms-ssim": 0.9770647883415222,
    "bpp": 0.48064444444444443,
    "encoding_time": 0.29523539543151855,
    "decoding_time": 0.6540844440460205
}