{
    "image_name": "RGB_OR_1200x1200_022.png",
    "mse": 0.0004070777795277536,
    "psnr": 33.890140533447266,
    "ms-ssim": 0.9664644002914429,
    "bpp": 0.16882222222222223,
    "encoding_time": 0.34806394577026367,
    "decoding_time": 0.395017147064209
}