{
    "image_name": "RGB_OR_1200x1200_099.png",
    "mse": 0.0005465112044475973,
    "psnr": 32.61377716064453,
    "ms-ssim": 0.9528231024742126,
    "bpp": 0.1733111111111111,
    "encoding_time": 0.3862276077270508,
    "decoding_time": 0.4633662700653076
}