{
    "image_name": "RGB_OR_1200x1200_028.png",
    "mse": 0.00021043524611741304,
    "psnr": 36.74346160888672,
    "ms-ssim": 0.9781229496002197,
    "bpp": 0.09353333333333333,
    "encoding_time": 0.25274109840393066,
    "decoding_time": 0.4749794006347656
}