{
    "image_name": "RGB_OR_1200x1200_056.png",
    "mse": 0.00024398732057306916,
    "psnr": 36.103946685791016,
    "ms-ssim": 0.9744157791137695,
    "bpp": 0.09751111111111112,
    "encoding_time": 0.4270503520965576,
    "decoding_time": 0.5054104328155518
}