{
    "image_name": "RGB_OR_1200x1200_098.png",
    "mse": 0.00113019160926342,
    "psnr": 29.463851928710938,
    "ms-ssim": 0.9786399602890015,
    "bpp": 0.5359111111111111,
    "encoding_time": 0.6107101440429688,
    "decoding_time": 0.42156052589416504
}