{
    "image_name": "RGB_OR_1200x1200_055.png",
    "mse": 0.0004327158094383776,
    "psnr": 33.62571334838867,
    "ms-ssim": 0.982271671295166,
    "bpp": 0.2256,
    "encoding_time": 0.2937295436859131,
    "decoding_time": 0.49613046646118164
}