{
    "image_name": "RGB_OR_1200x1200_045.png",
    "mse": 0.00038037076592445374,
    "psnr": 34.18470001220703,
    "ms-ssim": 0.9775031805038452,
    "bpp": 0.15817777777777778,
    "encoding_time": 0.31529903411865234,
    "decoding_time": 0.4985048770904541
}