{
    "image_name": "RGB_OR_1200x1200_016.png",
    "mse": 0.001120236935093999,
    "psnr": 29.50177001953125,
    "ms-ssim": 0.9708356857299805,
    "bpp": 0.4567777777777778,
    "encoding_time": 0.34643077850341797,
    "decoding_time": 0.3849368095397949
}