{
    "image_name": "RGB_OR_1200x1200_093.png",
    "mse": 0.00033733341842889786,
    "psnr": 34.70616149902344,
    "ms-ssim": 0.9769400954246521,
    "bpp": 0.1288,
    "encoding_time": 0.31289172172546387,
    "decoding_time": 0.35903000831604004
}