{
    "image_name": "RGB_OR_1200x1200_046.png",
    "mse": 0.0007887195097282529,
    "psnr": 31.02440643310547,
    "ms-ssim": 0.9633568525314331,
    "bpp": 0.2944,
    "encoding_time": 0.31124019622802734,
    "decoding_time": 0.39722108840942383
}