{
    "image_name": "RGB_OR_1200x1200_036.png",
    "mse": 0.00013381379540078342,
    "psnr": 38.694358825683594,
    "ms-ssim": 0.9801630973815918,
    "bpp": 0.06108888888888889,
    "encoding_time": 0.6545600891113281,
    "decoding_time": 0.4638991355895996
}