{
    "image_name": "RGB_OR_1200x1200_042.png",
    "mse": 0.00043436302803456783,
    "psnr": 33.609649658203125,
    "ms-ssim": 0.9712135195732117,
    "bpp": 0.17302222222222222,
    "encoding_time": 0.2892594337463379,
    "decoding_time": 0.4306786060333252
}