{
    "image_name": "RGB_OR_1200x1200_043.png",
    "mse": 0.0010137350764125586,
    "psnr": 29.935258865356445,
    "ms-ssim": 0.9597818851470947,
    "bpp": 0.40975555555555554,
    "encoding_time": 0.5491518974304199,
    "decoding_time": 0.3898305892944336
}