{
    "image_name": "RGB_OR_1200x1200_025.png",
    "mse": 0.0002852347679436207,
    "psnr": 35.428977966308594,
    "ms-ssim": 0.9799026250839233,
    "bpp": 0.12655555555555556,
    "encoding_time": 0.2942383289337158,
    "decoding_time": 0.4772794246673584
}