{
    "image_name": "RGB_OR_1200x1200_092.png",
    "mse": 0.00022823756444267929,
    "psnr": 36.39213180541992,
    "ms-ssim": 0.9708613157272339,
    "bpp": 0.08333333333333333,
    "encoding_time": 0.36812400817871094,
    "decoding_time": 0.3590552806854248
}