{
    "mean_loss": 0.3754331508680951,
    "mean_bpp": 0.3753995555555556,
    "mean_psnr": 35.245505542755126,
    "mean_msssim": 0.9815257704257965,
    "mean_msssim_dB": 17.334336638207535,
    "mean_enc_time": 0.35654077291488645,
    "mean_dec_time": 0.40807860136032104
}