{
    "image_name": "RGB_OR_1200x1200_002.png",
    "mse": 9.730577585287392e-05,
    "psnr": 40.06343460083008,
    "ms-ssim": 0.9858483076095581,
    "bpp": 0.12786666666666666,
    "encoding_time": 0.3274509906768799,
    "decoding_time": 0.38091325759887695
}