{
    "image_name": "RGB_OR_1200x1200_047.png",
    "mse": 0.0004881935310550034,
    "psnr": 33.103084564208984,
    "ms-ssim": 0.9845836162567139,
    "bpp": 0.42606666666666665,
    "encoding_time": 0.2929682731628418,
    "decoding_time": 0.33997392654418945
}