{
    "image_name": "RGB_OR_1200x1200_021.png",
    "mse": 0.0002297006722074002,
    "psnr": 36.364768981933594,
    "ms-ssim": 0.9899529218673706,
    "bpp": 0.31904444444444446,
    "encoding_time": 0.3729691505432129,
    "decoding_time": 0.3486056327819824
}