{
    "image_name": "RGB_OR_1200x1200_036.png",
    "mse": 9.410989878233522e-05,
    "psnr": 40.20572280883789,
    "ms-ssim": 0.9831157922744751,
    "bpp": 0.09642222222222223,
    "encoding_time": 0.3067433834075928,
    "decoding_time": 0.3061702251434326
}