{
    "image_name": "RGB_OR_1200x1200_051.png",
    "mse": 0.00020162698638159782,
    "psnr": 36.92696762084961,
    "ms-ssim": 0.9807617664337158,
    "bpp": 0.20842222222222223,
    "encoding_time": 0.8743603229522705,
    "decoding_time": 0.5179262161254883
}