{
    "image_name": "RGB_OR_1200x1200_027.png",
    "mse": 0.00033801188692450523,
    "psnr": 34.69489288330078,
    "ms-ssim": 0.9821078181266785,
    "bpp": 0.40097777777777777,
    "encoding_time": 0.5957672595977783,
    "decoding_time": 0.417705774307251
}