{
    "image_name": "RGB_OR_1200x1200_072.png",
    "mse": 0.00038557068910449743,
    "psnr": 34.12449264526367,
    "ms-ssim": 0.9876226782798767,
    "bpp": 0.5701333333333334,
    "encoding_time": 0.24913644790649414,
    "decoding_time": 0.47542858123779297
}