{
    "image_name": "RGB_OR_1200x1200_053.png",
    "mse": 0.00012762447295244783,
    "psnr": 38.8988151550293,
    "ms-ssim": 0.9921954870223999,
    "bpp": 0.1928888888888889,
    "encoding_time": 0.4842982292175293,
    "decoding_time": 0.41625189781188965
}