{
    "image_name": "RGB_OR_1200x1200_091.png",
    "mse": 0.00022615071793552488,
    "psnr": 36.44111251831055,
    "ms-ssim": 0.9915437698364258,
    "bpp": 0.28984444444444446,
    "encoding_time": 0.33548736572265625,
    "decoding_time": 0.3932077884674072
}