{
    "image_name": "RGB_OR_1200x1200_060.png",
    "mse": 0.0002545032184571028,
    "psnr": 35.92304992675781,
    "ms-ssim": 0.984921395778656,
    "bpp": 0.2798,
    "encoding_time": 0.3346989154815674,
    "decoding_time": 0.3661026954650879
}