{
    "image_name": "RGB_OR_1200x1200_088.png",
    "mse": 0.00030104463803581893,
    "psnr": 35.19646453857422,
    "ms-ssim": 0.9841094017028809,
    "bpp": 0.3648222222222222,
    "encoding_time": 0.42129993438720703,
    "decoding_time": 0.46959733963012695
}