{
    "image_name": "RGB_OR_1200x1200_048.png",
    "mse": 0.0005261169280856848,
    "psnr": 32.778804779052734,
    "ms-ssim": 0.9810296297073364,
    "bpp": 0.6158666666666667,
    "encoding_time": 0.29492974281311035,
    "decoding_time": 0.31925272941589355
}