{
    "image_name": "RGB_OR_1200x1200_068.png",
    "mse": 0.00018516433192417026,
    "psnr": 37.30909729003906,
    "ms-ssim": 0.9905163645744324,
    "bpp": 0.22304444444444443,
    "encoding_time": 0.37221455574035645,
    "decoding_time": 0.4455723762512207
}