{
    "image_name": "RGB_OR_1200x1200_018.png",
    "mse": 0.0005799746722914279,
    "psnr": 32.35695266723633,
    "ms-ssim": 0.9828850030899048,
    "bpp": 0.7948222222222222,
    "encoding_time": 0.3382871150970459,
    "decoding_time": 0.49027252197265625
}