{
    "image_name": "RGB_OR_1200x1200_050.png",
    "mse": 0.00033001197152771056,
    "psnr": 34.79804229736328,
    "ms-ssim": 0.9784516096115112,
    "bpp": 0.32497777777777775,
    "encoding_time": 0.47275662422180176,
    "decoding_time": 0.42264842987060547
}