{
    "image_name": "RGB_OR_1200x1200_069.png",
    "mse": 0.00030334378243424,
    "psnr": 35.162681579589844,
    "ms-ssim": 0.9871922731399536,
    "bpp": 0.40286666666666665,
    "encoding_time": 0.3589658737182617,
    "decoding_time": 0.45078063011169434
}