{
    "image_name": "RGB_OR_1200x1200_071.png",
    "mse": 0.00022339665156323463,
    "psnr": 36.48615264892578,
    "ms-ssim": 0.9819902181625366,
    "bpp": 0.2204888888888889,
    "encoding_time": 0.3082997798919678,
    "decoding_time": 0.5408153533935547
}