{
    "image_name": "RGB_OR_1200x1200_042.png",
    "mse": 0.0002739548508543521,
    "psnr": 35.60490417480469,
    "ms-ssim": 0.9802768230438232,
    "bpp": 0.29562222222222223,
    "encoding_time": 0.34815168380737305,
    "decoding_time": 0.3181149959564209
}