{
    "image_name": "RGB_OR_1200x1200_001.png",
    "mse": 0.00019982112280558795,
    "psnr": 36.966575622558594,
    "ms-ssim": 0.9906591176986694,
    "bpp": 0.2635777777777778,
    "encoding_time": 0.3510310649871826,
    "decoding_time": 0.40496349334716797
}