{
    "image_name": "RGB_OR_1200x1200_090.png",
    "mse": 0.0006411839858628809,
    "psnr": 31.921512603759766,
    "ms-ssim": 0.981919527053833,
    "bpp": 0.6998222222222222,
    "encoding_time": 0.278947114944458,
    "decoding_time": 0.3566880226135254
}