{
    "image_name": "RGB_OR_1200x1200_076.png",
    "mse": 0.00017784653755370528,
    "psnr": 37.46910095214844,
    "ms-ssim": 0.9839750528335571,
    "bpp": 0.2069111111111111,
    "encoding_time": 0.5169236660003662,
    "decoding_time": 0.43611717224121094
}