{
    "image_name": "RGB_OR_1200x1200_038.png",
    "mse": 0.0001782525359885767,
    "psnr": 37.460052490234375,
    "ms-ssim": 0.98560631275177,
    "bpp": 0.21297777777777777,
    "encoding_time": 0.450944185256958,
    "decoding_time": 0.3919649124145508
}