{
    "image_name": "RGB_OR_1200x1200_067.png",
    "mse": 0.00033886596793308854,
    "psnr": 34.683692932128906,
    "ms-ssim": 0.9750770926475525,
    "bpp": 0.2794888888888889,
    "encoding_time": 0.32649755477905273,
    "decoding_time": 0.45276379585266113
}