{
    "image_name": "RGB_OR_1200x1200_017.png",
    "mse": 0.000343028805218637,
    "psnr": 34.63044738769531,
    "ms-ssim": 0.9863604307174683,
    "bpp": 0.4140666666666667,
    "encoding_time": 0.32825183868408203,
    "decoding_time": 0.36415863037109375
}