{
    "image_name": "RGB_OR_1200x1200_083.png",
    "mse": 0.0002129295899067074,
    "psnr": 36.691864013671875,
    "ms-ssim": 0.9884950518608093,
    "bpp": 0.25437777777777776,
    "encoding_time": 0.25990939140319824,
    "decoding_time": 0.4157698154449463
}