{
    "image_name": "RGB_OR_1200x1200_019.png",
    "mse": 0.0003971372207161039,
    "psnr": 33.99687957763672,
    "ms-ssim": 0.9809576272964478,
    "bpp": 0.34744444444444444,
    "encoding_time": 0.26419591903686523,
    "decoding_time": 0.34241747856140137
}