{
    "image_name": "RGB_OR_1200x1200_025.png",
    "mse": 0.000184607197297737,
    "psnr": 37.30813980102539,
    "ms-ssim": 0.9853624105453491,
    "bpp": 0.2078,
    "encoding_time": 0.29467129707336426,
    "decoding_time": 0.48355746269226074
}