{
    "image_name": "RGB_OR_1200x1200_064.png",
    "mse": 0.0003755729121621698,
    "psnr": 34.23964309692383,
    "ms-ssim": 0.9865883588790894,
    "bpp": 0.4597333333333333,
    "encoding_time": 0.2809269428253174,
    "decoding_time": 0.6330783367156982
}