{
    "image_name": "RGB_OR_1200x1200_079.png",
    "mse": 0.0002460791147314012,
    "psnr": 36.067039489746094,
    "ms-ssim": 0.9935868978500366,
    "bpp": 0.37806666666666666,
    "encoding_time": 0.32613420486450195,
    "decoding_time": 0.3410627841949463
}