{
    "image_name": "RGB_OR_1200x1200_074.png",
    "mse": 0.00021136489522177726,
    "psnr": 36.724761962890625,
    "ms-ssim": 0.9645861387252808,
    "bpp": 0.13004444444444443,
    "encoding_time": 0.2934689521789551,
    "decoding_time": 0.3488655090332031
}