{
    "image_name": "RGB_OR_1200x1200_006.png",
    "mse": 0.00039435646613128483,
    "psnr": 34.02787780761719,
    "ms-ssim": 0.9473070502281189,
    "bpp": 0.1380222222222222,
    "encoding_time": 0.28763794898986816,
    "decoding_time": 0.4118692874908447
}