{
    "image_name": "RGB_OR_1200x1200_081.png",
    "mse": 0.0002923246065620333,
    "psnr": 35.32274627685547,
    "ms-ssim": 0.9886447787284851,
    "bpp": 0.36575555555555556,
    "encoding_time": 0.25475287437438965,
    "decoding_time": 0.23026514053344727
}