{
    "image_name": "RGB_OR_1200x1200_087.png",
    "mse": 0.0007484222878701985,
    "psnr": 31.251155853271484,
    "ms-ssim": 0.9833294153213501,
    "bpp": 0.9204,
    "encoding_time": 0.3512094020843506,
    "decoding_time": 0.4664323329925537
}