{
    "image_name": "RGB_OR_1200x1200_022.png",
    "mse": 0.0002705797378439456,
    "psnr": 35.65773391723633,
    "ms-ssim": 0.976829469203949,
    "bpp": 0.28517777777777775,
    "encoding_time": 0.3233778476715088,
    "decoding_time": 0.5959079265594482
}