{
    "image_name": "RGB_OR_1200x1200_041.png",
    "mse": 0.0003340638941153884,
    "psnr": 34.7467155456543,
    "ms-ssim": 0.9825345277786255,
    "bpp": 0.36286666666666667,
    "encoding_time": 0.33046627044677734,
    "decoding_time": 0.3401925563812256
}