{
    "image_name": "RGB_OR_1200x1200_056.png",
    "mse": 0.0001531793677713722,
    "psnr": 38.11323165893555,
    "ms-ssim": 0.9815372228622437,
    "bpp": 0.15855555555555556,
    "encoding_time": 0.40471363067626953,
    "decoding_time": 0.5429391860961914
}