{
    "image_name": "RGB_OR_1200x1200_016.png",
    "mse": 0.0006182857323437929,
    "psnr": 32.07941436767578,
    "ms-ssim": 0.9834007024765015,
    "bpp": 0.7788444444444445,
    "encoding_time": 0.29294443130493164,
    "decoding_time": 0.7450015544891357
}