{
    "image_name": "RGB_OR_1200x1200_065.png",
    "mse": 0.00043055269634351134,
    "psnr": 33.647315979003906,
    "ms-ssim": 0.9788326025009155,
    "bpp": 0.5267333333333334,
    "encoding_time": 0.30275845527648926,
    "decoding_time": 0.33293867111206055
}