{
    "image_name": "RGB_OR_1200x1200_066.png",
    "mse": 0.0002735349116846919,
    "psnr": 35.61039733886719,
    "ms-ssim": 0.9865937232971191,
    "bpp": 0.2826888888888889,
    "encoding_time": 0.4086787700653076,
    "decoding_time": 0.24470233917236328
}