{
    "image_name": "RGB_OR_1200x1200_098.png",
    "mse": 0.0006264254334382713,
    "psnr": 32.022979736328125,
    "ms-ssim": 0.988435685634613,
    "bpp": 0.8702,
    "encoding_time": 0.32376909255981445,
    "decoding_time": 0.4969151020050049
}