{
    "image_name": "RGB_OR_1200x1200_007.png",
    "mse": 0.0003105466312263161,
    "psnr": 35.060943603515625,
    "ms-ssim": 0.9882189631462097,
    "bpp": 0.3872888888888889,
    "encoding_time": 0.29399657249450684,
    "decoding_time": 0.33646631240844727
}