{
    "image_name": "RGB_OR_1200x1200_061.png",
    "mse": 0.0006040092557668686,
    "psnr": 32.180694580078125,
    "ms-ssim": 0.9836853742599487,
    "bpp": 0.6494444444444445,
    "encoding_time": 0.2829256057739258,
    "decoding_time": 0.35357022285461426
}