{
    "image_name": "RGB_OR_1200x1200_052.png",
    "mse": 0.0003008237690664828,
    "psnr": 35.19872283935547,
    "ms-ssim": 0.98759526014328,
    "bpp": 0.4036666666666667,
    "encoding_time": 0.30745410919189453,
    "decoding_time": 0.42748332023620605
}