{
    "image_name": "RGB_OR_1200x1200_015.png",
    "mse": 8.589681965531781e-05,
    "psnr": 40.597259521484375,
    "ms-ssim": 0.990013599395752,
    "bpp": 0.11768888888888888,
    "encoding_time": 0.38199567794799805,
    "decoding_time": 0.34345006942749023
}