{
    "image_name": "RGB_OR_1200x1200_046.png",
    "mse": 0.0004978040815331042,
    "psnr": 33.018821716308594,
    "ms-ssim": 0.9774389266967773,
    "bpp": 0.5031555555555556,
    "encoding_time": 0.3617725372314453,
    "decoding_time": 0.29370689392089844
}