{
    "image_name": "RGB_OR_1200x1200_093.png",
    "mse": 0.0002069176989607513,
    "psnr": 36.82250213623047,
    "ms-ssim": 0.9855731725692749,
    "bpp": 0.222,
    "encoding_time": 0.3072848320007324,
    "decoding_time": 0.40492916107177734
}