{
    "image_name": "RGB_OR_1200x1200_075.png",
    "mse": 0.0002450762549415231,
    "psnr": 36.08511734008789,
    "ms-ssim": 0.9755510091781616,
    "bpp": 0.2665111111111111,
    "encoding_time": 0.30219292640686035,
    "decoding_time": 0.34598326683044434
}