{
    "image_name": "RGB_OR_1200x1200_094.png",
    "mse": 0.00036380678648129106,
    "psnr": 34.3773193359375,
    "ms-ssim": 0.9884033203125,
    "bpp": 0.5176666666666667,
    "encoding_time": 0.31429457664489746,
    "decoding_time": 0.4631352424621582
}