{
    "image_name": "RGB_OR_1200x1200_029.png",
    "mse": 0.00025764439487829804,
    "psnr": 35.868934631347656,
    "ms-ssim": 0.9818016290664673,
    "bpp": 0.29413333333333336,
    "encoding_time": 0.2942211627960205,
    "decoding_time": 0.292097806930542
}