{
    "image_name": "RGB_OR_1200x1200_055.png",
    "mse": 0.0002622086612973362,
    "psnr": 35.7930908203125,
    "ms-ssim": 0.9888033866882324,
    "bpp": 0.3720888888888889,
    "encoding_time": 0.3900010585784912,
    "decoding_time": 0.4116485118865967
}