{
    "image_name": "RGB_OR_1200x1200_062.png",
    "mse": 0.0007768172072246671,
    "psnr": 31.08990478515625,
    "ms-ssim": 0.9808183908462524,
    "bpp": 0.8762444444444445,
    "encoding_time": 0.30398130416870117,
    "decoding_time": 0.41040778160095215
}