{
    "image_name": "RGB_OR_1200x1200_059.png",
    "mse": 0.0007441180641762912,
    "psnr": 31.27693748474121,
    "ms-ssim": 0.9830228090286255,
    "bpp": 0.9674222222222222,
    "encoding_time": 0.4013822078704834,
    "decoding_time": 0.29636693000793457
}