{
    "image_name": "RGB_OR_1200x1200_003.png",
    "mse": 0.00028061241027899086,
    "psnr": 35.49955749511719,
    "ms-ssim": 0.9851864576339722,
    "bpp": 0.3103111111111111,
    "encoding_time": 0.29518818855285645,
    "decoding_time": 0.398235559463501
}