{
    "image_name": "RGB_OR_1200x1200_005.png",
    "mse": 0.000307880254695192,
    "psnr": 35.099098205566406,
    "ms-ssim": 0.9809291362762451,
    "bpp": 0.3602666666666667,
    "encoding_time": 0.31415224075317383,
    "decoding_time": 0.28728413581848145
}