{
    "image_name": "RGB_OR_1200x1200_013.png",
    "mse": 0.0002577538543846458,
    "psnr": 35.86639404296875,
    "ms-ssim": 0.9883334040641785,
    "bpp": 0.31884444444444443,
    "encoding_time": 0.4587891101837158,
    "decoding_time": 0.46036767959594727
}