{
    "image_name": "RGB_OR_1200x1200_078.png",
    "mse": 0.00018140708561986685,
    "psnr": 37.383670806884766,
    "ms-ssim": 0.9889464378356934,
    "bpp": 0.24164444444444444,
    "encoding_time": 0.4094524383544922,
    "decoding_time": 0.7041709423065186
}