{
    "image_name": "RGB_OR_1200x1200_057.png",
    "mse": 0.0002089107729261741,
    "psnr": 36.7747917175293,
    "ms-ssim": 0.9732071161270142,
    "bpp": 0.1686,
    "encoding_time": 0.37503552436828613,
    "decoding_time": 0.34818243980407715
}