{
    "image_name": "RGB_OR_1200x1200_004.png",
    "mse": 0.0001460920029785484,
    "psnr": 38.3165283203125,
    "ms-ssim": 0.9796973466873169,
    "bpp": 0.14551111111111112,
    "encoding_time": 0.3538212776184082,
    "decoding_time": 0.6123998165130615
}