{
    "image_name": "RGB_OR_1200x1200_043.png",
    "mse": 0.0005794717581011355,
    "psnr": 32.36057662963867,
    "ms-ssim": 0.9769977331161499,
    "bpp": 0.6949777777777778,
    "encoding_time": 0.39177894592285156,
    "decoding_time": 0.4894845485687256
}