{
    "image_name": "RGB_OR_1200x1200_009.png",
    "mse": 0.0001345919881714508,
    "psnr": 38.671043395996094,
    "ms-ssim": 0.9893912076950073,
    "bpp": 0.178,
    "encoding_time": 0.30175161361694336,
    "decoding_time": 0.29394078254699707
}