{
    "image_name": "RGB_OR_1200x1200_023.png",
    "mse": 0.0003853980451822281,
    "psnr": 34.126949310302734,
    "ms-ssim": 0.9860445857048035,
    "bpp": 0.4957111111111111,
    "encoding_time": 0.35173487663269043,
    "decoding_time": 0.2900352478027344
}