{
    "image_name": "RGB_OR_1200x1200_012.png",
    "mse": 0.0002594357938505709,
    "psnr": 35.83853530883789,
    "ms-ssim": 0.9866392612457275,
    "bpp": 0.3087111111111111,
    "encoding_time": 0.3247053623199463,
    "decoding_time": 0.3195788860321045
}