{
    "image_name": "RGB_OR_1200x1200_097.png",
    "mse": 0.00024520448641851544,
    "psnr": 36.0829963684082,
    "ms-ssim": 0.9928120374679565,
    "bpp": 0.3303333333333333,
    "encoding_time": 0.4385862350463867,
    "decoding_time": 0.3673558235168457
}