{
    "image_name": "RGB_OR_1200x1200_045.png",
    "mse": 0.00024373283667955548,
    "psnr": 36.11022186279297,
    "ms-ssim": 0.9843196868896484,
    "bpp": 0.26184444444444444,
    "encoding_time": 0.3322913646697998,
    "decoding_time": 0.3655674457550049
}