{
    "image_name": "RGB_OR_1200x1200_024.png",
    "mse": 0.0005372683517634869,
    "psnr": 32.687957763671875,
    "ms-ssim": 0.9859064817428589,
    "bpp": 0.7772666666666667,
    "encoding_time": 0.3855726718902588,
    "decoding_time": 0.474773645401001
}