{
    "image_name": "RGB_OR_1200x1200_034.png",
    "mse": 0.00019310814968775958,
    "psnr": 37.113067626953125,
    "ms-ssim": 0.9863847494125366,
    "bpp": 0.22553333333333334,
    "encoding_time": 0.4767286777496338,
    "decoding_time": 0.3851661682128906
}