{
    "image_name": "RGB_OR_1200x1200_014.png",
    "mse": 0.00020519991812761873,
    "psnr": 36.85263442993164,
    "ms-ssim": 0.9892937541007996,
    "bpp": 0.26093333333333335,
    "encoding_time": 0.275068998336792,
    "decoding_time": 0.35112881660461426
}