{
    "image_name": "RGB_OR_1200x1200_044.png",
    "mse": 0.0002906212175730616,
    "psnr": 35.348777770996094,
    "ms-ssim": 0.9741632342338562,
    "bpp": 0.2820666666666667,
    "encoding_time": 0.6313555240631104,
    "decoding_time": 0.3469548225402832
}