{
    "image_name": "RGB_OR_1200x1200_080.png",
    "mse": 0.0002030261093750596,
    "psnr": 36.89909362792969,
    "ms-ssim": 0.9797244071960449,
    "bpp": 0.1748222222222222,
    "encoding_time": 0.27388525009155273,
    "decoding_time": 0.3482680320739746
}