{
    "image_name": "RGB_OR_1200x1200_082.png",
    "mse": 0.0007374334963969886,
    "psnr": 31.31532859802246,
    "ms-ssim": 0.973039984703064,
    "bpp": 0.7099333333333333,
    "encoding_time": 0.2732665538787842,
    "decoding_time": 0.5850918292999268
}