{
    "image_name": "RGB_OR_1200x1200_089.png",
    "mse": 0.00041302081081084907,
    "psnr": 33.827083587646484,
    "ms-ssim": 0.9737693667411804,
    "bpp": 0.4466,
    "encoding_time": 0.40953779220581055,
    "decoding_time": 0.35253238677978516
}