{
    "image_name": "RGB_OR_1200x1200_020.png",
    "mse": 0.0005033222842030227,
    "psnr": 32.97104263305664,
    "ms-ssim": 0.9730709791183472,
    "bpp": 0.45826666666666666,
    "encoding_time": 0.29891037940979004,
    "decoding_time": 0.34454989433288574
}