{
    "image_name": "RGB_OR_1200x1200_008.png",
    "mse": 0.000429667008575052,
    "psnr": 33.655784606933594,
    "ms-ssim": 0.9794639348983765,
    "bpp": 0.4210888888888889,
    "encoding_time": 0.3296537399291992,
    "decoding_time": 0.4401357173919678
}