{
    "image_name": "RGB_OR_1200x1200_010.png",
    "mse": 0.00031742278952151537,
    "psnr": 34.966773986816406,
    "ms-ssim": 0.9768499732017517,
    "bpp": 0.29973333333333335,
    "encoding_time": 0.33176183700561523,
    "decoding_time": 0.33278584480285645
}