{
    "image_name": "RGB_OR_1200x1200_035.png",
    "mse": 0.00035540759563446045,
    "psnr": 34.47825622558594,
    "ms-ssim": 0.985179603099823,
    "bpp": 0.43146666666666667,
    "encoding_time": 0.46442532539367676,
    "decoding_time": 0.4202847480773926
}