{
    "image_name": "RGB_OR_1200x1200_054.png",
    "mse": 0.00029940804233774543,
    "psnr": 35.22150421142578,
    "ms-ssim": 0.9855471849441528,
    "bpp": 0.3574888888888889,
    "encoding_time": 0.3727264404296875,
    "decoding_time": 0.3583807945251465
}