{
    "image_name": "RGB_OR_1200x1200_100.png",
    "mse": 0.00010230763291474432,
    "psnr": 39.870906829833984,
    "ms-ssim": 0.984632670879364,
    "bpp": 0.11746666666666666,
    "encoding_time": 0.31885528564453125,
    "decoding_time": 0.3138113021850586
}