{
    "image_name": "RGB_OR_1200x1200_030.png",
    "mse": 0.0005251804832369089,
    "psnr": 32.786617279052734,
    "ms-ssim": 0.9811984300613403,
    "bpp": 0.5349555555555555,
    "encoding_time": 0.38240957260131836,
    "decoding_time": 0.37073349952697754
}