{
    "image_name": "RGB_OR_1200x1200_073.png",
    "mse": 0.0001392540434608236,
    "psnr": 38.52775573730469,
    "ms-ssim": 0.9840533137321472,
    "bpp": 0.1458888888888889,
    "encoding_time": 0.43435001373291016,
    "decoding_time": 0.3180391788482666
}