{
    "image_name": "RGB_OR_1200x1200_092.png",
    "mse": 0.00016745569882914424,
    "psnr": 37.72779846191406,
    "ms-ssim": 0.9726295471191406,
    "bpp": 0.13275555555555554,
    "encoding_time": 0.3812716007232666,
    "decoding_time": 0.4521450996398926
}