{
    "image_name": "RGB_OR_1200x1200_040.png",
    "mse": 0.00033866168814711273,
    "psnr": 34.68695068359375,
    "ms-ssim": 0.9801265597343445,
    "bpp": 0.3558,
    "encoding_time": 0.3280832767486572,
    "decoding_time": 0.38510918617248535
}