{
    "image_name": "RGB_OR_1200x1200_033.png",
    "mse": 0.00036884009023196995,
    "psnr": 34.31694412231445,
    "ms-ssim": 0.9799091219902039,
    "bpp": 0.43546666666666667,
    "encoding_time": 0.37558603286743164,
    "decoding_time": 0.6086573600769043
}