{
    "image_name": "RGB_OR_1200x1200_037.png",
    "mse": 0.00026118470123037696,
    "psnr": 35.810020446777344,
    "ms-ssim": 0.9782852530479431,
    "bpp": 0.29044444444444445,
    "encoding_time": 0.3667299747467041,
    "decoding_time": 0.4657480716705322
}