{
    "image_name": "RGB_OR_1200x1200_085.png",
    "mse": 0.00035337370354682207,
    "psnr": 34.50234603881836,
    "ms-ssim": 0.9707353115081787,
    "bpp": 0.2996666666666667,
    "encoding_time": 0.3663330078125,
    "decoding_time": 0.4454655647277832
}