{
    "image_name": "RGB_OR_1200x1200_099.png",
    "mse": 0.0003481869352981448,
    "psnr": 34.5671501159668,
    "ms-ssim": 0.969997763633728,
    "bpp": 0.31164444444444445,
    "encoding_time": 0.25659918785095215,
    "decoding_time": 0.35112428665161133
}