{
    "image_name": "RGB_OR_1200x1200_028.png",
    "mse": 0.00013399988529272377,
    "psnr": 38.68858337402344,
    "ms-ssim": 0.9851409196853638,
    "bpp": 0.1556,
    "encoding_time": 0.2690303325653076,
    "decoding_time": 0.5628559589385986
}