{
    "image_name": "RGB_OR_1200x1200_086.png",
    "mse": 0.0006762176053598523,
    "psnr": 31.691125869750977,
    "ms-ssim": 0.9668148756027222,
    "bpp": 0.6156666666666667,
    "encoding_time": 0.33112287521362305,
    "decoding_time": 0.45587801933288574
}