{
    "image_name": "RGB_OR_1200x1200_049.png",
    "mse": 0.00025004148483276367,
    "psnr": 35.999351501464844,
    "ms-ssim": 0.9891934394836426,
    "bpp": 0.3516666666666667,
    "encoding_time": 0.29744815826416016,
    "decoding_time": 0.48453593254089355
}