{
    "image_name": "RGB_OR_1200x1200_032.png",
    "mse": 0.0005710363620892167,
    "psnr": 32.423492431640625,
    "ms-ssim": 0.978370189666748,
    "bpp": 0.5624222222222223,
    "encoding_time": 0.3581089973449707,
    "decoding_time": 0.3368716239929199
}