{
    "image_name": "RGB_OR_1200x1200_084.png",
    "mse": 0.00010518814087845385,
    "psnr": 39.72901153564453,
    "ms-ssim": 0.9783354997634888,
    "bpp": 0.0966,
    "encoding_time": 0.368760347366333,
    "decoding_time": 0.6205482482910156
}