{
    "image_name": "RGB_OR_1200x1200_058.png",
    "mse": 0.0003552132111508399,
    "psnr": 34.480499267578125,
    "ms-ssim": 0.9864852428436279,
    "bpp": 0.3344666666666667,
    "encoding_time": 0.275728702545166,
    "decoding_time": 0.33905839920043945
}