{
    "image_name": "RGB_OR_1200x1200_027.png",
    "mse": 0.001178310951218009,
    "psnr": 29.28271484375,
    "ms-ssim": 0.9824956655502319,
    "bpp": 0.22964444444444446,
    "encoding_time": 0.29317712783813477,
    "decoding_time": 0.3154330253601074
}