{
    "image_name": "RGB_OR_1200x1200_033.png",
    "mse": 0.0011281536426395178,
    "psnr": 29.471439361572266,
    "ms-ssim": 0.9798179864883423,
    "bpp": 0.2768888888888889,
    "encoding_time": 0.3149707317352295,
    "decoding_time": 0.3325493335723877
}