{
    "image_name": "RGB_OR_1200x1200_037.png",
    "mse": 0.0006213000160641968,
    "psnr": 32.0582389831543,
    "ms-ssim": 0.9817649126052856,
    "bpp": 0.22444444444444445,
    "encoding_time": 0.46456360816955566,
    "decoding_time": 0.39850330352783203
}