{
    "image_name": "RGB_OR_1200x1200_004.png",
    "mse": 0.0005432266625575721,
    "psnr": 32.64019775390625,
    "ms-ssim": 0.9835297465324402,
    "bpp": 0.14102222222222222,
    "encoding_time": 0.28388357162475586,
    "decoding_time": 0.4387531280517578
}