{
    "image_name": "RGB_OR_1200x1200_099.png",
    "mse": 0.0007237356039695442,
    "psnr": 31.39685821533203,
    "ms-ssim": 0.9761120676994324,
    "bpp": 0.26353333333333334,
    "encoding_time": 0.29257917404174805,
    "decoding_time": 0.3841557502746582
}