{
    "image_name": "RGB_OR_1200x1200_062.png",
    "mse": 0.0026234034448862076,
    "psnr": 25.809314727783203,
    "ms-ssim": 0.9720325469970703,
    "bpp": 0.42395555555555553,
    "encoding_time": 0.28330397605895996,
    "decoding_time": 0.45371341705322266
}