{
    "image_name": "RGB_OR_1200x1200_001.png",
    "mse": 0.0007294080569408834,
    "psnr": 31.362934112548828,
    "ms-ssim": 0.9892327189445496,
    "bpp": 0.14926666666666666,
    "encoding_time": 0.6084733009338379,
    "decoding_time": 0.3690180778503418
}