{
    "image_name": "RGB_OR_1200x1200_025.png",
    "mse": 0.0005998284323140979,
    "psnr": 32.210636138916016,
    "ms-ssim": 0.9865676164627075,
    "bpp": 0.15724444444444444,
    "encoding_time": 0.2603154182434082,
    "decoding_time": 0.35848379135131836
}