{
    "image_name": "RGB_OR_1200x1200_024.png",
    "mse": 0.0027588794473558664,
    "psnr": 25.590673446655273,
    "ms-ssim": 0.979292094707489,
    "bpp": 0.2966888888888889,
    "encoding_time": 0.435579776763916,
    "decoding_time": 0.493588924407959
}