{
    "image_name": "RGB_OR_1200x1200_045.png",
    "mse": 0.0006429357454180717,
    "psnr": 31.910078048706055,
    "ms-ssim": 0.9837014079093933,
    "bpp": 0.1923111111111111,
    "encoding_time": 0.37907862663269043,
    "decoding_time": 0.2909061908721924
}