{
    "image_name": "RGB_OR_1200x1200_019.png",
    "mse": 0.0008523633005097508,
    "psnr": 30.68739128112793,
    "ms-ssim": 0.9811789989471436,
    "bpp": 0.23393333333333333,
    "encoding_time": 0.30594611167907715,
    "decoding_time": 0.42140626907348633
}