{
    "image_name": "RGB_OR_1200x1200_031.png",
    "mse": 0.0010032957652583718,
    "psnr": 29.98046875,
    "ms-ssim": 0.9830265045166016,
    "bpp": 0.27353333333333335,
    "encoding_time": 0.33510255813598633,
    "decoding_time": 0.3556551933288574
}