{
    "image_name": "RGB_OR_1200x1200_083.png",
    "mse": 0.0010087043046951294,
    "psnr": 29.957002639770508,
    "ms-ssim": 0.9864009618759155,
    "bpp": 0.15395555555555557,
    "encoding_time": 0.2937297821044922,
    "decoding_time": 0.48602819442749023
}