{
    "image_name": "RGB_OR_1200x1200_073.png",
    "mse": 0.00037303994758985937,
    "psnr": 34.269798278808594,
    "ms-ssim": 0.9855010509490967,
    "bpp": 0.11631111111111112,
    "encoding_time": 0.37767958641052246,
    "decoding_time": 0.6002068519592285
}