{
    "image_name": "RGB_OR_1200x1200_032.png",
    "mse": 0.0012487489730119705,
    "psnr": 29.030908584594727,
    "ms-ssim": 0.9747688174247742,
    "bpp": 0.3491111111111111,
    "encoding_time": 0.45027923583984375,
    "decoding_time": 0.6415369510650635
}