{
    "image_name": "RGB_OR_1200x1200_061.png",
    "mse": 0.0016232100315392017,
    "psnr": 27.892972946166992,
    "ms-ssim": 0.9768933653831482,
    "bpp": 0.3543777777777778,
    "encoding_time": 0.3866860866546631,
    "decoding_time": 0.45105552673339844
}