{
    "image_name": "RGB_OR_1200x1200_087.png",
    "mse": 0.002286231145262718,
    "psnr": 26.406482696533203,
    "ms-ssim": 0.9709111452102661,
    "bpp": 0.4233777777777778,
    "encoding_time": 0.2525818347930908,
    "decoding_time": 0.44744110107421875
}