{
    "image_name": "RGB_OR_1200x1200_017.png",
    "mse": 0.0009584983927197754,
    "psnr": 30.1785945892334,
    "ms-ssim": 0.9825414419174194,
    "bpp": 0.25804444444444447,
    "encoding_time": 0.37065958976745605,
    "decoding_time": 0.3828611373901367
}