{
    "image_name": "RGB_OR_1200x1200_008.png",
    "mse": 0.0009568975074216723,
    "psnr": 30.18538475036621,
    "ms-ssim": 0.9771919250488281,
    "bpp": 0.28926666666666667,
    "encoding_time": 0.4056844711303711,
    "decoding_time": 0.47000670433044434
}