{
    "image_name": "RGB_OR_1200x1200_042.png",
    "mse": 0.0006590326083824039,
    "psnr": 31.80315589904785,
    "ms-ssim": 0.9811503291130066,
    "bpp": 0.21533333333333332,
    "encoding_time": 0.3965156078338623,
    "decoding_time": 0.40105557441711426
}