{
    "image_name": "RGB_OR_1200x1200_012.png",
    "mse": 0.0008373345481231809,
    "psnr": 30.76444435119629,
    "ms-ssim": 0.9849957823753357,
    "bpp": 0.1728,
    "encoding_time": 0.3616795539855957,
    "decoding_time": 0.3168342113494873
}