{
    "image_name": "RGB_OR_1200x1200_060.png",
    "mse": 0.0007211482152342796,
    "psnr": 31.412336349487305,
    "ms-ssim": 0.9850267767906189,
    "bpp": 0.19657777777777777,
    "encoding_time": 0.2751178741455078,
    "decoding_time": 0.43549323081970215
}