{
    "image_name": "RGB_OR_1200x1200_071.png",
    "mse": 0.0006741507677361369,
    "psnr": 31.704727172851562,
    "ms-ssim": 0.9822887778282166,
    "bpp": 0.15413333333333334,
    "encoding_time": 0.35595154762268066,
    "decoding_time": 0.28399085998535156
}