{
    "image_name": "RGB_OR_1200x1200_081.png",
    "mse": 0.0010686529567465186,
    "psnr": 29.706775665283203,
    "ms-ssim": 0.9855525493621826,
    "bpp": 0.1991111111111111,
    "encoding_time": 0.4180119037628174,
    "decoding_time": 0.6305291652679443
}