{
    "image_name": "RGB_OR_1200x1200_072.png",
    "mse": 0.0016910717822611332,
    "psnr": 27.715003967285156,
    "ms-ssim": 0.9829297065734863,
    "bpp": 0.26944444444444443,
    "encoding_time": 0.39276909828186035,
    "decoding_time": 0.3755035400390625
}