{
    "image_name": "RGB_OR_1200x1200_009.png",
    "mse": 0.0005116338143125176,
    "psnr": 32.90007019042969,
    "ms-ssim": 0.9904296398162842,
    "bpp": 0.12906666666666666,
    "encoding_time": 0.40615034103393555,
    "decoding_time": 0.3919646739959717
}