{
    "image_name": "RGB_OR_1200x1200_093.png",
    "mse": 0.0006631094147451222,
    "psnr": 31.777847290039062,
    "ms-ssim": 0.9865264892578125,
    "bpp": 0.1680222222222222,
    "encoding_time": 0.4586663246154785,
    "decoding_time": 0.4792494773864746
}