{
    "image_name": "RGB_OR_1200x1200_057.png",
    "mse": 0.0005579251446761191,
    "psnr": 32.524600982666016,
    "ms-ssim": 0.9803690910339355,
    "bpp": 0.1864222222222222,
    "encoding_time": 0.42504048347473145,
    "decoding_time": 0.5809953212738037
}