{
    "image_name": "RGB_OR_1200x1200_039.png",
    "mse": 0.0010902355425059795,
    "psnr": 29.61972427368164,
    "ms-ssim": 0.9792574644088745,
    "bpp": 0.26953333333333335,
    "encoding_time": 0.3872966766357422,
    "decoding_time": 0.35025525093078613
}