{
    "image_name": "RGB_OR_1200x1200_074.png",
    "mse": 0.00033618827001191676,
    "psnr": 34.71851348876953,
    "ms-ssim": 0.9750967025756836,
    "bpp": 0.17408888888888888,
    "encoding_time": 0.3147125244140625,
    "decoding_time": 0.4957304000854492
}