{
    "image_name": "RGB_OR_1200x1200_097.png",
    "mse": 0.0009813935030251741,
    "psnr": 30.07591438293457,
    "ms-ssim": 0.9894092082977295,
    "bpp": 0.15226666666666666,
    "encoding_time": 0.41672492027282715,
    "decoding_time": 0.5028619766235352
}