{
    "image_name": "RGB_OR_1200x1200_048.png",
    "mse": 0.0015769990859553218,
    "psnr": 28.018003463745117,
    "ms-ssim": 0.9747743606567383,
    "bpp": 0.3190222222222222,
    "encoding_time": 0.43459057807922363,
    "decoding_time": 0.40912413597106934
}