{
    "image_name": "RGB_OR_1200x1200_002.png",
    "mse": 0.0004037149774376303,
    "psnr": 33.92573547363281,
    "ms-ssim": 0.9888061285018921,
    "bpp": 0.10746666666666667,
    "encoding_time": 0.3639087677001953,
    "decoding_time": 0.5931859016418457
}