{
    "image_name": "RGB_OR_1200x1200_082.png",
    "mse": 0.0017329315887764096,
    "psnr": 27.608856201171875,
    "ms-ssim": 0.9669849276542664,
    "bpp": 0.4197111111111111,
    "encoding_time": 0.41407179832458496,
    "decoding_time": 0.5903985500335693
}