{
    "image_name": "RGB_OR_1200x1200_078.png",
    "mse": 0.0005829830188304186,
    "psnr": 32.33417510986328,
    "ms-ssim": 0.9871789216995239,
    "bpp": 0.1474,
    "encoding_time": 0.554234504699707,
    "decoding_time": 0.5241608619689941
}