{
    "image_name": "RGB_OR_1200x1200_059.png",
    "mse": 0.0033965986222028732,
    "psnr": 24.68815040588379,
    "ms-ssim": 0.9724687337875366,
    "bpp": 0.382,
    "encoding_time": 0.3406789302825928,
    "decoding_time": 0.6359701156616211
}