{
    "image_name": "RGB_OR_1200x1200_096.png",
    "mse": 0.0004688258050009608,
    "psnr": 33.27865982055664,
    "ms-ssim": 0.9712668657302856,
    "bpp": 0.20437777777777777,
    "encoding_time": 0.43157052993774414,
    "decoding_time": 0.5438802242279053
}