{
    "image_name": "RGB_OR_1200x1200_029.png",
    "mse": 0.0007040660129860044,
    "psnr": 31.51613998413086,
    "ms-ssim": 0.9841830730438232,
    "bpp": 0.20946666666666666,
    "encoding_time": 0.2964353561401367,
    "decoding_time": 0.389174222946167
}