{
    "image_name": "RGB_OR_1200x1200_075.png",
    "mse": 0.0007535264594480395,
    "psnr": 31.22202491760254,
    "ms-ssim": 0.9788243174552917,
    "bpp": 0.18346666666666667,
    "encoding_time": 0.5541746616363525,
    "decoding_time": 0.8043744564056396
}