{
    "image_name": "RGB_OR_1200x1200_036.png",
    "mse": 0.0002610718074720353,
    "psnr": 35.812110900878906,
    "ms-ssim": 0.9869901537895203,
    "bpp": 0.11571111111111111,
    "encoding_time": 0.3785383701324463,
    "decoding_time": 0.6206774711608887
}