{
    "image_name": "RGB_OR_1200x1200_070.png",
    "mse": 0.0005525966989807785,
    "psnr": 32.565975189208984,
    "ms-ssim": 0.9763325452804565,
    "bpp": 0.2824888888888889,
    "encoding_time": 0.47066569328308105,
    "decoding_time": 0.6556282043457031
}