{
    "image_name": "RGB_OR_1200x1200_043.png",
    "mse": 0.0016209896421059966,
    "psnr": 27.89878273010254,
    "ms-ssim": 0.971953809261322,
    "bpp": 0.3920222222222222,
    "encoding_time": 0.8316354751586914,
    "decoding_time": 0.7040960788726807
}