{
    "image_name": "RGB_OR_1200x1200_088.png",
    "mse": 0.0008636419079266489,
    "psnr": 30.630420684814453,
    "ms-ssim": 0.9829535484313965,
    "bpp": 0.24002222222222222,
    "encoding_time": 0.268068790435791,
    "decoding_time": 0.5394341945648193
}