{
    "image_name": "RGB_OR_1200x1200_055.png",
    "mse": 0.0008933421922847629,
    "psnr": 30.483652114868164,
    "ms-ssim": 0.9869828224182129,
    "bpp": 0.2225777777777778,
    "encoding_time": 0.2768898010253906,
    "decoding_time": 0.28627681732177734
}