{
    "image_name": "RGB_OR_1200x1200_022.png",
    "mse": 0.0005628405488096178,
    "psnr": 32.486427307128906,
    "ms-ssim": 0.9811443090438843,
    "bpp": 0.2382,
    "encoding_time": 0.395418643951416,
    "decoding_time": 0.5349493026733398
}