{
    "image_name": "RGB_OR_1200x1200_003.png",
    "mse": 0.0008861332898959517,
    "psnr": 30.518953323364258,
    "ms-ssim": 0.9853891134262085,
    "bpp": 0.18146666666666667,
    "encoding_time": 0.35217714309692383,
    "decoding_time": 0.5126097202301025
}