{
    "image_name": "RGB_OR_1200x1200_030.png",
    "mse": 0.0011573588708415627,
    "psnr": 29.360570907592773,
    "ms-ssim": 0.9762017130851746,
    "bpp": 0.32493333333333335,
    "encoding_time": 0.5567629337310791,
    "decoding_time": 0.4947195053100586
}