{
    "image_name": "RGB_OR_1200x1200_092.png",
    "mse": 0.0005041655385866761,
    "psnr": 32.9637565612793,
    "ms-ssim": 0.9757205843925476,
    "bpp": 0.1366888888888889,
    "encoding_time": 0.42722630500793457,
    "decoding_time": 0.48114728927612305
}