{
    "image_name": "RGB_OR_1200x1200_011.png",
    "mse": 0.0017830310389399529,
    "psnr": 27.485300064086914,
    "ms-ssim": 0.9817614555358887,
    "bpp": 0.2720666666666667,
    "encoding_time": 0.3351922035217285,
    "decoding_time": 0.49391841888427734
}