{
    "image_name": "RGB_OR_1200x1200_049.png",
    "mse": 0.0008241067407652736,
    "psnr": 30.83394432067871,
    "ms-ssim": 0.9863001108169556,
    "bpp": 0.21331111111111112,
    "encoding_time": 0.346480131149292,
    "decoding_time": 0.4349536895751953
}