{
    "image_name": "RGB_OR_1200x1200_058.png",
    "mse": 0.000790041231084615,
    "psnr": 31.016780853271484,
    "ms-ssim": 0.9831954836845398,
    "bpp": 0.21746666666666667,
    "encoding_time": 0.4350087642669678,
    "decoding_time": 0.5192372798919678
}