{
    "image_name": "RGB_OR_1200x1200_016.png",
    "mse": 0.0022659169044345617,
    "psnr": 26.44522476196289,
    "ms-ssim": 0.9748584032058716,
    "bpp": 0.3419333333333333,
    "encoding_time": 0.4602630138397217,
    "decoding_time": 0.46656298637390137
}