{
    "image_name": "RGB_OR_1200x1200_051.png",
    "mse": 0.0003682515525724739,
    "psnr": 34.32398986816406,
    "ms-ssim": 0.9831246137619019,
    "bpp": 0.1807777777777778,
    "encoding_time": 0.33553433418273926,
    "decoding_time": 0.35283613204956055
}