{
    "image_name": "RGB_OR_1200x1200_041.png",
    "mse": 0.0009987391531467438,
    "psnr": 30.00006866455078,
    "ms-ssim": 0.9816269874572754,
    "bpp": 0.22926666666666667,
    "encoding_time": 0.33378076553344727,
    "decoding_time": 0.48198604583740234
}