{
    "image_name": "RGB_OR_1200x1200_085.png",
    "mse": 0.0005979071138426661,
    "psnr": 32.224395751953125,
    "ms-ssim": 0.9744870662689209,
    "bpp": 0.26935555555555557,
    "encoding_time": 0.3718068599700928,
    "decoding_time": 0.41774630546569824
}