{
    "image_name": "RGB_OR_1200x1200_098.png",
    "mse": 0.00213370518758893,
    "psnr": 26.70596694946289,
    "ms-ssim": 0.9766415357589722,
    "bpp": 0.41757777777777777,
    "encoding_time": 0.6789760589599609,
    "decoding_time": 0.3934969902038574
}