{
    "image_name": "RGB_OR_1200x1200_014.png",
    "mse": 0.0007270302739925683,
    "psnr": 31.376550674438477,
    "ms-ssim": 0.9879236221313477,
    "bpp": 0.16886666666666666,
    "encoding_time": 0.4099242687225342,
    "decoding_time": 0.3100893497467041
}