{
    "image_name": "RGB_OR_1200x1200_080.png",
    "mse": 0.0004494038294069469,
    "psnr": 33.4617919921875,
    "ms-ssim": 0.9830113649368286,
    "bpp": 0.1693111111111111,
    "encoding_time": 0.35131001472473145,
    "decoding_time": 0.4148373603820801
}