{
    "image_name": "RGB_OR_1200x1200_028.png",
    "mse": 0.00029646322946064174,
    "psnr": 35.26191711425781,
    "ms-ssim": 0.987796425819397,
    "bpp": 0.14684444444444444,
    "encoding_time": 0.3856666088104248,
    "decoding_time": 0.38040947914123535
}