{
    "image_name": "RGB_OR_1200x1200_038.png",
    "mse": 0.0004724489990621805,
    "psnr": 33.24527359008789,
    "ms-ssim": 0.9864301085472107,
    "bpp": 0.1676,
    "encoding_time": 0.27321791648864746,
    "decoding_time": 0.39000630378723145
}