{
    "image_name": "RGB_OR_1200x1200_050.png",
    "mse": 0.0007291882648132741,
    "psnr": 31.364124298095703,
    "ms-ssim": 0.9771808385848999,
    "bpp": 0.23633333333333334,
    "encoding_time": 0.5950310230255127,
    "decoding_time": 0.614673376083374
}