{
    "image_name": "RGB_OR_1200x1200_066.png",
    "mse": 0.000576754508074373,
    "psnr": 32.381126403808594,
    "ms-ssim": 0.984938383102417,
    "bpp": 0.19844444444444445,
    "encoding_time": 0.5192699432373047,
    "decoding_time": 0.5708985328674316
}