{
    "image_name": "RGB_OR_1200x1200_068.png",
    "mse": 0.0006091520772315562,
    "psnr": 32.14738464355469,
    "ms-ssim": 0.9898663759231567,
    "bpp": 0.15755555555555556,
    "encoding_time": 0.5485117435455322,
    "decoding_time": 0.6454272270202637
}