{
    "image_name": "RGB_OR_1200x1200_077.png",
    "mse": 0.0005180694279260933,
    "psnr": 32.84568786621094,
    "ms-ssim": 0.9600240588188171,
    "bpp": 0.30393333333333333,
    "encoding_time": 0.3973066806793213,
    "decoding_time": 0.550323486328125
}