{
    "image_name": "RGB_OR_1200x1200_018.png",
    "mse": 0.002659396966919303,
    "psnr": 25.750288009643555,
    "ms-ssim": 0.9773954749107361,
    "bpp": 0.3300666666666667,
    "encoding_time": 0.37424683570861816,
    "decoding_time": 0.4995388984680176
}