{
    "image_name": "RGB_OR_1200x1200_090.png",
    "mse": 0.0021156270522624254,
    "psnr": 26.742965698242188,
    "ms-ssim": 0.9757029414176941,
    "bpp": 0.35962222222222223,
    "encoding_time": 0.36117029190063477,
    "decoding_time": 0.3903322219848633
}