{
    "image_name": "RGB_OR_1200x1200_079.png",
    "mse": 0.001505061867646873,
    "psnr": 28.22083282470703,
    "ms-ssim": 0.9902646541595459,
    "bpp": 0.16246666666666668,
    "encoding_time": 0.3326406478881836,
    "decoding_time": 0.5656719207763672
}