{
    "image_name": "RGB_OR_1200x1200_040.png",
    "mse": 0.0010021580383181572,
    "psnr": 29.985456466674805,
    "ms-ssim": 0.9806303977966309,
    "bpp": 0.2408888888888889,
    "encoding_time": 0.3667426109313965,
    "decoding_time": 0.38104677200317383
}