{
    "image_name": "RGB_OR_1200x1200_013.png",
    "mse": 0.0009137978777289391,
    "psnr": 30.385709762573242,
    "ms-ssim": 0.9858074188232422,
    "bpp": 0.193,
    "encoding_time": 0.48029351234436035,
    "decoding_time": 0.37802815437316895
}