{
    "image_name": "RGB_OR_1200x1200_034.png",
    "mse": 0.0005670870887115598,
    "psnr": 32.45351791381836,
    "ms-ssim": 0.988131046295166,
    "bpp": 0.15531111111111112,
    "encoding_time": 0.405104398727417,
    "decoding_time": 0.34371185302734375
}