{
    "image_name": "RGB_OR_1200x1200_026.png",
    "mse": 0.0028937002643942833,
    "psnr": 25.38357925415039,
    "ms-ssim": 0.9797503352165222,
    "bpp": 0.3183111111111111,
    "encoding_time": 0.3818693161010742,
    "decoding_time": 0.3208940029144287
}