{
    "image_name": "RGB_OR_1200x1200_076.png",
    "mse": 0.0009551796829327941,
    "psnr": 30.193359375,
    "ms-ssim": 0.9858036041259766,
    "bpp": 0.13195555555555555,
    "encoding_time": 0.4462442398071289,
    "decoding_time": 0.4609556198120117
}