{
    "image_name": "RGB_OR_1200x1200_100.png",
    "mse": 0.0002979680139105767,
    "psnr": 35.245880126953125,
    "ms-ssim": 0.9896616339683533,
    "bpp": 0.13055555555555556,
    "encoding_time": 0.3770773410797119,
    "decoding_time": 0.7038242816925049
}