{
    "image_name": "RGB_OR_1200x1200_021.png",
    "mse": 0.0011471814941614866,
    "psnr": 29.398983001708984,
    "ms-ssim": 0.9885450601577759,
    "bpp": 0.1672,
    "encoding_time": 0.2682979106903076,
    "decoding_time": 0.4190537929534912
}