{
    "image_name": "RGB_OR_1200x1200_005.png",
    "mse": 0.0007570011075586081,
    "psnr": 31.201688766479492,
    "ms-ssim": 0.97984379529953,
    "bpp": 0.255,
    "encoding_time": 0.2573561668395996,
    "decoding_time": 0.34769415855407715
}