{
    "image_name": "RGB_OR_1200x1200_063.png",
    "mse": 0.0003917880239896476,
    "psnr": 34.056663513183594,
    "ms-ssim": 0.9857182502746582,
    "bpp": 0.14608888888888888,
    "encoding_time": 0.38896942138671875,
    "decoding_time": 0.4323995113372803
}