{
    "image_name": "RGB_OR_1200x1200_091.png",
    "mse": 0.0005391418817453086,
    "psnr": 32.67700958251953,
    "ms-ssim": 0.9895941019058228,
    "bpp": 0.18117777777777777,
    "encoding_time": 0.32400083541870117,
    "decoding_time": 0.7056875228881836
}