{
    "image_name": "RGB_OR_1200x1200_015.png",
    "mse": 0.00040416751289740205,
    "psnr": 33.921630859375,
    "ms-ssim": 0.9909497499465942,
    "bpp": 0.09337777777777778,
    "encoding_time": 0.4426701068878174,
    "decoding_time": 0.681513786315918
}