{
    "image_name": "RGB_OR_1200x1200_094.png",
    "mse": 0.0017631968948990107,
    "psnr": 27.534080505371094,
    "ms-ssim": 0.9844171404838562,
    "bpp": 0.2265111111111111,
    "encoding_time": 0.2415318489074707,
    "decoding_time": 0.4735682010650635
}