{
    "image_name": "RGB_OR_1200x1200_020.png",
    "mse": 0.0009677844936959445,
    "psnr": 30.13678550720215,
    "ms-ssim": 0.97393798828125,
    "bpp": 0.32766666666666666,
    "encoding_time": 0.39853334426879883,
    "decoding_time": 0.38577818870544434
}