{
    "image_name": "RGB_OR_1200x1200_047.png",
    "mse": 0.0013096396578475833,
    "psnr": 28.824413299560547,
    "ms-ssim": 0.9791221022605896,
    "bpp": 0.23946666666666666,
    "encoding_time": 0.3855476379394531,
    "decoding_time": 0.6971361637115479
}