{
    "image_name": "RGB_OR_1200x1200_095.png",
    "mse": 0.0027821494732052088,
    "psnr": 25.55430793762207,
    "ms-ssim": 0.9717962145805359,
    "bpp": 0.4042222222222222,
    "encoding_time": 0.24248218536376953,
    "decoding_time": 0.5101172924041748
}