{
    "image_name": "RGB_OR_1200x1200_086.png",
    "mse": 0.001061539980582893,
    "psnr": 29.735565185546875,
    "ms-ssim": 0.9658524990081787,
    "bpp": 0.4631777777777778,
    "encoding_time": 0.40419697761535645,
    "decoding_time": 0.4613306522369385
}