{
    "image_name": "RGB_OR_1200x1200_007.png",
    "mse": 0.001100832363590598,
    "psnr": 29.577850341796875,
    "ms-ssim": 0.9850887060165405,
    "bpp": 0.20613333333333334,
    "encoding_time": 0.45482945442199707,
    "decoding_time": 0.46398210525512695
}