{
    "image_name": "RGB_OR_1200x1200_067.png",
    "mse": 0.0008675994467921555,
    "psnr": 30.610515594482422,
    "ms-ssim": 0.9771701097488403,
    "bpp": 0.20857777777777778,
    "encoding_time": 0.26140379905700684,
    "decoding_time": 0.42638540267944336
}