{
    "image_name": "RGB_OR_1200x1200_089.png",
    "mse": 0.0012628829572349787,
    "psnr": 28.9821834564209,
    "ms-ssim": 0.9765084981918335,
    "bpp": 0.274,
    "encoding_time": 0.4306626319885254,
    "decoding_time": 0.696234941482544
}