{
    "image_name": "RGB_OR_1200x1200_035.png",
    "mse": 0.0010517399059608579,
    "psnr": 29.775583267211914,
    "ms-ssim": 0.9817087054252625,
    "bpp": 0.24655555555555556,
    "encoding_time": 0.562528133392334,
    "decoding_time": 0.3052394390106201
}