{
    "image_name": "RGB_OR_1200x1200_053.png",
    "mse": 0.0005376440240070224,
    "psnr": 32.68547821044922,
    "ms-ssim": 0.9916243553161621,
    "bpp": 0.12724444444444444,
    "encoding_time": 0.41539645195007324,
    "decoding_time": 0.36170482635498047
}