{
    "image_name": "RGB_OR_1200x1200_052.png",
    "mse": 0.0008440358215011656,
    "psnr": 30.729736328125,
    "ms-ssim": 0.9845788478851318,
    "bpp": 0.2538,
    "encoding_time": 0.37932896614074707,
    "decoding_time": 0.5065596103668213
}