{
    "image_name": "RGB_OR_1200x1200_044.png",
    "mse": 0.0005018966621719301,
    "psnr": 32.98336410522461,
    "ms-ssim": 0.9781038165092468,
    "bpp": 0.25408888888888886,
    "encoding_time": 0.33943772315979004,
    "decoding_time": 0.497467041015625
}