{
    "mean_loss": 0.22519755284494458,
    "mean_bpp": 0.22515046268234976,
    "mean_psnr": 34.032197859229115,
    "mean_msssim": 0.9734503379682216,
    "mean_msssim_dB": 15.7594100296925,
    "mean_enc_time": 0.8023627385860537,
    "mean_dec_time": 0.9312477809626881
}