{
    "image_name": "lobostudio-hamburg-75377.png",
    "mse": 0.0004299508291296661,
    "psnr": 33.653289794921875,
    "ms-ssim": 0.9637717008590698,
    "bpp": 0.07715201465201466,
    "encoding_time": 0.9021172523498535,
    "decoding_time": 1.3275156021118164
}