{
    "image_name": "sergey-zolkin-21232.png",
    "mse": 0.0001260868739336729,
    "psnr": 38.95328903198242,
    "ms-ssim": 0.9819841384887695,
    "bpp": 0.06132820582698704,
    "encoding_time": 0.7906191349029541,
    "decoding_time": 0.6098544597625732
}