{
    "image_name": "thong-vo-428.png",
    "mse": 0.0007322915480472147,
    "psnr": 31.345882415771484,
    "ms-ssim": 0.9689291715621948,
    "bpp": 0.36753725364524914,
    "encoding_time": 0.4380176067352295,
    "decoding_time": 0.43059849739074707
}