{
    "image_name": "benjamin-sloth-lindgreen-705.png",
    "mse": 0.0005957122193649411,
    "psnr": 32.24067687988281,
    "ms-ssim": 0.9682310819625854,
    "bpp": 0.2618246336996337,
    "encoding_time": 1.0482861995697021,
    "decoding_time": 1.1102759838104248
}