{
    "image_name": "mullermarc-184.png",
    "mse": 0.00041299895383417606,
    "psnr": 33.828407287597656,
    "ms-ssim": 0.9788190722465515,
    "bpp": 0.21745550216113185,
    "encoding_time": 0.7843918800354004,
    "decoding_time": 0.5571043491363525
}