{
    "image_name": "philippe-wuyts-45997.png",
    "mse": 0.0006423374288715422,
    "psnr": 31.914180755615234,
    "ms-ssim": 0.9654380679130554,
    "bpp": 0.33146580820622545,
    "encoding_time": 0.5844802856445312,
    "decoding_time": 0.6789453029632568
}