{
    "image_name": "martyn-seddon-220.png",
    "mse": 0.0004389450477901846,
    "psnr": 33.56317901611328,
    "ms-ssim": 0.9551851153373718,
    "bpp": 0.1788003663003663,
    "encoding_time": 0.7149834632873535,
    "decoding_time": 1.016733169555664
}