{
    "image_name": "sergey-zolkin-1045.png",
    "mse": 0.0003142481727991253,
    "psnr": 35.009544372558594,
    "ms-ssim": 0.9793895483016968,
    "bpp": 0.16602564102564102,
    "encoding_time": 0.8864784240722656,
    "decoding_time": 1.2336533069610596
}