{
    "image_name": "clem-onojeghuo-33741.png",
    "mse": 0.0005055317305959761,
    "psnr": 32.951751708984375,
    "ms-ssim": 0.9695253372192383,
    "bpp": 0.23833562271062272,
    "encoding_time": 0.9478874206542969,
    "decoding_time": 1.0378508567810059
}