{
    "image_name": "michael-durana-82941.png",
    "mse": 0.0004108782159164548,
    "psnr": 33.84971237182617,
    "ms-ssim": 0.9772178530693054,
    "bpp": 0.2038804945054945,
    "encoding_time": 1.1709084510803223,
    "decoding_time": 1.2392687797546387
}