{
    "image_name": "daniel-robert-405.png",
    "mse": 0.0007043263758532703,
    "psnr": 31.515050888061523,
    "ms-ssim": 0.9707808494567871,
    "bpp": 0.3308436018957346,
    "encoding_time": 0.4117720127105713,
    "decoding_time": 0.5428059101104736
}