{
    "image_name": "martin-wessely-211.png",
    "mse": 0.0012855988461524248,
    "psnr": 28.904878616333008,
    "ms-ssim": 0.965758740901947,
    "bpp": 0.6444791666666667,
    "encoding_time": 0.25966620445251465,
    "decoding_time": 0.37430667877197266
}