{
    "image_name": "ales-krivec-15949.png",
    "mse": 0.00018292292952537537,
    "psnr": 37.34699249267578,
    "ms-ssim": 0.9854755401611328,
    "bpp": 0.10179924242424243,
    "encoding_time": 1.0151679515838623,
    "decoding_time": 0.7322025299072266
}