{
    "image_name": "kazuend-28556.png",
    "mse": 0.00013439942267723382,
    "psnr": 38.67597579956055,
    "ms-ssim": 0.9825327396392822,
    "bpp": 0.05267857142857143,
    "encoding_time": 0.9737021923065186,
    "decoding_time": 1.62953519821167
}