{
    "image_name": "nomao-saeki-33553.png",
    "mse": 0.0002081786806229502,
    "psnr": 36.789554595947266,
    "ms-ssim": 0.9735211133956909,
    "bpp": 0.08477077232796486,
    "encoding_time": 0.6993584632873535,
    "decoding_time": 1.4049663543701172
}