{
    "image_name": "todd-quackenbush-222.png",
    "mse": 0.0009166709496639669,
    "psnr": 30.372638702392578,
    "ms-ssim": 0.963718593120575,
    "bpp": 0.375904834219185,
    "encoding_time": 0.3238687515258789,
    "decoding_time": 0.20232248306274414
}