{
    "image_name": "schicka-307.png",
    "mse": 0.00025618841755203903,
    "psnr": 35.8927001953125,
    "ms-ssim": 0.9736775159835815,
    "bpp": 0.10709635416666667,
    "encoding_time": 0.18027830123901367,
    "decoding_time": 0.25217413902282715
}