{
    "image_name": "juskteez-vu-1041.png",
    "mse": 0.000980256823822856,
    "psnr": 30.08074378967285,
    "ms-ssim": 0.956634521484375,
    "bpp": 0.4942269476615404,
    "encoding_time": 0.5936074256896973,
    "decoding_time": 1.2990472316741943
}