{
    "image_name": "andrew-ruiz-376.png",
    "mse": 0.0003873312671203166,
    "psnr": 34.10530471801758,
    "ms-ssim": 0.9826573133468628,
    "bpp": 0.21038069434239529,
    "encoding_time": 0.7718532085418701,
    "decoding_time": 0.9412024021148682
}