{
    "image_name": "alejandro-escamilla-6.png",
    "mse": 0.00030253196018747985,
    "psnr": 35.1761589050293,
    "ms-ssim": 0.9738941192626953,
    "bpp": 0.12091579536967886,
    "encoding_time": 0.7468400001525879,
    "decoding_time": 0.8809585571289062
}