{
    "image_name": "jeremy-cai-1174.png",
    "mse": 0.000279880128800869,
    "psnr": 35.51143264770508,
    "ms-ssim": 0.9912991523742676,
    "bpp": 0.18404010296707762,
    "encoding_time": 0.7566378116607666,
    "decoding_time": 1.195054292678833
}