{
    "image_name": "veeterzy-82537.png",
    "mse": 0.0006070945528335869,
    "psnr": 32.158836364746094,
    "ms-ssim": 0.9777176380157471,
    "bpp": 0.2900118960468521,
    "encoding_time": 1.2491450309753418,
    "decoding_time": 0.9032135009765625
}