{
    "image_name": "wojciech-szaturski-3611.png",
    "mse": 0.0005446912837214768,
    "psnr": 32.628726959228516,
    "ms-ssim": 0.9724941253662109,
    "bpp": 0.304316464826696,
    "encoding_time": 0.7529709339141846,
    "decoding_time": 1.5654385089874268
}