{
    "image_name": "alexander-shustov-73.png",
    "mse": 0.0011120176641270518,
    "psnr": 29.534021377563477,
    "ms-ssim": 0.9751719236373901,
    "bpp": 0.5914194526083761,
    "encoding_time": 1.3648152351379395,
    "decoding_time": 0.9217848777770996
}