{
    "image_name": "philipp-reiner-207.png",
    "mse": 0.0008599304128438234,
    "psnr": 30.649091720581055,
    "ms-ssim": 0.9658075571060181,
    "bpp": 0.4425925925925926,
    "encoding_time": 0.7407703399658203,
    "decoding_time": 0.6038546562194824
}