{
    "image_name": "zugr-108.png",
    "mse": 0.00016916944878175855,
    "psnr": 37.6841926574707,
    "ms-ssim": 0.9869552850723267,
    "bpp": 0.08895375457875458,
    "encoding_time": 1.2827088832855225,
    "decoding_time": 1.1097674369812012
}