{
    "image_name": "roberto-nickson-48063.png",
    "mse": 0.00018938312132377177,
    "psnr": 37.198062896728516,
    "ms-ssim": 0.978634774684906,
    "bpp": 0.06753663003663003,
    "encoding_time": 0.9270153045654297,
    "decoding_time": 1.0938172340393066
}