{
    "image_name": "alberto-montalesi-176097.png",
    "mse": 0.0002711191773414612,
    "psnr": 35.64857482910156,
    "ms-ssim": 0.9585742354393005,
    "bpp": 0.07027237710931768,
    "encoding_time": 0.7880198955535889,
    "decoding_time": 0.9030125141143799
}