{
    "image_name": "davide-ragusa-716.png",
    "mse": 0.0002839627268258482,
    "psnr": 35.44804000854492,
    "ms-ssim": 0.9753164649009705,
    "bpp": 0.1226038027171361,
    "encoding_time": 0.7474098205566406,
    "decoding_time": 0.7607893943786621
}