{
    "image_name": "paul-itkin-46101.png",
    "mse": 0.0009011077927425504,
    "psnr": 30.446231842041016,
    "ms-ssim": 0.9894227981567383,
    "bpp": 0.616225165562914,
    "encoding_time": 0.17081475257873535,
    "decoding_time": 0.5120790004730225
}