{
    "image_name": "jared-erondu-21325.png",
    "mse": 0.00025789704523049295,
    "psnr": 35.864593505859375,
    "ms-ssim": 0.966037929058075,
    "bpp": 0.10030906593406594,
    "encoding_time": 1.1150195598602295,
    "decoding_time": 0.8007974624633789
}