{
    "image_name": "stefan-kunze-26931.png",
    "mse": 0.0005374773172661662,
    "psnr": 32.68641662597656,
    "ms-ssim": 0.9756242632865906,
    "bpp": 0.2641390819312363,
    "encoding_time": 1.3085291385650635,
    "decoding_time": 1.463883638381958
}