{
    "image_name": "todd-quackenbush-27493.png",
    "mse": 0.00017312969430349767,
    "psnr": 37.58537292480469,
    "ms-ssim": 0.9881473779678345,
    "bpp": 0.09564073088092934,
    "encoding_time": 1.1163692474365234,
    "decoding_time": 0.9024381637573242
}