{
    "image_name": "casey-fyfe-999.png",
    "mse": 0.00042490795021876693,
    "psnr": 33.70439910888672,
    "ms-ssim": 0.943574070930481,
    "bpp": 0.05967371323529412,
    "encoding_time": 0.8514866828918457,
    "decoding_time": 1.023085594177246
}