{
    "image_name": "jason-briscoe-149782.png",
    "mse": 0.0001190202237921767,
    "psnr": 39.199337005615234,
    "ms-ssim": 0.9899685382843018,
    "bpp": 0.07050137362637363,
    "encoding_time": 0.6101338863372803,
    "decoding_time": 0.9945952892303467
}