{
    "image_name": "allef-vinicius-109434.png",
    "mse": 0.00035993734491057694,
    "psnr": 34.42259216308594,
    "ms-ssim": 0.9575101137161255,
    "bpp": 0.06264880952380952,
    "encoding_time": 0.7589702606201172,
    "decoding_time": 1.1493456363677979
}