{
    "image_name": "dogancan-ozturan-395.png",
    "mse": 0.0002837530628312379,
    "psnr": 35.451637268066406,
    "ms-ssim": 0.9838497638702393,
    "bpp": 0.17785467128027682,
    "encoding_time": 0.7899532318115234,
    "decoding_time": 0.8389639854431152
}