{
    "image_name": "gian-reto-tarnutzer-45212.png",
    "mse": 0.0006328497547656298,
    "psnr": 31.978374481201172,
    "ms-ssim": 0.9672672152519226,
    "bpp": 0.31146213503649633,
    "encoding_time": 1.0364229679107666,
    "decoding_time": 1.1830954551696777
}