{
    "image_name": "daniel-robert-405.png",
    "mse": 0.00013875692093279213,
    "psnr": 38.5404167175293,
    "ms-ssim": 0.9944150447845459,
    "bpp": 1.5864012638230647,
    "encoding_time": 0.2858591079711914,
    "decoding_time": 0.3596808910369873
}