{
    "image_name": "wojciech-szaturski-3611.png",
    "mse": 0.00010951415606541559,
    "psnr": 39.55644226074219,
    "ms-ssim": 0.992792010307312,
    "bpp": 1.1500975665312632,
    "encoding_time": 0.5736603736877441,
    "decoding_time": 0.6214261054992676
}