{
    "image_name": "todd-quackenbush-27493.png",
    "mse": 4.9800710257841274e-05,
    "psnr": 42.92354965209961,
    "ms-ssim": 0.9952176809310913,
    "bpp": 0.3790537270087125,
    "encoding_time": 0.4711794853210449,
    "decoding_time": 0.47660088539123535
}