{
    "image_name": "martyn-seddon-220.png",
    "mse": 9.894618415273726e-05,
    "psnr": 39.99202346801758,
    "ms-ssim": 0.9899722933769226,
    "bpp": 0.861401098901099,
    "encoding_time": 0.5271260738372803,
    "decoding_time": 0.45738744735717773
}