{
    "image_name": "lobostudio-hamburg-75377.png",
    "mse": 9.032062371261418e-05,
    "psnr": 40.38215255737305,
    "ms-ssim": 0.991649329662323,
    "bpp": 0.9724015567765568,
    "encoding_time": 0.41770315170288086,
    "decoding_time": 0.5319991111755371
}