{
    "image_name": "gian-reto-tarnutzer-45212.png",
    "mse": 0.00011689234816003591,
    "psnr": 39.27556610107422,
    "ms-ssim": 0.9948978424072266,
    "bpp": 1.3347285583941606,
    "encoding_time": 0.5273709297180176,
    "decoding_time": 0.5794291496276855
}