{
    "image_name": "roberto-nickson-48063.png",
    "mse": 6.934935663593933e-05,
    "psnr": 41.51453399658203,
    "ms-ssim": 0.9909442663192749,
    "bpp": 0.3791094322344322,
    "encoding_time": 0.5637156963348389,
    "decoding_time": 0.7934832572937012
}