{
    "image_name": "alberto-montalesi-176097.png",
    "mse": 0.00014998111873865128,
    "psnr": 38.204036712646484,
    "ms-ssim": 0.98117995262146,
    "bpp": 0.4705383345561262,
    "encoding_time": 0.4083976745605469,
    "decoding_time": 0.39713406562805176
}