{
    "image_name": "zugr-108.png",
    "mse": 6.530825339723378e-05,
    "psnr": 41.76789474487305,
    "ms-ssim": 0.9949005842208862,
    "bpp": 0.36563644688644686,
    "encoding_time": 0.47820234298706055,
    "decoding_time": 0.8239994049072266
}