{
    "image_name": "michael-durana-82941.png",
    "mse": 9.197022882290184e-05,
    "psnr": 40.30531311035156,
    "ms-ssim": 0.9932612776756287,
    "bpp": 0.8574862637362637,
    "encoding_time": 0.5100889205932617,
    "decoding_time": 0.575390100479126
}