{
    "image_name": "philipp-reiner-207.png",
    "mse": 0.00015608732064720243,
    "psnr": 38.03400802612305,
    "ms-ssim": 0.9924201369285583,
    "bpp": 1.7355802469135801,
    "encoding_time": 0.311690092086792,
    "decoding_time": 0.2642219066619873
}