{
    "image_name": "todd-quackenbush-222.png",
    "mse": 0.00016038178000599146,
    "psnr": 37.91636276245117,
    "ms-ssim": 0.9939541220664978,
    "bpp": 2.0203492786636295,
    "encoding_time": 0.1085655689239502,
    "decoding_time": 0.10519146919250488
}