{
    "image_name": "juskteez-vu-1041.png",
    "mse": 0.00014072674093768,
    "psnr": 38.478702545166016,
    "ms-ssim": 0.9938054084777832,
    "bpp": 2.02863920005063,
    "encoding_time": 0.3552243709564209,
    "decoding_time": 0.6467881202697754
}