{
    "image_name": "schicka-307.png",
    "mse": 6.792864587623626e-05,
    "psnr": 41.59763717651367,
    "ms-ssim": 0.9931039810180664,
    "bpp": 0.5791015625,
    "encoding_time": 0.0819847583770752,
    "decoding_time": 0.05551409721374512
}