{
    "image_name": "jared-erondu-21325.png",
    "mse": 8.261535549536347e-05,
    "psnr": 40.76416778564453,
    "ms-ssim": 0.9898781776428223,
    "bpp": 0.5290636446886446,
    "encoding_time": 0.5069303512573242,
    "decoding_time": 0.44852232933044434
}