{
    "image_name": "davide-ragusa-716.png",
    "mse": 6.971965922275558e-05,
    "psnr": 41.490196228027344,
    "ms-ssim": 0.9927460551261902,
    "bpp": 0.6289493581223586,
    "encoding_time": 0.3674943447113037,
    "decoding_time": 0.36789917945861816
}