{
    "image_name": "veeterzy-82537.png",
    "mse": 0.0001507419510744512,
    "psnr": 38.18267822265625,
    "ms-ssim": 0.9950610995292664,
    "bpp": 1.157393850658858,
    "encoding_time": 0.5001511573791504,
    "decoding_time": 0.7621569633483887
}