{
    "image_name": "ales-krivec-15949.png",
    "mse": 6.071507959859446e-05,
    "psnr": 42.078346252441406,
    "ms-ssim": 0.99504554271698,
    "bpp": 0.38869160353535354,
    "encoding_time": 0.4061765670776367,
    "decoding_time": 0.4770493507385254
}