{
    "image_name": "jeremy-cai-1174.png",
    "mse": 6.840411515440792e-05,
    "psnr": 41.57469940185547,
    "ms-ssim": 0.9971503019332886,
    "bpp": 0.6451564828614009,
    "encoding_time": 0.4635775089263916,
    "decoding_time": 0.49756956100463867
}