{
    "image_name": "kazuend-28556.png",
    "mse": 3.918435322702862e-05,
    "psnr": 43.93339538574219,
    "ms-ssim": 0.9933948516845703,
    "bpp": 0.28658424908424907,
    "encoding_time": 0.5608060359954834,
    "decoding_time": 0.6118063926696777
}