{
    "image_name": "jason-briscoe-149782.png",
    "mse": 3.722923793247901e-05,
    "psnr": 44.148956298828125,
    "ms-ssim": 0.9956282377243042,
    "bpp": 0.2842605311355311,
    "encoding_time": 0.6717908382415771,
    "decoding_time": 0.731217622756958
}