{
    "image_name": "paul-itkin-46101.png",
    "mse": 0.00010684171866159886,
    "psnr": 39.663822174072266,
    "ms-ssim": 0.9973453283309937,
    "bpp": 1.7926600441501104,
    "encoding_time": 0.09943532943725586,
    "decoding_time": 0.10991621017456055
}