{
    "image_name": "sergey-zolkin-21232.png",
    "mse": 4.9101668992079794e-05,
    "psnr": 42.98788833618164,
    "ms-ssim": 0.9918286204338074,
    "bpp": 0.29236879690330914,
    "encoding_time": 0.5721979141235352,
    "decoding_time": 0.42731499671936035
}