{
    "image_name": "andrew-ruiz-376.png",
    "mse": 8.926467853598297e-05,
    "psnr": 40.43497085571289,
    "ms-ssim": 0.9959635734558105,
    "bpp": 0.8734501285819251,
    "encoding_time": 0.5949392318725586,
    "decoding_time": 0.5238997936248779
}