{
    "image_name": "allef-vinicius-109434.png",
    "mse": 0.00011925495346076787,
    "psnr": 39.19047546386719,
    "ms-ssim": 0.9882591962814331,
    "bpp": 0.9253777472527472,
    "encoding_time": 0.5502872467041016,
    "decoding_time": 0.5524032115936279
}