{
    "image_name": "alejandro-escamilla-6.png",
    "mse": 7.915282913018018e-05,
    "psnr": 40.95322799682617,
    "ms-ssim": 0.9939407110214233,
    "bpp": 0.6573469006721434,
    "encoding_time": 0.5002102851867676,
    "decoding_time": 0.5819568634033203
}