{
    "image_name": "martin-wessely-211.png",
    "mse": 0.0001652749051572755,
    "psnr": 37.78443908691406,
    "ms-ssim": 0.9958728551864624,
    "bpp": 2.5109895833333336,
    "encoding_time": 0.1774590015411377,
    "decoding_time": 0.11860823631286621
}