{
    "image_name": "alexander-shustov-73.png",
    "mse": 0.00016535866598132998,
    "psnr": 37.78407287597656,
    "ms-ssim": 0.9967963695526123,
    "bpp": 2.1984524246877295,
    "encoding_time": 0.60150146484375,
    "decoding_time": 0.6320874691009521
}