{
    "image_name": "mullermarc-184.png",
    "mse": 8.980221900856122e-05,
    "psnr": 40.41514205932617,
    "ms-ssim": 0.9961628913879395,
    "bpp": 1.010246360081255,
    "encoding_time": 0.21142125129699707,
    "decoding_time": 0.23282599449157715
}