{
    "image_name": "vita-vilcina-3055.png",
    "mse": 8.013399201445282e-05,
    "psnr": 40.901851654052734,
    "ms-ssim": 0.9984695911407471,
    "bpp": 1.2680304445010326,
    "encoding_time": 0.4392378330230713,
    "decoding_time": 0.44074153900146484
}