{
    "image_name": "felix-russell-saw-140699.png",
    "mse": 9.883782331598923e-05,
    "psnr": 39.992286682128906,
    "ms-ssim": 0.9886782169342041,
    "bpp": 0.5828218573878952,
    "encoding_time": 0.4138777256011963,
    "decoding_time": 0.4379885196685791
}