{
    "image_name": "amy-zhang-15940.png",
    "mse": 9.846299508353695e-05,
    "psnr": 40.01508712768555,
    "ms-ssim": 0.9940244555473328,
    "bpp": 1.2784099432122575,
    "encoding_time": 0.4267396926879883,
    "decoding_time": 0.37531352043151855
}