{
    "image_name": "sergey-zolkin-1045.png",
    "mse": 7.080290379235521e-05,
    "psnr": 41.42361831665039,
    "ms-ssim": 0.9942418932914734,
    "bpp": 0.6728365384615385,
    "encoding_time": 0.636371374130249,
    "decoding_time": 0.5466465950012207
}