{
    "image_name": "clem-onojeghuo-33741.png",
    "mse": 0.00012463687744457275,
    "psnr": 39.000267028808594,
    "ms-ssim": 0.9926782846450806,
    "bpp": 1.0455700549450548,
    "encoding_time": 0.6663658618927002,
    "decoding_time": 0.7849016189575195
}