{
    "image_name": "casey-fyfe-999.png",
    "mse": 0.00011352544242981821,
    "psnr": 39.40192413330078,
    "ms-ssim": 0.987712025642395,
    "bpp": 1.094485294117647,
    "encoding_time": 0.4873383045196533,
    "decoding_time": 0.4876565933227539
}