{
    "image_name": "thong-vo-428.png",
    "mse": 0.00013795080303680152,
    "psnr": 38.564231872558594,
    "ms-ssim": 0.9946302771568298,
    "bpp": 1.5712546066335522,
    "encoding_time": 0.2597072124481201,
    "decoding_time": 0.46845340728759766
}