{
    "mean_loss": 0.14728061264173758,
    "mean_bpp": 0.14483049655398691,
    "mean_psnr": 30.666762793936382,
    "mean_msssim": 0.9754988391224931,
    "mean_msssim_dB": 16.10813338053775,
    "mean_enc_time": 0.8909087413694801,
    "mean_dec_time": 0.9918266331277242
}