{
    "image_name": "casey-fyfe-999.png",
    "mse": 0.00043097438174299896,
    "psnr": 33.64244079589844,
    "ms-ssim": 0.9642946124076843,
    "bpp": 0.14615119485294117,
    "encoding_time": 1.495584487915039,
    "decoding_time": 1.4894568920135498
}