{
    "image_name": "roberto-nickson-48063.png",
    "mse": 0.0003192828444298357,
    "psnr": 34.94106674194336,
    "ms-ssim": 0.9833747744560242,
    "bpp": 0.06770833333333333,
    "encoding_time": 0.912517786026001,
    "decoding_time": 1.512493371963501
}