{
    "image_name": "alexander-shustov-73.png",
    "mse": 0.0035212214570492506,
    "psnr": 24.53162384033203,
    "ms-ssim": 0.9597644209861755,
    "bpp": 0.26474099926524614,
    "encoding_time": 1.4210996627807617,
    "decoding_time": 0.782473087310791
}