{
    "image_name": "todd-quackenbush-222.png",
    "mse": 0.0024802633561193943,
    "psnr": 26.053071975708008,
    "ms-ssim": 0.9603028297424316,
    "bpp": 0.21149076183244747,
    "encoding_time": 0.3345367908477783,
    "decoding_time": 0.4788825511932373
}