{
    "image_name": "veeterzy-82537.png",
    "mse": 0.0012069132644683123,
    "psnr": 29.178768157958984,
    "ms-ssim": 0.9739465117454529,
    "bpp": 0.19538113103953147,
    "encoding_time": 1.1872222423553467,
    "decoding_time": 1.0459027290344238
}