{
    "image_name": "alberto-montalesi-176097.png",
    "mse": 0.0003252603637520224,
    "psnr": 34.861083984375,
    "ms-ssim": 0.9679185748100281,
    "bpp": 0.09568736243580338,
    "encoding_time": 0.9056618213653564,
    "decoding_time": 1.071918249130249
}