{
    "image_name": "amy-zhang-15940.png",
    "mse": 0.0012576028238981962,
    "psnr": 29.000137329101562,
    "ms-ssim": 0.9723307490348816,
    "bpp": 0.17852780456444872,
    "encoding_time": 0.6902456283569336,
    "decoding_time": 1.0309672355651855
}