{
    "image_name": "dogancan-ozturan-395.png",
    "mse": 0.001025314093567431,
    "psnr": 29.886211395263672,
    "ms-ssim": 0.9841561317443848,
    "bpp": 0.10859284890426758,
    "encoding_time": 0.937720775604248,
    "decoding_time": 1.4143269062042236
}