{
    "image_name": "jared-erondu-21325.png",
    "mse": 0.0004128262517042458,
    "psnr": 33.8288459777832,
    "ms-ssim": 0.9773622751235962,
    "bpp": 0.11193910256410257,
    "encoding_time": 0.7144217491149902,
    "decoding_time": 1.081756830215454
}