{
    "image_name": "gian-reto-tarnutzer-45212.png",
    "mse": 0.001166958943940699,
    "psnr": 29.324811935424805,
    "ms-ssim": 0.9685420393943787,
    "bpp": 0.2266081204379562,
    "encoding_time": 0.7468974590301514,
    "decoding_time": 1.8675823211669922
}