{
    "image_name": "stefan-kunze-26931.png",
    "mse": 0.001087884302251041,
    "psnr": 29.629135131835938,
    "ms-ssim": 0.9758440256118774,
    "bpp": 0.16696004023408925,
    "encoding_time": 0.6817073822021484,
    "decoding_time": 1.1373085975646973
}