{
    "image_name": "benjamin-sloth-lindgreen-705.png",
    "mse": 0.001196483033709228,
    "psnr": 29.21626853942871,
    "ms-ssim": 0.9721187949180603,
    "bpp": 0.18247481684981684,
    "encoding_time": 0.7304227352142334,
    "decoding_time": 1.0477726459503174
}