{
    "image_name": "daniel-robert-405.png",
    "mse": 0.0016306651523336768,
    "psnr": 27.87291717529297,
    "ms-ssim": 0.9695680141448975,
    "bpp": 0.19705529225908372,
    "encoding_time": 0.43745970726013184,
    "decoding_time": 0.715665340423584
}