{
    "image_name": "felix-russell-saw-140699.png",
    "mse": 0.0004679918347392231,
    "psnr": 33.28534698486328,
    "ms-ssim": 0.9765715599060059,
    "bpp": 0.09933251654006371,
    "encoding_time": 1.6828887462615967,
    "decoding_time": 0.8754949569702148
}