{
    "image_name": "zugr-108.png",
    "mse": 0.000340305850841105,
    "psnr": 34.664920806884766,
    "ms-ssim": 0.9878522753715515,
    "bpp": 0.07633928571428572,
    "encoding_time": 0.717918872833252,
    "decoding_time": 1.1447935104370117
}