{
    "image_name": "thong-vo-428.png",
    "mse": 0.002100520534440875,
    "psnr": 26.774248123168945,
    "ms-ssim": 0.9692872762680054,
    "bpp": 0.21121615125781124,
    "encoding_time": 0.6529629230499268,
    "decoding_time": 0.5430300235748291
}