{
    "image_name": "schicka-307.png",
    "mse": 0.0004088175483047962,
    "psnr": 33.87129592895508,
    "ms-ssim": 0.9794885516166687,
    "bpp": 0.10319010416666667,
    "encoding_time": 0.2674524784088135,
    "decoding_time": 0.16887617111206055
}