{
    "image_name": "paul-itkin-46101.png",
    "mse": 0.005354937631636858,
    "psnr": 22.711557388305664,
    "ms-ssim": 0.9782977104187012,
    "bpp": 0.1609823399558499,
    "encoding_time": 0.3761107921600342,
    "decoding_time": 0.30071568489074707
}