{
    "image_name": "michael-durana-82941.png",
    "mse": 0.0012298766523599625,
    "psnr": 29.096820831298828,
    "ms-ssim": 0.9789032936096191,
    "bpp": 0.11253434065934066,
    "encoding_time": 1.0304112434387207,
    "decoding_time": 1.0522305965423584
}