{
    "image_name": "lobostudio-hamburg-75377.png",
    "mse": 0.0005329538253135979,
    "psnr": 32.72362518310547,
    "ms-ssim": 0.9727240800857544,
    "bpp": 0.09122023809523809,
    "encoding_time": 1.197641134262085,
    "decoding_time": 1.031041145324707
}