{
    "image_name": "todd-quackenbush-27493.png",
    "mse": 0.00041023766971193254,
    "psnr": 33.85631561279297,
    "ms-ssim": 0.9885017275810242,
    "bpp": 0.06876210067763795,
    "encoding_time": 0.7955961227416992,
    "decoding_time": 1.0254621505737305
}