{
    "image_name": "philippe-wuyts-45997.png",
    "mse": 0.0011612611124292016,
    "psnr": 29.34604263305664,
    "ms-ssim": 0.9681650400161743,
    "bpp": 0.23995301537479255,
    "encoding_time": 0.8443748950958252,
    "decoding_time": 0.8003003597259521
}