{
    "image_name": "nomao-saeki-33553.png",
    "mse": 0.00034362784936092794,
    "psnr": 34.622962951660156,
    "ms-ssim": 0.9779543280601501,
    "bpp": 0.085148243045388,
    "encoding_time": 0.9225053787231445,
    "decoding_time": 1.1685326099395752
}