{
    "image_name": "wojciech-szaturski-3611.png",
    "mse": 0.0014758453471586108,
    "psnr": 28.305761337280273,
    "ms-ssim": 0.9745100736618042,
    "bpp": 0.15822026498614328,
    "encoding_time": 0.9487659931182861,
    "decoding_time": 1.1668684482574463
}