{
    "image_name": "clem-onojeghuo-33741.png",
    "mse": 0.001149855786934495,
    "psnr": 29.388839721679688,
    "ms-ssim": 0.973637580871582,
    "bpp": 0.17638507326007327,
    "encoding_time": 1.0740697383880615,
    "decoding_time": 0.7500762939453125
}