{
    "image_name": "alejandro-escamilla-6.png",
    "mse": 0.0010478257900103927,
    "psnr": 29.79215431213379,
    "ms-ssim": 0.9807273149490356,
    "bpp": 0.10725121359223301,
    "encoding_time": 0.7206861972808838,
    "decoding_time": 1.1298696994781494
}