{
    "image_name": "vita-vilcina-3055.png",
    "mse": 0.0022631909232586622,
    "psnr": 26.45029067993164,
    "ms-ssim": 0.9861611723899841,
    "bpp": 0.12282488753076988,
    "encoding_time": 0.919400691986084,
    "decoding_time": 0.9050676822662354
}