{
    "image_name": "martyn-seddon-220.png",
    "mse": 0.0007040291675366461,
    "psnr": 31.516172409057617,
    "ms-ssim": 0.9706796407699585,
    "bpp": 0.1822458791208791,
    "encoding_time": 1.0401787757873535,
    "decoding_time": 1.158087968826294
}