{
    "image_name": "philipp-reiner-207.png",
    "mse": 0.002404420170933008,
    "psnr": 26.187664031982422,
    "ms-ssim": 0.9652441740036011,
    "bpp": 0.21461728395061727,
    "encoding_time": 0.449984073638916,
    "decoding_time": 0.6744396686553955
}