{
    "image_name": "mullermarc-184.png",
    "mse": 0.0009094959241338074,
    "psnr": 30.406108856201172,
    "ms-ssim": 0.9792892932891846,
    "bpp": 0.15202197821865465,
    "encoding_time": 0.7132265567779541,
    "decoding_time": 0.4837300777435303
}