{
    "image_name": "sergey-zolkin-21232.png",
    "mse": 0.0002227109798695892,
    "psnr": 36.49866485595703,
    "ms-ssim": 0.9859666228294373,
    "bpp": 0.06251924076569415,
    "encoding_time": 1.4911303520202637,
    "decoding_time": 0.9784317016601562
}