{
    "image_name": "allef-vinicius-109434.png",
    "mse": 0.0003999522014055401,
    "psnr": 33.966148376464844,
    "ms-ssim": 0.9665942192077637,
    "bpp": 0.08883928571428572,
    "encoding_time": 0.6616132259368896,
    "decoding_time": 1.5100038051605225
}