{
    "image_name": "jeremy-cai-1174.png",
    "mse": 0.0007627637241967022,
    "psnr": 31.168746948242188,
    "ms-ssim": 0.9877337217330933,
    "bpp": 0.10880639479745292,
    "encoding_time": 1.2331976890563965,
    "decoding_time": 1.2779645919799805
}