{
    "image_name": "kazuend-28556.png",
    "mse": 0.00018523744074627757,
    "psnr": 37.29313278198242,
    "ms-ssim": 0.9873887896537781,
    "bpp": 0.0618246336996337,
    "encoding_time": 0.8625261783599854,
    "decoding_time": 1.0743224620819092
}