{
    "mean_loss": 0.21978641920918648,
    "mean_bpp": 0.2196694847641547,
    "mean_psnr": 29.70970642566681,
    "mean_msssim": 0.9516972042620182,
    "mean_msssim_dB": 13.160277318066695,
    "mean_enc_time": 0.8243433982133865,
    "mean_dec_time": 0.9536880701780319
}