{
    "image_name": "00006_TE_1544x1120.png",
    "mse": 0.0011772169964388013,
    "psnr": 29.286968231201172,
    "ms-ssim": 0.9747805595397949,
    "bpp": 0.26502590673575127,
    "encoding_time": 0.6216893196105957,
    "decoding_time": 0.44419002532958984
}