{
    "image_name": "00016_TE_1744x2000.png",
    "mse": 0.0008804227109067142,
    "psnr": 30.54688262939453,
    "ms-ssim": 0.8991211652755737,
    "bpp": 0.0694954128440367,
    "encoding_time": 0.7341034412384033,
    "decoding_time": 1.2413921356201172
}