{
    "image_name": "00001_TE_2096x1400.png",
    "mse": 0.0015424732118844986,
    "psnr": 28.114103317260742,
    "ms-ssim": 0.9707096815109253,
    "bpp": 0.3333587786259542,
    "encoding_time": 0.7146685123443604,
    "decoding_time": 0.8501226902008057
}