{
    "image_name": "00014_TE_3680x2456.png",
    "mse": 0.0007448300020769238,
    "psnr": 31.272132873535156,
    "ms-ssim": 0.9588919878005981,
    "bpp": 0.1425647925223056,
    "encoding_time": 2.9798524379730225,
    "decoding_time": 2.532735586166382
}