{
    "image_name": "00007_TE_1472x976.png",
    "mse": 0.0007281767902895808,
    "psnr": 31.370397567749023,
    "ms-ssim": 0.9738675951957703,
    "bpp": 0.18934871703492517,
    "encoding_time": 0.27866649627685547,
    "decoding_time": 0.34113430976867676
}