{
    "image_name": "00015_TE_3680x2456.png",
    "mse": 0.0007123900577425957,
    "psnr": 31.465036392211914,
    "ms-ssim": 0.97022545337677,
    "bpp": 0.15932587452202238,
    "encoding_time": 1.791569471359253,
    "decoding_time": 2.134040355682373
}