{
    "image_name": "00004_TE_1808x1352.png",
    "mse": 0.001571433269418776,
    "psnr": 28.03371810913086,
    "ms-ssim": 0.9603139162063599,
    "bpp": 0.30583337697020474,
    "encoding_time": 0.8925032615661621,
    "decoding_time": 1.0668609142303467
}