{
    "image_name": "00012_TE_1512x2016.png",
    "mse": 0.0013795886188745499,
    "psnr": 28.598556518554688,
    "ms-ssim": 0.8945770263671875,
    "bpp": 0.15696649029982362,
    "encoding_time": 0.6578617095947266,
    "decoding_time": 0.8146963119506836
}