{
    "image_name": "00011_TE_1744x1160.png",
    "mse": 0.0015577147714793682,
    "psnr": 28.071863174438477,
    "ms-ssim": 0.9621517658233643,
    "bpp": 0.30442897817146475,
    "encoding_time": 0.5477409362792969,
    "decoding_time": 0.5996842384338379
}