{
    "image_name": "00005_TE_1336x872.png",
    "mse": 0.000627844303380698,
    "psnr": 32.0134162902832,
    "ms-ssim": 0.9858490824699402,
    "bpp": 0.1661264626709883,
    "encoding_time": 0.27185869216918945,
    "decoding_time": 0.30877208709716797
}