{
    "image_name": "00009_TE_1976x1312.png",
    "mse": 0.002964595565572381,
    "psnr": 25.27859115600586,
    "ms-ssim": 0.959394097328186,
    "bpp": 0.5997333859978276,
    "encoding_time": 0.5169572830200195,
    "decoding_time": 0.7428958415985107
}