{
    "image_name": "00003_TE_1944x1296.png",
    "mse": 0.0007951133884489536,
    "psnr": 30.9893798828125,
    "ms-ssim": 0.9662312865257263,
    "bpp": 0.1660697048214195,
    "encoding_time": 0.718294620513916,
    "decoding_time": 0.7341034412384033
}