{
    "image_name": "00008_TE_1912x1272.png",
    "mse": 0.0012212900910526514,
    "psnr": 29.12718963623047,
    "ms-ssim": 0.9300470352172852,
    "bpp": 0.15371963895686955,
    "encoding_time": 0.41300296783447266,
    "decoding_time": 0.9931058883666992
}