{
    "image_name": "00002_TE_2144x1424.png",
    "mse": 0.001115923747420311,
    "psnr": 29.51892852783203,
    "ms-ssim": 0.9220032095909119,
    "bpp": 0.18507881938621498,
    "encoding_time": 0.876772403717041,
    "decoding_time": 1.0353739261627197
}