{
    "image_name": "00010_TE_2000x1128.png",
    "mse": 0.0006568562821485102,
    "psnr": 31.817331314086914,
    "ms-ssim": 0.9503911733627319,
    "bpp": 0.11466666666666667,
    "encoding_time": 0.694859504699707,
    "decoding_time": 0.7692747116088867
}