{
    "mean_loss": 0.5028369605472094,
    "mean_bpp": 0.5027901627170637,
    "mean_psnr": 33.63797605037689,
    "mean_msssim": 0.9795031994581223,
    "mean_msssim_dB": 16.88313925063749,
    "mean_enc_time": 0.6579269170761108,
    "mean_dec_time": 0.7724040299654007
}