{
    "image_name": "00003_TE_1944x1296.png",
    "mse": 0.000325025204801932,
    "psnr": 34.86480712890625,
    "ms-ssim": 0.9856398105621338,
    "bpp": 0.344142153127064,
    "encoding_time": 0.42227816581726074,
    "decoding_time": 0.7189836502075195
}