{
    "image_name": "00005_TE_1336x872.png",
    "mse": 0.0002606382768135518,
    "psnr": 35.81991195678711,
    "ms-ssim": 0.9928151369094849,
    "bpp": 0.28327748173378015,
    "encoding_time": 0.275254487991333,
    "decoding_time": 0.266460657119751
}