{
    "image_name": "00015_TE_3680x2456.png",
    "mse": 0.0002614598488435149,
    "psnr": 35.805381774902344,
    "ms-ssim": 0.9886759519577026,
    "bpp": 0.33473658122079025,
    "encoding_time": 1.7303271293640137,
    "decoding_time": 2.281930923461914
}