{
    "image_name": "00013_TE_1920x1280.png",
    "mse": 0.00038719954318366945,
    "psnr": 34.106143951416016,
    "ms-ssim": 0.982057511806488,
    "bpp": 0.44953125,
    "encoding_time": 0.4733562469482422,
    "decoding_time": 0.6256167888641357
}