{
    "image_name": "00011_TE_1744x1160.png",
    "mse": 0.0006023903260938823,
    "psnr": 32.192901611328125,
    "ms-ssim": 0.986083984375,
    "bpp": 0.7071654539702625,
    "encoding_time": 0.3494997024536133,
    "decoding_time": 0.5345449447631836
}