{
    "image_name": "00014_TE_3680x2456.png",
    "mse": 0.00028952662250958383,
    "psnr": 35.364479064941406,
    "ms-ssim": 0.9815846681594849,
    "bpp": 0.3259063871972808,
    "encoding_time": 1.703906536102295,
    "decoding_time": 1.9222636222839355
}