{
    "image_name": "00009_TE_1976x1312.png",
    "mse": 0.001130788354203105,
    "psnr": 29.461214065551758,
    "ms-ssim": 0.984796404838562,
    "bpp": 1.2499382837957935,
    "encoding_time": 0.4395425319671631,
    "decoding_time": 0.47785329818725586
}