{
    "image_name": "00012_TE_1512x2016.png",
    "mse": 0.0006258002831600606,
    "psnr": 32.027130126953125,
    "ms-ssim": 0.9582895040512085,
    "bpp": 0.48532375913328296,
    "encoding_time": 0.5472619533538818,
    "decoding_time": 0.8314831256866455
}