{
    "image_name": "00010_TE_2000x1128.png",
    "mse": 0.0002874488418456167,
    "psnr": 35.39572525024414,
    "ms-ssim": 0.9786189794540405,
    "bpp": 0.2734468085106383,
    "encoding_time": 0.436173677444458,
    "decoding_time": 0.45327043533325195
}