{
    "image_name": "00004_TE_1808x1352.png",
    "mse": 0.0005444700946100056,
    "psnr": 32.63077926635742,
    "ms-ssim": 0.9857643842697144,
    "bpp": 0.7362936586898465,
    "encoding_time": 0.7430922985076904,
    "decoding_time": 0.4608480930328369
}