{
    "image_name": "00008_TE_1912x1272.png",
    "mse": 0.00042760599171742797,
    "psnr": 33.67683792114258,
    "ms-ssim": 0.9798998832702637,
    "bpp": 0.5098023736217469,
    "encoding_time": 0.4453103542327881,
    "decoding_time": 0.5609970092773438
}