{
    "image_name": "00001_TE_2096x1400.png",
    "mse": 0.0005317455506883562,
    "psnr": 32.73278045654297,
    "ms-ssim": 0.9895814657211304,
    "bpp": 0.7310905125408942,
    "encoding_time": 0.6794407367706299,
    "decoding_time": 0.6701672077178955
}