{
    "image_name": "00002_TE_2144x1424.png",
    "mse": 0.00045327001134864986,
    "psnr": 33.424739837646484,
    "ms-ssim": 0.966155469417572,
    "bpp": 0.4779997484487674,
    "encoding_time": 0.7351515293121338,
    "decoding_time": 0.682178258895874
}