{
    "image_name": "00006_TE_1544x1120.png",
    "mse": 0.00039338349597528577,
    "psnr": 34.03828811645508,
    "ms-ssim": 0.9921953678131104,
    "bpp": 0.588138415988157,
    "encoding_time": 0.5214865207672119,
    "decoding_time": 0.5576510429382324
}