{
    "mean_loss": 0.5061150569054815,
    "mean_bpp": 0.5050794813368055,
    "mean_psnr": 30.203563928604126,
    "mean_msssim": 0.98964424431324,
    "mean_msssim_dB": 19.848182040022873,
    "mean_enc_time": 0.5938247442245483,
    "mean_dec_time": 0.5592597524325053
}