{
    "image_name": "17.png",
    "mse": 0.0005622398457489908,
    "psnr": 32.49059295654297,
    "ms-ssim": 0.9911996126174927,
    "bpp": 0.41650390625,
    "encoding_time": 0.7568264007568359,
    "decoding_time": 0.6868526935577393
}