{
    "image_name": "10.png",
    "mse": 0.0006472896784543991,
    "psnr": 31.880651473999023,
    "ms-ssim": 0.9908223152160645,
    "bpp": 0.3743489583333333,
    "encoding_time": 0.491518497467041,
    "decoding_time": 0.36487793922424316
}