{
    "image_name": "11.png",
    "mse": 0.0010248710168525577,
    "psnr": 29.887855529785156,
    "ms-ssim": 0.989142119884491,
    "bpp": 0.5498860677083334,
    "encoding_time": 0.22801494598388672,
    "decoding_time": 0.2484593391418457
}