{
    "image_name": "24.png",
    "mse": 0.0016728568589314818,
    "psnr": 27.762645721435547,
    "ms-ssim": 0.989815354347229,
    "bpp": 0.5752766927083334,
    "encoding_time": 0.8558895587921143,
    "decoding_time": 0.7607662677764893
}