{
    "image_name": "22.png",
    "mse": 0.0008197675924748182,
    "psnr": 30.856351852416992,
    "ms-ssim": 0.9871620535850525,
    "bpp": 0.6287434895833334,
    "encoding_time": 0.7770614624023438,
    "decoding_time": 0.3798508644104004
}