{
    "image_name": "16.png",
    "mse": 0.0006200641510076821,
    "psnr": 32.06700897216797,
    "ms-ssim": 0.9904009699821472,
    "bpp": 0.4754231770833333,
    "encoding_time": 0.7739460468292236,
    "decoding_time": 0.8676652908325195
}