{
    "image_name": "15.png",
    "mse": 0.0009149517863988876,
    "psnr": 30.37984275817871,
    "ms-ssim": 0.9896685481071472,
    "bpp": 0.4131673177083333,
    "encoding_time": 0.22963500022888184,
    "decoding_time": 0.6198074817657471
}