{
    "image_name": "13.png",
    "mse": 0.0032429362181574106,
    "psnr": 24.88872528076172,
    "ms-ssim": 0.9855272173881531,
    "bpp": 0.8064778645833334,
    "encoding_time": 0.760608434677124,
    "decoding_time": 0.7965641021728516
}