{
    "image_name": "21.png",
    "mse": 0.0011860282393172383,
    "psnr": 29.254505157470703,
    "ms-ssim": 0.9889923930168152,
    "bpp": 0.47509765625,
    "encoding_time": 0.46874427795410156,
    "decoding_time": 0.26593661308288574
}