{
    "image_name": "8.png",
    "mse": 0.002480759285390377,
    "psnr": 26.051984786987305,
    "ms-ssim": 0.9892370700836182,
    "bpp": 0.5816243489583334,
    "encoding_time": 0.7647299766540527,
    "decoding_time": 0.7946054935455322
}