{
    "image_name": "20.png",
    "mse": 0.0009678428177721798,
    "psnr": 30.138187408447266,
    "ms-ssim": 0.9912113547325134,
    "bpp": 0.3321126302083333,
    "encoding_time": 0.821929931640625,
    "decoding_time": 0.5447063446044922
}