{
    "image_name": "7.png",
    "mse": 0.0006585235241800547,
    "psnr": 31.80523681640625,
    "ms-ssim": 0.993263840675354,
    "bpp": 0.3506673177083333,
    "encoding_time": 0.23895788192749023,
    "decoding_time": 0.35802507400512695
}