{
    "image_name": "14.png",
    "mse": 0.0011105439625680447,
    "psnr": 29.539772033691406,
    "ms-ssim": 0.9886655807495117,
    "bpp": 0.6476236979166666,
    "encoding_time": 0.4787280559539795,
    "decoding_time": 0.5734641551971436
}