{
    "image_name": "6.png",
    "mse": 0.001235137926414609,
    "psnr": 29.078330993652344,
    "ms-ssim": 0.9893293380737305,
    "bpp": 0.5721028645833334,
    "encoding_time": 0.6585180759429932,
    "decoding_time": 0.6854803562164307
}