{
    "image_name": "18.png",
    "mse": 0.0014208590146154165,
    "psnr": 28.47101593017578,
    "ms-ssim": 0.9871804118156433,
    "bpp": 0.654296875,
    "encoding_time": 0.7357349395751953,
    "decoding_time": 0.8156030178070068
}