{
    "image_name": "2.png",
    "mse": 0.0008075152290984988,
    "psnr": 30.92169761657715,
    "ms-ssim": 0.9874317049980164,
    "bpp": 0.5599772135416666,
    "encoding_time": 0.4318983554840088,
    "decoding_time": 0.41324830055236816
}