{
    "image_name": "5.png",
    "mse": 0.0016365713672712445,
    "psnr": 27.8570613861084,
    "ms-ssim": 0.990019679069519,
    "bpp": 0.6565755208333334,
    "encoding_time": 0.6577050685882568,
    "decoding_time": 0.7028546333312988
}