{
    "image_name": "12.png",
    "mse": 0.0005828842404298484,
    "psnr": 32.33484649658203,
    "ms-ssim": 0.990383505821228,
    "bpp": 0.4364420572916667,
    "encoding_time": 0.6769943237304688,
    "decoding_time": 0.5822362899780273
}