{
    "image_name": "9.png",
    "mse": 0.0006101392791606486,
    "psnr": 32.13605499267578,
    "ms-ssim": 0.9903611540794373,
    "bpp": 0.3280436197916667,
    "encoding_time": 0.5467638969421387,
    "decoding_time": 0.4538259506225586
}