{
    "image_name": "1.png",
    "mse": 0.0016491549322381616,
    "psnr": 27.82403564453125,
    "ms-ssim": 0.9883636832237244,
    "bpp": 0.6494954427083334,
    "encoding_time": 0.4566051959991455,
    "decoding_time": 0.6010406017303467
}