{
    "image_name": "19.png",
    "mse": 0.0007091026054695249,
    "psnr": 31.484758377075195,
    "ms-ssim": 0.9892302751541138,
    "bpp": 0.4861653645833333,
    "encoding_time": 0.6217610836029053,
    "decoding_time": 0.5772831439971924
}