{
    "image_name": "23.png",
    "mse": 0.0004546472628135234,
    "psnr": 33.41100311279297,
    "ms-ssim": 0.9919854402542114,
    "bpp": 0.3064778645833333,
    "encoding_time": 0.6726377010345459,
    "decoding_time": 0.40525102615356445
}