{
    "image_name": "7.png",
    "mse": 0.0003914864792022854,
    "psnr": 34.05841827392578,
    "ms-ssim": 0.9836739897727966,
    "bpp": 0.26806640625,
    "encoding_time": 0.08404135704040527,
    "decoding_time": 0.14184141159057617
}