{
    "image_name": "23.png",
    "mse": 0.0003004833706654608,
    "psnr": 35.20359802246094,
    "ms-ssim": 0.9751288294792175,
    "bpp": 0.164306640625,
    "encoding_time": 0.2721595764160156,
    "decoding_time": 0.07330155372619629
}