{
    "image_name": "12.png",
    "mse": 0.00041633096407167614,
    "psnr": 33.79307174682617,
    "ms-ssim": 0.9586272239685059,
    "bpp": 0.19034830729166666,
    "encoding_time": 0.18212580680847168,
    "decoding_time": 0.11525249481201172
}