{
    "image_name": "3.png",
    "mse": 0.00032910509617067873,
    "psnr": 34.809757232666016,
    "ms-ssim": 0.9742624163627625,
    "bpp": 0.18636067708333334,
    "encoding_time": 0.08559966087341309,
    "decoding_time": 0.2581906318664551
}