{
    "image_name": "2.png",
    "mse": 0.000580756226554513,
    "psnr": 32.350521087646484,
    "ms-ssim": 0.9391621947288513,
    "bpp": 0.20719401041666666,
    "encoding_time": 0.08680438995361328,
    "decoding_time": 0.11028838157653809
}