{
    "image_name": "20.png",
    "mse": 0.0004234985972288996,
    "psnr": 33.72270965576172,
    "ms-ssim": 0.9774314761161804,
    "bpp": 0.226806640625,
    "encoding_time": 0.23634672164916992,
    "decoding_time": 0.07808494567871094
}