{
    "image_name": "14.png",
    "mse": 0.0008805699762888253,
    "psnr": 30.546104431152344,
    "ms-ssim": 0.9650683403015137,
    "bpp": 0.4639485677083333,
    "encoding_time": 0.18717432022094727,
    "decoding_time": 0.11014080047607422
}