{
    "image_name": "21.png",
    "mse": 0.0006744892452843487,
    "psnr": 31.701377868652344,
    "ms-ssim": 0.9744812250137329,
    "bpp": 0.4012044270833333,
    "encoding_time": 0.15666484832763672,
    "decoding_time": 0.20575189590454102
}