{
    "image_name": "4.png",
    "mse": 0.0005322467186488211,
    "psnr": 32.727935791015625,
    "ms-ssim": 0.9575470685958862,
    "bpp": 0.23470052083333334,
    "encoding_time": 0.14137792587280273,
    "decoding_time": 0.1422104835510254
}