{
    "image_name": "1.png",
    "mse": 0.001047993078827858,
    "psnr": 29.790515899658203,
    "ms-ssim": 0.9727281332015991,
    "bpp": 0.6064453125,
    "encoding_time": 0.14078640937805176,
    "decoding_time": 0.1419827938079834
}