{
    "image_name": "18.png",
    "mse": 0.0008910571341402829,
    "psnr": 30.494319915771484,
    "ms-ssim": 0.9638564586639404,
    "bpp": 0.50146484375,
    "encoding_time": 0.24288225173950195,
    "decoding_time": 0.11750578880310059
}