{
    "image_name": "11.png",
    "mse": 0.0006965881329961121,
    "psnr": 31.562280654907227,
    "ms-ssim": 0.9599438905715942,
    "bpp": 0.3548990885416667,
    "encoding_time": 0.1319749355316162,
    "decoding_time": 0.26471543312072754
}