{
    "image_name": "13.png",
    "mse": 0.0013994459295645356,
    "psnr": 28.536300659179688,
    "ms-ssim": 0.967270016670227,
    "bpp": 0.87890625,
    "encoding_time": 0.18023300170898438,
    "decoding_time": 0.13888239860534668
}