{
    "image_name": "24.png",
    "mse": 0.0008175095426850021,
    "psnr": 30.86880874633789,
    "ms-ssim": 0.9712913036346436,
    "bpp": 0.5152180989583334,
    "encoding_time": 0.12241840362548828,
    "decoding_time": 0.13523602485656738
}