{
    "image_name": "15.png",
    "mse": 0.0004930496215820312,
    "psnr": 33.059913635253906,
    "ms-ssim": 0.9669124484062195,
    "bpp": 0.230224609375,
    "encoding_time": 0.09537172317504883,
    "decoding_time": 0.22287726402282715
}