{
    "image_name": "6.png",
    "mse": 0.0007594504277221859,
    "psnr": 31.18804359436035,
    "ms-ssim": 0.9638695120811462,
    "bpp": 0.4358723958333333,
    "encoding_time": 0.08618927001953125,
    "decoding_time": 0.1294105052947998
}