{
    "image_name": "8.png",
    "mse": 0.0010205592261627316,
    "psnr": 29.906414031982422,
    "ms-ssim": 0.9783820509910583,
    "bpp": 0.6863606770833334,
    "encoding_time": 0.2107834815979004,
    "decoding_time": 0.1097269058227539
}