{
    "image_name": "19.png",
    "mse": 0.000628878187853843,
    "psnr": 32.00537109375,
    "ms-ssim": 0.9641616344451904,
    "bpp": 0.2998860677083333,
    "encoding_time": 0.14991140365600586,
    "decoding_time": 0.134965181350708
}