{
    "image_name": "22.png",
    "mse": 0.0007424972136504948,
    "psnr": 31.28593635559082,
    "ms-ssim": 0.9526039361953735,
    "bpp": 0.3347981770833333,
    "encoding_time": 0.21665644645690918,
    "decoding_time": 0.07079815864562988
}