{
    "image_name": "16.png",
    "mse": 0.0005368905258364975,
    "psnr": 32.69019317626953,
    "ms-ssim": 0.9620050191879272,
    "bpp": 0.24625651041666666,
    "encoding_time": 0.17963242530822754,
    "decoding_time": 0.14790916442871094
}