{
    "image_name": "5.png",
    "mse": 0.0009207773255184293,
    "psnr": 30.35286521911621,
    "ms-ssim": 0.9783211946487427,
    "bpp": 0.644287109375,
    "encoding_time": 0.08275699615478516,
    "decoding_time": 0.1101691722869873
}