{
    "mean_loss": 0.3799000312693428,
    "mean_bpp": 0.3798665188847035,
    "mean_psnr": 35.339732565530916,
    "mean_msssim": 0.9805456705209685,
    "mean_msssim_dB": 17.10983733175579,
    "mean_enc_time": 0.4444375735957448,
    "mean_dec_time": 0.5106696326558183
}