{
    "image_name": "alejandro-escamilla-6.png",
    "mse": 0.00022981638903729618,
    "psnr": 36.36491775512695,
    "ms-ssim": 0.9812259674072266,
    "bpp": 0.2362070575056012,
    "encoding_time": 0.44141387939453125,
    "decoding_time": 0.5118653774261475
}