{
    "image_name": "clem-onojeghuo-33741.png",
    "mse": 0.00039688171818852425,
    "psnr": 33.999977111816406,
    "ms-ssim": 0.9769915342330933,
    "bpp": 0.4003777472527473,
    "encoding_time": 0.47934794425964355,
    "decoding_time": 0.9741382598876953
}