{
    "image_name": "davide-ragusa-716.png",
    "mse": 0.00021028188348282129,
    "psnr": 36.74637222290039,
    "ms-ssim": 0.9815394878387451,
    "bpp": 0.2280547884151631,
    "encoding_time": 0.41490936279296875,
    "decoding_time": 0.43558526039123535
}