{
    "image_name": "michael-durana-82941.png",
    "mse": 0.00030249691917560995,
    "psnr": 35.17557907104492,
    "ms-ssim": 0.982332706451416,
    "bpp": 0.335782967032967,
    "encoding_time": 0.4904358386993408,
    "decoding_time": 0.6898834705352783
}