{
    "image_name": "gian-reto-tarnutzer-45212.png",
    "mse": 0.00043792821816168725,
    "psnr": 33.573673248291016,
    "ms-ssim": 0.9788097143173218,
    "bpp": 0.4929858576642336,
    "encoding_time": 0.46860575675964355,
    "decoding_time": 0.5009117126464844
}