{
    "image_name": "philipp-reiner-207.png",
    "mse": 0.0005581786390393972,
    "psnr": 32.52326202392578,
    "ms-ssim": 0.9770792722702026,
    "bpp": 0.7379259259259259,
    "encoding_time": 0.39959025382995605,
    "decoding_time": 0.3440558910369873
}