{
    "image_name": "paul-itkin-46101.png",
    "mse": 0.0005262146587483585,
    "psnr": 32.778358459472656,
    "ms-ssim": 0.9925622940063477,
    "bpp": 0.9181567328918322,
    "encoding_time": 0.12222170829772949,
    "decoding_time": 0.15786957740783691
}