{
    "image_name": "sergey-zolkin-21232.png",
    "mse": 0.00010109861614182591,
    "psnr": 39.902008056640625,
    "ms-ssim": 0.9852527976036072,
    "bpp": 0.12320146154117903,
    "encoding_time": 0.48601412773132324,
    "decoding_time": 0.3787045478820801
}