{
    "image_name": "daniel-robert-405.png",
    "mse": 0.0004948360146954656,
    "psnr": 33.04481887817383,
    "ms-ssim": 0.9803329706192017,
    "bpp": 0.5724612954186414,
    "encoding_time": 0.24856257438659668,
    "decoding_time": 0.28011274337768555
}