{
    "image_name": "amy-zhang-15940.png",
    "mse": 0.00040400063153356314,
    "psnr": 33.923789978027344,
    "ms-ssim": 0.9790863990783691,
    "bpp": 0.46490946105218045,
    "encoding_time": 0.27065300941467285,
    "decoding_time": 0.29006266593933105
}