{
    "image_name": "dogancan-ozturan-395.png",
    "mse": 0.00020739511819556355,
    "psnr": 36.80675506591797,
    "ms-ssim": 0.9877313375473022,
    "bpp": 0.2907035755478662,
    "encoding_time": 0.5727405548095703,
    "decoding_time": 0.6881780624389648
}