{
    "image_name": "sergey-zolkin-1045.png",
    "mse": 0.00022905724472366273,
    "psnr": 36.37701416015625,
    "ms-ssim": 0.9846700429916382,
    "bpp": 0.2701808608058608,
    "encoding_time": 0.5902736186981201,
    "decoding_time": 0.6527097225189209
}