{
    "image_name": "jared-erondu-21325.png",
    "mse": 0.00020033794862683862,
    "psnr": 36.95513916015625,
    "ms-ssim": 0.9738973379135132,
    "bpp": 0.17273351648351648,
    "encoding_time": 0.5352818965911865,
    "decoding_time": 0.5114140510559082
}