{
    "image_name": "veeterzy-82537.png",
    "mse": 0.0004520887159742415,
    "psnr": 33.4359016418457,
    "ms-ssim": 0.983695387840271,
    "bpp": 0.44460331259150804,
    "encoding_time": 0.7895634174346924,
    "decoding_time": 0.6823320388793945
}