{
    "image_name": "jason-briscoe-149782.png",
    "mse": 9.692490129964426e-05,
    "psnr": 40.08040237426758,
    "ms-ssim": 0.9919125437736511,
    "bpp": 0.1391025641025641,
    "encoding_time": 0.5190627574920654,
    "decoding_time": 0.7354030609130859
}