{
    "image_name": "alexander-shustov-73.png",
    "mse": 0.0007277395343407989,
    "psnr": 31.372682571411133,
    "ms-ssim": 0.9848318099975586,
    "bpp": 0.9380395848640706,
    "encoding_time": 0.5763101577758789,
    "decoding_time": 0.7893707752227783
}