{
    "image_name": "todd-quackenbush-27493.png",
    "mse": 0.00012977786536794156,
    "psnr": 38.827430725097656,
    "ms-ssim": 0.9907140731811523,
    "bpp": 0.16627843659244917,
    "encoding_time": 0.5992975234985352,
    "decoding_time": 0.5470876693725586
}