{
    "image_name": "allef-vinicius-109434.png",
    "mse": 0.0003221526276320219,
    "psnr": 34.90259552001953,
    "ms-ssim": 0.9633831977844238,
    "bpp": 0.1186584249084249,
    "encoding_time": 0.4344017505645752,
    "decoding_time": 0.6709296703338623
}