{
    "image_name": "alberto-montalesi-176097.png",
    "mse": 0.00024135533021762967,
    "psnr": 36.15095520019531,
    "ms-ssim": 0.9643068313598633,
    "bpp": 0.12811812179016874,
    "encoding_time": 0.4360530376434326,
    "decoding_time": 0.4996602535247803
}