{
    "image_name": "ales-krivec-15949.png",
    "mse": 0.0001456563186366111,
    "psnr": 38.32952117919922,
    "ms-ssim": 0.9887652397155762,
    "bpp": 0.16571969696969696,
    "encoding_time": 0.46272897720336914,
    "decoding_time": 0.4349400997161865
}