{
    "image_name": "jeremy-cai-1174.png",
    "mse": 0.00021406474115792662,
    "psnr": 36.670326232910156,
    "ms-ssim": 0.9932032823562622,
    "bpp": 0.2814930226256605,
    "encoding_time": 0.4437737464904785,
    "decoding_time": 0.4689502716064453
}