{
    "image_name": "juskteez-vu-1041.png",
    "mse": 0.0006227156263776124,
    "psnr": 32.048545837402344,
    "ms-ssim": 0.9729821085929871,
    "bpp": 0.8385413581418898,
    "encoding_time": 0.5235884189605713,
    "decoding_time": 0.5483403205871582
}