{
    "image_name": "nomao-saeki-33553.png",
    "mse": 0.00016104748647194356,
    "psnr": 37.8975830078125,
    "ms-ssim": 0.9783136248588562,
    "bpp": 0.1526811859443631,
    "encoding_time": 0.4202761650085449,
    "decoding_time": 0.45073485374450684
}