{
    "image_name": "felix-russell-saw-140699.png",
    "mse": 0.00020567745377775282,
    "psnr": 36.841041564941406,
    "ms-ssim": 0.9761899709701538,
    "bpp": 0.19225091889242832,
    "encoding_time": 0.3416626453399658,
    "decoding_time": 0.49338698387145996
}