{
    "image_name": "stefan-kunze-26931.png",
    "mse": 0.0003670582955237478,
    "psnr": 34.33782958984375,
    "ms-ssim": 0.98354172706604,
    "bpp": 0.43673418068763714,
    "encoding_time": 0.483273983001709,
    "decoding_time": 0.5025136470794678
}