{
    "image_name": "todd-quackenbush-222.png",
    "mse": 0.0006262040697038174,
    "psnr": 32.02400207519531,
    "ms-ssim": 0.9767383933067322,
    "bpp": 0.6815489749430524,
    "encoding_time": 0.09211874008178711,
    "decoding_time": 0.10612726211547852
}