{
    "image_name": "lobostudio-hamburg-75377.png",
    "mse": 0.00034280813997611403,
    "psnr": 34.633445739746094,
    "ms-ssim": 0.972315788269043,
    "bpp": 0.19465430402930403,
    "encoding_time": 0.4800076484680176,
    "decoding_time": 0.4720945358276367
}