{
    "image_name": "andrew-ruiz-376.png",
    "mse": 0.0002965761232189834,
    "psnr": 35.260528564453125,
    "ms-ssim": 0.9873621463775635,
    "bpp": 0.35229151359294636,
    "encoding_time": 0.6915390491485596,
    "decoding_time": 0.7768800258636475
}