{
    "image_name": "martin-wessely-211.png",
    "mse": 0.0008275015279650688,
    "psnr": 30.815813064575195,
    "ms-ssim": 0.9791603088378906,
    "bpp": 1.0284375,
    "encoding_time": 0.13196158409118652,
    "decoding_time": 0.11892342567443848
}