{
    "image_name": "casey-fyfe-999.png",
    "mse": 0.0003848067717626691,
    "psnr": 34.13401412963867,
    "ms-ssim": 0.949138343334198,
    "bpp": 0.13415670955882353,
    "encoding_time": 0.5768895149230957,
    "decoding_time": 0.7299172878265381
}