{
    "image_name": "mullermarc-184.png",
    "mse": 0.00029774263384751976,
    "psnr": 35.245487213134766,
    "ms-ssim": 0.9859247207641602,
    "bpp": 0.36901214350273387,
    "encoding_time": 0.1890108585357666,
    "decoding_time": 0.2572817802429199
}