{
    "image_name": "martyn-seddon-220.png",
    "mse": 0.0003165713569615036,
    "psnr": 34.9782829284668,
    "ms-ssim": 0.9690860509872437,
    "bpp": 0.30161401098901097,
    "encoding_time": 0.4612691402435303,
    "decoding_time": 0.625821590423584
}