{
    "image_name": "zugr-108.png",
    "mse": 0.00013934532762505114,
    "psnr": 38.520145416259766,
    "ms-ssim": 0.9894131422042847,
    "bpp": 0.15085851648351647,
    "encoding_time": 0.4482080936431885,
    "decoding_time": 0.5211992263793945
}