{
    "image_name": "schicka-307.png",
    "mse": 0.00020247147767804563,
    "psnr": 36.91008758544922,
    "ms-ssim": 0.9804763197898865,
    "bpp": 0.19759114583333334,
    "encoding_time": 0.16829991340637207,
    "decoding_time": 0.06259369850158691
}