{
    "image_name": "kazuend-28556.png",
    "mse": 0.00010152774484595284,
    "psnr": 39.88173294067383,
    "ms-ssim": 0.9869683980941772,
    "bpp": 0.109375,
    "encoding_time": 0.6129157543182373,
    "decoding_time": 0.8558897972106934
}