{
    "image_name": "benjamin-sloth-lindgreen-705.png",
    "mse": 0.0004048846021760255,
    "psnr": 33.913543701171875,
    "ms-ssim": 0.9791839122772217,
    "bpp": 0.45165979853479854,
    "encoding_time": 0.4578580856323242,
    "decoding_time": 0.5229055881500244
}