{
    "image_name": "roberto-nickson-48063.png",
    "mse": 0.00015476366388611495,
    "psnr": 38.068809509277344,
    "ms-ssim": 0.9824779033660889,
    "bpp": 0.14027014652014652,
    "encoding_time": 0.664452314376831,
    "decoding_time": 0.7895021438598633
}