{
    "mean_loss": 0.8955487783805505,
    "mean_bpp": 0.8955380000000001,
    "mean_psnr": 39.93493804931641,
    "mean_msssim": 0.9926329356431961,
    "mean_msssim_dB": 21.327055362422076,
    "mean_enc_time": 0.888850920200348,
    "mean_dec_time": 1.0196242022514344
}