{
    "image_name": "RGB_OR_1200x1200_001.png",
    "mse": 6.142530764918774e-05,
    "psnr": 42.026954650878906,
    "ms-ssim": 0.9955564737319946,
    "bpp": 0.5691111111111111,
    "encoding_time": 1.0426762104034424,
    "decoding_time": 0.9456698894500732
}