{
    "image_name": "RGB_OR_1200x1200_084.png",
    "mse": 6.464217585744336e-05,
    "psnr": 41.8104362487793,
    "ms-ssim": 0.9844427108764648,
    "bpp": 0.2018222222222222,
    "encoding_time": 0.6940038204193115,
    "decoding_time": 0.9240157604217529
}