{
    "image_name": "RGB_OR_1200x1200_055.png",
    "mse": 7.40515606594272e-05,
    "psnr": 41.231239318847656,
    "ms-ssim": 0.9963377714157104,
    "bpp": 0.8044444444444444,
    "encoding_time": 0.9784364700317383,
    "decoding_time": 1.532503604888916
}