{
    "image_name": "RGB_OR_1200x1200_002.png",
    "mse": 4.786466161021963e-05,
    "psnr": 43.085174560546875,
    "ms-ssim": 0.9910335540771484,
    "bpp": 0.2179111111111111,
    "encoding_time": 0.6384639739990234,
    "decoding_time": 1.526277780532837
}