{
    "image_name": "RGB_OR_1200x1200_003.png",
    "mse": 8.552943472750485e-05,
    "psnr": 40.61454391479492,
    "ms-ssim": 0.9935727119445801,
    "bpp": 0.7917777777777778,
    "encoding_time": 0.7922489643096924,
    "decoding_time": 1.0006556510925293
}