{
    "image_name": "RGB_OR_1200x1200_075.png",
    "mse": 0.00010366741480538622,
    "psnr": 39.79307556152344,
    "ms-ssim": 0.9865421056747437,
    "bpp": 0.5895555555555556,
    "encoding_time": 0.7943003177642822,
    "decoding_time": 0.689190149307251
}