{
    "image_name": "RGB_OR_1200x1200_080.png",
    "mse": 9.226170368492603e-05,
    "psnr": 40.292991638183594,
    "ms-ssim": 0.9912919402122498,
    "bpp": 0.47228888888888887,
    "encoding_time": 0.9117434024810791,
    "decoding_time": 0.9004251956939697
}