{
    "image_name": "RGB_OR_1200x1200_061.png",
    "mse": 0.0001826368970796466,
    "psnr": 37.35428237915039,
    "ms-ssim": 0.9952642321586609,
    "bpp": 1.5175333333333334,
    "encoding_time": 0.665576696395874,
    "decoding_time": 1.161325216293335
}