{
    "image_name": "RGB_OR_1200x1200_027.png",
    "mse": 9.651867003412917e-05,
    "psnr": 40.09745407104492,
    "ms-ssim": 0.9940346479415894,
    "bpp": 0.9623333333333334,
    "encoding_time": 0.6932258605957031,
    "decoding_time": 1.756166696548462
}