{
    "image_name": "RGB_OR_1200x1200_065.png",
    "mse": 0.00014708306116517633,
    "psnr": 38.287471771240234,
    "ms-ssim": 0.9873162508010864,
    "bpp": 1.1128,
    "encoding_time": 0.7176742553710938,
    "decoding_time": 0.7903032302856445
}