{
    "image_name": "RGB_OR_1200x1200_068.png",
    "mse": 6.813436630181968e-05,
    "psnr": 41.63086700439453,
    "ms-ssim": 0.9969953298568726,
    "bpp": 0.5470666666666667,
    "encoding_time": 0.6390185356140137,
    "decoding_time": 0.9841103553771973
}