{
    "image_name": "RGB_OR_1200x1200_096.png",
    "mse": 0.0001537120551802218,
    "psnr": 38.0977897644043,
    "ms-ssim": 0.9854251742362976,
    "bpp": 0.6884222222222223,
    "encoding_time": 0.7798237800598145,
    "decoding_time": 0.6712727546691895
}