{
    "image_name": "RGB_OR_1200x1200_050.png",
    "mse": 0.00012422849249560386,
    "psnr": 39.01411437988281,
    "ms-ssim": 0.9891762733459473,
    "bpp": 0.8117555555555556,
    "encoding_time": 1.1247179508209229,
    "decoding_time": 1.2488648891448975
}