{
    "image_name": "RGB_OR_1200x1200_063.png",
    "mse": 7.969616126501933e-05,
    "psnr": 40.92032241821289,
    "ms-ssim": 0.9910590648651123,
    "bpp": 0.4392666666666667,
    "encoding_time": 0.9298899173736572,
    "decoding_time": 0.9868741035461426
}