{
    "image_name": "RGB_OR_1200x1200_059.png",
    "mse": 0.0002239446621388197,
    "psnr": 36.47624206542969,
    "ms-ssim": 0.9936946630477905,
    "bpp": 1.974488888888889,
    "encoding_time": 0.5943241119384766,
    "decoding_time": 1.045713186264038
}