{
    "image_name": "RGB_OR_1200x1200_044.png",
    "mse": 0.00011139467096654698,
    "psnr": 39.48366928100586,
    "ms-ssim": 0.9908102750778198,
    "bpp": 0.7224,
    "encoding_time": 0.9473605155944824,
    "decoding_time": 1.2842934131622314
}