{
    "image_name": "RGB_OR_1200x1200_054.png",
    "mse": 8.84050750755705e-05,
    "psnr": 40.47800064086914,
    "ms-ssim": 0.9952713251113892,
    "bpp": 0.8450888888888889,
    "encoding_time": 1.1361851692199707,
    "decoding_time": 0.7838976383209229
}