{
    "image_name": "RGB_OR_1200x1200_099.png",
    "mse": 0.00012006773613393307,
    "psnr": 39.160987854003906,
    "ms-ssim": 0.9897966384887695,
    "bpp": 0.8746,
    "encoding_time": 0.7607772350311279,
    "decoding_time": 1.1357309818267822
}