{
    "image_name": "RGB_OR_1200x1200_074.png",
    "mse": 0.00010994017793564126,
    "psnr": 39.5400505065918,
    "ms-ssim": 0.9832093715667725,
    "bpp": 0.4413111111111111,
    "encoding_time": 0.43300294876098633,
    "decoding_time": 0.8157360553741455
}