{
    "image_name": "RGB_OR_1200x1200_085.png",
    "mse": 0.00012565251381602138,
    "psnr": 38.964412689208984,
    "ms-ssim": 0.9902777075767517,
    "bpp": 0.8529333333333333,
    "encoding_time": 0.7875492572784424,
    "decoding_time": 0.7148799896240234
}