{
    "image_name": "RGB_OR_1200x1200_030.png",
    "mse": 0.00015702503151260316,
    "psnr": 38.005306243896484,
    "ms-ssim": 0.9942890405654907,
    "bpp": 1.3832444444444445,
    "encoding_time": 0.8263497352600098,
    "decoding_time": 1.2519478797912598
}