{
    "image_name": "RGB_OR_1200x1200_100.png",
    "mse": 3.923417170881294e-05,
    "psnr": 43.991050720214844,
    "ms-ssim": 0.9947245121002197,
    "bpp": 0.28873333333333334,
    "encoding_time": 0.4172821044921875,
    "decoding_time": 1.560490608215332
}