{
    "image_name": "RGB_OR_1200x1200_086.png",
    "mse": 0.00017168476188089699,
    "psnr": 37.620853424072266,
    "ms-ssim": 0.9925386309623718,
    "bpp": 1.8198,
    "encoding_time": 1.0714354515075684,
    "decoding_time": 1.035513162612915
}