{
    "image_name": "RGB_OR_1200x1200_079.png",
    "mse": 6.404603482224047e-05,
    "psnr": 41.850616455078125,
    "ms-ssim": 0.9967700839042664,
    "bpp": 0.7364888888888889,
    "encoding_time": 0.7236533164978027,
    "decoding_time": 1.050978183746338
}