{
    "image_name": "RGB_OR_1200x1200_093.png",
    "mse": 6.810412014601752e-05,
    "psnr": 41.6103401184082,
    "ms-ssim": 0.9950681924819946,
    "bpp": 0.5796,
    "encoding_time": 0.9344570636749268,
    "decoding_time": 1.0861883163452148
}