{
    "image_name": "RGB_OR_1200x1200_069.png",
    "mse": 9.089115337701514e-05,
    "psnr": 40.354530334472656,
    "ms-ssim": 0.9930898547172546,
    "bpp": 0.8659111111111111,
    "encoding_time": 0.918325662612915,
    "decoding_time": 0.7574946880340576
}