{
    "image_name": "RGB_OR_1200x1200_091.png",
    "mse": 6.372723873937503e-05,
    "psnr": 41.90589904785156,
    "ms-ssim": 0.9971550703048706,
    "bpp": 0.6282666666666666,
    "encoding_time": 0.7307007312774658,
    "decoding_time": 1.099379539489746
}