{
    "image_name": "RGB_OR_1200x1200_076.png",
    "mse": 8.344295929418877e-05,
    "psnr": 40.72029113769531,
    "ms-ssim": 0.989417314529419,
    "bpp": 0.4003111111111111,
    "encoding_time": 0.8527336120605469,
    "decoding_time": 1.330479621887207
}