{
    "image_name": "RGB_OR_1200x1200_025.png",
    "mse": 7.628380262758583e-05,
    "psnr": 41.103492736816406,
    "ms-ssim": 0.9924414157867432,
    "bpp": 0.4577111111111111,
    "encoding_time": 0.9876792430877686,
    "decoding_time": 0.799309492111206
}