{
    "image_name": "RGB_OR_1200x1200_016.png",
    "mse": 0.000143995916005224,
    "psnr": 38.37849807739258,
    "ms-ssim": 0.9951238036155701,
    "bpp": 1.8118888888888889,
    "encoding_time": 1.2660906314849854,
    "decoding_time": 0.8860414028167725
}