{
    "image_name": "RGB_OR_1200x1200_038.png",
    "mse": 7.272819493664429e-05,
    "psnr": 41.309478759765625,
    "ms-ssim": 0.9928316473960876,
    "bpp": 0.44937777777777776,
    "encoding_time": 1.0254969596862793,
    "decoding_time": 0.9327232837677002
}