{
    "image_name": "RGB_OR_1200x1200_031.png",
    "mse": 0.00011014148913091049,
    "psnr": 39.535682678222656,
    "ms-ssim": 0.996407151222229,
    "bpp": 1.0805333333333333,
    "encoding_time": 1.127699375152588,
    "decoding_time": 1.1513903141021729
}