{
    "image_name": "RGB_OR_1200x1200_064.png",
    "mse": 0.00010232627391815186,
    "psnr": 39.847042083740234,
    "ms-ssim": 0.9958205223083496,
    "bpp": 1.0523555555555555,
    "encoding_time": 0.820976734161377,
    "decoding_time": 0.6004259586334229
}