{
    "image_name": "RGB_OR_1200x1200_007.png",
    "mse": 8.421200618613511e-05,
    "psnr": 40.6810188293457,
    "ms-ssim": 0.9945618510246277,
    "bpp": 0.8708222222222223,
    "encoding_time": 1.1902766227722168,
    "decoding_time": 1.1800720691680908
}