{
    "image_name": "RGB_OR_1200x1200_015.png",
    "mse": 3.527927037794143e-05,
    "psnr": 44.37041091918945,
    "ms-ssim": 0.9939230680465698,
    "bpp": 0.2074,
    "encoding_time": 0.6697018146514893,
    "decoding_time": 0.8370778560638428
}