{
    "image_name": "RGB_OR_1200x1200_089.png",
    "mse": 0.00013734636013396084,
    "psnr": 38.58252716064453,
    "ms-ssim": 0.9909119606018066,
    "bpp": 1.0905111111111112,
    "encoding_time": 1.3494417667388916,
    "decoding_time": 0.8114147186279297
}