{
    "image_name": "RGB_OR_1200x1200_034.png",
    "mse": 5.496780067915097e-05,
    "psnr": 42.49939727783203,
    "ms-ssim": 0.995113730430603,
    "bpp": 0.5434444444444444,
    "encoding_time": 1.1754353046417236,
    "decoding_time": 0.9462974071502686
}