{
    "image_name": "RGB_OR_1200x1200_043.png",
    "mse": 0.00014644500333815813,
    "psnr": 38.30598449707031,
    "ms-ssim": 0.9939892292022705,
    "bpp": 1.7050444444444444,
    "encoding_time": 1.320235252380371,
    "decoding_time": 1.3377552032470703
}