{
    "image_name": "RGB_OR_1200x1200_073.png",
    "mse": 7.695979729760438e-05,
    "psnr": 41.0750846862793,
    "ms-ssim": 0.9887306094169617,
    "bpp": 0.2929111111111111,
    "encoding_time": 0.7549731731414795,
    "decoding_time": 1.084404468536377
}