{
    "image_name": "RGB_OR_1200x1200_046.png",
    "mse": 0.00015128862287383527,
    "psnr": 38.16630172729492,
    "ms-ssim": 0.9933452606201172,
    "bpp": 1.3096666666666668,
    "encoding_time": 1.093517541885376,
    "decoding_time": 0.7608277797698975
}