{
    "image_name": "RGB_OR_1200x1200_009.png",
    "mse": 5.227693327469751e-05,
    "psnr": 42.71775817871094,
    "ms-ssim": 0.9952098727226257,
    "bpp": 0.3896,
    "encoding_time": 0.6919846534729004,
    "decoding_time": 0.7403256893157959
}