{
    "image_name": "RGB_OR_1200x1200_041.png",
    "mse": 0.00010537706111790612,
    "psnr": 39.722816467285156,
    "ms-ssim": 0.993815541267395,
    "bpp": 0.9292,
    "encoding_time": 0.4680154323577881,
    "decoding_time": 1.216820478439331
}