{
    "image_name": "RGB_OR_1200x1200_071.png",
    "mse": 0.00010966842091875151,
    "psnr": 39.54917907714844,
    "ms-ssim": 0.98722243309021,
    "bpp": 0.47171111111111114,
    "encoding_time": 1.1203844547271729,
    "decoding_time": 1.0480155944824219
}