{
    "image_name": "RGB_OR_1200x1200_048.png",
    "mse": 0.00015998842718545347,
    "psnr": 37.9249382019043,
    "ms-ssim": 0.9926597476005554,
    "bpp": 1.4275555555555555,
    "encoding_time": 0.9978723526000977,
    "decoding_time": 0.6315159797668457
}