{
    "image_name": "RGB_OR_1200x1200_042.png",
    "mse": 9.50722023844719e-05,
    "psnr": 40.16402816772461,
    "ms-ssim": 0.9918594360351562,
    "bpp": 0.7498222222222222,
    "encoding_time": 1.1654059886932373,
    "decoding_time": 0.872441291809082
}