{
    "image_name": "RGB_OR_1200x1200_033.png",
    "mse": 9.977055742638186e-05,
    "psnr": 39.95502471923828,
    "ms-ssim": 0.9939624667167664,
    "bpp": 1.0478666666666667,
    "encoding_time": 0.6773941516876221,
    "decoding_time": 1.0581121444702148
}