{
    "image_name": "RGB_OR_1200x1200_049.png",
    "mse": 7.359869050560519e-05,
    "psnr": 41.261436462402344,
    "ms-ssim": 0.9951598048210144,
    "bpp": 0.7483555555555556,
    "encoding_time": 0.5913040637969971,
    "decoding_time": 0.8723397254943848
}