{
    "image_name": "RGB_OR_1200x1200_066.png",
    "mse": 0.00012323592090979218,
    "psnr": 39.04822540283203,
    "ms-ssim": 0.9931117296218872,
    "bpp": 0.6548888888888889,
    "encoding_time": 0.9994678497314453,
    "decoding_time": 1.0418264865875244
}