{
    "image_name": "RGB_OR_1200x1200_004.png",
    "mse": 7.566616113763303e-05,
    "psnr": 41.1389274597168,
    "ms-ssim": 0.9866277575492859,
    "bpp": 0.30962222222222224,
    "encoding_time": 1.271333932876587,
    "decoding_time": 0.9903972148895264
}