{
    "image_name": "RGB_OR_1200x1200_028.png",
    "mse": 5.1646115025505424e-05,
    "psnr": 42.76511001586914,
    "ms-ssim": 0.9938143491744995,
    "bpp": 0.34644444444444444,
    "encoding_time": 1.054363489151001,
    "decoding_time": 1.0623857975006104
}