{
    "image_name": "RGB_OR_1200x1200_057.png",
    "mse": 8.116523531498387e-05,
    "psnr": 40.84006118774414,
    "ms-ssim": 0.9892186522483826,
    "bpp": 0.5138222222222222,
    "encoding_time": 0.911949872970581,
    "decoding_time": 1.1702699661254883
}