{
    "image_name": "RGB_OR_1200x1200_052.png",
    "mse": 8.176282426575199e-05,
    "psnr": 40.8079719543457,
    "ms-ssim": 0.995908260345459,
    "bpp": 0.8759333333333333,
    "encoding_time": 0.8554825782775879,
    "decoding_time": 0.6923549175262451
}