{
    "image_name": "RGB_OR_1200x1200_005.png",
    "mse": 9.803443390410393e-05,
    "psnr": 40.031280517578125,
    "ms-ssim": 0.9914910197257996,
    "bpp": 0.8395333333333334,
    "encoding_time": 1.032771110534668,
    "decoding_time": 1.7167277336120605
}