{
    "image_name": "RGB_OR_1200x1200_039.png",
    "mse": 9.959690214600414e-05,
    "psnr": 39.96257019042969,
    "ms-ssim": 0.9932801127433777,
    "bpp": 0.9766888888888889,
    "encoding_time": 0.7698183059692383,
    "decoding_time": 1.2908251285552979
}