{
    "image_name": "RGB_OR_1200x1200_053.png",
    "mse": 4.001917477580719e-05,
    "psnr": 43.8416862487793,
    "ms-ssim": 0.9959049224853516,
    "bpp": 0.35746666666666665,
    "encoding_time": 0.9334111213684082,
    "decoding_time": 0.7680554389953613
}