{
    "image_name": "RGB_OR_1200x1200_097.png",
    "mse": 8.318503387272358e-05,
    "psnr": 40.732276916503906,
    "ms-ssim": 0.9948040843009949,
    "bpp": 0.6961555555555555,
    "encoding_time": 0.7271664142608643,
    "decoding_time": 0.965686559677124
}