{
    "image_name": "RGB_OR_1200x1200_088.png",
    "mse": 9.143946954282e-05,
    "psnr": 40.33131408691406,
    "ms-ssim": 0.9943749904632568,
    "bpp": 0.8609555555555556,
    "encoding_time": 1.087310552597046,
    "decoding_time": 0.9063279628753662
}