{
    "image_name": "RGB_OR_1200x1200_012.png",
    "mse": 8.03651346359402e-05,
    "psnr": 40.883270263671875,
    "ms-ssim": 0.9919033050537109,
    "bpp": 0.6771777777777778,
    "encoding_time": 0.5888314247131348,
    "decoding_time": 1.0202739238739014
}