{
    "image_name": "RGB_OR_1200x1200_081.png",
    "mse": 9.300568490289152e-05,
    "psnr": 40.25644302368164,
    "ms-ssim": 0.9953045845031738,
    "bpp": 0.8107555555555556,
    "encoding_time": 0.5171189308166504,
    "decoding_time": 0.9539580345153809
}