{
    "image_name": "RGB_OR_1200x1200_037.png",
    "mse": 8.380661893170327e-05,
    "psnr": 40.70249557495117,
    "ms-ssim": 0.9913575053215027,
    "bpp": 0.7106666666666667,
    "encoding_time": 0.8083250522613525,
    "decoding_time": 1.3210933208465576
}