{
    "image_name": "RGB_OR_1200x1200_062.png",
    "mse": 0.00020579628471750766,
    "psnr": 36.839630126953125,
    "ms-ssim": 0.995299756526947,
    "bpp": 2.0071555555555554,
    "encoding_time": 0.8492336273193359,
    "decoding_time": 0.8924524784088135
}