{
    "image_name": "RGB_OR_1200x1200_008.png",
    "mse": 0.00012210830755066127,
    "psnr": 39.08818054199219,
    "ms-ssim": 0.9947388172149658,
    "bpp": 1.1756888888888888,
    "encoding_time": 0.9555883407592773,
    "decoding_time": 1.0655591487884521
}