{
    "image_name": "RGB_OR_1200x1200_026.png",
    "mse": 0.000139951502205804,
    "psnr": 38.50196075439453,
    "ms-ssim": 0.9953600764274597,
    "bpp": 1.5896222222222223,
    "encoding_time": 1.011613130569458,
    "decoding_time": 1.4055821895599365
}