{
    "image_name": "RGB_OR_1200x1200_040.png",
    "mse": 0.0001065149117494002,
    "psnr": 39.675655364990234,
    "ms-ssim": 0.9933779239654541,
    "bpp": 0.9496222222222223,
    "encoding_time": 1.0210206508636475,
    "decoding_time": 0.8169057369232178
}