{
    "image_name": "RGB_OR_1200x1200_032.png",
    "mse": 0.0001665685704210773,
    "psnr": 37.75008773803711,
    "ms-ssim": 0.9939126968383789,
    "bpp": 1.4918222222222222,
    "encoding_time": 0.8529937267303467,
    "decoding_time": 0.9041280746459961
}