{
    "image_name": "RGB_OR_1200x1200_022.png",
    "mse": 0.00010637325613060966,
    "psnr": 39.68059539794922,
    "ms-ssim": 0.9914324283599854,
    "bpp": 0.7031555555555555,
    "encoding_time": 1.1317355632781982,
    "decoding_time": 1.215916395187378
}