{
    "image_name": "RGB_OR_1200x1200_024.png",
    "mse": 0.00013805633352603763,
    "psnr": 38.559261322021484,
    "ms-ssim": 0.9944452047348022,
    "bpp": 1.5617777777777777,
    "encoding_time": 0.7323601245880127,
    "decoding_time": 1.0911009311676025
}