{
    "image_name": "RGB_OR_1200x1200_090.png",
    "mse": 0.00018699122301768512,
    "psnr": 37.25224304199219,
    "ms-ssim": 0.9952177405357361,
    "bpp": 1.7166444444444444,
    "encoding_time": 1.0898406505584717,
    "decoding_time": 1.0414764881134033
}