{
    "image_name": "RGB_OR_1200x1200_011.png",
    "mse": 0.00011208515206817538,
    "psnr": 39.45724868774414,
    "ms-ssim": 0.9943925142288208,
    "bpp": 1.1629777777777779,
    "encoding_time": 1.0358867645263672,
    "decoding_time": 0.9459507465362549
}