{
    "image_name": "RGB_OR_1200x1200_017.png",
    "mse": 9.511072130408138e-05,
    "psnr": 40.15972900390625,
    "ms-ssim": 0.9952379465103149,
    "bpp": 0.9781777777777778,
    "encoding_time": 1.291541337966919,
    "decoding_time": 1.220306158065796
}