{
    "image_name": "RGB_OR_1200x1200_010.png",
    "mse": 9.915870032273233e-05,
    "psnr": 39.98164749145508,
    "ms-ssim": 0.9935506582260132,
    "bpp": 0.8663555555555555,
    "encoding_time": 0.8706057071685791,
    "decoding_time": 0.8678984642028809
}