{
    "image_name": "RGB_OR_1200x1200_019.png",
    "mse": 0.00014378700871020555,
    "psnr": 38.38488006591797,
    "ms-ssim": 0.9933337569236755,
    "bpp": 1.0659777777777777,
    "encoding_time": 1.1632258892059326,
    "decoding_time": 0.821758508682251
}