{
    "image_name": "RGB_OR_1200x1200_035.png",
    "mse": 9.95427108136937e-05,
    "psnr": 39.96440505981445,
    "ms-ssim": 0.992966890335083,
    "bpp": 1.0038888888888888,
    "encoding_time": 0.7696759700775146,
    "decoding_time": 1.0756042003631592
}