{
    "image_name": "RGB_OR_1200x1200_092.png",
    "mse": 0.00011399797222111374,
    "psnr": 39.383453369140625,
    "ms-ssim": 0.9778150916099548,
    "bpp": 0.24735555555555555,
    "encoding_time": 1.0667564868927002,
    "decoding_time": 0.9152853488922119
}