{
    "image_name": "RGB_OR_1200x1200_020.png",
    "mse": 0.0001566010614624247,
    "psnr": 38.01742172241211,
    "ms-ssim": 0.9926086664199829,
    "bpp": 1.3150444444444445,
    "encoding_time": 0.80399489402771,
    "decoding_time": 1.0219812393188477
}