{
    "image_name": "RGB_OR_1200x1200_045.png",
    "mse": 9.987838711822405e-05,
    "psnr": 39.954132080078125,
    "ms-ssim": 0.9924591779708862,
    "bpp": 0.5784222222222222,
    "encoding_time": 0.7403147220611572,
    "decoding_time": 0.5704913139343262
}