{
    "image_name": "RGB_OR_1200x1200_018.png",
    "mse": 0.0001564539852552116,
    "psnr": 38.02147674560547,
    "ms-ssim": 0.994678258895874,
    "bpp": 1.6675777777777778,
    "encoding_time": 1.0793888568878174,
    "decoding_time": 0.9935839176177979
}