{
    "image_name": "RGB_OR_1200x1200_013.png",
    "mse": 8.209693623939529e-05,
    "psnr": 40.79106140136719,
    "ms-ssim": 0.9928901195526123,
    "bpp": 0.6947333333333333,
    "encoding_time": 0.915565013885498,
    "decoding_time": 1.128032922744751
}