{
    "image_name": "RGB_OR_1200x1200_072.png",
    "mse": 0.00010741235018940642,
    "psnr": 39.63861083984375,
    "ms-ssim": 0.99473637342453,
    "bpp": 1.1392666666666666,
    "encoding_time": 0.8154802322387695,
    "decoding_time": 0.6078474521636963
}