{
    "image_name": "RGB_OR_1200x1200_083.png",
    "mse": 7.880837074480951e-05,
    "psnr": 40.96464157104492,
    "ms-ssim": 0.9945948123931885,
    "bpp": 0.5874444444444444,
    "encoding_time": 0.7652246952056885,
    "decoding_time": 0.9889311790466309
}