{
    "image_name": "RGB_OR_1200x1200_051.png",
    "mse": 7.839134195819497e-05,
    "psnr": 40.9880256652832,
    "ms-ssim": 0.9911980628967285,
    "bpp": 0.4828,
    "encoding_time": 0.8351607322692871,
    "decoding_time": 1.0194859504699707
}