{
    "image_name": "RGB_OR_1200x1200_082.png",
    "mse": 0.00021507304336410016,
    "psnr": 36.64857482910156,
    "ms-ssim": 0.9931596517562866,
    "bpp": 1.8368444444444445,
    "encoding_time": 0.5418927669525146,
    "decoding_time": 0.9170277118682861
}