{
    "image_name": "RGB_OR_1200x1200_006.png",
    "mse": 0.00012089630035916343,
    "psnr": 39.13117980957031,
    "ms-ssim": 0.9890510439872742,
    "bpp": 1.0052222222222222,
    "encoding_time": 1.0782091617584229,
    "decoding_time": 1.3802967071533203
}