{
    "image_name": "RGB_OR_1200x1200_021.png",
    "mse": 7.573660695925355e-05,
    "psnr": 41.13494110107422,
    "ms-ssim": 0.995163083076477,
    "bpp": 0.6695111111111111,
    "encoding_time": 0.69232177734375,
    "decoding_time": 1.088299036026001
}