{
    "image_name": "RGB_OR_1200x1200_023.png",
    "mse": 0.00012369286559987813,
    "psnr": 39.03257751464844,
    "ms-ssim": 0.9919695258140564,
    "bpp": 1.089711111111111,
    "encoding_time": 0.9515678882598877,
    "decoding_time": 0.6253576278686523
}