{
    "image_name": "RGB_OR_1200x1200_087.png",
    "mse": 0.00017836489132605493,
    "psnr": 37.456260681152344,
    "ms-ssim": 0.9959625005722046,
    "bpp": 2.0966444444444443,
    "encoding_time": 0.5567622184753418,
    "decoding_time": 1.1377167701721191
}