{
    "image_name": "RGB_OR_1200x1200_095.png",
    "mse": 0.00020869550644420087,
    "psnr": 36.778385162353516,
    "ms-ssim": 0.9939793348312378,
    "bpp": 2.0690666666666666,
    "encoding_time": 0.7857875823974609,
    "decoding_time": 1.0954852104187012
}