{
    "image_name": "RGB_OR_1200x1200_070.png",
    "mse": 0.00010119508806383237,
    "psnr": 39.89515686035156,
    "ms-ssim": 0.9903500080108643,
    "bpp": 0.7851333333333333,
    "encoding_time": 0.7919223308563232,
    "decoding_time": 0.8691504001617432
}