{
    "mean_loss": 0.1819293686643178,
    "mean_bpp": 0.18181721972683962,
    "mean_psnr": 29.935830235481262,
    "mean_msssim": 0.9524017199873924,
    "mean_msssim_dB": 13.22408740441893,
    "mean_enc_time": 1.2445656061172485,
    "mean_dec_time": 1.1169935017824173
}