{
    "image_name": "00006_TE_1544x1120.png",
    "mse": 0.0011212087702006102,
    "psnr": 29.498193740844727,
    "ms-ssim": 0.9768919348716736,
    "bpp": 0.22868245743893412,
    "encoding_time": 0.728858232498169,
    "decoding_time": 0.6519229412078857
}