{
    "image_name": "00010_TE_2000x1128.png",
    "mse": 0.0006119258468970656,
    "psnr": 32.123931884765625,
    "ms-ssim": 0.9526470899581909,
    "bpp": 0.08205673758865248,
    "encoding_time": 1.02463960647583,
    "decoding_time": 0.7916498184204102
}