{
    "image_name": "00013_TE_1920x1280.png",
    "mse": 0.0009846342727541924,
    "psnr": 30.061660766601562,
    "ms-ssim": 0.9488948583602905,
    "bpp": 0.18450520833333334,
    "encoding_time": 0.9982633590698242,
    "decoding_time": 0.8505067825317383
}