{
    "image_name": "00004_TE_1808x1352.png",
    "mse": 0.0014890804886817932,
    "psnr": 28.267179489135742,
    "ms-ssim": 0.9615281820297241,
    "bpp": 0.25442477876106195,
    "encoding_time": 1.2764930725097656,
    "decoding_time": 0.8936045169830322
}