{
    "image_name": "00008_TE_1912x1272.png",
    "mse": 0.001196385594084859,
    "psnr": 29.216684341430664,
    "ms-ssim": 0.9290595054626465,
    "bpp": 0.12118102155206442,
    "encoding_time": 0.6354560852050781,
    "decoding_time": 0.7496688365936279
}