{
    "image_name": "00002_TE_2144x1424.png",
    "mse": 0.0010743018938228488,
    "psnr": 29.683696746826172,
    "ms-ssim": 0.9205322265625,
    "bpp": 0.14850955894683884,
    "encoding_time": 1.0095248222351074,
    "decoding_time": 1.282137155532837
}