{
    "image_name": "00001_TE_2096x1400.png",
    "mse": 0.001481001265347004,
    "psnr": 28.290849685668945,
    "ms-ssim": 0.9713756442070007,
    "bpp": 0.29678298800436204,
    "encoding_time": 0.9363691806793213,
    "decoding_time": 0.8000907897949219
}