{
    "image_name": "00003_TE_1944x1296.png",
    "mse": 0.0007417341694235802,
    "psnr": 31.28999900817871,
    "ms-ssim": 0.9670912623405457,
    "bpp": 0.1342021033379058,
    "encoding_time": 1.0984551906585693,
    "decoding_time": 1.232940912246704
}