{
    "image_name": "00007_TE_1472x976.png",
    "mse": 0.0006612126599065959,
    "psnr": 31.78825569152832,
    "ms-ssim": 0.9750484228134155,
    "bpp": 0.1314370990734141,
    "encoding_time": 0.6336073875427246,
    "decoding_time": 0.49919748306274414
}