{
    "image_name": "00012_TE_1512x2016.png",
    "mse": 0.0013205675641074777,
    "psnr": 28.788171768188477,
    "ms-ssim": 0.8961507678031921,
    "bpp": 0.11935206181237927,
    "encoding_time": 1.212519645690918,
    "decoding_time": 1.173520565032959
}