{
    "image_name": "00016_TE_1744x2000.png",
    "mse": 0.0008637828286737204,
    "psnr": 30.629661560058594,
    "ms-ssim": 0.8984875082969666,
    "bpp": 0.04671559633027523,
    "encoding_time": 1.8591570854187012,
    "decoding_time": 1.5466172695159912
}