{
    "image_name": "00005_TE_1336x872.png",
    "mse": 0.0005504728760570288,
    "psnr": 32.58295440673828,
    "ms-ssim": 0.9885873198509216,
    "bpp": 0.11599736307202109,
    "encoding_time": 0.578829288482666,
    "decoding_time": 0.5273587703704834
}