{
    "image_name": "00015_TE_3680x2456.png",
    "mse": 0.0006687154527753592,
    "psnr": 31.739221572875977,
    "ms-ssim": 0.970768928527832,
    "bpp": 0.12435207477694378,
    "encoding_time": 2.6331427097320557,
    "decoding_time": 2.104400157928467
}