{
    "mean_loss": 0.7002953321976833,
    "mean_bpp": 0.7002799999999999,
    "mean_psnr": 38.46209159851074,
    "mean_msssim": 0.9902344769239426,
    "mean_msssim_dB": 20.103044894000654,
    "mean_enc_time": 0.3596495151519775,
    "mean_dec_time": 0.4663832926750183
}