{
    "image_name": "RGB_OR_1200x1200_026.png",
    "mse": 0.00020306164515204728,
    "psnr": 36.89685821533203,
    "ms-ssim": 0.9939042925834656,
    "bpp": 1.3474444444444444,
    "encoding_time": 0.41547679901123047,
    "decoding_time": 0.44153475761413574
}