{
    "image_name": "RGB_OR_1200x1200_052.png",
    "mse": 0.0001260768622159958,
    "psnr": 38.950740814208984,
    "ms-ssim": 0.9942404627799988,
    "bpp": 0.6927777777777778,
    "encoding_time": 0.28201961517333984,
    "decoding_time": 0.5751266479492188
}