{
    "image_name": "RGB_OR_1200x1200_020.png",
    "mse": 0.00022947050456423312,
    "psnr": 36.36925506591797,
    "ms-ssim": 0.9887768030166626,
    "bpp": 0.9703777777777778,
    "encoding_time": 0.3763701915740967,
    "decoding_time": 0.43311500549316406
}