{
    "image_name": "RGB_OR_1200x1200_089.png",
    "mse": 0.00018985157657880336,
    "psnr": 37.18785858154297,
    "ms-ssim": 0.9865772128105164,
    "bpp": 0.8478222222222223,
    "encoding_time": 0.3094334602355957,
    "decoding_time": 0.4112701416015625
}