{
    "image_name": "RGB_OR_1200x1200_047.png",
    "mse": 0.0002282440837007016,
    "psnr": 36.39228057861328,
    "ms-ssim": 0.9917179346084595,
    "bpp": 0.8237777777777778,
    "encoding_time": 0.3176877498626709,
    "decoding_time": 0.5197646617889404
}