{
    "image_name": "RGB_OR_1200x1200_018.png",
    "mse": 0.00022219443053472787,
    "psnr": 36.5081901550293,
    "ms-ssim": 0.9924437403678894,
    "bpp": 1.3852888888888888,
    "encoding_time": 0.29358887672424316,
    "decoding_time": 0.5666708946228027
}