{
    "image_name": "RGB_OR_1200x1200_049.png",
    "mse": 0.00010828924860106781,
    "psnr": 39.60676193237305,
    "ms-ssim": 0.9939882755279541,
    "bpp": 0.6110666666666666,
    "encoding_time": 0.4419827461242676,
    "decoding_time": 0.34444284439086914
}