{
    "image_name": "RGB_OR_1200x1200_048.png",
    "mse": 0.0002250975085189566,
    "psnr": 36.452552795410156,
    "ms-ssim": 0.9901295900344849,
    "bpp": 1.1436666666666666,
    "encoding_time": 0.3934142589569092,
    "decoding_time": 0.4251408576965332
}