{
    "image_name": "RGB_OR_1200x1200_088.png",
    "mse": 0.00013658462557941675,
    "psnr": 38.607398986816406,
    "ms-ssim": 0.991851806640625,
    "bpp": 0.6629555555555555,
    "encoding_time": 0.5837771892547607,
    "decoding_time": 0.40661048889160156
}