{
    "image_name": "RGB_OR_1200x1200_041.png",
    "mse": 0.00015511670790147036,
    "psnr": 38.06045913696289,
    "ms-ssim": 0.9912688136100769,
    "bpp": 0.6998888888888889,
    "encoding_time": 0.40265345573425293,
    "decoding_time": 0.6585249900817871
}