{
    "image_name": "RGB_OR_1200x1200_022.png",
    "mse": 0.00014726558583788574,
    "psnr": 38.283050537109375,
    "ms-ssim": 0.9877420663833618,
    "bpp": 0.5151777777777777,
    "encoding_time": 0.3060629367828369,
    "decoding_time": 0.45892882347106934
}