{
    "image_name": "RGB_OR_1200x1200_015.png",
    "mse": 4.568111398839392e-05,
    "psnr": 43.2849235534668,
    "ms-ssim": 0.9932411909103394,
    "bpp": 0.1943111111111111,
    "encoding_time": 0.38998913764953613,
    "decoding_time": 0.4727494716644287
}