{
    "image_name": "RGB_OR_1200x1200_085.png",
    "mse": 0.00017758479225449264,
    "psnr": 37.474884033203125,
    "ms-ssim": 0.9860434532165527,
    "bpp": 0.6186,
    "encoding_time": 0.40019869804382324,
    "decoding_time": 0.3418431282043457
}