{
    "image_name": "RGB_OR_1200x1200_021.png",
    "mse": 0.00010920483327936381,
    "psnr": 39.567386627197266,
    "ms-ssim": 0.9940831065177917,
    "bpp": 0.5483111111111111,
    "encoding_time": 0.29907727241516113,
    "decoding_time": 0.46961450576782227
}