{
    "image_name": "RGB_OR_1200x1200_025.png",
    "mse": 0.0001009525585686788,
    "psnr": 39.90533447265625,
    "ms-ssim": 0.9908322691917419,
    "bpp": 0.36764444444444444,
    "encoding_time": 0.34379148483276367,
    "decoding_time": 0.459028959274292
}