{
    "image_name": "RGB_OR_1200x1200_036.png",
    "mse": 6.604079680982977e-05,
    "psnr": 41.72108459472656,
    "ms-ssim": 0.9867385625839233,
    "bpp": 0.1526888888888889,
    "encoding_time": 0.3168919086456299,
    "decoding_time": 0.5436954498291016
}