{
    "image_name": "RGB_OR_1200x1200_079.png",
    "mse": 9.883024904411286e-05,
    "psnr": 39.99580764770508,
    "ms-ssim": 0.9962236285209656,
    "bpp": 0.6237777777777778,
    "encoding_time": 0.30192136764526367,
    "decoding_time": 0.4619133472442627
}