{
    "image_name": "RGB_OR_1200x1200_063.png",
    "mse": 9.998607856687158e-05,
    "psnr": 39.95184326171875,
    "ms-ssim": 0.9898462295532227,
    "bpp": 0.3587111111111111,
    "encoding_time": 0.29852843284606934,
    "decoding_time": 0.3917808532714844
}