{
    "image_name": "RGB_OR_1200x1200_094.png",
    "mse": 0.00013595735072158277,
    "psnr": 38.62733459472656,
    "ms-ssim": 0.9940232038497925,
    "bpp": 0.9038222222222222,
    "encoding_time": 0.30472302436828613,
    "decoding_time": 0.3426635265350342
}