{
    "image_name": "RGB_OR_1200x1200_045.png",
    "mse": 0.00012931709352415055,
    "psnr": 38.84477996826172,
    "ms-ssim": 0.990710437297821,
    "bpp": 0.4604666666666667,
    "encoding_time": 0.5107126235961914,
    "decoding_time": 0.30399513244628906
}