{
    "image_name": "RGB_OR_1200x1200_072.png",
    "mse": 0.00015449384227395058,
    "psnr": 38.075279235839844,
    "ms-ssim": 0.9934742450714111,
    "bpp": 0.9633777777777778,
    "encoding_time": 0.2691764831542969,
    "decoding_time": 0.5912466049194336
}