{
    "image_name": "RGB_OR_1200x1200_010.png",
    "mse": 0.00014943844871595502,
    "psnr": 38.218475341796875,
    "ms-ssim": 0.9901987910270691,
    "bpp": 0.6318444444444444,
    "encoding_time": 0.28797006607055664,
    "decoding_time": 0.3430001735687256
}