{
    "image_name": "RGB_OR_1200x1200_084.png",
    "mse": 7.539333455497399e-05,
    "psnr": 41.155460357666016,
    "ms-ssim": 0.9817641973495483,
    "bpp": 0.16277777777777777,
    "encoding_time": 0.27692604064941406,
    "decoding_time": 0.5967254638671875
}