{
    "image_name": "RGB_OR_1200x1200_057.png",
    "mse": 0.00011203910980839282,
    "psnr": 39.458106994628906,
    "ms-ssim": 0.9854779243469238,
    "bpp": 0.3695111111111111,
    "encoding_time": 0.3718087673187256,
    "decoding_time": 0.3753085136413574
}