{
    "image_name": "RGB_OR_1200x1200_023.png",
    "mse": 0.000180256218300201,
    "psnr": 37.41071319580078,
    "ms-ssim": 0.9901386499404907,
    "bpp": 0.8683333333333333,
    "encoding_time": 0.2830383777618408,
    "decoding_time": 0.3916325569152832
}