{
    "image_name": "RGB_OR_1200x1200_095.png",
    "mse": 0.0003009418142028153,
    "psnr": 35.197654724121094,
    "ms-ssim": 0.9911157488822937,
    "bpp": 1.6607333333333334,
    "encoding_time": 0.377927303314209,
    "decoding_time": 0.5043432712554932
}