{
    "image_name": "RGB_OR_1200x1200_077.png",
    "mse": 0.00023896036145742983,
    "psnr": 36.194114685058594,
    "ms-ssim": 0.9721009135246277,
    "bpp": 0.6220666666666667,
    "encoding_time": 0.3394174575805664,
    "decoding_time": 0.37427258491516113
}