{
    "image_name": "RGB_OR_1200x1200_099.png",
    "mse": 0.00017112620116677135,
    "psnr": 37.63523483276367,
    "ms-ssim": 0.9855459928512573,
    "bpp": 0.6412444444444444,
    "encoding_time": 0.2644367218017578,
    "decoding_time": 0.28791046142578125
}