{
    "image_name": "RGB_OR_1200x1200_019.png",
    "mse": 0.00021611328702419996,
    "psnr": 36.62841033935547,
    "ms-ssim": 0.9899783134460449,
    "bpp": 0.7200444444444445,
    "encoding_time": 0.5097672939300537,
    "decoding_time": 0.5137002468109131
}