{
    "image_name": "RGB_OR_1200x1200_092.png",
    "mse": 0.00012878621055278927,
    "psnr": 38.85852813720703,
    "ms-ssim": 0.9745267629623413,
    "bpp": 0.2022,
    "encoding_time": 0.2761373519897461,
    "decoding_time": 0.4059610366821289
}