{
    "image_name": "RGB_OR_1200x1200_051.png",
    "mse": 0.00010578911314951256,
    "psnr": 39.7042121887207,
    "ms-ssim": 0.9884225130081177,
    "bpp": 0.36966666666666664,
    "encoding_time": 0.36050868034362793,
    "decoding_time": 0.31244468688964844
}