{
    "image_name": "RGB_OR_1200x1200_058.png",
    "mse": 0.00018804408318828791,
    "psnr": 37.22962951660156,
    "ms-ssim": 0.9929196834564209,
    "bpp": 0.6297333333333334,
    "encoding_time": 0.35626697540283203,
    "decoding_time": 0.39380645751953125
}