{
    "image_name": "RGB_OR_1200x1200_042.png",
    "mse": 0.0001363621122436598,
    "psnr": 38.61469268798828,
    "ms-ssim": 0.9889123439788818,
    "bpp": 0.5625111111111111,
    "encoding_time": 0.29314398765563965,
    "decoding_time": 0.38954854011535645
}