{
    "image_name": "RGB_OR_1200x1200_081.png",
    "mse": 0.00013449274410959333,
    "psnr": 38.6728401184082,
    "ms-ssim": 0.9938933849334717,
    "bpp": 0.6381555555555556,
    "encoding_time": 0.3251461982727051,
    "decoding_time": 0.6163797378540039
}