{
    "image_name": "RGB_OR_1200x1200_001.png",
    "mse": 8.965013694250956e-05,
    "psnr": 40.41604995727539,
    "ms-ssim": 0.9946080446243286,
    "bpp": 0.47057777777777776,
    "encoding_time": 0.4590296745300293,
    "decoding_time": 0.3485116958618164
}