{
    "image_name": "RGB_OR_1200x1200_080.png",
    "mse": 0.00011913207708857954,
    "psnr": 39.195987701416016,
    "ms-ssim": 0.988588273525238,
    "bpp": 0.3466666666666667,
    "encoding_time": 0.3205440044403076,
    "decoding_time": 0.44249606132507324
}