{
    "image_name": "RGB_OR_1200x1200_043.png",
    "mse": 0.00022693185019306839,
    "psnr": 36.41670608520508,
    "ms-ssim": 0.9908470511436462,
    "bpp": 1.3303333333333334,
    "encoding_time": 0.3910987377166748,
    "decoding_time": 0.47144556045532227
}