{
    "image_name": "RGB_OR_1200x1200_074.png",
    "mse": 0.00014037378423381597,
    "psnr": 38.48991012573242,
    "ms-ssim": 0.977760910987854,
    "bpp": 0.29013333333333335,
    "encoding_time": 0.5366129875183105,
    "decoding_time": 0.5431060791015625
}