{
    "image_name": "RGB_OR_1200x1200_087.png",
    "mse": 0.00027725647669285536,
    "psnr": 35.551509857177734,
    "ms-ssim": 0.9939419627189636,
    "bpp": 1.7147555555555556,
    "encoding_time": 0.2708699703216553,
    "decoding_time": 0.40465450286865234
}