{
    "image_name": "RGB_OR_1200x1200_071.png",
    "mse": 0.0001358303998131305,
    "psnr": 38.63151931762695,
    "ms-ssim": 0.9853772521018982,
    "bpp": 0.3748,
    "encoding_time": 0.26846837997436523,
    "decoding_time": 0.43360352516174316
}