{
    "image_name": "RGB_OR_1200x1200_086.png",
    "mse": 0.0002689430839382112,
    "psnr": 35.68280792236328,
    "ms-ssim": 0.9883556365966797,
    "bpp": 1.368511111111111,
    "encoding_time": 0.402956485748291,
    "decoding_time": 0.4665086269378662
}