{
    "image_name": "RGB_OR_1200x1200_038.png",
    "mse": 9.700070950202644e-05,
    "psnr": 40.078102111816406,
    "ms-ssim": 0.9912185668945312,
    "bpp": 0.36466666666666664,
    "encoding_time": 0.500938892364502,
    "decoding_time": 0.5593574047088623
}