{
    "image_name": "RGB_OR_1200x1200_046.png",
    "mse": 0.00022145036200527102,
    "psnr": 36.52429962158203,
    "ms-ssim": 0.9902516603469849,
    "bpp": 0.9846444444444444,
    "encoding_time": 0.3717384338378906,
    "decoding_time": 0.4993283748626709
}