{
    "image_name": "RGB_OR_1200x1200_066.png",
    "mse": 0.0001596155489096418,
    "psnr": 37.935546875,
    "ms-ssim": 0.9914263486862183,
    "bpp": 0.49975555555555556,
    "encoding_time": 0.2585408687591553,
    "decoding_time": 0.6558837890625
}