{
    "image_name": "RGB_OR_1200x1200_044.png",
    "mse": 0.00014944789290893823,
    "psnr": 38.220611572265625,
    "ms-ssim": 0.9871041774749756,
    "bpp": 0.5389777777777778,
    "encoding_time": 0.27277350425720215,
    "decoding_time": 0.36152052879333496
}