{
    "image_name": "RGB_OR_1200x1200_067.png",
    "mse": 0.00018403897411189973,
    "psnr": 37.32239532470703,
    "ms-ssim": 0.9844860434532166,
    "bpp": 0.5658222222222222,
    "encoding_time": 0.3865242004394531,
    "decoding_time": 0.34693241119384766
}