{
    "image_name": "RGB_OR_1200x1200_056.png",
    "mse": 8.334380981978029e-05,
    "psnr": 40.7263298034668,
    "ms-ssim": 0.9879748821258545,
    "bpp": 0.28935555555555553,
    "encoding_time": 0.3482213020324707,
    "decoding_time": 0.36821413040161133
}