{
    "image_name": "RGB_OR_1200x1200_068.png",
    "mse": 9.418332774657756e-05,
    "psnr": 40.228858947753906,
    "ms-ssim": 0.9954471588134766,
    "bpp": 0.4064,
    "encoding_time": 0.4973642826080322,
    "decoding_time": 0.5651588439941406
}