{
    "image_name": "RGB_OR_1200x1200_053.png",
    "mse": 5.833592877024785e-05,
    "psnr": 42.24738311767578,
    "ms-ssim": 0.9952024221420288,
    "bpp": 0.3151333333333333,
    "encoding_time": 0.6372373104095459,
    "decoding_time": 0.38889026641845703
}