{
    "image_name": "RGB_OR_1200x1200_013.png",
    "mse": 0.00011660905875032768,
    "psnr": 39.28609085083008,
    "ms-ssim": 0.992072343826294,
    "bpp": 0.5617333333333333,
    "encoding_time": 0.3477797508239746,
    "decoding_time": 0.34755754470825195
}