{
    "image_name": "RGB_OR_1200x1200_098.png",
    "mse": 0.00024242111248895526,
    "psnr": 36.132164001464844,
    "ms-ssim": 0.9957470893859863,
    "bpp": 1.5089333333333332,
    "encoding_time": 0.5117573738098145,
    "decoding_time": 0.4311866760253906
}