{
    "image_name": "RGB_OR_1200x1200_064.png",
    "mse": 0.000156802314450033,
    "psnr": 38.01375198364258,
    "ms-ssim": 0.9940543174743652,
    "bpp": 0.8290444444444445,
    "encoding_time": 0.4706127643585205,
    "decoding_time": 0.3511960506439209
}