{
    "image_name": "RGB_OR_1200x1200_100.png",
    "mse": 5.16482577950228e-05,
    "psnr": 42.80500411987305,
    "ms-ssim": 0.9925563335418701,
    "bpp": 0.22735555555555556,
    "encoding_time": 0.3932335376739502,
    "decoding_time": 0.48401880264282227
}