{
    "image_name": "RGB_OR_1200x1200_037.png",
    "mse": 0.00012252695159986615,
    "psnr": 39.07346725463867,
    "ms-ssim": 0.9882103800773621,
    "bpp": 0.5504222222222223,
    "encoding_time": 0.271115779876709,
    "decoding_time": 0.7654454708099365
}