{
    "image_name": "RGB_OR_1200x1200_014.png",
    "mse": 9.248364222003147e-05,
    "psnr": 40.28110122680664,
    "ms-ssim": 0.9939937591552734,
    "bpp": 0.45535555555555557,
    "encoding_time": 0.31154751777648926,
    "decoding_time": 0.45765137672424316
}