{
    "image_name": "RGB_OR_1200x1200_012.png",
    "mse": 0.00011301630729576573,
    "psnr": 39.421302795410156,
    "ms-ssim": 0.990851879119873,
    "bpp": 0.5588444444444445,
    "encoding_time": 0.29921793937683105,
    "decoding_time": 0.7672839164733887
}