{
    "image_name": "RGB_OR_1200x1200_030.png",
    "mse": 0.00023306951334234327,
    "psnr": 36.30207824707031,
    "ms-ssim": 0.991651177406311,
    "bpp": 1.0477333333333334,
    "encoding_time": 0.3904426097869873,
    "decoding_time": 0.4660167694091797
}