{
    "image_name": "RGB_OR_1200x1200_027.png",
    "mse": 0.00014777093019802123,
    "psnr": 38.26799011230469,
    "ms-ssim": 0.9913828372955322,
    "bpp": 0.7457555555555555,
    "encoding_time": 0.39314818382263184,
    "decoding_time": 0.6206393241882324
}