{
    "image_name": "RGB_OR_1200x1200_017.png",
    "mse": 0.00014399681822396815,
    "psnr": 38.37834930419922,
    "ms-ssim": 0.9936510920524597,
    "bpp": 0.7632,
    "encoding_time": 0.40791964530944824,
    "decoding_time": 0.42912864685058594
}