{
    "image_name": "RGB_OR_1200x1200_069.png",
    "mse": 0.00013239524560049176,
    "psnr": 38.740333557128906,
    "ms-ssim": 0.9919261932373047,
    "bpp": 0.7107333333333333,
    "encoding_time": 0.4836421012878418,
    "decoding_time": 0.3621182441711426
}