{
    "image_name": "RGB_OR_1200x1200_035.png",
    "mse": 0.0001495496544521302,
    "psnr": 38.215335845947266,
    "ms-ssim": 0.991661787033081,
    "bpp": 0.7991777777777778,
    "encoding_time": 0.3490147590637207,
    "decoding_time": 0.6540539264678955
}