{
    "image_name": "RGB_OR_1200x1200_005.png",
    "mse": 0.00013949880667496473,
    "psnr": 38.515525817871094,
    "ms-ssim": 0.9894887804985046,
    "bpp": 0.6622888888888889,
    "encoding_time": 0.38176608085632324,
    "decoding_time": 0.29344677925109863
}