{
    "image_name": "RGB_OR_1200x1200_096.png",
    "mse": 0.00020517033408395946,
    "psnr": 36.8531379699707,
    "ms-ssim": 0.9780547022819519,
    "bpp": 0.4144,
    "encoding_time": 0.5986099243164062,
    "decoding_time": 0.41133999824523926
}