{
    "image_name": "RGB_OR_1200x1200_016.png",
    "mse": 0.0002271226403536275,
    "psnr": 36.413543701171875,
    "ms-ssim": 0.9930381178855896,
    "bpp": 1.4510888888888889,
    "encoding_time": 0.2513704299926758,
    "decoding_time": 0.4602530002593994
}