{
    "image_name": "RGB_OR_1200x1200_029.png",
    "mse": 0.00012098634033463895,
    "psnr": 39.128326416015625,
    "ms-ssim": 0.9910030364990234,
    "bpp": 0.5408888888888889,
    "encoding_time": 0.25606679916381836,
    "decoding_time": 0.2967205047607422
}