{
    "image_name": "RGB_OR_1200x1200_078.png",
    "mse": 9.361011325381696e-05,
    "psnr": 40.22993850708008,
    "ms-ssim": 0.991762638092041,
    "bpp": 0.3961777777777778,
    "encoding_time": 0.2938506603240967,
    "decoding_time": 0.5813655853271484
}