{
    "image_name": "RGB_OR_1200x1200_097.png",
    "mse": 0.00011616169649641961,
    "psnr": 39.303348541259766,
    "ms-ssim": 0.9944021701812744,
    "bpp": 0.5567555555555556,
    "encoding_time": 0.2527503967285156,
    "decoding_time": 0.5642180442810059
}