{
    "image_name": "RGB_OR_1200x1200_033.png",
    "mse": 0.00015151976549532264,
    "psnr": 38.159671783447266,
    "ms-ssim": 0.9913049936294556,
    "bpp": 0.8206,
    "encoding_time": 0.35937023162841797,
    "decoding_time": 0.42485737800598145
}