{
    "image_name": "RGB_OR_1200x1200_039.png",
    "mse": 0.0001482560473959893,
    "psnr": 38.25319290161133,
    "ms-ssim": 0.9905621409416199,
    "bpp": 0.7581777777777777,
    "encoding_time": 0.41718411445617676,
    "decoding_time": 0.4620671272277832
}