{
    "image_name": "RGB_OR_1200x1200_032.png",
    "mse": 0.0002482440904714167,
    "psnr": 36.029090881347656,
    "ms-ssim": 0.9909963011741638,
    "bpp": 1.1370222222222222,
    "encoding_time": 0.4060652256011963,
    "decoding_time": 0.612149715423584
}