{
    "image_name": "RGB_OR_1200x1200_054.png",
    "mse": 0.00013104177196510136,
    "psnr": 38.790645599365234,
    "ms-ssim": 0.9932193756103516,
    "bpp": 0.6509111111111111,
    "encoding_time": 0.41048622131347656,
    "decoding_time": 0.6492171287536621
}