{
    "image_name": "RGB_OR_1200x1200_060.png",
    "mse": 0.00013029415276832879,
    "psnr": 38.811851501464844,
    "ms-ssim": 0.9915367364883423,
    "bpp": 0.5132222222222222,
    "encoding_time": 0.42297863960266113,
    "decoding_time": 0.4033973217010498
}