{
    "image_name": "RGB_OR_1200x1200_034.png",
    "mse": 8.340314525412396e-05,
    "psnr": 40.723602294921875,
    "ms-ssim": 0.9932904243469238,
    "bpp": 0.4276,
    "encoding_time": 0.27097630500793457,
    "decoding_time": 0.5328600406646729
}