{
    "image_name": "RGB_OR_1200x1200_065.png",
    "mse": 0.000199052898096852,
    "psnr": 36.9822998046875,
    "ms-ssim": 0.9850260615348816,
    "bpp": 0.9224888888888889,
    "encoding_time": 0.37178802490234375,
    "decoding_time": 0.4810366630554199
}