{
    "image_name": "RGB_OR_1200x1200_055.png",
    "mse": 0.00011283372441539541,
    "psnr": 39.42805480957031,
    "ms-ssim": 0.9948257803916931,
    "bpp": 0.6294,
    "encoding_time": 0.2967369556427002,
    "decoding_time": 0.42395973205566406
}