{
    "image_name": "RGB_OR_1200x1200_011.png",
    "mse": 0.00015125911158975214,
    "psnr": 38.16941833496094,
    "ms-ssim": 0.9929646849632263,
    "bpp": 0.9923555555555555,
    "encoding_time": 0.39432430267333984,
    "decoding_time": 0.4288198947906494
}