{
    "image_name": "RGB_OR_1200x1200_091.png",
    "mse": 9.671741281636059e-05,
    "psnr": 40.115657806396484,
    "ms-ssim": 0.9960660934448242,
    "bpp": 0.5097777777777778,
    "encoding_time": 0.43790364265441895,
    "decoding_time": 0.4690120220184326
}