{
    "image_name": "RGB_OR_1200x1200_004.png",
    "mse": 9.171085548587143e-05,
    "psnr": 40.317901611328125,
    "ms-ssim": 0.9842777252197266,
    "bpp": 0.2536,
    "encoding_time": 0.2971658706665039,
    "decoding_time": 0.44901227951049805
}