{
    "image_name": "RGB_OR_1200x1200_006.png",
    "mse": 0.00020042604592163116,
    "psnr": 36.95448303222656,
    "ms-ssim": 0.9811846613883972,
    "bpp": 0.6001777777777778,
    "encoding_time": 0.3022727966308594,
    "decoding_time": 0.7235732078552246
}