{
    "image_name": "RGB_OR_1200x1200_008.png",
    "mse": 0.00018893387459684163,
    "psnr": 37.208309173583984,
    "ms-ssim": 0.9917752146720886,
    "bpp": 0.8672,
    "encoding_time": 0.33675289154052734,
    "decoding_time": 0.4349844455718994
}