{
    "image_name": "RGB_OR_1200x1200_002.png",
    "mse": 5.881757533643395e-05,
    "psnr": 42.21311950683594,
    "ms-ssim": 0.9897735118865967,
    "bpp": 0.2026,
    "encoding_time": 0.3323085308074951,
    "decoding_time": 0.39601778984069824
}