{
    "image_name": "RGB_OR_1200x1200_062.png",
    "mse": 0.000302909902529791,
    "psnr": 35.169044494628906,
    "ms-ssim": 0.9929579496383667,
    "bpp": 1.6242666666666667,
    "encoding_time": 0.25882411003112793,
    "decoding_time": 0.4801912307739258
}