{
    "image_name": "RGB_OR_1200x1200_009.png",
    "mse": 6.957389996387064e-05,
    "psnr": 41.500572204589844,
    "ms-ssim": 0.9938064813613892,
    "bpp": 0.30937777777777775,
    "encoding_time": 0.27011919021606445,
    "decoding_time": 0.7276711463928223
}