{
    "image_name": "RGB_OR_1200x1200_007.png",
    "mse": 0.0001263306476175785,
    "psnr": 38.942813873291016,
    "ms-ssim": 0.9934636354446411,
    "bpp": 0.7083555555555555,
    "encoding_time": 0.3700830936431885,
    "decoding_time": 0.34258103370666504
}