{
    "image_name": "RGB_OR_1200x1200_093.png",
    "mse": 9.668542043073103e-05,
    "psnr": 40.101524353027344,
    "ms-ssim": 0.9930970072746277,
    "bpp": 0.43766666666666665,
    "encoding_time": 0.24437618255615234,
    "decoding_time": 0.5499348640441895
}