{
    "image_name": "RGB_OR_1200x1200_031.png",
    "mse": 0.00016669140313751996,
    "psnr": 37.751258850097656,
    "ms-ssim": 0.9946144819259644,
    "bpp": 0.8301555555555555,
    "encoding_time": 0.2572286128997803,
    "decoding_time": 0.49117279052734375
}