{
    "image_name": "RGB_OR_1200x1200_073.png",
    "mse": 9.04598055058159e-05,
    "psnr": 40.383628845214844,
    "ms-ssim": 0.9874290227890015,
    "bpp": 0.2477111111111111,
    "encoding_time": 0.27078819274902344,
    "decoding_time": 0.450268030166626
}