{
    "image_name": "RGB_OR_1200x1200_075.png",
    "mse": 0.000131105916807428,
    "psnr": 38.78449630737305,
    "ms-ssim": 0.9835109114646912,
    "bpp": 0.47302222222222223,
    "encoding_time": 0.3459758758544922,
    "decoding_time": 0.6450824737548828
}