{
    "mean_loss": 0.5231314480172943,
    "mean_bpp": 0.5230882432725695,
    "mean_psnr": 33.92231488227844,
    "mean_msssim": 0.9785321826736132,
    "mean_msssim_dB": 16.682121088610472,
    "mean_enc_time": 0.16223669052124023,
    "mean_dec_time": 0.1490295926729838
}