{
    "image_name": "15.png",
    "mse": 0.00034027674701064825,
    "psnr": 34.66576385498047,
    "ms-ssim": 0.976998507976532,
    "bpp": 0.3427734375,
    "encoding_time": 0.14184880256652832,
    "decoding_time": 0.1818077564239502
}