{
    "image_name": "16.png",
    "mse": 0.0003577465540729463,
    "psnr": 34.44943618774414,
    "ms-ssim": 0.9756073951721191,
    "bpp": 0.37451171875,
    "encoding_time": 0.22549104690551758,
    "decoding_time": 0.21207475662231445
}