{
    "image_name": "14.png",
    "mse": 0.0005779233179055154,
    "psnr": 32.371376037597656,
    "ms-ssim": 0.9779821634292603,
    "bpp": 0.6796875,
    "encoding_time": 0.09943127632141113,
    "decoding_time": 0.12153148651123047
}