{
    "image_name": "9.png",
    "mse": 0.00025446832296438515,
    "psnr": 35.92216873168945,
    "ms-ssim": 0.9840781688690186,
    "bpp": 0.286865234375,
    "encoding_time": 0.19122838973999023,
    "decoding_time": 0.11121773719787598
}