{
    "image_name": "20.png",
    "mse": 0.0002896932128351182,
    "psnr": 35.367393493652344,
    "ms-ssim": 0.9841710329055786,
    "bpp": 0.3318684895833333,
    "encoding_time": 0.12639689445495605,
    "decoding_time": 0.1147773265838623
}