{
    "image_name": "17.png",
    "mse": 0.00031930161640048027,
    "psnr": 34.940399169921875,
    "ms-ssim": 0.9805964827537537,
    "bpp": 0.3461100260416667,
    "encoding_time": 0.16713738441467285,
    "decoding_time": 0.2102518081665039
}