{
    "image_name": "12.png",
    "mse": 0.0002959800767712295,
    "psnr": 35.26893615722656,
    "ms-ssim": 0.9709064960479736,
    "bpp": 0.279296875,
    "encoding_time": 0.13313674926757812,
    "decoding_time": 0.13084888458251953
}