{
    "image_name": "11.png",
    "mse": 0.00046458240831270814,
    "psnr": 33.31761169433594,
    "ms-ssim": 0.9738935232162476,
    "bpp": 0.5221354166666666,
    "encoding_time": 0.08277058601379395,
    "decoding_time": 0.10608959197998047
}