{
    "image_name": "21.png",
    "mse": 0.000436439790064469,
    "psnr": 33.587459564208984,
    "ms-ssim": 0.9816641807556152,
    "bpp": 0.5640462239583334,
    "encoding_time": 0.11472702026367188,
    "decoding_time": 0.28229475021362305
}