{
    "image_name": "19.png",
    "mse": 0.0004262920410837978,
    "psnr": 33.689697265625,
    "ms-ssim": 0.9761196970939636,
    "bpp": 0.4532877604166667,
    "encoding_time": 0.1491408348083496,
    "decoding_time": 0.09135556221008301
}