{
    "image_name": "24.png",
    "mse": 0.0005252326373010874,
    "psnr": 32.78615951538086,
    "ms-ssim": 0.9821080565452576,
    "bpp": 0.7210286458333334,
    "encoding_time": 0.10392546653747559,
    "decoding_time": 0.1022348403930664
}