{
    "image_name": "8.png",
    "mse": 0.0006643715314567089,
    "psnr": 31.7678165435791,
    "ms-ssim": 0.9859508872032166,
    "bpp": 0.9532063802083334,
    "encoding_time": 0.1471107006072998,
    "decoding_time": 0.11113953590393066
}