{
    "image_name": "2.png",
    "mse": 0.00041133890044875443,
    "psnr": 33.84454345703125,
    "ms-ssim": 0.9582897424697876,
    "bpp": 0.3275553385416667,
    "encoding_time": 0.13692951202392578,
    "decoding_time": 0.1156470775604248
}