{
    "image_name": "6.png",
    "mse": 0.0004835465515498072,
    "psnr": 33.144554138183594,
    "ms-ssim": 0.9771368503570557,
    "bpp": 0.6263020833333334,
    "encoding_time": 0.1410682201385498,
    "decoding_time": 0.258073091506958
}