{
    "image_name": "7.png",
    "mse": 0.0002624298504088074,
    "psnr": 35.787750244140625,
    "ms-ssim": 0.9884994029998779,
    "bpp": 0.3641764322916667,
    "encoding_time": 0.09332060813903809,
    "decoding_time": 0.10970544815063477
}