{
    "image_name": "18.png",
    "mse": 0.0005829295841977,
    "psnr": 32.334449768066406,
    "ms-ssim": 0.9758896827697754,
    "bpp": 0.7128092447916666,
    "encoding_time": 0.10120320320129395,
    "decoding_time": 0.24433040618896484
}