{
    "image_name": "10.png",
    "mse": 0.0002726185484789312,
    "psnr": 35.62364196777344,
    "ms-ssim": 0.9804192781448364,
    "bpp": 0.305908203125,
    "encoding_time": 0.08036327362060547,
    "decoding_time": 0.10759997367858887
}