{
    "image_name": "3.png",
    "mse": 0.00022178275685291737,
    "psnr": 36.51655960083008,
    "ms-ssim": 0.98152756690979,
    "bpp": 0.2652994791666667,
    "encoding_time": 0.1569230556488037,
    "decoding_time": 0.16563034057617188
}