{
    "image_name": "22.png",
    "mse": 0.000501229427754879,
    "psnr": 32.98858642578125,
    "ms-ssim": 0.9687461853027344,
    "bpp": 0.5091145833333334,
    "encoding_time": 0.09049367904663086,
    "decoding_time": 0.12991118431091309
}