{
    "image_name": "5.png",
    "mse": 0.0005871022585779428,
    "psnr": 32.303558349609375,
    "ms-ssim": 0.9864039421081543,
    "bpp": 0.884033203125,
    "encoding_time": 0.16483545303344727,
    "decoding_time": 0.17064499855041504
}