{
    "mean_loss": 0.5303512117572788,
    "mean_bpp": 0.5303282222222222,
    "mean_psnr": 36.8130712890625,
    "mean_msssim": 0.986312854886055,
    "mean_msssim_dB": 18.63687128239806,
    "mean_enc_time": 0.3862231492996216,
    "mean_dec_time": 0.4669808030128479
}