{
    "image_name": "RGB_OR_1200x1200_014.png",
    "mse": 0.0001369147648802027,
    "psnr": 38.59395217895508,
    "ms-ssim": 0.9919407367706299,
    "bpp": 0.3662222222222222,
    "encoding_time": 0.3048219680786133,
    "decoding_time": 0.5373058319091797
}