{
    "image_name": "RGB_OR_1200x1200_049.png",
    "mse": 0.00016693744692020118,
    "psnr": 37.74385070800781,
    "ms-ssim": 0.9918786883354187,
    "bpp": 0.4832222222222222,
    "encoding_time": 0.34749317169189453,
    "decoding_time": 0.34961771965026855
}