{
    "image_name": "RGB_OR_1200x1200_058.png",
    "mse": 0.00025916716549545527,
    "psnr": 35.844078063964844,
    "ms-ssim": 0.9899572134017944,
    "bpp": 0.4679333333333333,
    "encoding_time": 0.41310667991638184,
    "decoding_time": 0.38882923126220703
}