{
    "image_name": "RGB_OR_1200x1200_091.png",
    "mse": 0.00015099489246495068,
    "psnr": 38.188682556152344,
    "ms-ssim": 0.9940223097801208,
    "bpp": 0.4126888888888889,
    "encoding_time": 0.5996935367584229,
    "decoding_time": 0.3596670627593994
}