{
    "image_name": "RGB_OR_1200x1200_013.png",
    "mse": 0.00017531609046272933,
    "psnr": 37.52991485595703,
    "ms-ssim": 0.9903387427330017,
    "bpp": 0.4358222222222222,
    "encoding_time": 0.6726229190826416,
    "decoding_time": 0.4654507637023926
}