{
    "image_name": "RGB_OR_1200x1200_030.png",
    "mse": 0.00035438325721770525,
    "psnr": 34.49005889892578,
    "ms-ssim": 0.9870935678482056,
    "bpp": 0.7769333333333334,
    "encoding_time": 0.3636469841003418,
    "decoding_time": 0.5621688365936279
}