{
    "image_name": "RGB_OR_1200x1200_008.png",
    "mse": 0.0002912523632403463,
    "psnr": 35.33861541748047,
    "ms-ssim": 0.9865788221359253,
    "bpp": 0.6205111111111111,
    "encoding_time": 0.31741905212402344,
    "decoding_time": 0.9439067840576172
}