{
    "image_name": "RGB_OR_1200x1200_011.png",
    "mse": 0.00025088139227591455,
    "psnr": 35.984230041503906,
    "ms-ssim": 0.9897346496582031,
    "bpp": 0.7744222222222222,
    "encoding_time": 0.4636800289154053,
    "decoding_time": 0.5831985473632812
}