{
    "image_name": "RGB_OR_1200x1200_026.png",
    "mse": 0.0003422197187319398,
    "psnr": 34.6413688659668,
    "ms-ssim": 0.9908077120780945,
    "bpp": 1.0541555555555555,
    "encoding_time": 0.5716965198516846,
    "decoding_time": 0.5199472904205322
}