{
    "image_name": "RGB_OR_1200x1200_099.png",
    "mse": 0.0002457179652992636,
    "psnr": 36.073631286621094,
    "ms-ssim": 0.9785213470458984,
    "bpp": 0.4594666666666667,
    "encoding_time": 0.3745262622833252,
    "decoding_time": 0.4159660339355469
}