{
    "image_name": "RGB_OR_1200x1200_059.png",
    "mse": 0.0004823567869607359,
    "psnr": 33.15593719482422,
    "ms-ssim": 0.9879506826400757,
    "bpp": 1.2961333333333334,
    "encoding_time": 0.3869168758392334,
    "decoding_time": 0.6787374019622803
}