{
    "image_name": "RGB_OR_1200x1200_033.png",
    "mse": 0.0002434735797578469,
    "psnr": 36.11309814453125,
    "ms-ssim": 0.9864670038223267,
    "bpp": 0.6098222222222223,
    "encoding_time": 0.2943093776702881,
    "decoding_time": 0.3635082244873047
}