{
    "image_name": "RGB_OR_1200x1200_076.png",
    "mse": 0.00013135648623574525,
    "psnr": 38.77388000488281,
    "ms-ssim": 0.9860748052597046,
    "bpp": 0.28504444444444443,
    "encoding_time": 0.4144573211669922,
    "decoding_time": 0.37761974334716797
}