{
    "image_name": "RGB_OR_1200x1200_012.png",
    "mse": 0.00017134797235485166,
    "psnr": 37.62902069091797,
    "ms-ssim": 0.9889143705368042,
    "bpp": 0.43015555555555557,
    "encoding_time": 0.3517439365386963,
    "decoding_time": 0.4012458324432373
}