{
    "image_name": "RGB_OR_1200x1200_073.png",
    "mse": 0.00010816926078405231,
    "psnr": 39.61609649658203,
    "ms-ssim": 0.9857995510101318,
    "bpp": 0.21386666666666668,
    "encoding_time": 0.5944705009460449,
    "decoding_time": 0.4913792610168457
}