{
    "image_name": "RGB_OR_1200x1200_085.png",
    "mse": 0.0002587648341432214,
    "psnr": 35.849754333496094,
    "ms-ssim": 0.9782379865646362,
    "bpp": 0.43955555555555553,
    "encoding_time": 0.28308796882629395,
    "decoding_time": 0.3417026996612549
}