{
    "image_name": "RGB_OR_1200x1200_022.png",
    "mse": 0.0001982665853574872,
    "psnr": 37.00001525878906,
    "ms-ssim": 0.9826521873474121,
    "bpp": 0.4093777777777778,
    "encoding_time": 0.3259239196777344,
    "decoding_time": 0.38476061820983887
}