{
    "image_name": "RGB_OR_1200x1200_020.png",
    "mse": 0.000347170076565817,
    "psnr": 34.57910919189453,
    "ms-ssim": 0.9820379614830017,
    "bpp": 0.6856222222222222,
    "encoding_time": 0.36092233657836914,
    "decoding_time": 0.39008378982543945
}