{
    "image_name": "RGB_OR_1200x1200_047.png",
    "mse": 0.0003388574405107647,
    "psnr": 34.68360900878906,
    "ms-ssim": 0.9885275363922119,
    "bpp": 0.6148888888888889,
    "encoding_time": 0.23385405540466309,
    "decoding_time": 0.599461555480957
}