{
    "image_name": "RGB_OR_1200x1200_035.png",
    "mse": 0.00023454977781511843,
    "psnr": 36.27448272705078,
    "ms-ssim": 0.9889217615127563,
    "bpp": 0.6067111111111111,
    "encoding_time": 0.42681264877319336,
    "decoding_time": 0.481982946395874
}