{
    "image_name": "RGB_OR_1200x1200_009.png",
    "mse": 9.622799552744254e-05,
    "psnr": 40.1131591796875,
    "ms-ssim": 0.9918456077575684,
    "bpp": 0.2617777777777778,
    "encoding_time": 0.25939154624938965,
    "decoding_time": 0.6657450199127197
}