{
    "image_name": "RGB_OR_1200x1200_024.png",
    "mse": 0.00033533209352754056,
    "psnr": 34.72882080078125,
    "ms-ssim": 0.9898521304130554,
    "bpp": 1.0412444444444444,
    "encoding_time": 0.2717626094818115,
    "decoding_time": 0.3821549415588379
}