{
    "image_name": "RGB_OR_1200x1200_088.png",
    "mse": 0.00020386005053296685,
    "psnr": 36.8815803527832,
    "ms-ssim": 0.9882697463035583,
    "bpp": 0.5086222222222222,
    "encoding_time": 0.2929089069366455,
    "decoding_time": 0.4912292957305908
}