{
    "image_name": "RGB_OR_1200x1200_045.png",
    "mse": 0.00017592799849808216,
    "psnr": 37.51782989501953,
    "ms-ssim": 0.9878237247467041,
    "bpp": 0.3665111111111111,
    "encoding_time": 0.2795751094818115,
    "decoding_time": 0.45856165885925293
}