{
    "image_name": "RGB_OR_1200x1200_056.png",
    "mse": 0.00011234104022150859,
    "psnr": 39.4466438293457,
    "ms-ssim": 0.9852067232131958,
    "bpp": 0.22355555555555556,
    "encoding_time": 0.38404250144958496,
    "decoding_time": 0.7411093711853027
}