{
    "image_name": "RGB_OR_1200x1200_038.png",
    "mse": 0.00012950341624673456,
    "psnr": 38.836883544921875,
    "ms-ssim": 0.9886948466300964,
    "bpp": 0.29175555555555555,
    "encoding_time": 0.3010580539703369,
    "decoding_time": 0.506866455078125
}