{
    "image_name": "RGB_OR_1200x1200_069.png",
    "mse": 0.00019970715220551938,
    "psnr": 36.969390869140625,
    "ms-ssim": 0.9897640943527222,
    "bpp": 0.5570222222222222,
    "encoding_time": 0.24909639358520508,
    "decoding_time": 0.3482024669647217
}