{
    "image_name": "RGB_OR_1200x1200_089.png",
    "mse": 0.00028638396179303527,
    "psnr": 35.41149139404297,
    "ms-ssim": 0.9803358316421509,
    "bpp": 0.6297333333333334,
    "encoding_time": 0.3172929286956787,
    "decoding_time": 0.334517240524292
}