{
    "image_name": "RGB_OR_1200x1200_087.png",
    "mse": 0.0004717042902484536,
    "psnr": 33.251708984375,
    "ms-ssim": 0.989518404006958,
    "bpp": 1.2784444444444445,
    "encoding_time": 0.2865567207336426,
    "decoding_time": 0.28984522819519043
}