{
    "image_name": "RGB_OR_1200x1200_034.png",
    "mse": 0.00013072110596112907,
    "psnr": 38.795326232910156,
    "ms-ssim": 0.9902883768081665,
    "bpp": 0.3198666666666667,
    "encoding_time": 0.37144041061401367,
    "decoding_time": 0.43486928939819336
}