{
    "image_name": "RGB_OR_1200x1200_031.png",
    "mse": 0.0002617074642330408,
    "psnr": 35.801551818847656,
    "ms-ssim": 0.9909418821334839,
    "bpp": 0.6161777777777778,
    "encoding_time": 0.40837597846984863,
    "decoding_time": 0.34591150283813477
}