{
    "image_name": "RGB_OR_1200x1200_065.png",
    "mse": 0.0002908030292019248,
    "psnr": 35.34526824951172,
    "ms-ssim": 0.9820657968521118,
    "bpp": 0.716,
    "encoding_time": 0.2852034568786621,
    "decoding_time": 0.5027647018432617
}