{
    "image_name": "RGB_OR_1200x1200_043.png",
    "mse": 0.000379010132746771,
    "psnr": 34.198734283447266,
    "ms-ssim": 0.9848939180374146,
    "bpp": 0.9695333333333334,
    "encoding_time": 0.29043126106262207,
    "decoding_time": 0.4896848201751709
}