{
    "image_name": "RGB_OR_1200x1200_010.png",
    "mse": 0.00022202964464668185,
    "psnr": 36.511863708496094,
    "ms-ssim": 0.9846314191818237,
    "bpp": 0.4544,
    "encoding_time": 0.443897008895874,
    "decoding_time": 0.34226083755493164
}