{
    "image_name": "RGB_OR_1200x1200_080.png",
    "mse": 0.00015735662600491196,
    "psnr": 37.998085021972656,
    "ms-ssim": 0.9845618605613708,
    "bpp": 0.2551333333333333,
    "encoding_time": 0.2543959617614746,
    "decoding_time": 0.3942413330078125
}