{
    "image_name": "RGB_OR_1200x1200_039.png",
    "mse": 0.00022789204376749694,
    "psnr": 36.39905548095703,
    "ms-ssim": 0.9857394695281982,
    "bpp": 0.5713333333333334,
    "encoding_time": 0.41725659370422363,
    "decoding_time": 0.3891448974609375
}