{
    "image_name": "RGB_OR_1200x1200_052.png",
    "mse": 0.00019672783673740923,
    "psnr": 37.033409118652344,
    "ms-ssim": 0.991361141204834,
    "bpp": 0.5533111111111111,
    "encoding_time": 0.35858774185180664,
    "decoding_time": 0.42734861373901367
}