{
    "image_name": "RGB_OR_1200x1200_068.png",
    "mse": 0.00013447168748825788,
    "psnr": 38.69300842285156,
    "ms-ssim": 0.9932252764701843,
    "bpp": 0.3138666666666667,
    "encoding_time": 0.3191092014312744,
    "decoding_time": 0.4705996513366699
}