{
    "image_name": "RGB_OR_1200x1200_006.png",
    "mse": 0.00030649235122837126,
    "psnr": 35.118858337402344,
    "ms-ssim": 0.9656550884246826,
    "bpp": 0.2888,
    "encoding_time": 0.2837793827056885,
    "decoding_time": 0.4850904941558838
}