{
    "image_name": "RGB_OR_1200x1200_100.png",
    "mse": 7.47505619074218e-05,
    "psnr": 41.221370697021484,
    "ms-ssim": 0.9889938235282898,
    "bpp": 0.1681777777777778,
    "encoding_time": 0.4622654914855957,
    "decoding_time": 0.39604949951171875
}