{
    "image_name": "RGB_OR_1200x1200_057.png",
    "mse": 0.00015527961659245193,
    "psnr": 38.05567169189453,
    "ms-ssim": 0.9798311591148376,
    "bpp": 0.25693333333333335,
    "encoding_time": 0.42490601539611816,
    "decoding_time": 0.429455041885376
}