{
    "image_name": "RGB_OR_1200x1200_063.png",
    "mse": 0.0001423893409082666,
    "psnr": 38.42987823486328,
    "ms-ssim": 0.9879178404808044,
    "bpp": 0.28484444444444446,
    "encoding_time": 0.41899800300598145,
    "decoding_time": 0.6196820735931396
}