{
    "image_name": "RGB_OR_1200x1200_015.png",
    "mse": 6.368663889588788e-05,
    "psnr": 41.876285552978516,
    "ms-ssim": 0.9917899966239929,
    "bpp": 0.16113333333333332,
    "encoding_time": 0.35736083984375,
    "decoding_time": 0.541856050491333
}