{
    "image_name": "RGB_OR_1200x1200_029.png",
    "mse": 0.00017649018263909966,
    "psnr": 37.502708435058594,
    "ms-ssim": 0.9868952035903931,
    "bpp": 0.4224222222222222,
    "encoding_time": 0.2560770511627197,
    "decoding_time": 0.3318626880645752
}