{
    "image_name": "RGB_OR_1200x1200_050.png",
    "mse": 0.000238997075939551,
    "psnr": 36.19378662109375,
    "ms-ssim": 0.9823645949363708,
    "bpp": 0.458,
    "encoding_time": 0.7634890079498291,
    "decoding_time": 0.3742060661315918
}