{
    "image_name": "RGB_OR_1200x1200_093.png",
    "mse": 0.00014492547779809684,
    "psnr": 38.35866928100586,
    "ms-ssim": 0.9898227453231812,
    "bpp": 0.318,
    "encoding_time": 0.25530099868774414,
    "decoding_time": 0.3048708438873291
}