{
    "image_name": "RGB_OR_1200x1200_094.png",
    "mse": 0.00022819233709014952,
    "psnr": 36.39434051513672,
    "ms-ssim": 0.9915229678153992,
    "bpp": 0.7039111111111112,
    "encoding_time": 0.25330424308776855,
    "decoding_time": 0.3842484951019287
}