{
    "image_name": "RGB_OR_1200x1200_060.png",
    "mse": 0.000180243601789698,
    "psnr": 37.413291931152344,
    "ms-ssim": 0.9885360598564148,
    "bpp": 0.40446666666666664,
    "encoding_time": 0.3137216567993164,
    "decoding_time": 0.3395514488220215
}