{
    "image_name": "RGB_OR_1200x1200_036.png",
    "mse": 7.818449375918135e-05,
    "psnr": 41.002197265625,
    "ms-ssim": 0.9846827387809753,
    "bpp": 0.12815555555555555,
    "encoding_time": 0.4233715534210205,
    "decoding_time": 0.4751605987548828
}