{
    "image_name": "RGB_OR_1200x1200_090.png",
    "mse": 0.00042632833356037736,
    "psnr": 33.689998626708984,
    "ms-ssim": 0.9880956411361694,
    "bpp": 0.9901777777777778,
    "encoding_time": 0.4058992862701416,
    "decoding_time": 0.6810791492462158
}