{
    "image_name": "RGB_OR_1200x1200_028.png",
    "mse": 9.720272646518424e-05,
    "psnr": 40.068450927734375,
    "ms-ssim": 0.9887000322341919,
    "bpp": 0.21964444444444445,
    "encoding_time": 0.3002026081085205,
    "decoding_time": 0.45456647872924805
}