{
    "image_name": "RGB_OR_1200x1200_095.png",
    "mse": 0.0004789979138877243,
    "psnr": 33.18519592285156,
    "ms-ssim": 0.9857907295227051,
    "bpp": 1.2454444444444444,
    "encoding_time": 0.4282081127166748,
    "decoding_time": 0.6994614601135254
}