{
    "image_name": "RGB_OR_1200x1200_041.png",
    "mse": 0.00022939153132028878,
    "psnr": 36.3719482421875,
    "ms-ssim": 0.9874142408370972,
    "bpp": 0.5213333333333333,
    "encoding_time": 0.3771047592163086,
    "decoding_time": 0.42594194412231445
}