{
    "image_name": "RGB_OR_1200x1200_042.png",
    "mse": 0.0001933914900291711,
    "psnr": 37.108985900878906,
    "ms-ssim": 0.9849123954772949,
    "bpp": 0.4265333333333333,
    "encoding_time": 0.42231130599975586,
    "decoding_time": 0.4825613498687744
}