{
    "image_name": "RGB_OR_1200x1200_044.png",
    "mse": 0.00021109962835907936,
    "psnr": 36.73120880126953,
    "ms-ssim": 0.981415867805481,
    "bpp": 0.4018,
    "encoding_time": 0.4551410675048828,
    "decoding_time": 0.6535787582397461
}