{
    "image_name": "RGB_OR_1200x1200_004.png",
    "mse": 0.00011411013110773638,
    "psnr": 39.379295349121094,
    "ms-ssim": 0.9819310903549194,
    "bpp": 0.2051111111111111,
    "encoding_time": 0.4660005569458008,
    "decoding_time": 0.34386157989501953
}