{
    "image_name": "RGB_OR_1200x1200_021.png",
    "mse": 0.00015409737534355372,
    "psnr": 38.08723831176758,
    "ms-ssim": 0.9921983480453491,
    "bpp": 0.4396888888888889,
    "encoding_time": 0.4985535144805908,
    "decoding_time": 0.5381801128387451
}