{
    "image_name": "RGB_OR_1200x1200_062.png",
    "mse": 0.0005047109443694353,
    "psnr": 32.958770751953125,
    "ms-ssim": 0.9876884818077087,
    "bpp": 1.2199555555555555,
    "encoding_time": 0.3216817378997803,
    "decoding_time": 0.3695108890533447
}