{
    "image_name": "RGB_OR_1200x1200_077.png",
    "mse": 0.00034949579276144505,
    "psnr": 34.550193786621094,
    "ms-ssim": 0.9520639777183533,
    "bpp": 0.3300222222222222,
    "encoding_time": 0.3219308853149414,
    "decoding_time": 0.3012850284576416
}