{
    "image_name": "RGB_OR_1200x1200_046.png",
    "mse": 0.0003412778314668685,
    "psnr": 34.65324401855469,
    "ms-ssim": 0.9846658706665039,
    "bpp": 0.7257555555555556,
    "encoding_time": 0.4300990104675293,
    "decoding_time": 0.324786901473999
}