{
    "image_name": "RGB_OR_1200x1200_048.png",
    "mse": 0.00035020624636672437,
    "psnr": 34.54125213623047,
    "ms-ssim": 0.9859998226165771,
    "bpp": 0.8605555555555555,
    "encoding_time": 0.4937105178833008,
    "decoding_time": 0.8522858619689941
}