{
    "image_name": "RGB_OR_1200x1200_040.png",
    "mse": 0.0002332404110347852,
    "psnr": 36.29994201660156,
    "ms-ssim": 0.9858487844467163,
    "bpp": 0.5243777777777778,
    "encoding_time": 0.3359987735748291,
    "decoding_time": 0.40660929679870605
}