{
    "image_name": "RGB_OR_1200x1200_071.png",
    "mse": 0.00016862420307006687,
    "psnr": 37.69862365722656,
    "ms-ssim": 0.9837028384208679,
    "bpp": 0.30391111111111113,
    "encoding_time": 0.6996572017669678,
    "decoding_time": 0.412639856338501
}