{
    "image_name": "RGB_OR_1200x1200_084.png",
    "mse": 8.853289182297885e-05,
    "psnr": 40.46819305419922,
    "ms-ssim": 0.9798957109451294,
    "bpp": 0.13637777777777776,
    "encoding_time": 0.4229240417480469,
    "decoding_time": 0.3873567581176758
}