{
    "image_name": "RGB_OR_1200x1200_053.png",
    "mse": 8.594951214035973e-05,
    "psnr": 40.59395217895508,
    "ms-ssim": 0.993828296661377,
    "bpp": 0.26686666666666664,
    "encoding_time": 0.42393946647644043,
    "decoding_time": 0.4798610210418701
}