{
    "image_name": "RGB_OR_1200x1200_018.png",
    "mse": 0.00037391745718196034,
    "psnr": 34.25782775878906,
    "ms-ssim": 0.9881724715232849,
    "bpp": 1.0669111111111111,
    "encoding_time": 0.24886393547058105,
    "decoding_time": 0.5319910049438477
}