{
    "image_name": "RGB_OR_1200x1200_092.png",
    "mse": 0.00014227029168978333,
    "psnr": 38.43035888671875,
    "ms-ssim": 0.9733492732048035,
    "bpp": 0.17437777777777777,
    "encoding_time": 0.378831148147583,
    "decoding_time": 0.41974449157714844
}