{
    "image_name": "RGB_OR_1200x1200_096.png",
    "mse": 0.0002621021994855255,
    "psnr": 35.7957763671875,
    "ms-ssim": 0.9682716727256775,
    "bpp": 0.2670666666666667,
    "encoding_time": 0.4093203544616699,
    "decoding_time": 0.7999098300933838
}