{
    "image_name": "RGB_OR_1200x1200_037.png",
    "mse": 0.0001811925758374855,
    "psnr": 37.38871765136719,
    "ms-ssim": 0.9835333228111267,
    "bpp": 0.4128,
    "encoding_time": 0.5922961235046387,
    "decoding_time": 0.7151825428009033
}