{
    "image_name": "RGB_OR_1200x1200_005.png",
    "mse": 0.00020786291861440986,
    "psnr": 36.79632568359375,
    "ms-ssim": 0.9858450889587402,
    "bpp": 0.5048,
    "encoding_time": 0.3617560863494873,
    "decoding_time": 0.46404314041137695
}