{
    "image_name": "RGB_OR_1200x1200_061.png",
    "mse": 0.00039953290252014995,
    "psnr": 33.97102355957031,
    "ms-ssim": 0.9892559051513672,
    "bpp": 0.9122444444444444,
    "encoding_time": 0.24136114120483398,
    "decoding_time": 0.4049646854400635
}