{
    "image_name": "RGB_OR_1200x1200_051.png",
    "mse": 0.00014506305160466582,
    "psnr": 38.347373962402344,
    "ms-ssim": 0.984944224357605,
    "bpp": 0.2965777777777778,
    "encoding_time": 0.41292333602905273,
    "decoding_time": 0.3908352851867676
}