{
    "image_name": "RGB_OR_1200x1200_066.png",
    "mse": 0.00020473507174756378,
    "psnr": 36.86235427856445,
    "ms-ssim": 0.9892589449882507,
    "bpp": 0.40271111111111113,
    "encoding_time": 0.39452052116394043,
    "decoding_time": 0.45089101791381836
}