{
    "image_name": "RGB_OR_1200x1200_001.png",
    "mse": 0.00013376452261582017,
    "psnr": 38.69633102416992,
    "ms-ssim": 0.9928746223449707,
    "bpp": 0.3696888888888889,
    "encoding_time": 0.42243003845214844,
    "decoding_time": 0.29131317138671875
}