{
    "image_name": "RGB_OR_1200x1200_078.png",
    "mse": 0.00012567212979774922,
    "psnr": 38.964752197265625,
    "ms-ssim": 0.9905136823654175,
    "bpp": 0.33264444444444446,
    "encoding_time": 0.49169087409973145,
    "decoding_time": 0.4481823444366455
}