{
    "image_name": "RGB_OR_1200x1200_075.png",
    "mse": 0.00017847768322099,
    "psnr": 37.45564270019531,
    "ms-ssim": 0.9797366857528687,
    "bpp": 0.3661333333333333,
    "encoding_time": 0.2739248275756836,
    "decoding_time": 0.6012513637542725
}