{
    "image_name": "RGB_OR_1200x1200_055.png",
    "mse": 0.00017269919044338167,
    "psnr": 37.59577178955078,
    "ms-ssim": 0.9921969771385193,
    "bpp": 0.5261111111111111,
    "encoding_time": 0.4513843059539795,
    "decoding_time": 0.604661226272583
}