{
    "image_name": "RGB_OR_1200x1200_082.png",
    "mse": 0.0005040319520048797,
    "psnr": 32.96458435058594,
    "ms-ssim": 0.9822201132774353,
    "bpp": 1.018911111111111,
    "encoding_time": 0.22795486450195312,
    "decoding_time": 0.2992281913757324
}