{
    "image_name": "RGB_OR_1200x1200_067.png",
    "mse": 0.0002551814541220665,
    "psnr": 35.91046142578125,
    "ms-ssim": 0.9791930913925171,
    "bpp": 0.4079111111111111,
    "encoding_time": 0.2664794921875,
    "decoding_time": 0.4114501476287842
}