{
    "image_name": "RGB_OR_1200x1200_072.png",
    "mse": 0.00024614259018562734,
    "psnr": 36.06640625,
    "ms-ssim": 0.9909189939498901,
    "bpp": 0.7704,
    "encoding_time": 0.32345008850097656,
    "decoding_time": 0.4488508701324463
}