{
    "image_name": "RGB_OR_1200x1200_003.png",
    "mse": 0.0001926576078403741,
    "psnr": 37.124366760253906,
    "ms-ssim": 0.9885794520378113,
    "bpp": 0.4596,
    "encoding_time": 0.30406904220581055,
    "decoding_time": 0.44165587425231934
}