{
    "image_name": "RGB_OR_1200x1200_019.png",
    "mse": 0.00029791000997647643,
    "psnr": 35.24089431762695,
    "ms-ssim": 0.9852728843688965,
    "bpp": 0.5148444444444444,
    "encoding_time": 0.28134989738464355,
    "decoding_time": 0.36803436279296875
}