{
    "image_name": "RGB_OR_1200x1200_027.png",
    "mse": 0.00022567711130250245,
    "psnr": 36.441707611083984,
    "ms-ssim": 0.9872795343399048,
    "bpp": 0.5661777777777778,
    "encoding_time": 0.5527291297912598,
    "decoding_time": 0.5991697311401367
}