{
    "image_name": "RGB_OR_1200x1200_081.png",
    "mse": 0.0001958389620995149,
    "psnr": 37.05318069458008,
    "ms-ssim": 0.9915499091148376,
    "bpp": 0.5092444444444445,
    "encoding_time": 0.5172257423400879,
    "decoding_time": 0.4373133182525635
}