{
    "image_name": "RGB_OR_1200x1200_064.png",
    "mse": 0.0002497367386240512,
    "psnr": 36.004478454589844,
    "ms-ssim": 0.9907811880111694,
    "bpp": 0.6344222222222222,
    "encoding_time": 0.32915759086608887,
    "decoding_time": 0.3919405937194824
}