{
    "image_name": "RGB_OR_1200x1200_097.png",
    "mse": 0.00016733611118979752,
    "psnr": 37.731727600097656,
    "ms-ssim": 0.9936515688896179,
    "bpp": 0.4634666666666667,
    "encoding_time": 0.39460039138793945,
    "decoding_time": 0.28544020652770996
}