{
    "image_name": "RGB_OR_1200x1200_017.png",
    "mse": 0.00022872209956403822,
    "psnr": 36.38336944580078,
    "ms-ssim": 0.9905955195426941,
    "bpp": 0.5724222222222223,
    "encoding_time": 0.3763155937194824,
    "decoding_time": 0.34241509437561035
}