{
    "image_name": "RGB_OR_1200x1200_070.png",
    "mse": 0.00021579200983978808,
    "psnr": 36.63388442993164,
    "ms-ssim": 0.9761382937431335,
    "bpp": 0.39186666666666664,
    "encoding_time": 0.508105993270874,
    "decoding_time": 0.40332484245300293
}