{
    "image_name": "RGB_OR_1200x1200_083.png",
    "mse": 0.00015008964692242444,
    "psnr": 38.201026916503906,
    "ms-ssim": 0.991155743598938,
    "bpp": 0.35606666666666664,
    "encoding_time": 0.5524680614471436,
    "decoding_time": 0.5077335834503174
}