{
    "image_name": "RGB_OR_1200x1200_002.png",
    "mse": 7.293723319889978e-05,
    "psnr": 41.29703903198242,
    "ms-ssim": 0.9877747893333435,
    "bpp": 0.17257777777777777,
    "encoding_time": 0.48758912086486816,
    "decoding_time": 0.8422138690948486
}