{
    "mean_loss": 0.5408325686247377,
    "mean_bpp": 0.5408098516858642,
    "mean_psnr": 36.922693857332554,
    "mean_msssim": 0.9858842099585184,
    "mean_msssim_dB": 18.5029480996807,
    "mean_enc_time": 0.44309905680214484,
    "mean_dec_time": 0.44654309458848906
}