{
    "image_name": "mullermarc-184.png",
    "mse": 0.00020359980408102274,
    "psnr": 36.888771057128906,
    "ms-ssim": 0.9907249808311462,
    "bpp": 0.5299471126741657,
    "encoding_time": 0.30737876892089844,
    "decoding_time": 0.28527164459228516
}