{
    "image_name": "stefan-kunze-26931.png",
    "mse": 0.0002350301801925525,
    "psnr": 36.265464782714844,
    "ms-ssim": 0.989156186580658,
    "bpp": 0.6258344001463058,
    "encoding_time": 0.38681697845458984,
    "decoding_time": 0.43913984298706055
}