{
    "image_name": "benjamin-sloth-lindgreen-705.png",
    "mse": 0.00026420754147693515,
    "psnr": 35.76045608520508,
    "ms-ssim": 0.9859232902526855,
    "bpp": 0.6544528388278388,
    "encoding_time": 0.4741499423980713,
    "decoding_time": 0.43234777450561523
}