{
    "image_name": "casey-fyfe-999.png",
    "mse": 0.0003119012981187552,
    "psnr": 35.04242706298828,
    "ms-ssim": 0.9627608060836792,
    "bpp": 0.282421875,
    "encoding_time": 0.4764368534088135,
    "decoding_time": 0.632958173751831
}