{
    "image_name": "alberto-montalesi-176097.png",
    "mse": 0.0002088711626129225,
    "psnr": 36.77578353881836,
    "ms-ssim": 0.9696597456932068,
    "bpp": 0.18399211298606016,
    "encoding_time": 0.37642645835876465,
    "decoding_time": 0.47211289405822754
}