{
    "image_name": "alexander-shustov-73.png",
    "mse": 0.000446831138106063,
    "psnr": 33.486793518066406,
    "ms-ssim": 0.9908439517021179,
    "bpp": 1.2901818515797208,
    "encoding_time": 0.6033952236175537,
    "decoding_time": 0.6008353233337402
}