{
    "image_name": "juskteez-vu-1041.png",
    "mse": 0.00040625821566209197,
    "psnr": 33.89850997924805,
    "ms-ssim": 0.9826565980911255,
    "bpp": 1.1854966141383456,
    "encoding_time": 0.41449809074401855,
    "decoding_time": 0.41913914680480957
}