{
    "image_name": "ales-krivec-15949.png",
    "mse": 0.00010532794112805277,
    "psnr": 39.72308349609375,
    "ms-ssim": 0.9915059804916382,
    "bpp": 0.2292192760942761,
    "encoding_time": 0.41567516326904297,
    "decoding_time": 0.38559865951538086
}