{
    "image_name": "martin-wessely-211.png",
    "mse": 0.0005065010627731681,
    "psnr": 32.94346618652344,
    "ms-ssim": 0.9873291850090027,
    "bpp": 1.4384375,
    "encoding_time": 0.14752936363220215,
    "decoding_time": 0.11828255653381348
}