{
    "image_name": "davide-ragusa-716.png",
    "mse": 0.00014770537381991744,
    "psnr": 38.26980209350586,
    "ms-ssim": 0.9859611988067627,
    "bpp": 0.32725333672909024,
    "encoding_time": 0.3760368824005127,
    "decoding_time": 0.456972599029541
}