{
    "image_name": "jared-erondu-21325.png",
    "mse": 0.00015109700325410813,
    "psnr": 38.172183990478516,
    "ms-ssim": 0.9802998900413513,
    "bpp": 0.24927884615384616,
    "encoding_time": 0.4256112575531006,
    "decoding_time": 0.5890111923217773
}