{
    "image_name": "nomao-saeki-33553.png",
    "mse": 0.00011897163494722918,
    "psnr": 39.20119094848633,
    "ms-ssim": 0.9821600914001465,
    "bpp": 0.21520406295754027,
    "encoding_time": 0.5082101821899414,
    "decoding_time": 0.44980502128601074
}