{
    "image_name": "todd-quackenbush-27493.png",
    "mse": 9.213280281983316e-05,
    "psnr": 40.29899215698242,
    "ms-ssim": 0.9926568865776062,
    "bpp": 0.22643393030009681,
    "encoding_time": 0.36963820457458496,
    "decoding_time": 0.4254894256591797
}