{
    "image_name": "paul-itkin-46101.png",
    "mse": 0.00030667154351249337,
    "psnr": 35.11598587036133,
    "ms-ssim": 0.9947826862335205,
    "bpp": 1.1815673289183224,
    "encoding_time": 0.09071660041809082,
    "decoding_time": 0.1396949291229248
}