{
    "image_name": "sergey-zolkin-21232.png",
    "mse": 7.762826862744987e-05,
    "psnr": 41.03515625,
    "ms-ssim": 0.9876627326011658,
    "bpp": 0.17076211095802613,
    "encoding_time": 0.8455338478088379,
    "decoding_time": 0.4297668933868408
}