{
    "image_name": "jason-briscoe-149782.png",
    "mse": 6.74626135150902e-05,
    "psnr": 41.629676818847656,
    "ms-ssim": 0.9932363033294678,
    "bpp": 0.1846382783882784,
    "encoding_time": 0.6278929710388184,
    "decoding_time": 0.49402308464050293
}