{
    "image_name": "alejandro-escamilla-6.png",
    "mse": 0.0001618240203242749,
    "psnr": 37.878883361816406,
    "ms-ssim": 0.9867498278617859,
    "bpp": 0.3430498506348021,
    "encoding_time": 0.4053778648376465,
    "decoding_time": 0.41582465171813965
}