{
    "image_name": "kazuend-28556.png",
    "mse": 7.298812124645337e-05,
    "psnr": 41.294189453125,
    "ms-ssim": 0.9898660182952881,
    "bpp": 0.15858516483516483,
    "encoding_time": 0.661562442779541,
    "decoding_time": 0.5638010501861572
}