{
    "image_name": "jeremy-cai-1174.png",
    "mse": 0.00014446894056163728,
    "psnr": 38.36602020263672,
    "ms-ssim": 0.9950000643730164,
    "bpp": 0.38399945806801244,
    "encoding_time": 0.4759199619293213,
    "decoding_time": 0.44867706298828125
}