{
    "image_name": "felix-russell-saw-140699.png",
    "mse": 0.0001646963501116261,
    "psnr": 37.79768753051758,
    "ms-ssim": 0.9801527261734009,
    "bpp": 0.26768341092869397,
    "encoding_time": 0.52376389503479,
    "decoding_time": 0.4485170841217041
}