{
    "image_name": "clem-onojeghuo-33741.png",
    "mse": 0.00027312038582749665,
    "psnr": 35.61656188964844,
    "ms-ssim": 0.9837971925735474,
    "bpp": 0.576304945054945,
    "encoding_time": 0.521986722946167,
    "decoding_time": 0.8382034301757812
}