{
    "image_name": "lobostudio-hamburg-75377.png",
    "mse": 0.0002467992599122226,
    "psnr": 36.05223083496094,
    "ms-ssim": 0.9792513847351074,
    "bpp": 0.3551510989010989,
    "encoding_time": 0.48508310317993164,
    "decoding_time": 0.4360947608947754
}