{
    "image_name": "gian-reto-tarnutzer-45212.png",
    "mse": 0.0002935232478193939,
    "psnr": 35.304927825927734,
    "ms-ssim": 0.986294150352478,
    "bpp": 0.7003307481751825,
    "encoding_time": 0.6159689426422119,
    "decoding_time": 0.4698469638824463
}