{
    "image_name": "philippe-wuyts-45997.png",
    "mse": 0.000291983422357589,
    "psnr": 35.328678131103516,
    "ms-ssim": 0.9846200346946716,
    "bpp": 0.7718995549295271,
    "encoding_time": 0.41834092140197754,
    "decoding_time": 0.4182140827178955
}