{
    "image_name": "veeterzy-82537.png",
    "mse": 0.00031356385443359613,
    "psnr": 35.01959228515625,
    "ms-ssim": 0.9888825416564941,
    "bpp": 0.6159635797950219,
    "encoding_time": 0.5358636379241943,
    "decoding_time": 1.0151607990264893
}