{
    "image_name": "andrew-ruiz-376.png",
    "mse": 0.00019883274217136204,
    "psnr": 36.98880386352539,
    "ms-ssim": 0.991259753704071,
    "bpp": 0.4981057127112417,
    "encoding_time": 0.5605320930480957,
    "decoding_time": 0.49962306022644043
}