{
    "image_name": "martyn-seddon-220.png",
    "mse": 0.00022037133749108762,
    "psnr": 36.544097900390625,
    "ms-ssim": 0.977982759475708,
    "bpp": 0.43729395604395604,
    "encoding_time": 0.45079994201660156,
    "decoding_time": 0.41156601905822754
}