{
    "image_name": "todd-quackenbush-222.png",
    "mse": 0.0004096596094314009,
    "psnr": 33.86347198486328,
    "ms-ssim": 0.9846833944320679,
    "bpp": 1.0242470260693495,
    "encoding_time": 0.09659481048583984,
    "decoding_time": 0.10567545890808105
}