{
    "image_name": "thong-vo-428.png",
    "mse": 0.00032488428405486047,
    "psnr": 34.86676788330078,
    "ms-ssim": 0.9870113730430603,
    "bpp": 0.8927415478288736,
    "encoding_time": 0.2922992706298828,
    "decoding_time": 0.3502979278564453
}