{
    "image_name": "sergey-zolkin-1045.png",
    "mse": 0.00015412595530506223,
    "psnr": 38.086341857910156,
    "ms-ssim": 0.9888632297515869,
    "bpp": 0.3813988095238095,
    "encoding_time": 0.7016658782958984,
    "decoding_time": 0.6700561046600342
}