{
    "image_name": "roberto-nickson-48063.png",
    "mse": 0.00011756706953747198,
    "psnr": 39.25093078613281,
    "ms-ssim": 0.9855079650878906,
    "bpp": 0.20088141025641026,
    "encoding_time": 0.5400435924530029,
    "decoding_time": 0.6230950355529785
}