{
    "image_name": "dogancan-ozturan-395.png",
    "mse": 0.0001405952643835917,
    "psnr": 38.4830322265625,
    "ms-ssim": 0.9907612204551697,
    "bpp": 0.3982698961937716,
    "encoding_time": 0.6667625904083252,
    "decoding_time": 0.5182843208312988
}