{
    "image_name": "vita-vilcina-3055.png",
    "mse": 0.00019210984464734793,
    "psnr": 37.136985778808594,
    "ms-ssim": 0.9966744184494019,
    "bpp": 0.8248167954050307,
    "encoding_time": 0.4069225788116455,
    "decoding_time": 0.3889181613922119
}