{
    "image_name": "wojciech-szaturski-3611.png",
    "mse": 0.00026304885977879167,
    "psnr": 35.77939224243164,
    "ms-ssim": 0.9846922755241394,
    "bpp": 0.6379955202915607,
    "encoding_time": 0.5978035926818848,
    "decoding_time": 0.6580672264099121
}