{
    "image_name": "daniel-robert-405.png",
    "mse": 0.0003312904154881835,
    "psnr": 34.78201675415039,
    "ms-ssim": 0.9866049289703369,
    "bpp": 0.8363728278041074,
    "encoding_time": 0.24153876304626465,
    "decoding_time": 0.32253456115722656
}