{
    "image_name": "philipp-reiner-207.png",
    "mse": 0.00036474355147220194,
    "psnr": 34.36610794067383,
    "ms-ssim": 0.9840280413627625,
    "bpp": 1.0234320987654322,
    "encoding_time": 0.314633846282959,
    "decoding_time": 0.3068959712982178
}