{
    "image_name": "RGB_OR_1200x1200_087.png",
    "mse": 0.0013992753811180592,
    "psnr": 28.537015914916992,
    "ms-ssim": 0.9674925804138184,
    "bpp": 0.5385777777777778,
    "encoding_time": 0.2525050640106201,
    "decoding_time": 0.32603931427001953
}