{
    "image_name": "RGB_OR_1200x1200_056.png",
    "mse": 0.00024306947307195514,
    "psnr": 36.12110137939453,
    "ms-ssim": 0.9739549160003662,
    "bpp": 0.10344444444444445,
    "encoding_time": 0.34426188468933105,
    "decoding_time": 0.3881697654724121
}