{
    "image_name": "RGB_OR_1200x1200_043.png",
    "mse": 0.0010436223819851875,
    "psnr": 29.809274673461914,
    "ms-ssim": 0.957970380783081,
    "bpp": 0.4125333333333333,
    "encoding_time": 0.6041021347045898,
    "decoding_time": 0.4400458335876465
}