{
    "image_name": "RGB_OR_1200x1200_038.png",
    "mse": 0.00028431019745767117,
    "psnr": 35.443580627441406,
    "ms-ssim": 0.9787828326225281,
    "bpp": 0.14306666666666668,
    "encoding_time": 0.3349323272705078,
    "decoding_time": 0.38999342918395996
}