{
    "image_name": "RGB_OR_1200x1200_009.png",
    "mse": 0.0002159987488994375,
    "psnr": 36.63099670410156,
    "ms-ssim": 0.984775722026825,
    "bpp": 0.12017777777777777,
    "encoding_time": 0.44913506507873535,
    "decoding_time": 0.37073612213134766
}