{
    "image_name": "RGB_OR_1200x1200_053.png",
    "mse": 0.00022713201178703457,
    "psnr": 36.409820556640625,
    "ms-ssim": 0.9880897998809814,
    "bpp": 0.1343111111111111,
    "encoding_time": 0.31517648696899414,
    "decoding_time": 0.486086368560791
}