{
    "image_name": "RGB_OR_1200x1200_018.png",
    "mse": 0.0010705275926738977,
    "psnr": 29.69876480102539,
    "ms-ssim": 0.9706050753593445,
    "bpp": 0.5016222222222222,
    "encoding_time": 0.2942526340484619,
    "decoding_time": 0.41520023345947266
}