{
    "image_name": "RGB_OR_1200x1200_059.png",
    "mse": 0.001350828562863171,
    "psnr": 28.690217971801758,
    "ms-ssim": 0.9716536402702332,
    "bpp": 0.6066888888888889,
    "encoding_time": 0.3600800037384033,
    "decoding_time": 0.42182278633117676
}