{
    "image_name": "RGB_OR_1200x1200_093.png",
    "mse": 0.0003406491014175117,
    "psnr": 34.661476135253906,
    "ms-ssim": 0.9762022495269775,
    "bpp": 0.13473333333333334,
    "encoding_time": 0.2701911926269531,
    "decoding_time": 0.41846799850463867
}