{
    "image_name": "RGB_OR_1200x1200_039.png",
    "mse": 0.0005894917412661016,
    "psnr": 32.28590393066406,
    "ms-ssim": 0.9634952545166016,
    "bpp": 0.23857777777777778,
    "encoding_time": 0.2794492244720459,
    "decoding_time": 0.3259458541870117
}