{
    "image_name": "RGB_OR_1200x1200_075.png",
    "mse": 0.00040252733742818236,
    "psnr": 33.93883514404297,
    "ms-ssim": 0.9660602807998657,
    "bpp": 0.168,
    "encoding_time": 0.32954955101013184,
    "decoding_time": 0.3376603126525879
}