{
    "image_name": "RGB_OR_1200x1200_050.png",
    "mse": 0.000523888214956969,
    "psnr": 32.797664642333984,
    "ms-ssim": 0.9691756963729858,
    "bpp": 0.20177777777777778,
    "encoding_time": 0.5405967235565186,
    "decoding_time": 0.2980334758758545
}