{
    "image_name": "RGB_OR_1200x1200_021.png",
    "mse": 0.00038736616261303425,
    "psnr": 34.104923248291016,
    "ms-ssim": 0.9852666854858398,
    "bpp": 0.2082,
    "encoding_time": 0.430652379989624,
    "decoding_time": 0.29524707794189453
}