{
    "image_name": "RGB_OR_1200x1200_080.png",
    "mse": 0.00030377201619558036,
    "psnr": 35.15769577026367,
    "ms-ssim": 0.9694473147392273,
    "bpp": 0.11133333333333334,
    "encoding_time": 0.4062082767486572,
    "decoding_time": 0.3471395969390869
}