{
    "image_name": "RGB_OR_1200x1200_062.png",
    "mse": 0.0013597499346360564,
    "psnr": 28.661495208740234,
    "ms-ssim": 0.9639500379562378,
    "bpp": 0.5379555555555555,
    "encoding_time": 0.26252126693725586,
    "decoding_time": 0.4667978286743164
}