{
    "image_name": "RGB_OR_1200x1200_065.png",
    "mse": 0.0007409956306219101,
    "psnr": 31.29445457458496,
    "ms-ssim": 0.9718799591064453,
    "bpp": 0.33484444444444444,
    "encoding_time": 0.344881534576416,
    "decoding_time": 0.4792468547821045
}