{
    "image_name": "RGB_OR_1200x1200_030.png",
    "mse": 0.0008679489837959409,
    "psnr": 30.60871124267578,
    "ms-ssim": 0.9696649312973022,
    "bpp": 0.32493333333333335,
    "encoding_time": 0.30611515045166016,
    "decoding_time": 0.2953314781188965
}