{
    "image_name": "RGB_OR_1200x1200_001.png",
    "mse": 0.0003471029340289533,
    "psnr": 34.579383850097656,
    "ms-ssim": 0.9856273531913757,
    "bpp": 0.16675555555555555,
    "encoding_time": 0.4065580368041992,
    "decoding_time": 0.404308557510376
}