{
    "image_name": "RGB_OR_1200x1200_022.png",
    "mse": 0.0004158136434853077,
    "psnr": 33.79783630371094,
    "ms-ssim": 0.9655489325523376,
    "bpp": 0.18735555555555555,
    "encoding_time": 0.40804290771484375,
    "decoding_time": 0.3931581974029541
}