{
    "image_name": "RGB_OR_1200x1200_073.png",
    "mse": 0.000199054746190086,
    "psnr": 36.98594665527344,
    "ms-ssim": 0.980749785900116,
    "bpp": 0.09935555555555556,
    "encoding_time": 0.33284425735473633,
    "decoding_time": 0.31442928314208984
}