{
    "image_name": "RGB_OR_1200x1200_037.png",
    "mse": 0.0004278202832210809,
    "psnr": 33.674774169921875,
    "ms-ssim": 0.9677160978317261,
    "bpp": 0.1804,
    "encoding_time": 0.33243513107299805,
    "decoding_time": 0.5179712772369385
}