{
    "image_name": "RGB_OR_1200x1200_033.png",
    "mse": 0.0006469982909038663,
    "psnr": 31.882564544677734,
    "ms-ssim": 0.9647203683853149,
    "bpp": 0.2654666666666667,
    "encoding_time": 0.41376447677612305,
    "decoding_time": 0.49170494079589844
}