{
    "image_name": "RGB_OR_1200x1200_085.png",
    "mse": 0.0005337669863365591,
    "psnr": 32.71638107299805,
    "ms-ssim": 0.95755934715271,
    "bpp": 0.18773333333333334,
    "encoding_time": 0.31145739555358887,
    "decoding_time": 0.31198835372924805
}