{
    "image_name": "RGB_OR_1200x1200_027.png",
    "mse": 0.0005811036680825055,
    "psnr": 32.348087310791016,
    "ms-ssim": 0.9718657732009888,
    "bpp": 0.25108888888888886,
    "encoding_time": 0.3594069480895996,
    "decoding_time": 0.39727354049682617
}