{
    "image_name": "RGB_OR_1200x1200_090.png",
    "mse": 0.0010718645062297583,
    "psnr": 29.69339370727539,
    "ms-ssim": 0.9686213731765747,
    "bpp": 0.4338444444444444,
    "encoding_time": 0.5138390064239502,
    "decoding_time": 0.40982794761657715
}