{
    "image_name": "RGB_OR_1200x1200_096.png",
    "mse": 0.00041706024785526097,
    "psnr": 33.78532409667969,
    "ms-ssim": 0.953349769115448,
    "bpp": 0.11231111111111111,
    "encoding_time": 0.3404991626739502,
    "decoding_time": 0.5068035125732422
}