{
    "image_name": "RGB_OR_1200x1200_095.png",
    "mse": 0.0013108645798638463,
    "psnr": 28.820314407348633,
    "ms-ssim": 0.962700366973877,
    "bpp": 0.5414444444444444,
    "encoding_time": 0.24808740615844727,
    "decoding_time": 0.3346974849700928
}