{
    "image_name": "RGB_OR_1200x1200_008.png",
    "mse": 0.0007101913797669113,
    "psnr": 31.47857093811035,
    "ms-ssim": 0.9645828008651733,
    "bpp": 0.2496,
    "encoding_time": 0.3025534152984619,
    "decoding_time": 0.5157690048217773
}