{
    "image_name": "RGB_OR_1200x1200_025.png",
    "mse": 0.0002908370806835592,
    "psnr": 35.34526824951172,
    "ms-ssim": 0.979061484336853,
    "bpp": 0.13937777777777777,
    "encoding_time": 0.5307588577270508,
    "decoding_time": 0.5587563514709473
}