{
    "image_name": "RGB_OR_1200x1200_069.png",
    "mse": 0.0005298758624121547,
    "psnr": 32.74787902832031,
    "ms-ssim": 0.9813421964645386,
    "bpp": 0.2572,
    "encoding_time": 0.33316755294799805,
    "decoding_time": 0.5546495914459229
}