{
    "image_name": "RGB_OR_1200x1200_072.png",
    "mse": 0.0007093987078405917,
    "psnr": 31.483102798461914,
    "ms-ssim": 0.9797071218490601,
    "bpp": 0.36362222222222224,
    "encoding_time": 0.38451623916625977,
    "decoding_time": 0.6763186454772949
}