{
    "image_name": "RGB_OR_1200x1200_012.png",
    "mse": 0.0004440868506208062,
    "psnr": 33.51300048828125,
    "ms-ssim": 0.9815458059310913,
    "bpp": 0.19184444444444446,
    "encoding_time": 0.27782130241394043,
    "decoding_time": 0.5197441577911377
}