{
    "image_name": "RGB_OR_1200x1200_028.png",
    "mse": 0.0002149291249224916,
    "psnr": 36.65171813964844,
    "ms-ssim": 0.9774523973464966,
    "bpp": 0.10313333333333333,
    "encoding_time": 0.37174510955810547,
    "decoding_time": 0.7898521423339844
}