{
    "image_name": "RGB_OR_1200x1200_086.png",
    "mse": 0.0011604714673012495,
    "psnr": 29.348922729492188,
    "ms-ssim": 0.9335324168205261,
    "bpp": 0.3164666666666667,
    "encoding_time": 0.360048770904541,
    "decoding_time": 0.4860706329345703
}