{
    "image_name": "RGB_OR_1200x1200_078.png",
    "mse": 0.000310127274133265,
    "psnr": 35.06776428222656,
    "ms-ssim": 0.984953761100769,
    "bpp": 0.1633777777777778,
    "encoding_time": 0.26166367530822754,
    "decoding_time": 0.43285679817199707
}