{
    "image_name": "RGB_OR_1200x1200_058.png",
    "mse": 0.0005530387861654162,
    "psnr": 32.56300735473633,
    "ms-ssim": 0.9795534014701843,
    "bpp": 0.216,
    "encoding_time": 0.33356213569641113,
    "decoding_time": 0.4197249412536621
}