{
    "image_name": "RGB_OR_1200x1200_055.png",
    "mse": 0.0004573626210913062,
    "psnr": 33.38529586791992,
    "ms-ssim": 0.9813937544822693,
    "bpp": 0.24622222222222223,
    "encoding_time": 0.2856318950653076,
    "decoding_time": 0.29193782806396484
}