{
    "image_name": "RGB_OR_1200x1200_063.png",
    "mse": 0.0003154225123580545,
    "psnr": 34.99531555175781,
    "ms-ssim": 0.9806183576583862,
    "bpp": 0.12622222222222224,
    "encoding_time": 0.3349590301513672,
    "decoding_time": 0.2831592559814453
}