{
    "image_name": "RGB_OR_1200x1200_052.png",
    "mse": 0.000534200225956738,
    "psnr": 32.71250534057617,
    "ms-ssim": 0.9792572855949402,
    "bpp": 0.2666222222222222,
    "encoding_time": 0.43137049674987793,
    "decoding_time": 0.40276336669921875
}