{
    "image_name": "RGB_OR_1200x1200_091.png",
    "mse": 0.0003889045037794858,
    "psnr": 34.08144760131836,
    "ms-ssim": 0.984517514705658,
    "bpp": 0.18597777777777777,
    "encoding_time": 0.33844423294067383,
    "decoding_time": 0.33672237396240234
}