{
    "image_name": "RGB_OR_1200x1200_041.png",
    "mse": 0.0005496785743162036,
    "psnr": 32.58966827392578,
    "ms-ssim": 0.9731954336166382,
    "bpp": 0.2263111111111111,
    "encoding_time": 0.2793772220611572,
    "decoding_time": 0.26959776878356934
}