{
    "image_name": "RGB_OR_1200x1200_066.png",
    "mse": 0.00041124134440906346,
    "psnr": 33.84564208984375,
    "ms-ssim": 0.9810686111450195,
    "bpp": 0.19084444444444446,
    "encoding_time": 0.23389244079589844,
    "decoding_time": 0.374370813369751
}