{
    "image_name": "RGB_OR_1200x1200_057.png",
    "mse": 0.00030949502252042294,
    "psnr": 35.07525634765625,
    "ms-ssim": 0.9605814218521118,
    "bpp": 0.10353333333333334,
    "encoding_time": 0.42321324348449707,
    "decoding_time": 0.3371737003326416
}