{
    "image_name": "RGB_OR_1200x1200_051.png",
    "mse": 0.00031501342891715467,
    "psnr": 34.999603271484375,
    "ms-ssim": 0.9731137156486511,
    "bpp": 0.13937777777777777,
    "encoding_time": 0.3739776611328125,
    "decoding_time": 0.35251545906066895
}