{
    "image_name": "RGB_OR_1200x1200_031.png",
    "mse": 0.0006580884801223874,
    "psnr": 31.808929443359375,
    "ms-ssim": 0.9739633798599243,
    "bpp": 0.25595555555555555,
    "encoding_time": 0.2438666820526123,
    "decoding_time": 0.37108635902404785
}