{
    "image_name": "RGB_OR_1200x1200_097.png",
    "mse": 0.00041951407911255956,
    "psnr": 33.759498596191406,
    "ms-ssim": 0.990324854850769,
    "bpp": 0.22333333333333333,
    "encoding_time": 0.46120119094848633,
    "decoding_time": 0.3706636428833008
}