{
    "image_name": "RGB_OR_1200x1200_042.png",
    "mse": 0.00043985998490825295,
    "psnr": 33.55516815185547,
    "ms-ssim": 0.9707145690917969,
    "bpp": 0.18715555555555555,
    "encoding_time": 0.3485407829284668,
    "decoding_time": 0.3945925235748291
}