{
    "image_name": "RGB_OR_1200x1200_036.png",
    "mse": 0.00012784333375748247,
    "psnr": 38.891883850097656,
    "ms-ssim": 0.9797887802124023,
    "bpp": 0.07153333333333334,
    "encoding_time": 0.35434579849243164,
    "decoding_time": 0.3436572551727295
}