{
    "image_name": "RGB_OR_1200x1200_026.png",
    "mse": 0.001030894462019205,
    "psnr": 29.862367630004883,
    "ms-ssim": 0.9758155345916748,
    "bpp": 0.5003111111111112,
    "encoding_time": 0.2989535331726074,
    "decoding_time": 0.38275671005249023
}