{
    "image_name": "RGB_OR_1200x1200_017.png",
    "mse": 0.0006049996591173112,
    "psnr": 32.1729736328125,
    "ms-ssim": 0.975716769695282,
    "bpp": 0.26051111111111114,
    "encoding_time": 0.3730916976928711,
    "decoding_time": 0.36559247970581055
}