{
    "image_name": "RGB_OR_1200x1200_032.png",
    "mse": 0.0009383893338963389,
    "psnr": 30.270315170288086,
    "ms-ssim": 0.9631120562553406,
    "bpp": 0.3297333333333333,
    "encoding_time": 0.3335859775543213,
    "decoding_time": 0.4089963436126709
}