{
    "image_name": "RGB_OR_1200x1200_098.png",
    "mse": 0.0011503718560561538,
    "psnr": 29.386962890625,
    "ms-ssim": 0.9777576923370361,
    "bpp": 0.5545111111111111,
    "encoding_time": 0.4537978172302246,
    "decoding_time": 0.5724592208862305
}