{
    "image_name": "RGB_OR_1200x1200_004.png",
    "mse": 0.0002081111742882058,
    "psnr": 36.791725158691406,
    "ms-ssim": 0.975516676902771,
    "bpp": 0.10244444444444445,
    "encoding_time": 0.4248833656311035,
    "decoding_time": 0.48079395294189453
}