{
    "image_name": "RGB_OR_1200x1200_070.png",
    "mse": 0.00046963387285359204,
    "psnr": 33.270896911621094,
    "ms-ssim": 0.9424384832382202,
    "bpp": 0.14824444444444446,
    "encoding_time": 0.2509181499481201,
    "decoding_time": 0.3210902214050293
}