{
    "image_name": "RGB_OR_1200x1200_020.png",
    "mse": 0.0008077622624114156,
    "psnr": 30.92058563232422,
    "ms-ssim": 0.9548656344413757,
    "bpp": 0.2653333333333333,
    "encoding_time": 0.29879307746887207,
    "decoding_time": 0.4356074333190918
}