{
    "image_name": "RGB_OR_1200x1200_011.png",
    "mse": 0.0007458194741047919,
    "psnr": 31.26659393310547,
    "ms-ssim": 0.9752688407897949,
    "bpp": 0.3560888888888889,
    "encoding_time": 0.28510332107543945,
    "decoding_time": 0.3498857021331787
}