{
    "image_name": "RGB_OR_1200x1200_067.png",
    "mse": 0.0005103494040668011,
    "psnr": 32.910667419433594,
    "ms-ssim": 0.967562198638916,
    "bpp": 0.17337777777777777,
    "encoding_time": 0.28839635848999023,
    "decoding_time": 0.5802648067474365
}