{
    "image_name": "RGB_OR_1200x1200_077.png",
    "mse": 0.0005383654497563839,
    "psnr": 32.678924560546875,
    "ms-ssim": 0.9132949709892273,
    "bpp": 0.09357777777777777,
    "encoding_time": 0.3671693801879883,
    "decoding_time": 0.37894320487976074
}