{
    "image_name": "RGB_OR_1200x1200_035.png",
    "mse": 0.0006242039962671697,
    "psnr": 32.038509368896484,
    "ms-ssim": 0.9756693840026855,
    "bpp": 0.26184444444444444,
    "encoding_time": 0.5290064811706543,
    "decoding_time": 0.3964531421661377
}