{
    "image_name": "RGB_OR_1200x1200_002.png",
    "mse": 0.00015154572611209005,
    "psnr": 38.1593132019043,
    "ms-ssim": 0.9819530248641968,
    "bpp": 0.09026666666666666,
    "encoding_time": 0.2658696174621582,
    "decoding_time": 0.4630136489868164
}