{
    "image_name": "RGB_OR_1200x1200_068.png",
    "mse": 0.0002980107383336872,
    "psnr": 35.24726104736328,
    "ms-ssim": 0.9849783778190613,
    "bpp": 0.14626666666666666,
    "encoding_time": 0.29146742820739746,
    "decoding_time": 0.3298642635345459
}