{
    "image_name": "RGB_OR_1200x1200_024.png",
    "mse": 0.0010300506837666035,
    "psnr": 29.866426467895508,
    "ms-ssim": 0.976209819316864,
    "bpp": 0.49017777777777777,
    "encoding_time": 0.31104421615600586,
    "decoding_time": 0.4934806823730469
}