{
    "image_name": "RGB_OR_1200x1200_045.png",
    "mse": 0.0003854118986055255,
    "psnr": 34.127830505371094,
    "ms-ssim": 0.9768092036247253,
    "bpp": 0.1758222222222222,
    "encoding_time": 0.3493919372558594,
    "decoding_time": 0.32044506072998047
}