{
    "image_name": "RGB_OR_1200x1200_019.png",
    "mse": 0.0005904141580685973,
    "psnr": 32.27922058105469,
    "ms-ssim": 0.973565936088562,
    "bpp": 0.2212222222222222,
    "encoding_time": 0.2789151668548584,
    "decoding_time": 0.5256760120391846
}