{
    "image_name": "RGB_OR_1200x1200_079.png",
    "mse": 0.00045467852032743394,
    "psnr": 33.41114044189453,
    "ms-ssim": 0.989730954170227,
    "bpp": 0.25175555555555557,
    "encoding_time": 0.29389429092407227,
    "decoding_time": 0.4552724361419678
}