{
    "image_name": "RGB_OR_1200x1200_064.png",
    "mse": 0.0006627191905863583,
    "psnr": 31.779022216796875,
    "ms-ssim": 0.9772977828979492,
    "bpp": 0.2933777777777778,
    "encoding_time": 0.3968169689178467,
    "decoding_time": 0.43041181564331055
}