{
    "image_name": "RGB_OR_1200x1200_089.png",
    "mse": 0.000689159904140979,
    "psnr": 31.60879135131836,
    "ms-ssim": 0.9617072939872742,
    "bpp": 0.2753555555555556,
    "encoding_time": 0.31881070137023926,
    "decoding_time": 0.4391944408416748
}