{
    "image_name": "RGB_OR_1200x1200_092.png",
    "mse": 0.00022064783843234181,
    "psnr": 36.53835678100586,
    "ms-ssim": 0.9703976511955261,
    "bpp": 0.09893333333333333,
    "encoding_time": 0.37948083877563477,
    "decoding_time": 0.4066741466522217
}