{
    "image_name": "RGB_OR_1200x1200_005.png",
    "mse": 0.0005228302907198668,
    "psnr": 32.805633544921875,
    "ms-ssim": 0.9688541889190674,
    "bpp": 0.22315555555555555,
    "encoding_time": 0.33349108695983887,
    "decoding_time": 0.3046436309814453
}