{
    "image_name": "RGB_OR_1200x1200_083.png",
    "mse": 0.0003445811744313687,
    "psnr": 34.611175537109375,
    "ms-ssim": 0.9830740690231323,
    "bpp": 0.16766666666666666,
    "encoding_time": 0.36907172203063965,
    "decoding_time": 0.3343241214752197
}