{
    "image_name": "RGB_OR_1200x1200_029.png",
    "mse": 0.0004250993370078504,
    "psnr": 33.702308654785156,
    "ms-ssim": 0.9715495109558105,
    "bpp": 0.18635555555555555,
    "encoding_time": 0.33442068099975586,
    "decoding_time": 0.3214223384857178
}