{
    "image_name": "RGB_OR_1200x1200_054.png",
    "mse": 0.0005063464632257819,
    "psnr": 32.94609451293945,
    "ms-ssim": 0.9766384959220886,
    "bpp": 0.2293111111111111,
    "encoding_time": 0.39588260650634766,
    "decoding_time": 0.4262521266937256
}