{
    "image_name": "RGB_OR_1200x1200_084.png",
    "mse": 0.00014310117694549263,
    "psnr": 38.406036376953125,
    "ms-ssim": 0.9748627543449402,
    "bpp": 0.06982222222222222,
    "encoding_time": 0.272014856338501,
    "decoding_time": 0.37671566009521484
}