{
    "image_name": "RGB_OR_1200x1200_003.png",
    "mse": 0.00045652437256649137,
    "psnr": 33.393760681152344,
    "ms-ssim": 0.978975772857666,
    "bpp": 0.19348888888888888,
    "encoding_time": 0.2843606472015381,
    "decoding_time": 0.47568297386169434
}