{
    "image_name": "RGB_OR_1200x1200_081.png",
    "mse": 0.0004902729415334761,
    "psnr": 33.084686279296875,
    "ms-ssim": 0.9824188947677612,
    "bpp": 0.24046666666666666,
    "encoding_time": 0.35257720947265625,
    "decoding_time": 0.3793177604675293
}