{
    "image_name": "RGB_OR_1200x1200_014.png",
    "mse": 0.00035386913805268705,
    "psnr": 34.49658203125,
    "ms-ssim": 0.983273983001709,
    "bpp": 0.1706888888888889,
    "encoding_time": 0.3668193817138672,
    "decoding_time": 0.5755541324615479
}