{
    "image_name": "RGB_OR_1200x1200_100.png",
    "mse": 0.00016148643044289201,
    "psnr": 37.897613525390625,
    "ms-ssim": 0.9756827354431152,
    "bpp": 0.07308888888888888,
    "encoding_time": 0.36473584175109863,
    "decoding_time": 0.30622410774230957
}