{
    "image_name": "RGB_OR_1200x1200_048.png",
    "mse": 0.0009045731858350337,
    "psnr": 30.42979621887207,
    "ms-ssim": 0.9703505039215088,
    "bpp": 0.37806666666666666,
    "encoding_time": 0.2576754093170166,
    "decoding_time": 0.4205601215362549
}