{
    "image_name": "RGB_OR_1200x1200_094.png",
    "mse": 0.0006794877699576318,
    "psnr": 31.670406341552734,
    "ms-ssim": 0.9806639552116394,
    "bpp": 0.3274666666666667,
    "encoding_time": 0.28264307975769043,
    "decoding_time": 0.4046330451965332
}