{
    "image_name": "RGB_OR_1200x1200_016.png",
    "mse": 0.0011544614098966122,
    "psnr": 29.3715763092041,
    "ms-ssim": 0.9694578647613525,
    "bpp": 0.45784444444444444,
    "encoding_time": 0.33119654655456543,
    "decoding_time": 0.28666138648986816
}