{
    "image_name": "RGB_OR_1200x1200_060.png",
    "mse": 0.00040720353717915714,
    "psnr": 33.889610290527344,
    "ms-ssim": 0.9777094721794128,
    "bpp": 0.1794888888888889,
    "encoding_time": 0.40947580337524414,
    "decoding_time": 0.48845434188842773
}