{
    "image_name": "RGB_OR_1200x1200_049.png",
    "mse": 0.0004421727790031582,
    "psnr": 33.532012939453125,
    "ms-ssim": 0.9824766516685486,
    "bpp": 0.22724444444444444,
    "encoding_time": 0.35617566108703613,
    "decoding_time": 0.3557281494140625
}