{
    "image_name": "RGB_OR_1200x1200_006.png",
    "mse": 0.000467494799522683,
    "psnr": 33.291236877441406,
    "ms-ssim": 0.934834897518158,
    "bpp": 0.08171111111111111,
    "encoding_time": 0.4306342601776123,
    "decoding_time": 0.35971808433532715
}