{
    "image_name": "RGB_OR_1200x1200_074.png",
    "mse": 0.00027956219855695963,
    "psnr": 35.51634979248047,
    "ms-ssim": 0.9539129137992859,
    "bpp": 0.08346666666666666,
    "encoding_time": 0.39827919006347656,
    "decoding_time": 0.3460414409637451
}