{
    "image_name": "RGB_OR_1200x1200_040.png",
    "mse": 0.0005503597785718739,
    "psnr": 32.583824157714844,
    "ms-ssim": 0.9691720008850098,
    "bpp": 0.21931111111111112,
    "encoding_time": 0.3217813968658447,
    "decoding_time": 0.4028642177581787
}