{
    "image_name": "RGB_OR_1200x1200_013.png",
    "mse": 0.0004395748255774379,
    "psnr": 33.55785369873047,
    "ms-ssim": 0.9836585521697998,
    "bpp": 0.21055555555555555,
    "encoding_time": 0.2577941417694092,
    "decoding_time": 0.38017940521240234
}